query_id,cas_a,cas_b,gold_chunk,gold_chunk_cas,rank_426,in_259_valid
pair::13983-17-0::7722-64-7::t0,13983-17-0,7722-64-7,sec::13983-17-0::10,13983-17-0,2,True
pair::13983-17-0::7722-64-7::t0,13983-17-0,7722-64-7,sec::13983-17-0::2,13983-17-0,3,True
pair::13983-17-0::7722-64-7::t0,13983-17-0,7722-64-7,sec::7722-64-7::10,7722-64-7,1,True
pair::13983-17-0::7722-64-7::t0,13983-17-0,7722-64-7,sec::7722-64-7::2,7722-64-7,9,True
pair::13983-17-0::7722-64-7::t1,13983-17-0,7722-64-7,sec::13983-17-0::10,13983-17-0,2,True
pair::13983-17-0::7722-64-7::t1,13983-17-0,7722-64-7,sec::13983-17-0::2,13983-17-0,4,True
pair::13983-17-0::7722-64-7::t1,13983-17-0,7722-64-7,sec::7722-64-7::10,7722-64-7,1,True
pair::13983-17-0::7722-64-7::t1,13983-17-0,7722-64-7,sec::7722-64-7::2,7722-64-7,3,True
pair::13983-17-0::7722-64-7::t2,13983-17-0,7722-64-7,sec::13983-17-0::10,13983-17-0,2,True
pair::13983-17-0::7722-64-7::t2,13983-17-0,7722-64-7,sec::13983-17-0::2,13983-17-0,3,True
pair::13983-17-0::7722-64-7::t2,13983-17-0,7722-64-7,sec::7722-64-7::10,7722-64-7,4,True
pair::13983-17-0::7722-64-7::t2,13983-17-0,7722-64-7,sec::7722-64-7::2,7722-64-7,1,True
pair::13983-17-0::7722-64-7::t3,13983-17-0,7722-64-7,sec::13983-17-0::10,13983-17-0,1,True
pair::13983-17-0::7722-64-7::t3,13983-17-0,7722-64-7,sec::13983-17-0::2,13983-17-0,3,True
pair::13983-17-0::7722-64-7::t3,13983-17-0,7722-64-7,sec::7722-64-7::10,7722-64-7,2,True
pair::13983-17-0::7722-64-7::t3,13983-17-0,7722-64-7,sec::7722-64-7::2,7722-64-7,,True
pair::13983-17-0::7722-64-7::t4,13983-17-0,7722-64-7,sec::13983-17-0::10,13983-17-0,2,True
pair::13983-17-0::7722-64-7::t4,13983-17-0,7722-64-7,sec::13983-17-0::2,13983-17-0,4,True
pair::13983-17-0::7722-64-7::t4,13983-17-0,7722-64-7,sec::7722-64-7::10,7722-64-7,1,True
pair::13983-17-0::7722-64-7::t4,13983-17-0,7722-64-7,sec::7722-64-7::2,7722-64-7,3,True
pair::10026-06-9::105-87-3::t0,10026-06-9,105-87-3,sec::10026-06-9::10,10026-06-9,1,True
pair::10026-06-9::105-87-3::t0,10026-06-9,105-87-3,sec::10026-06-9::2,10026-06-9,2,True
pair::10026-06-9::105-87-3::t0,10026-06-9,105-87-3,sec::105-87-3::10,105-87-3,4,True
pair::10026-06-9::105-87-3::t0,10026-06-9,105-87-3,sec::105-87-3::2,105-87-3,15,True
pair::10026-06-9::105-87-3::t1,10026-06-9,105-87-3,sec::10026-06-9::10,10026-06-9,1,True
pair::10026-06-9::105-87-3::t1,10026-06-9,105-87-3,sec::10026-06-9::2,10026-06-9,2,True
pair::10026-06-9::105-87-3::t1,10026-06-9,105-87-3,sec::105-87-3::10,105-87-3,4,True
pair::10026-06-9::105-87-3::t1,10026-06-9,105-87-3,sec::105-87-3::2,105-87-3,13,True
pair::10026-06-9::105-87-3::t2,10026-06-9,105-87-3,sec::10026-06-9::10,10026-06-9,1,True
pair::10026-06-9::105-87-3::t2,10026-06-9,105-87-3,sec::10026-06-9::2,10026-06-9,2,True
pair::10026-06-9::105-87-3::t2,10026-06-9,105-87-3,sec::105-87-3::10,105-87-3,6,True
pair::10026-06-9::105-87-3::t2,10026-06-9,105-87-3,sec::105-87-3::2,105-87-3,9,True
pair::10026-06-9::105-87-3::t3,10026-06-9,105-87-3,sec::10026-06-9::10,10026-06-9,1,True
pair::10026-06-9::105-87-3::t3,10026-06-9,105-87-3,sec::10026-06-9::2,10026-06-9,3,True
pair::10026-06-9::105-87-3::t3,10026-06-9,105-87-3,sec::105-87-3::10,105-87-3,4,True
pair::10026-06-9::105-87-3::t3,10026-06-9,105-87-3,sec::105-87-3::2,105-87-3,11,True
pair::10026-06-9::105-87-3::t4,10026-06-9,105-87-3,sec::10026-06-9::10,10026-06-9,1,True
pair::10026-06-9::105-87-3::t4,10026-06-9,105-87-3,sec::10026-06-9::2,10026-06-9,2,True
pair::10026-06-9::105-87-3::t4,10026-06-9,105-87-3,sec::105-87-3::10,105-87-3,10,True
pair::10026-06-9::105-87-3::t4,10026-06-9,105-87-3,sec::105-87-3::2,105-87-3,6,True
pair::100-07-2::105-59-9::t0,100-07-2,105-59-9,sec::100-07-2::10,100-07-2,1,False
pair::100-07-2::105-59-9::t0,100-07-2,105-59-9,sec::100-07-2::2,100-07-2,3,False
pair::100-07-2::105-59-9::t0,100-07-2,105-59-9,sec::105-59-9::10,105-59-9,4,False
pair::100-07-2::105-59-9::t0,100-07-2,105-59-9,sec::105-59-9::2,105-59-9,5,False
pair::100-07-2::105-59-9::t1,100-07-2,105-59-9,sec::100-07-2::10,100-07-2,1,False
pair::100-07-2::105-59-9::t1,100-07-2,105-59-9,sec::100-07-2::2,100-07-2,2,False
pair::100-07-2::105-59-9::t1,100-07-2,105-59-9,sec::105-59-9::10,105-59-9,4,False
pair::100-07-2::105-59-9::t1,100-07-2,105-59-9,sec::105-59-9::2,105-59-9,3,False
pair::100-07-2::105-59-9::t2,100-07-2,105-59-9,sec::100-07-2::10,100-07-2,1,False
pair::100-07-2::105-59-9::t2,100-07-2,105-59-9,sec::100-07-2::2,100-07-2,2,False
pair::100-07-2::105-59-9::t2,100-07-2,105-59-9,sec::105-59-9::10,105-59-9,19,False
pair::100-07-2::105-59-9::t2,100-07-2,105-59-9,sec::105-59-9::2,105-59-9,4,False
pair::100-07-2::105-59-9::t3,100-07-2,105-59-9,sec::100-07-2::10,100-07-2,1,False
pair::100-07-2::105-59-9::t3,100-07-2,105-59-9,sec::100-07-2::2,100-07-2,3,False
pair::100-07-2::105-59-9::t3,100-07-2,105-59-9,sec::105-59-9::10,105-59-9,2,False
pair::100-07-2::105-59-9::t3,100-07-2,105-59-9,sec::105-59-9::2,105-59-9,6,False
pair::100-07-2::105-59-9::t4,100-07-2,105-59-9,sec::100-07-2::10,100-07-2,2,False
pair::100-07-2::105-59-9::t4,100-07-2,105-59-9,sec::100-07-2::2,100-07-2,1,False
pair::100-07-2::105-59-9::t4,100-07-2,105-59-9,sec::105-59-9::10,105-59-9,5,False
pair::100-07-2::105-59-9::t4,100-07-2,105-59-9,sec::105-59-9::2,105-59-9,3,False
pair::10118-76-0::102-67-0::t0,10118-76-0,102-67-0,sec::10118-76-0::10,10118-76-0,1,True
pair::10118-76-0::102-67-0::t0,10118-76-0,102-67-0,sec::10118-76-0::2,10118-76-0,3,True
pair::10118-76-0::102-67-0::t0,10118-76-0,102-67-0,sec::102-67-0::10,102-67-0,6,True
pair::10118-76-0::102-67-0::t0,10118-76-0,102-67-0,sec::102-67-0::2,102-67-0,,True
pair::10118-76-0::102-67-0::t1,10118-76-0,102-67-0,sec::10118-76-0::10,10118-76-0,3,True
pair::10118-76-0::102-67-0::t1,10118-76-0,102-67-0,sec::10118-76-0::2,10118-76-0,4,True
pair::10118-76-0::102-67-0::t1,10118-76-0,102-67-0,sec::102-67-0::10,102-67-0,1,True
pair::10118-76-0::102-67-0::t1,10118-76-0,102-67-0,sec::102-67-0::2,102-67-0,2,True
pair::10118-76-0::102-67-0::t2,10118-76-0,102-67-0,sec::10118-76-0::10,10118-76-0,2,True
pair::10118-76-0::102-67-0::t2,10118-76-0,102-67-0,sec::10118-76-0::2,10118-76-0,3,True
pair::10118-76-0::102-67-0::t2,10118-76-0,102-67-0,sec::102-67-0::10,102-67-0,1,True
pair::10118-76-0::102-67-0::t2,10118-76-0,102-67-0,sec::102-67-0::2,102-67-0,5,True
pair::10118-76-0::102-67-0::t3,10118-76-0,102-67-0,sec::10118-76-0::10,10118-76-0,2,True
pair::10118-76-0::102-67-0::t3,10118-76-0,102-67-0,sec::10118-76-0::2,10118-76-0,,True
pair::10118-76-0::102-67-0::t3,10118-76-0,102-67-0,sec::102-67-0::10,102-67-0,1,True
pair::10118-76-0::102-67-0::t3,10118-76-0,102-67-0,sec::102-67-0::2,102-67-0,,True
pair::10118-76-0::102-67-0::t4,10118-76-0,102-67-0,sec::10118-76-0::10,10118-76-0,3,True
pair::10118-76-0::102-67-0::t4,10118-76-0,102-67-0,sec::10118-76-0::2,10118-76-0,4,True
pair::10118-76-0::102-67-0::t4,10118-76-0,102-67-0,sec::102-67-0::10,102-67-0,1,True
pair::10118-76-0::102-67-0::t4,10118-76-0,102-67-0,sec::102-67-0::2,102-67-0,2,True
pair::101-90-6::1344-00-9::t0,101-90-6,1344-00-9,sec::101-90-6::10,101-90-6,1,True
pair::101-90-6::1344-00-9::t0,101-90-6,1344-00-9,sec::101-90-6::2,101-90-6,2,True
pair::101-90-6::1344-00-9::t0,101-90-6,1344-00-9,sec::1344-00-9::10,1344-00-9,3,True
pair::101-90-6::1344-00-9::t0,101-90-6,1344-00-9,sec::1344-00-9::2,1344-00-9,7,True
pair::101-90-6::1344-00-9::t1,101-90-6,1344-00-9,sec::101-90-6::10,101-90-6,1,True
pair::101-90-6::1344-00-9::t1,101-90-6,1344-00-9,sec::101-90-6::2,101-90-6,2,True
pair::101-90-6::1344-00-9::t1,101-90-6,1344-00-9,sec::1344-00-9::10,1344-00-9,3,True
pair::101-90-6::1344-00-9::t1,101-90-6,1344-00-9,sec::1344-00-9::2,1344-00-9,4,True
pair::101-90-6::1344-00-9::t2,101-90-6,1344-00-9,sec::101-90-6::10,101-90-6,2,True
pair::101-90-6::1344-00-9::t2,101-90-6,1344-00-9,sec::101-90-6::2,101-90-6,1,True
pair::101-90-6::1344-00-9::t2,101-90-6,1344-00-9,sec::1344-00-9::10,1344-00-9,3,True
pair::101-90-6::1344-00-9::t2,101-90-6,1344-00-9,sec::1344-00-9::2,1344-00-9,4,True
pair::101-90-6::1344-00-9::t3,101-90-6,1344-00-9,sec::101-90-6::10,101-90-6,1,True
pair::101-90-6::1344-00-9::t3,101-90-6,1344-00-9,sec::101-90-6::2,101-90-6,2,True
pair::101-90-6::1344-00-9::t3,101-90-6,1344-00-9,sec::1344-00-9::10,1344-00-9,3,True
pair::101-90-6::1344-00-9::t3,101-90-6,1344-00-9,sec::1344-00-9::2,1344-00-9,7,True
pair::101-90-6::1344-00-9::t4,101-90-6,1344-00-9,sec::101-90-6::10,101-90-6,1,True
pair::101-90-6::1344-00-9::t4,101-90-6,1344-00-9,sec::101-90-6::2,101-90-6,2,True
pair::101-90-6::1344-00-9::t4,101-90-6,1344-00-9,sec::1344-00-9::10,1344-00-9,3,True
pair::101-90-6::1344-00-9::t4,101-90-6,1344-00-9,sec::1344-00-9::2,1344-00-9,4,True
pair::10026-17-2::121-17-5::t0,10026-17-2,121-17-5,sec::10026-17-2::10,10026-17-2,1,True
pair::10026-17-2::121-17-5::t0,10026-17-2,121-17-5,sec::10026-17-2::2,10026-17-2,2,True
pair::10026-17-2::121-17-5::t0,10026-17-2,121-17-5,sec::121-17-5::10,121-17-5,3,True
pair::10026-17-2::121-17-5::t0,10026-17-2,121-17-5,sec::121-17-5::2,121-17-5,4,True
pair::10026-17-2::121-17-5::t1,10026-17-2,121-17-5,sec::10026-17-2::10,10026-17-2,2,True
pair::10026-17-2::121-17-5::t1,10026-17-2,121-17-5,sec::10026-17-2::2,10026-17-2,1,True
pair::10026-17-2::121-17-5::t1,10026-17-2,121-17-5,sec::121-17-5::10,121-17-5,3,True
pair::10026-17-2::121-17-5::t1,10026-17-2,121-17-5,sec::121-17-5::2,121-17-5,4,True
pair::10026-17-2::121-17-5::t2,10026-17-2,121-17-5,sec::10026-17-2::10,10026-17-2,1,True
pair::10026-17-2::121-17-5::t2,10026-17-2,121-17-5,sec::10026-17-2::2,10026-17-2,2,True
pair::10026-17-2::121-17-5::t2,10026-17-2,121-17-5,sec::121-17-5::10,121-17-5,3,True
pair::10026-17-2::121-17-5::t2,10026-17-2,121-17-5,sec::121-17-5::2,121-17-5,4,True
pair::10026-17-2::121-17-5::t3,10026-17-2,121-17-5,sec::10026-17-2::10,10026-17-2,1,True
pair::10026-17-2::121-17-5::t3,10026-17-2,121-17-5,sec::10026-17-2::2,10026-17-2,3,True
pair::10026-17-2::121-17-5::t3,10026-17-2,121-17-5,sec::121-17-5::10,121-17-5,2,True
pair::10026-17-2::121-17-5::t3,10026-17-2,121-17-5,sec::121-17-5::2,121-17-5,4,True
pair::10026-17-2::121-17-5::t4,10026-17-2,121-17-5,sec::10026-17-2::10,10026-17-2,2,True
pair::10026-17-2::121-17-5::t4,10026-17-2,121-17-5,sec::10026-17-2::2,10026-17-2,1,True
pair::10026-17-2::121-17-5::t4,10026-17-2,121-17-5,sec::121-17-5::10,121-17-5,4,True
pair::10026-17-2::121-17-5::t4,10026-17-2,121-17-5,sec::121-17-5::2,121-17-5,3,True
pair::10025-91-9::117-39-5::t0,10025-91-9,117-39-5,sec::10025-91-9::10,10025-91-9,1,True
pair::10025-91-9::117-39-5::t0,10025-91-9,117-39-5,sec::10025-91-9::2,10025-91-9,2,True
pair::10025-91-9::117-39-5::t0,10025-91-9,117-39-5,sec::117-39-5::10,117-39-5,5,True
pair::10025-91-9::117-39-5::t0,10025-91-9,117-39-5,sec::117-39-5::2,117-39-5,10,True
pair::10025-91-9::117-39-5::t1,10025-91-9,117-39-5,sec::10025-91-9::10,10025-91-9,2,True
pair::10025-91-9::117-39-5::t1,10025-91-9,117-39-5,sec::10025-91-9::2,10025-91-9,1,True
pair::10025-91-9::117-39-5::t1,10025-91-9,117-39-5,sec::117-39-5::10,117-39-5,6,True
pair::10025-91-9::117-39-5::t1,10025-91-9,117-39-5,sec::117-39-5::2,117-39-5,5,True
pair::10025-91-9::117-39-5::t2,10025-91-9,117-39-5,sec::10025-91-9::10,10025-91-9,2,True
pair::10025-91-9::117-39-5::t2,10025-91-9,117-39-5,sec::10025-91-9::2,10025-91-9,1,True
pair::10025-91-9::117-39-5::t2,10025-91-9,117-39-5,sec::117-39-5::10,117-39-5,4,True
pair::10025-91-9::117-39-5::t2,10025-91-9,117-39-5,sec::117-39-5::2,117-39-5,7,True
pair::10025-91-9::117-39-5::t3,10025-91-9,117-39-5,sec::10025-91-9::10,10025-91-9,1,True
pair::10025-91-9::117-39-5::t3,10025-91-9,117-39-5,sec::10025-91-9::2,10025-91-9,2,True
pair::10025-91-9::117-39-5::t3,10025-91-9,117-39-5,sec::117-39-5::10,117-39-5,6,True
pair::10025-91-9::117-39-5::t3,10025-91-9,117-39-5,sec::117-39-5::2,117-39-5,8,True
pair::10025-91-9::117-39-5::t4,10025-91-9,117-39-5,sec::10025-91-9::10,10025-91-9,2,True
pair::10025-91-9::117-39-5::t4,10025-91-9,117-39-5,sec::10025-91-9::2,10025-91-9,1,True
pair::10025-91-9::117-39-5::t4,10025-91-9,117-39-5,sec::117-39-5::10,117-39-5,8,True
pair::10025-91-9::117-39-5::t4,10025-91-9,117-39-5,sec::117-39-5::2,117-39-5,6,True
pair::115-19-5::12136-45-7::t0,115-19-5,12136-45-7,sec::115-19-5::10,115-19-5,1,True
pair::115-19-5::12136-45-7::t0,115-19-5,12136-45-7,sec::115-19-5::2,115-19-5,2,True
pair::115-19-5::12136-45-7::t0,115-19-5,12136-45-7,sec::12136-45-7::10,12136-45-7,3,True
pair::115-19-5::12136-45-7::t0,115-19-5,12136-45-7,sec::12136-45-7::2,12136-45-7,10,True
pair::115-19-5::12136-45-7::t1,115-19-5,12136-45-7,sec::115-19-5::10,115-19-5,2,True
pair::115-19-5::12136-45-7::t1,115-19-5,12136-45-7,sec::115-19-5::2,115-19-5,1,True
pair::115-19-5::12136-45-7::t1,115-19-5,12136-45-7,sec::12136-45-7::10,12136-45-7,4,True
pair::115-19-5::12136-45-7::t1,115-19-5,12136-45-7,sec::12136-45-7::2,12136-45-7,3,True
pair::115-19-5::12136-45-7::t2,115-19-5,12136-45-7,sec::115-19-5::10,115-19-5,2,True
pair::115-19-5::12136-45-7::t2,115-19-5,12136-45-7,sec::115-19-5::2,115-19-5,1,True
pair::115-19-5::12136-45-7::t2,115-19-5,12136-45-7,sec::12136-45-7::10,12136-45-7,3,True
pair::115-19-5::12136-45-7::t2,115-19-5,12136-45-7,sec::12136-45-7::2,12136-45-7,4,True
pair::115-19-5::12136-45-7::t3,115-19-5,12136-45-7,sec::115-19-5::10,115-19-5,1,True
pair::115-19-5::12136-45-7::t3,115-19-5,12136-45-7,sec::115-19-5::2,115-19-5,3,True
pair::115-19-5::12136-45-7::t3,115-19-5,12136-45-7,sec::12136-45-7::10,12136-45-7,2,True
pair::115-19-5::12136-45-7::t3,115-19-5,12136-45-7,sec::12136-45-7::2,12136-45-7,17,True
pair::115-19-5::12136-45-7::t4,115-19-5,12136-45-7,sec::115-19-5::10,115-19-5,2,True
pair::115-19-5::12136-45-7::t4,115-19-5,12136-45-7,sec::115-19-5::2,115-19-5,1,True
pair::115-19-5::12136-45-7::t4,115-19-5,12136-45-7,sec::12136-45-7::10,12136-45-7,5,True
pair::115-19-5::12136-45-7::t4,115-19-5,12136-45-7,sec::12136-45-7::2,12136-45-7,3,True
pair::12136-45-7::67-64-1::t0,12136-45-7,67-64-1,sec::12136-45-7::10,12136-45-7,1,True
pair::12136-45-7::67-64-1::t0,12136-45-7,67-64-1,sec::12136-45-7::2,12136-45-7,10,True
pair::12136-45-7::67-64-1::t0,12136-45-7,67-64-1,sec::67-64-1::10,67-64-1,8,True
pair::12136-45-7::67-64-1::t0,12136-45-7,67-64-1,sec::67-64-1::2,67-64-1,,True
pair::12136-45-7::67-64-1::t1,12136-45-7,67-64-1,sec::12136-45-7::10,12136-45-7,3,True
pair::12136-45-7::67-64-1::t1,12136-45-7,67-64-1,sec::12136-45-7::2,12136-45-7,4,True
pair::12136-45-7::67-64-1::t1,12136-45-7,67-64-1,sec::67-64-1::10,67-64-1,11,True
pair::12136-45-7::67-64-1::t1,12136-45-7,67-64-1,sec::67-64-1::2,67-64-1,13,True
pair::12136-45-7::67-64-1::t2,12136-45-7,67-64-1,sec::12136-45-7::10,12136-45-7,1,True
pair::12136-45-7::67-64-1::t2,12136-45-7,67-64-1,sec::12136-45-7::2,12136-45-7,5,True
pair::12136-45-7::67-64-1::t2,12136-45-7,67-64-1,sec::67-64-1::10,67-64-1,,True
pair::12136-45-7::67-64-1::t2,12136-45-7,67-64-1,sec::67-64-1::2,67-64-1,,True
pair::12136-45-7::67-64-1::t3,12136-45-7,67-64-1,sec::12136-45-7::10,12136-45-7,1,True
pair::12136-45-7::67-64-1::t3,12136-45-7,67-64-1,sec::12136-45-7::2,12136-45-7,,True
pair::12136-45-7::67-64-1::t3,12136-45-7,67-64-1,sec::67-64-1::10,67-64-1,9,True
pair::12136-45-7::67-64-1::t3,12136-45-7,67-64-1,sec::67-64-1::2,67-64-1,,True
pair::12136-45-7::67-64-1::t4,12136-45-7,67-64-1,sec::12136-45-7::10,12136-45-7,4,True
pair::12136-45-7::67-64-1::t4,12136-45-7,67-64-1,sec::12136-45-7::2,12136-45-7,1,True
pair::12136-45-7::67-64-1::t4,12136-45-7,67-64-1,sec::67-64-1::10,67-64-1,8,True
pair::12136-45-7::67-64-1::t4,12136-45-7,67-64-1,sec::67-64-1::2,67-64-1,5,True
pair::104-88-1::7440-21-3::t0,104-88-1,7440-21-3,sec::104-88-1::10,104-88-1,1,True
pair::104-88-1::7440-21-3::t0,104-88-1,7440-21-3,sec::104-88-1::2,104-88-1,4,True
pair::104-88-1::7440-21-3::t0,104-88-1,7440-21-3,sec::7440-21-3::10,7440-21-3,2,True
pair::104-88-1::7440-21-3::t0,104-88-1,7440-21-3,sec::7440-21-3::2,7440-21-3,12,True
pair::104-88-1::7440-21-3::t1,104-88-1,7440-21-3,sec::104-88-1::10,104-88-1,2,True
pair::104-88-1::7440-21-3::t1,104-88-1,7440-21-3,sec::104-88-1::2,104-88-1,1,True
pair::104-88-1::7440-21-3::t1,104-88-1,7440-21-3,sec::7440-21-3::10,7440-21-3,3,True
pair::104-88-1::7440-21-3::t1,104-88-1,7440-21-3,sec::7440-21-3::2,7440-21-3,4,True
pair::104-88-1::7440-21-3::t2,104-88-1,7440-21-3,sec::104-88-1::10,104-88-1,2,True
pair::104-88-1::7440-21-3::t2,104-88-1,7440-21-3,sec::104-88-1::2,104-88-1,1,True
pair::104-88-1::7440-21-3::t2,104-88-1,7440-21-3,sec::7440-21-3::10,7440-21-3,7,True
pair::104-88-1::7440-21-3::t2,104-88-1,7440-21-3,sec::7440-21-3::2,7440-21-3,,True
pair::104-88-1::7440-21-3::t3,104-88-1,7440-21-3,sec::104-88-1::10,104-88-1,1,True
pair::104-88-1::7440-21-3::t3,104-88-1,7440-21-3,sec::104-88-1::2,104-88-1,3,True
pair::104-88-1::7440-21-3::t3,104-88-1,7440-21-3,sec::7440-21-3::10,7440-21-3,2,True
pair::104-88-1::7440-21-3::t3,104-88-1,7440-21-3,sec::7440-21-3::2,7440-21-3,,True
pair::104-88-1::7440-21-3::t4,104-88-1,7440-21-3,sec::104-88-1::10,104-88-1,1,True
pair::104-88-1::7440-21-3::t4,104-88-1,7440-21-3,sec::104-88-1::2,104-88-1,2,True
pair::104-88-1::7440-21-3::t4,104-88-1,7440-21-3,sec::7440-21-3::10,7440-21-3,4,True
pair::104-88-1::7440-21-3::t4,104-88-1,7440-21-3,sec::7440-21-3::2,7440-21-3,3,True
pair::100-07-2::7697-37-2::t0,100-07-2,7697-37-2,sec::100-07-2::10,100-07-2,1,True
pair::100-07-2::7697-37-2::t0,100-07-2,7697-37-2,sec::100-07-2::2,100-07-2,2,True
pair::100-07-2::7697-37-2::t0,100-07-2,7697-37-2,sec::7697-37-2::10,7697-37-2,5,True
pair::100-07-2::7697-37-2::t0,100-07-2,7697-37-2,sec::7697-37-2::2,7697-37-2,7,True
pair::100-07-2::7697-37-2::t1,100-07-2,7697-37-2,sec::100-07-2::10,100-07-2,1,True
pair::100-07-2::7697-37-2::t1,100-07-2,7697-37-2,sec::100-07-2::2,100-07-2,2,True
pair::100-07-2::7697-37-2::t1,100-07-2,7697-37-2,sec::7697-37-2::10,7697-37-2,5,True
pair::100-07-2::7697-37-2::t1,100-07-2,7697-37-2,sec::7697-37-2::2,7697-37-2,7,True
pair::100-07-2::7697-37-2::t2,100-07-2,7697-37-2,sec::100-07-2::10,100-07-2,1,True
pair::100-07-2::7697-37-2::t2,100-07-2,7697-37-2,sec::100-07-2::2,100-07-2,2,True
pair::100-07-2::7697-37-2::t2,100-07-2,7697-37-2,sec::7697-37-2::10,7697-37-2,8,True
pair::100-07-2::7697-37-2::t2,100-07-2,7697-37-2,sec::7697-37-2::2,7697-37-2,4,True
pair::100-07-2::7697-37-2::t3,100-07-2,7697-37-2,sec::100-07-2::10,100-07-2,1,True
pair::100-07-2::7697-37-2::t3,100-07-2,7697-37-2,sec::100-07-2::2,100-07-2,2,True
pair::100-07-2::7697-37-2::t3,100-07-2,7697-37-2,sec::7697-37-2::10,7697-37-2,3,True
pair::100-07-2::7697-37-2::t3,100-07-2,7697-37-2,sec::7697-37-2::2,7697-37-2,13,True
pair::100-07-2::7697-37-2::t4,100-07-2,7697-37-2,sec::100-07-2::10,100-07-2,1,True
pair::100-07-2::7697-37-2::t4,100-07-2,7697-37-2,sec::100-07-2::2,100-07-2,2,True
pair::100-07-2::7697-37-2::t4,100-07-2,7697-37-2,sec::7697-37-2::10,7697-37-2,4,True
pair::100-07-2::7697-37-2::t4,100-07-2,7697-37-2,sec::7697-37-2::2,7697-37-2,6,True
pair::10025-73-7::10026-13-8::t0,10025-73-7,10026-13-8,sec::10025-73-7::10,10025-73-7,3,True
pair::10025-73-7::10026-13-8::t0,10025-73-7,10026-13-8,sec::10025-73-7::2,10025-73-7,4,True
pair::10025-73-7::10026-13-8::t0,10025-73-7,10026-13-8,sec::10026-13-8::10,10026-13-8,1,True
pair::10025-73-7::10026-13-8::t0,10025-73-7,10026-13-8,sec::10026-13-8::2,10026-13-8,2,True
pair::10025-73-7::10026-13-8::t1,10025-73-7,10026-13-8,sec::10025-73-7::10,10025-73-7,4,True
pair::10025-73-7::10026-13-8::t1,10025-73-7,10026-13-8,sec::10025-73-7::2,10025-73-7,3,True
pair::10025-73-7::10026-13-8::t1,10025-73-7,10026-13-8,sec::10026-13-8::10,10026-13-8,2,True
pair::10025-73-7::10026-13-8::t1,10025-73-7,10026-13-8,sec::10026-13-8::2,10026-13-8,1,True
pair::10025-73-7::10026-13-8::t2,10025-73-7,10026-13-8,sec::10025-73-7::10,10025-73-7,4,True
pair::10025-73-7::10026-13-8::t2,10025-73-7,10026-13-8,sec::10025-73-7::2,10025-73-7,3,True
pair::10025-73-7::10026-13-8::t2,10025-73-7,10026-13-8,sec::10026-13-8::10,10026-13-8,2,True
pair::10025-73-7::10026-13-8::t2,10025-73-7,10026-13-8,sec::10026-13-8::2,10026-13-8,1,True
pair::10025-73-7::10026-13-8::t3,10025-73-7,10026-13-8,sec::10025-73-7::10,10025-73-7,2,True
pair::10025-73-7::10026-13-8::t3,10025-73-7,10026-13-8,sec::10025-73-7::2,10025-73-7,4,True
pair::10025-73-7::10026-13-8::t3,10025-73-7,10026-13-8,sec::10026-13-8::10,10026-13-8,1,True
pair::10025-73-7::10026-13-8::t3,10025-73-7,10026-13-8,sec::10026-13-8::2,10026-13-8,3,True
pair::10025-73-7::10026-13-8::t4,10025-73-7,10026-13-8,sec::10025-73-7::10,10025-73-7,5,True
pair::10025-73-7::10026-13-8::t4,10025-73-7,10026-13-8,sec::10025-73-7::2,10025-73-7,3,True
pair::10025-73-7::10026-13-8::t4,10025-73-7,10026-13-8,sec::10026-13-8::10,10026-13-8,2,True
pair::10025-73-7::10026-13-8::t4,10025-73-7,10026-13-8,sec::10026-13-8::2,10026-13-8,1,True
pair::101-27-9::11138-49-1::t0,101-27-9,11138-49-1,sec::101-27-9::10,101-27-9,3,True
pair::101-27-9::11138-49-1::t0,101-27-9,11138-49-1,sec::101-27-9::2,101-27-9,5,True
pair::101-27-9::11138-49-1::t0,101-27-9,11138-49-1,sec::11138-49-1::10,11138-49-1,2,True
pair::101-27-9::11138-49-1::t0,101-27-9,11138-49-1,sec::11138-49-1::2,11138-49-1,1,True
pair::101-27-9::11138-49-1::t1,101-27-9,11138-49-1,sec::101-27-9::10,101-27-9,4,True
pair::101-27-9::11138-49-1::t1,101-27-9,11138-49-1,sec::101-27-9::2,101-27-9,3,True
pair::101-27-9::11138-49-1::t1,101-27-9,11138-49-1,sec::11138-49-1::10,11138-49-1,1,True
pair::101-27-9::11138-49-1::t1,101-27-9,11138-49-1,sec::11138-49-1::2,11138-49-1,2,True
pair::101-27-9::11138-49-1::t2,101-27-9,11138-49-1,sec::101-27-9::10,101-27-9,2,True
pair::101-27-9::11138-49-1::t2,101-27-9,11138-49-1,sec::101-27-9::2,101-27-9,3,True
pair::101-27-9::11138-49-1::t2,101-27-9,11138-49-1,sec::11138-49-1::10,11138-49-1,4,True
pair::101-27-9::11138-49-1::t2,101-27-9,11138-49-1,sec::11138-49-1::2,11138-49-1,1,True
pair::101-27-9::11138-49-1::t3,101-27-9,11138-49-1,sec::101-27-9::10,101-27-9,1,True
pair::101-27-9::11138-49-1::t3,101-27-9,11138-49-1,sec::101-27-9::2,101-27-9,4,True
pair::101-27-9::11138-49-1::t3,101-27-9,11138-49-1,sec::11138-49-1::10,11138-49-1,2,True
pair::101-27-9::11138-49-1::t3,101-27-9,11138-49-1,sec::11138-49-1::2,11138-49-1,3,True
pair::101-27-9::11138-49-1::t4,101-27-9,11138-49-1,sec::101-27-9::10,101-27-9,3,True
pair::101-27-9::11138-49-1::t4,101-27-9,11138-49-1,sec::101-27-9::2,101-27-9,5,True
pair::101-27-9::11138-49-1::t4,101-27-9,11138-49-1,sec::11138-49-1::10,11138-49-1,2,True
pair::101-27-9::11138-49-1::t4,101-27-9,11138-49-1,sec::11138-49-1::2,11138-49-1,1,True
pair::101-68-8::1310-73-2::t0,101-68-8,1310-73-2,sec::101-68-8::10,101-68-8,1,True
pair::101-68-8::1310-73-2::t0,101-68-8,1310-73-2,sec::101-68-8::2::p1,101-68-8,2,True
pair::101-68-8::1310-73-2::t0,101-68-8,1310-73-2,sec::101-68-8::2::p2,101-68-8,,True
pair::101-68-8::1310-73-2::t0,101-68-8,1310-73-2,sec::1310-73-2::10,1310-73-2,4,True
pair::101-68-8::1310-73-2::t0,101-68-8,1310-73-2,sec::1310-73-2::2,1310-73-2,7,True
pair::101-68-8::1310-73-2::t1,101-68-8,1310-73-2,sec::101-68-8::10,101-68-8,1,True
pair::101-68-8::1310-73-2::t1,101-68-8,1310-73-2,sec::101-68-8::2::p1,101-68-8,3,True
pair::101-68-8::1310-73-2::t1,101-68-8,1310-73-2,sec::101-68-8::2::p2,101-68-8,,True
pair::101-68-8::1310-73-2::t1,101-68-8,1310-73-2,sec::1310-73-2::10,1310-73-2,4,True
pair::101-68-8::1310-73-2::t1,101-68-8,1310-73-2,sec::1310-73-2::2,1310-73-2,2,True
pair::101-68-8::1310-73-2::t2,101-68-8,1310-73-2,sec::101-68-8::10,101-68-8,2,True
pair::101-68-8::1310-73-2::t2,101-68-8,1310-73-2,sec::101-68-8::2::p1,101-68-8,1,True
pair::101-68-8::1310-73-2::t2,101-68-8,1310-73-2,sec::101-68-8::2::p2,101-68-8,,True
pair::101-68-8::1310-73-2::t2,101-68-8,1310-73-2,sec::1310-73-2::10,1310-73-2,5,True
pair::101-68-8::1310-73-2::t2,101-68-8,1310-73-2,sec::1310-73-2::2,1310-73-2,3,True
pair::101-68-8::1310-73-2::t3,101-68-8,1310-73-2,sec::101-68-8::10,101-68-8,1,True
pair::101-68-8::1310-73-2::t3,101-68-8,1310-73-2,sec::101-68-8::2::p1,101-68-8,2,True
pair::101-68-8::1310-73-2::t3,101-68-8,1310-73-2,sec::101-68-8::2::p2,101-68-8,,True
pair::101-68-8::1310-73-2::t3,101-68-8,1310-73-2,sec::1310-73-2::10,1310-73-2,3,True
pair::101-68-8::1310-73-2::t3,101-68-8,1310-73-2,sec::1310-73-2::2,1310-73-2,8,True
pair::101-68-8::1310-73-2::t4,101-68-8,1310-73-2,sec::101-68-8::10,101-68-8,1,True
pair::101-68-8::1310-73-2::t4,101-68-8,1310-73-2,sec::101-68-8::2::p1,101-68-8,3,True
pair::101-68-8::1310-73-2::t4,101-68-8,1310-73-2,sec::101-68-8::2::p2,101-68-8,,True
pair::101-68-8::1310-73-2::t4,101-68-8,1310-73-2,sec::1310-73-2::10,1310-73-2,11,True
pair::101-68-8::1310-73-2::t4,101-68-8,1310-73-2,sec::1310-73-2::2,1310-73-2,2,True
pair::108-24-7::60-00-4::t0,108-24-7,60-00-4,sec::108-24-7::10,108-24-7,2,True
pair::108-24-7::60-00-4::t0,108-24-7,60-00-4,sec::108-24-7::2,108-24-7,4,True
pair::108-24-7::60-00-4::t0,108-24-7,60-00-4,sec::60-00-4::10,60-00-4,1,True
pair::108-24-7::60-00-4::t0,108-24-7,60-00-4,sec::60-00-4::2,60-00-4,7,True
pair::108-24-7::60-00-4::t1,108-24-7,60-00-4,sec::108-24-7::10,108-24-7,9,True
pair::108-24-7::60-00-4::t1,108-24-7,60-00-4,sec::108-24-7::2,108-24-7,3,True
pair::108-24-7::60-00-4::t1,108-24-7,60-00-4,sec::60-00-4::10,60-00-4,5,True
pair::108-24-7::60-00-4::t1,108-24-7,60-00-4,sec::60-00-4::2,60-00-4,7,True
pair::108-24-7::60-00-4::t2,108-24-7,60-00-4,sec::108-24-7::10,108-24-7,7,True
pair::108-24-7::60-00-4::t2,108-24-7,60-00-4,sec::108-24-7::2,108-24-7,1,True
pair::108-24-7::60-00-4::t2,108-24-7,60-00-4,sec::60-00-4::10,60-00-4,3,True
pair::108-24-7::60-00-4::t2,108-24-7,60-00-4,sec::60-00-4::2,60-00-4,5,True
pair::108-24-7::60-00-4::t3,108-24-7,60-00-4,sec::108-24-7::10,108-24-7,3,True
pair::108-24-7::60-00-4::t3,108-24-7,60-00-4,sec::108-24-7::2,108-24-7,5,True
pair::108-24-7::60-00-4::t3,108-24-7,60-00-4,sec::60-00-4::10,60-00-4,1,True
pair::108-24-7::60-00-4::t3,108-24-7,60-00-4,sec::60-00-4::2,60-00-4,7,True
pair::108-24-7::60-00-4::t4,108-24-7,60-00-4,sec::108-24-7::10,108-24-7,6,True
pair::108-24-7::60-00-4::t4,108-24-7,60-00-4,sec::108-24-7::2,108-24-7,3,True
pair::108-24-7::60-00-4::t4,108-24-7,60-00-4,sec::60-00-4::10,60-00-4,2,True
pair::108-24-7::60-00-4::t4,108-24-7,60-00-4,sec::60-00-4::2,60-00-4,1,True
pair::100-07-2::118-52-5::t0,100-07-2,118-52-5,sec::100-07-2::10,100-07-2,1,True
pair::100-07-2::118-52-5::t0,100-07-2,118-52-5,sec::100-07-2::2,100-07-2,4,True
pair::100-07-2::118-52-5::t0,100-07-2,118-52-5,sec::118-52-5::10,118-52-5,3,True
pair::100-07-2::118-52-5::t0,100-07-2,118-52-5,sec::118-52-5::2,118-52-5,2,True
pair::100-07-2::118-52-5::t1,100-07-2,118-52-5,sec::100-07-2::10,100-07-2,2,True
pair::100-07-2::118-52-5::t1,100-07-2,118-52-5,sec::100-07-2::2,100-07-2,1,True
pair::100-07-2::118-52-5::t1,100-07-2,118-52-5,sec::118-52-5::10,118-52-5,4,True
pair::100-07-2::118-52-5::t1,100-07-2,118-52-5,sec::118-52-5::2,118-52-5,3,True
pair::100-07-2::118-52-5::t2,100-07-2,118-52-5,sec::100-07-2::10,100-07-2,1,True
pair::100-07-2::118-52-5::t2,100-07-2,118-52-5,sec::100-07-2::2,100-07-2,2,True
pair::100-07-2::118-52-5::t2,100-07-2,118-52-5,sec::118-52-5::10,118-52-5,4,True
pair::100-07-2::118-52-5::t2,100-07-2,118-52-5,sec::118-52-5::2,118-52-5,3,True
pair::100-07-2::118-52-5::t3,100-07-2,118-52-5,sec::100-07-2::10,100-07-2,1,True
pair::100-07-2::118-52-5::t3,100-07-2,118-52-5,sec::100-07-2::2,100-07-2,2,True
pair::100-07-2::118-52-5::t3,100-07-2,118-52-5,sec::118-52-5::10,118-52-5,3,True
pair::100-07-2::118-52-5::t3,100-07-2,118-52-5,sec::118-52-5::2,118-52-5,4,True
pair::100-07-2::118-52-5::t4,100-07-2,118-52-5,sec::100-07-2::10,100-07-2,1,True
pair::100-07-2::118-52-5::t4,100-07-2,118-52-5,sec::100-07-2::2,100-07-2,3,True
pair::100-07-2::118-52-5::t4,100-07-2,118-52-5,sec::118-52-5::10,118-52-5,4,True
pair::100-07-2::118-52-5::t4,100-07-2,118-52-5,sec::118-52-5::2,118-52-5,2,True
pair::119-53-9::7429-90-5::t0,119-53-9,7429-90-5,sec::119-53-9::10,119-53-9,1,True
pair::119-53-9::7429-90-5::t0,119-53-9,7429-90-5,sec::119-53-9::2,119-53-9,3,True
pair::119-53-9::7429-90-5::t0,119-53-9,7429-90-5,sec::7429-90-5::10,7429-90-5,2,True
pair::119-53-9::7429-90-5::t0,119-53-9,7429-90-5,sec::7429-90-5::2,7429-90-5,,True
pair::119-53-9::7429-90-5::t1,119-53-9,7429-90-5,sec::119-53-9::10,119-53-9,8,True
pair::119-53-9::7429-90-5::t1,119-53-9,7429-90-5,sec::119-53-9::2,119-53-9,16,True
pair::119-53-9::7429-90-5::t1,119-53-9,7429-90-5,sec::7429-90-5::10,7429-90-5,1,True
pair::119-53-9::7429-90-5::t1,119-53-9,7429-90-5,sec::7429-90-5::2,7429-90-5,10,True
pair::119-53-9::7429-90-5::t2,119-53-9,7429-90-5,sec::119-53-9::10,119-53-9,4,True
pair::119-53-9::7429-90-5::t2,119-53-9,7429-90-5,sec::119-53-9::2,119-53-9,,True
pair::119-53-9::7429-90-5::t2,119-53-9,7429-90-5,sec::7429-90-5::10,7429-90-5,1,True
pair::119-53-9::7429-90-5::t2,119-53-9,7429-90-5,sec::7429-90-5::2,7429-90-5,5,True
pair::119-53-9::7429-90-5::t3,119-53-9,7429-90-5,sec::119-53-9::10,119-53-9,4,True
pair::119-53-9::7429-90-5::t3,119-53-9,7429-90-5,sec::119-53-9::2,119-53-9,,True
pair::119-53-9::7429-90-5::t3,119-53-9,7429-90-5,sec::7429-90-5::10,7429-90-5,1,True
pair::119-53-9::7429-90-5::t3,119-53-9,7429-90-5,sec::7429-90-5::2,7429-90-5,,True
pair::119-53-9::7429-90-5::t4,119-53-9,7429-90-5,sec::119-53-9::10,119-53-9,8,True
pair::119-53-9::7429-90-5::t4,119-53-9,7429-90-5,sec::119-53-9::2,119-53-9,,True
pair::119-53-9::7429-90-5::t4,119-53-9,7429-90-5,sec::7429-90-5::10,7429-90-5,7,True
pair::119-53-9::7429-90-5::t4,119-53-9,7429-90-5,sec::7429-90-5::2,7429-90-5,1,True
pair::101-02-0::15630-89-4::t0,101-02-0,15630-89-4,sec::101-02-0::10,101-02-0,1,True
pair::101-02-0::15630-89-4::t0,101-02-0,15630-89-4,sec::101-02-0::2,101-02-0,7,True
pair::101-02-0::15630-89-4::t0,101-02-0,15630-89-4,sec::15630-89-4::10,15630-89-4,10,True
pair::101-02-0::15630-89-4::t0,101-02-0,15630-89-4,sec::15630-89-4::2,15630-89-4,,True
pair::101-02-0::15630-89-4::t1,101-02-0,15630-89-4,sec::101-02-0::10,101-02-0,1,True
pair::101-02-0::15630-89-4::t1,101-02-0,15630-89-4,sec::101-02-0::2,101-02-0,11,True
pair::101-02-0::15630-89-4::t1,101-02-0,15630-89-4,sec::15630-89-4::10,15630-89-4,2,True
pair::101-02-0::15630-89-4::t1,101-02-0,15630-89-4,sec::15630-89-4::2,15630-89-4,,True
pair::101-02-0::15630-89-4::t2,101-02-0,15630-89-4,sec::101-02-0::10,101-02-0,1,True
pair::101-02-0::15630-89-4::t2,101-02-0,15630-89-4,sec::101-02-0::2,101-02-0,3,True
pair::101-02-0::15630-89-4::t2,101-02-0,15630-89-4,sec::15630-89-4::10,15630-89-4,2,True
pair::101-02-0::15630-89-4::t2,101-02-0,15630-89-4,sec::15630-89-4::2,15630-89-4,,True
pair::101-02-0::15630-89-4::t3,101-02-0,15630-89-4,sec::101-02-0::10,101-02-0,1,True
pair::101-02-0::15630-89-4::t3,101-02-0,15630-89-4,sec::101-02-0::2,101-02-0,9,True
pair::101-02-0::15630-89-4::t3,101-02-0,15630-89-4,sec::15630-89-4::10,15630-89-4,2,True
pair::101-02-0::15630-89-4::t3,101-02-0,15630-89-4,sec::15630-89-4::2,15630-89-4,,True
pair::101-02-0::15630-89-4::t4,101-02-0,15630-89-4,sec::101-02-0::10,101-02-0,1,True
pair::101-02-0::15630-89-4::t4,101-02-0,15630-89-4,sec::101-02-0::2,101-02-0,6,True
pair::101-02-0::15630-89-4::t4,101-02-0,15630-89-4,sec::15630-89-4::10,15630-89-4,2,True
pair::101-02-0::15630-89-4::t4,101-02-0,15630-89-4,sec::15630-89-4::2,15630-89-4,17,True
pair::1762-95-4::64-19-7::t0,1762-95-4,64-19-7,sec::1762-95-4::10,1762-95-4,1,True
pair::1762-95-4::64-19-7::t0,1762-95-4,64-19-7,sec::1762-95-4::2,1762-95-4,2,True
pair::1762-95-4::64-19-7::t0,1762-95-4,64-19-7,sec::64-19-7::10,64-19-7,17,True
pair::1762-95-4::64-19-7::t0,1762-95-4,64-19-7,sec::64-19-7::2,64-19-7,,True
pair::1762-95-4::64-19-7::t1,1762-95-4,64-19-7,sec::1762-95-4::10,1762-95-4,1,True
pair::1762-95-4::64-19-7::t1,1762-95-4,64-19-7,sec::1762-95-4::2,1762-95-4,2,True
pair::1762-95-4::64-19-7::t1,1762-95-4,64-19-7,sec::64-19-7::10,64-19-7,20,True
pair::1762-95-4::64-19-7::t1,1762-95-4,64-19-7,sec::64-19-7::2,64-19-7,,True
pair::1762-95-4::64-19-7::t2,1762-95-4,64-19-7,sec::1762-95-4::10,1762-95-4,2,True
pair::1762-95-4::64-19-7::t2,1762-95-4,64-19-7,sec::1762-95-4::2,1762-95-4,1,True
pair::1762-95-4::64-19-7::t2,1762-95-4,64-19-7,sec::64-19-7::10,64-19-7,18,True
pair::1762-95-4::64-19-7::t2,1762-95-4,64-19-7,sec::64-19-7::2,64-19-7,,True
pair::1762-95-4::64-19-7::t3,1762-95-4,64-19-7,sec::1762-95-4::10,1762-95-4,1,True
pair::1762-95-4::64-19-7::t3,1762-95-4,64-19-7,sec::1762-95-4::2,1762-95-4,2,True
pair::1762-95-4::64-19-7::t3,1762-95-4,64-19-7,sec::64-19-7::10,64-19-7,14,True
pair::1762-95-4::64-19-7::t3,1762-95-4,64-19-7,sec::64-19-7::2,64-19-7,,True
pair::1762-95-4::64-19-7::t4,1762-95-4,64-19-7,sec::1762-95-4::10,1762-95-4,2,True
pair::1762-95-4::64-19-7::t4,1762-95-4,64-19-7,sec::1762-95-4::2,1762-95-4,1,True
pair::1762-95-4::64-19-7::t4,1762-95-4,64-19-7,sec::64-19-7::10,64-19-7,,True
pair::1762-95-4::64-19-7::t4,1762-95-4,64-19-7,sec::64-19-7::2,64-19-7,,True
pair::115-19-5::1185-81-5::t0,115-19-5,1185-81-5,sec::115-19-5::10,115-19-5,3,True
pair::115-19-5::1185-81-5::t0,115-19-5,1185-81-5,sec::115-19-5::2,115-19-5,5,True
pair::115-19-5::1185-81-5::t0,115-19-5,1185-81-5,sec::1185-81-5::10,1185-81-5,1,True
pair::115-19-5::1185-81-5::t0,115-19-5,1185-81-5,sec::1185-81-5::2,1185-81-5,2,True
pair::115-19-5::1185-81-5::t1,115-19-5,1185-81-5,sec::115-19-5::10,115-19-5,4,True
pair::115-19-5::1185-81-5::t1,115-19-5,1185-81-5,sec::115-19-5::2,115-19-5,3,True
pair::115-19-5::1185-81-5::t1,115-19-5,1185-81-5,sec::1185-81-5::10,1185-81-5,1,True
pair::115-19-5::1185-81-5::t1,115-19-5,1185-81-5,sec::1185-81-5::2,1185-81-5,2,True
pair::115-19-5::1185-81-5::t2,115-19-5,1185-81-5,sec::115-19-5::10,115-19-5,3,True
pair::115-19-5::1185-81-5::t2,115-19-5,1185-81-5,sec::115-19-5::2,115-19-5,4,True
pair::115-19-5::1185-81-5::t2,115-19-5,1185-81-5,sec::1185-81-5::10,1185-81-5,1,True
pair::115-19-5::1185-81-5::t2,115-19-5,1185-81-5,sec::1185-81-5::2,1185-81-5,2,True
pair::115-19-5::1185-81-5::t3,115-19-5,1185-81-5,sec::115-19-5::10,115-19-5,3,True
pair::115-19-5::1185-81-5::t3,115-19-5,1185-81-5,sec::115-19-5::2,115-19-5,6,True
pair::115-19-5::1185-81-5::t3,115-19-5,1185-81-5,sec::1185-81-5::10,1185-81-5,1,True
pair::115-19-5::1185-81-5::t3,115-19-5,1185-81-5,sec::1185-81-5::2,1185-81-5,2,True
pair::115-19-5::1185-81-5::t4,115-19-5,1185-81-5,sec::115-19-5::10,115-19-5,7,True
pair::115-19-5::1185-81-5::t4,115-19-5,1185-81-5,sec::115-19-5::2,115-19-5,3,True
pair::115-19-5::1185-81-5::t4,115-19-5,1185-81-5,sec::1185-81-5::10,1185-81-5,1,True
pair::115-19-5::1185-81-5::t4,115-19-5,1185-81-5,sec::1185-81-5::2,1185-81-5,2,True
pair::104-88-1::12136-45-7::t0,104-88-1,12136-45-7,sec::104-88-1::10,104-88-1,1,True
pair::104-88-1::12136-45-7::t0,104-88-1,12136-45-7,sec::104-88-1::2,104-88-1,2,True
pair::104-88-1::12136-45-7::t0,104-88-1,12136-45-7,sec::12136-45-7::10,12136-45-7,3,True
pair::104-88-1::12136-45-7::t0,104-88-1,12136-45-7,sec::12136-45-7::2,12136-45-7,11,True
pair::104-88-1::12136-45-7::t1,104-88-1,12136-45-7,sec::104-88-1::10,104-88-1,2,True
pair::104-88-1::12136-45-7::t1,104-88-1,12136-45-7,sec::104-88-1::2,104-88-1,1,True
pair::104-88-1::12136-45-7::t1,104-88-1,12136-45-7,sec::12136-45-7::10,12136-45-7,6,True
pair::104-88-1::12136-45-7::t1,104-88-1,12136-45-7,sec::12136-45-7::2,12136-45-7,3,True
pair::104-88-1::12136-45-7::t2,104-88-1,12136-45-7,sec::104-88-1::10,104-88-1,2,True
pair::104-88-1::12136-45-7::t2,104-88-1,12136-45-7,sec::104-88-1::2,104-88-1,1,True
pair::104-88-1::12136-45-7::t2,104-88-1,12136-45-7,sec::12136-45-7::10,12136-45-7,3,True
pair::104-88-1::12136-45-7::t2,104-88-1,12136-45-7,sec::12136-45-7::2,12136-45-7,4,True
pair::104-88-1::12136-45-7::t3,104-88-1,12136-45-7,sec::104-88-1::10,104-88-1,1,True
pair::104-88-1::12136-45-7::t3,104-88-1,12136-45-7,sec::104-88-1::2,104-88-1,2,True
pair::104-88-1::12136-45-7::t3,104-88-1,12136-45-7,sec::12136-45-7::10,12136-45-7,3,True
pair::104-88-1::12136-45-7::t3,104-88-1,12136-45-7,sec::12136-45-7::2,12136-45-7,,True
pair::104-88-1::12136-45-7::t4,104-88-1,12136-45-7,sec::104-88-1::10,104-88-1,1,True
pair::104-88-1::12136-45-7::t4,104-88-1,12136-45-7,sec::104-88-1::2,104-88-1,2,True
pair::104-88-1::12136-45-7::t4,104-88-1,12136-45-7,sec::12136-45-7::10,12136-45-7,8,True
pair::104-88-1::12136-45-7::t4,104-88-1,12136-45-7,sec::12136-45-7::2,12136-45-7,3,True
pair::101-27-9::15630-89-4::t0,101-27-9,15630-89-4,sec::101-27-9::10,101-27-9,11,True
pair::101-27-9::15630-89-4::t0,101-27-9,15630-89-4,sec::101-27-9::2,101-27-9,7,True
pair::101-27-9::15630-89-4::t0,101-27-9,15630-89-4,sec::15630-89-4::10,15630-89-4,8,True
pair::101-27-9::15630-89-4::t0,101-27-9,15630-89-4,sec::15630-89-4::2,15630-89-4,18,True
pair::101-27-9::15630-89-4::t1,101-27-9,15630-89-4,sec::101-27-9::10,101-27-9,2,True
pair::101-27-9::15630-89-4::t1,101-27-9,15630-89-4,sec::101-27-9::2,101-27-9,7,True
pair::101-27-9::15630-89-4::t1,101-27-9,15630-89-4,sec::15630-89-4::10,15630-89-4,4,True
pair::101-27-9::15630-89-4::t1,101-27-9,15630-89-4,sec::15630-89-4::2,15630-89-4,,True
pair::101-27-9::15630-89-4::t2,101-27-9,15630-89-4,sec::101-27-9::10,101-27-9,1,True
pair::101-27-9::15630-89-4::t2,101-27-9,15630-89-4,sec::101-27-9::2,101-27-9,3,True
pair::101-27-9::15630-89-4::t2,101-27-9,15630-89-4,sec::15630-89-4::10,15630-89-4,9,True
pair::101-27-9::15630-89-4::t2,101-27-9,15630-89-4,sec::15630-89-4::2,15630-89-4,19,True
pair::101-27-9::15630-89-4::t3,101-27-9,15630-89-4,sec::101-27-9::10,101-27-9,1,True
pair::101-27-9::15630-89-4::t3,101-27-9,15630-89-4,sec::101-27-9::2,101-27-9,11,True
pair::101-27-9::15630-89-4::t3,101-27-9,15630-89-4,sec::15630-89-4::10,15630-89-4,3,True
pair::101-27-9::15630-89-4::t3,101-27-9,15630-89-4,sec::15630-89-4::2,15630-89-4,,True
pair::101-27-9::15630-89-4::t4,101-27-9,15630-89-4,sec::101-27-9::10,101-27-9,5,True
pair::101-27-9::15630-89-4::t4,101-27-9,15630-89-4,sec::101-27-9::2,101-27-9,6,True
pair::101-27-9::15630-89-4::t4,101-27-9,15630-89-4,sec::15630-89-4::10,15630-89-4,2,True
pair::101-27-9::15630-89-4::t4,101-27-9,15630-89-4,sec::15630-89-4::2,15630-89-4,10,True
pair::105-64-6::105-74-8::t0,105-64-6,105-74-8,sec::105-64-6::10,105-64-6,1,True
pair::105-64-6::105-74-8::t0,105-64-6,105-74-8,sec::105-64-6::2,105-64-6,3,True
pair::105-64-6::105-74-8::t0,105-64-6,105-74-8,sec::105-74-8::10,105-74-8,2,True
pair::105-64-6::105-74-8::t0,105-64-6,105-74-8,sec::105-74-8::2,105-74-8,4,True
pair::105-64-6::105-74-8::t1,105-64-6,105-74-8,sec::105-64-6::10,105-64-6,3,True
pair::105-64-6::105-74-8::t1,105-64-6,105-74-8,sec::105-64-6::2,105-64-6,1,True
pair::105-64-6::105-74-8::t1,105-64-6,105-74-8,sec::105-74-8::10,105-74-8,2,True
pair::105-64-6::105-74-8::t1,105-64-6,105-74-8,sec::105-74-8::2,105-74-8,4,True
pair::105-64-6::105-74-8::t2,105-64-6,105-74-8,sec::105-64-6::10,105-64-6,1,True
pair::105-64-6::105-74-8::t2,105-64-6,105-74-8,sec::105-64-6::2,105-64-6,2,True
pair::105-64-6::105-74-8::t2,105-64-6,105-74-8,sec::105-74-8::10,105-74-8,3,True
pair::105-64-6::105-74-8::t2,105-64-6,105-74-8,sec::105-74-8::2,105-74-8,4,True
pair::105-64-6::105-74-8::t3,105-64-6,105-74-8,sec::105-64-6::10,105-64-6,1,True
pair::105-64-6::105-74-8::t3,105-64-6,105-74-8,sec::105-64-6::2,105-64-6,3,True
pair::105-64-6::105-74-8::t3,105-64-6,105-74-8,sec::105-74-8::10,105-74-8,2,True
pair::105-64-6::105-74-8::t3,105-64-6,105-74-8,sec::105-74-8::2,105-74-8,4,True
pair::105-64-6::105-74-8::t4,105-64-6,105-74-8,sec::105-64-6::10,105-64-6,4,True
pair::105-64-6::105-74-8::t4,105-64-6,105-74-8,sec::105-64-6::2,105-64-6,1,True
pair::105-64-6::105-74-8::t4,105-64-6,105-74-8,sec::105-74-8::10,105-74-8,2,True
pair::105-64-6::105-74-8::t4,105-64-6,105-74-8,sec::105-74-8::2,105-74-8,3,True
pair::12136-45-7::1271-19-8::t0,12136-45-7,1271-19-8,sec::12136-45-7::10,12136-45-7,3,True
pair::12136-45-7::1271-19-8::t0,12136-45-7,1271-19-8,sec::12136-45-7::2,12136-45-7,11,True
pair::12136-45-7::1271-19-8::t0,12136-45-7,1271-19-8,sec::1271-19-8::10,1271-19-8,1,True
pair::12136-45-7::1271-19-8::t0,12136-45-7,1271-19-8,sec::1271-19-8::2,1271-19-8,2,True
pair::12136-45-7::1271-19-8::t1,12136-45-7,1271-19-8,sec::12136-45-7::10,12136-45-7,5,True
pair::12136-45-7::1271-19-8::t1,12136-45-7,1271-19-8,sec::12136-45-7::2,12136-45-7,3,True
pair::12136-45-7::1271-19-8::t1,12136-45-7,1271-19-8,sec::1271-19-8::10,1271-19-8,1,True
pair::12136-45-7::1271-19-8::t1,12136-45-7,1271-19-8,sec::1271-19-8::2,1271-19-8,2,True
pair::12136-45-7::1271-19-8::t2,12136-45-7,1271-19-8,sec::12136-45-7::10,12136-45-7,3,True
pair::12136-45-7::1271-19-8::t2,12136-45-7,1271-19-8,sec::12136-45-7::2,12136-45-7,5,True
pair::12136-45-7::1271-19-8::t2,12136-45-7,1271-19-8,sec::1271-19-8::10,1271-19-8,1,True
pair::12136-45-7::1271-19-8::t2,12136-45-7,1271-19-8,sec::1271-19-8::2,1271-19-8,2,True
pair::12136-45-7::1271-19-8::t3,12136-45-7,1271-19-8,sec::12136-45-7::10,12136-45-7,2,True
pair::12136-45-7::1271-19-8::t3,12136-45-7,1271-19-8,sec::12136-45-7::2,12136-45-7,,True
pair::12136-45-7::1271-19-8::t3,12136-45-7,1271-19-8,sec::1271-19-8::10,1271-19-8,1,True
pair::12136-45-7::1271-19-8::t3,12136-45-7,1271-19-8,sec::1271-19-8::2,1271-19-8,3,True
pair::12136-45-7::1271-19-8::t4,12136-45-7,1271-19-8,sec::12136-45-7::10,12136-45-7,6,True
pair::12136-45-7::1271-19-8::t4,12136-45-7,1271-19-8,sec::12136-45-7::2,12136-45-7,3,True
pair::12136-45-7::1271-19-8::t4,12136-45-7,1271-19-8,sec::1271-19-8::10,1271-19-8,2,True
pair::12136-45-7::1271-19-8::t4,12136-45-7,1271-19-8,sec::1271-19-8::2,1271-19-8,1,True
pair::10118-76-0::109-59-1::t0,10118-76-0,109-59-1,sec::10118-76-0::10,10118-76-0,1,True
pair::10118-76-0::109-59-1::t0,10118-76-0,109-59-1,sec::10118-76-0::2,10118-76-0,3,True
pair::10118-76-0::109-59-1::t0,10118-76-0,109-59-1,sec::109-59-1::10,109-59-1,4,True
pair::10118-76-0::109-59-1::t0,10118-76-0,109-59-1,sec::109-59-1::2,109-59-1,8,True
pair::10118-76-0::109-59-1::t1,10118-76-0,109-59-1,sec::10118-76-0::10,10118-76-0,1,True
pair::10118-76-0::109-59-1::t1,10118-76-0,109-59-1,sec::10118-76-0::2,10118-76-0,4,True
pair::10118-76-0::109-59-1::t1,10118-76-0,109-59-1,sec::109-59-1::10,109-59-1,2,True
pair::10118-76-0::109-59-1::t1,10118-76-0,109-59-1,sec::109-59-1::2,109-59-1,3,True
pair::10118-76-0::109-59-1::t2,10118-76-0,109-59-1,sec::10118-76-0::10,10118-76-0,1,True
pair::10118-76-0::109-59-1::t2,10118-76-0,109-59-1,sec::10118-76-0::2,10118-76-0,3,True
pair::10118-76-0::109-59-1::t2,10118-76-0,109-59-1,sec::109-59-1::10,109-59-1,11,True
pair::10118-76-0::109-59-1::t2,10118-76-0,109-59-1,sec::109-59-1::2,109-59-1,8,True
pair::10118-76-0::109-59-1::t3,10118-76-0,109-59-1,sec::10118-76-0::10,10118-76-0,2,True
pair::10118-76-0::109-59-1::t3,10118-76-0,109-59-1,sec::10118-76-0::2,10118-76-0,,True
pair::10118-76-0::109-59-1::t3,10118-76-0,109-59-1,sec::109-59-1::10,109-59-1,1,True
pair::10118-76-0::109-59-1::t3,10118-76-0,109-59-1,sec::109-59-1::2,109-59-1,15,True
pair::10118-76-0::109-59-1::t4,10118-76-0,109-59-1,sec::10118-76-0::10,10118-76-0,1,True
pair::10118-76-0::109-59-1::t4,10118-76-0,109-59-1,sec::10118-76-0::2,10118-76-0,2,True
pair::10118-76-0::109-59-1::t4,10118-76-0,109-59-1,sec::109-59-1::10,109-59-1,4,True
pair::10118-76-0::109-59-1::t4,10118-76-0,109-59-1,sec::109-59-1::2,109-59-1,3,True
pair::100-00-5::7772-98-7::t0,100-00-5,7772-98-7,sec::100-00-5::10,100-00-5,3,True
pair::100-00-5::7772-98-7::t0,100-00-5,7772-98-7,sec::100-00-5::2::p1,100-00-5,9,True
pair::100-00-5::7772-98-7::t0,100-00-5,7772-98-7,sec::100-00-5::2::p2,100-00-5,,True
pair::100-00-5::7772-98-7::t0,100-00-5,7772-98-7,sec::7772-98-7::10,7772-98-7,2,True
pair::100-00-5::7772-98-7::t0,100-00-5,7772-98-7,sec::7772-98-7::2,7772-98-7,1,True
pair::100-00-5::7772-98-7::t1,100-00-5,7772-98-7,sec::100-00-5::10,100-00-5,3,True
pair::100-00-5::7772-98-7::t1,100-00-5,7772-98-7,sec::100-00-5::2::p1,100-00-5,14,True
pair::100-00-5::7772-98-7::t1,100-00-5,7772-98-7,sec::100-00-5::2::p2,100-00-5,,True
pair::100-00-5::7772-98-7::t1,100-00-5,7772-98-7,sec::7772-98-7::10,7772-98-7,2,True
pair::100-00-5::7772-98-7::t1,100-00-5,7772-98-7,sec::7772-98-7::2,7772-98-7,1,True
pair::100-00-5::7772-98-7::t2,100-00-5,7772-98-7,sec::100-00-5::10,100-00-5,3,True
pair::100-00-5::7772-98-7::t2,100-00-5,7772-98-7,sec::100-00-5::2::p1,100-00-5,4,True
pair::100-00-5::7772-98-7::t2,100-00-5,7772-98-7,sec::100-00-5::2::p2,100-00-5,,True
pair::100-00-5::7772-98-7::t2,100-00-5,7772-98-7,sec::7772-98-7::10,7772-98-7,2,True
pair::100-00-5::7772-98-7::t2,100-00-5,7772-98-7,sec::7772-98-7::2,7772-98-7,1,True
pair::100-00-5::7772-98-7::t3,100-00-5,7772-98-7,sec::100-00-5::10,100-00-5,1,True
pair::100-00-5::7772-98-7::t3,100-00-5,7772-98-7,sec::100-00-5::2::p1,100-00-5,7,True
pair::100-00-5::7772-98-7::t3,100-00-5,7772-98-7,sec::100-00-5::2::p2,100-00-5,,True
pair::100-00-5::7772-98-7::t3,100-00-5,7772-98-7,sec::7772-98-7::10,7772-98-7,2,True
pair::100-00-5::7772-98-7::t3,100-00-5,7772-98-7,sec::7772-98-7::2,7772-98-7,3,True
pair::100-00-5::7772-98-7::t4,100-00-5,7772-98-7,sec::100-00-5::10,100-00-5,2,True
pair::100-00-5::7772-98-7::t4,100-00-5,7772-98-7,sec::100-00-5::2::p1,100-00-5,16,True
pair::100-00-5::7772-98-7::t4,100-00-5,7772-98-7,sec::100-00-5::2::p2,100-00-5,,True
pair::100-00-5::7772-98-7::t4,100-00-5,7772-98-7,sec::7772-98-7::10,7772-98-7,3,True
pair::100-00-5::7772-98-7::t4,100-00-5,7772-98-7,sec::7772-98-7::2,7772-98-7,1,True
pair::10034-82-9::101-27-9::t0,10034-82-9,101-27-9,sec::10034-82-9::10,10034-82-9,1,True
pair::10034-82-9::101-27-9::t0,10034-82-9,101-27-9,sec::10034-82-9::2,10034-82-9,4,True
pair::10034-82-9::101-27-9::t0,10034-82-9,101-27-9,sec::101-27-9::10,101-27-9,2,True
pair::10034-82-9::101-27-9::t0,10034-82-9,101-27-9,sec::101-27-9::2,101-27-9,7,True
pair::10034-82-9::101-27-9::t1,10034-82-9,101-27-9,sec::10034-82-9::10,10034-82-9,1,True
pair::10034-82-9::101-27-9::t1,10034-82-9,101-27-9,sec::10034-82-9::2,10034-82-9,2,True
pair::10034-82-9::101-27-9::t1,10034-82-9,101-27-9,sec::101-27-9::10,101-27-9,4,True
pair::10034-82-9::101-27-9::t1,10034-82-9,101-27-9,sec::101-27-9::2,101-27-9,6,True
pair::10034-82-9::101-27-9::t2,10034-82-9,101-27-9,sec::10034-82-9::10,10034-82-9,2,True
pair::10034-82-9::101-27-9::t2,10034-82-9,101-27-9,sec::10034-82-9::2,10034-82-9,1,True
pair::10034-82-9::101-27-9::t2,10034-82-9,101-27-9,sec::101-27-9::10,101-27-9,4,True
pair::10034-82-9::101-27-9::t2,10034-82-9,101-27-9,sec::101-27-9::2,101-27-9,3,True
pair::10034-82-9::101-27-9::t3,10034-82-9,101-27-9,sec::10034-82-9::10,10034-82-9,1,True
pair::10034-82-9::101-27-9::t3,10034-82-9,101-27-9,sec::10034-82-9::2,10034-82-9,3,True
pair::10034-82-9::101-27-9::t3,10034-82-9,101-27-9,sec::101-27-9::10,101-27-9,2,True
pair::10034-82-9::101-27-9::t3,10034-82-9,101-27-9,sec::101-27-9::2,101-27-9,8,True
pair::10034-82-9::101-27-9::t4,10034-82-9,101-27-9,sec::10034-82-9::10,10034-82-9,1,True
pair::10034-82-9::101-27-9::t4,10034-82-9,101-27-9,sec::10034-82-9::2,10034-82-9,2,True
pair::10034-82-9::101-27-9::t4,10034-82-9,101-27-9,sec::101-27-9::10,101-27-9,6,True
pair::10034-82-9::101-27-9::t4,10034-82-9,101-27-9,sec::101-27-9::2,101-27-9,5,True
pair::104-88-1::7786-81-4::t0,104-88-1,7786-81-4,sec::104-88-1::10,104-88-1,2,True
pair::104-88-1::7786-81-4::t0,104-88-1,7786-81-4,sec::104-88-1::2,104-88-1,3,True
pair::104-88-1::7786-81-4::t0,104-88-1,7786-81-4,sec::7786-81-4::10,7786-81-4,1,True
pair::104-88-1::7786-81-4::t0,104-88-1,7786-81-4,sec::7786-81-4::2::p1,7786-81-4,8,True
pair::104-88-1::7786-81-4::t0,104-88-1,7786-81-4,sec::7786-81-4::2::p2,7786-81-4,,True
pair::104-88-1::7786-81-4::t1,104-88-1,7786-81-4,sec::104-88-1::10,104-88-1,2,True
pair::104-88-1::7786-81-4::t1,104-88-1,7786-81-4,sec::104-88-1::2,104-88-1,1,True
pair::104-88-1::7786-81-4::t1,104-88-1,7786-81-4,sec::7786-81-4::10,7786-81-4,3,True
pair::104-88-1::7786-81-4::t1,104-88-1,7786-81-4,sec::7786-81-4::2::p1,7786-81-4,4,True
pair::104-88-1::7786-81-4::t1,104-88-1,7786-81-4,sec::7786-81-4::2::p2,7786-81-4,,True
pair::104-88-1::7786-81-4::t2,104-88-1,7786-81-4,sec::104-88-1::10,104-88-1,3,True
pair::104-88-1::7786-81-4::t2,104-88-1,7786-81-4,sec::104-88-1::2,104-88-1,1,True
pair::104-88-1::7786-81-4::t2,104-88-1,7786-81-4,sec::7786-81-4::10,7786-81-4,2,True
pair::104-88-1::7786-81-4::t2,104-88-1,7786-81-4,sec::7786-81-4::2::p1,7786-81-4,4,True
pair::104-88-1::7786-81-4::t2,104-88-1,7786-81-4,sec::7786-81-4::2::p2,7786-81-4,,True
pair::104-88-1::7786-81-4::t3,104-88-1,7786-81-4,sec::104-88-1::10,104-88-1,2,True
pair::104-88-1::7786-81-4::t3,104-88-1,7786-81-4,sec::104-88-1::2,104-88-1,5,True
pair::104-88-1::7786-81-4::t3,104-88-1,7786-81-4,sec::7786-81-4::10,7786-81-4,1,True
pair::104-88-1::7786-81-4::t3,104-88-1,7786-81-4,sec::7786-81-4::2::p1,7786-81-4,3,True
pair::104-88-1::7786-81-4::t3,104-88-1,7786-81-4,sec::7786-81-4::2::p2,7786-81-4,,True
pair::104-88-1::7786-81-4::t4,104-88-1,7786-81-4,sec::104-88-1::10,104-88-1,2,True
pair::104-88-1::7786-81-4::t4,104-88-1,7786-81-4,sec::104-88-1::2,104-88-1,1,True
pair::104-88-1::7786-81-4::t4,104-88-1,7786-81-4,sec::7786-81-4::10,7786-81-4,3,True
pair::104-88-1::7786-81-4::t4,104-88-1,7786-81-4,sec::7786-81-4::2::p1,7786-81-4,4,True
pair::104-88-1::7786-81-4::t4,104-88-1,7786-81-4,sec::7786-81-4::2::p2,7786-81-4,,True
pair::10222-01-2::7786-81-4::t0,10222-01-2,7786-81-4,sec::10222-01-2::10,10222-01-2,1,True
pair::10222-01-2::7786-81-4::t0,10222-01-2,7786-81-4,sec::10222-01-2::2,10222-01-2,2,True
pair::10222-01-2::7786-81-4::t0,10222-01-2,7786-81-4,sec::7786-81-4::10,7786-81-4,3,True
pair::10222-01-2::7786-81-4::t0,10222-01-2,7786-81-4,sec::7786-81-4::2::p1,7786-81-4,5,True
pair::10222-01-2::7786-81-4::t0,10222-01-2,7786-81-4,sec::7786-81-4::2::p2,7786-81-4,,True
pair::10222-01-2::7786-81-4::t1,10222-01-2,7786-81-4,sec::10222-01-2::10,10222-01-2,2,True
pair::10222-01-2::7786-81-4::t1,10222-01-2,7786-81-4,sec::10222-01-2::2,10222-01-2,1,True
pair::10222-01-2::7786-81-4::t1,10222-01-2,7786-81-4,sec::7786-81-4::10,7786-81-4,4,True
pair::10222-01-2::7786-81-4::t1,10222-01-2,7786-81-4,sec::7786-81-4::2::p1,7786-81-4,3,True
pair::10222-01-2::7786-81-4::t1,10222-01-2,7786-81-4,sec::7786-81-4::2::p2,7786-81-4,,True
pair::10222-01-2::7786-81-4::t2,10222-01-2,7786-81-4,sec::10222-01-2::10,10222-01-2,2,True
pair::10222-01-2::7786-81-4::t2,10222-01-2,7786-81-4,sec::10222-01-2::2,10222-01-2,1,True
pair::10222-01-2::7786-81-4::t2,10222-01-2,7786-81-4,sec::7786-81-4::10,7786-81-4,5,True
pair::10222-01-2::7786-81-4::t2,10222-01-2,7786-81-4,sec::7786-81-4::2::p1,7786-81-4,3,True
pair::10222-01-2::7786-81-4::t2,10222-01-2,7786-81-4,sec::7786-81-4::2::p2,7786-81-4,,True
pair::10222-01-2::7786-81-4::t3,10222-01-2,7786-81-4,sec::10222-01-2::10,10222-01-2,1,True
pair::10222-01-2::7786-81-4::t3,10222-01-2,7786-81-4,sec::10222-01-2::2,10222-01-2,2,True
pair::10222-01-2::7786-81-4::t3,10222-01-2,7786-81-4,sec::7786-81-4::10,7786-81-4,4,True
pair::10222-01-2::7786-81-4::t3,10222-01-2,7786-81-4,sec::7786-81-4::2::p1,7786-81-4,3,True
pair::10222-01-2::7786-81-4::t3,10222-01-2,7786-81-4,sec::7786-81-4::2::p2,7786-81-4,,True
pair::10222-01-2::7786-81-4::t4,10222-01-2,7786-81-4,sec::10222-01-2::10,10222-01-2,2,True
pair::10222-01-2::7786-81-4::t4,10222-01-2,7786-81-4,sec::10222-01-2::2,10222-01-2,1,True
pair::10222-01-2::7786-81-4::t4,10222-01-2,7786-81-4,sec::7786-81-4::10,7786-81-4,4,True
pair::10222-01-2::7786-81-4::t4,10222-01-2,7786-81-4,sec::7786-81-4::2::p1,7786-81-4,3,True
pair::10222-01-2::7786-81-4::t4,10222-01-2,7786-81-4,sec::7786-81-4::2::p2,7786-81-4,,True
pair::10118-76-0::108-24-7::t0,10118-76-0,108-24-7,sec::10118-76-0::10,10118-76-0,1,True
pair::10118-76-0::108-24-7::t0,10118-76-0,108-24-7,sec::10118-76-0::2,10118-76-0,2,True
pair::10118-76-0::108-24-7::t0,10118-76-0,108-24-7,sec::108-24-7::10,108-24-7,9,True
pair::10118-76-0::108-24-7::t0,10118-76-0,108-24-7,sec::108-24-7::2,108-24-7,11,True
pair::10118-76-0::108-24-7::t1,10118-76-0,108-24-7,sec::10118-76-0::10,10118-76-0,1,True
pair::10118-76-0::108-24-7::t1,10118-76-0,108-24-7,sec::10118-76-0::2,10118-76-0,2,True
pair::10118-76-0::108-24-7::t1,10118-76-0,108-24-7,sec::108-24-7::10,108-24-7,4,True
pair::10118-76-0::108-24-7::t1,10118-76-0,108-24-7,sec::108-24-7::2,108-24-7,3,True
pair::10118-76-0::108-24-7::t2,10118-76-0,108-24-7,sec::10118-76-0::10,10118-76-0,1,True
pair::10118-76-0::108-24-7::t2,10118-76-0,108-24-7,sec::10118-76-0::2,10118-76-0,2,True
pair::10118-76-0::108-24-7::t2,10118-76-0,108-24-7,sec::108-24-7::10,108-24-7,20,True
pair::10118-76-0::108-24-7::t2,10118-76-0,108-24-7,sec::108-24-7::2,108-24-7,19,True
pair::10118-76-0::108-24-7::t3,10118-76-0,108-24-7,sec::10118-76-0::10,10118-76-0,1,True
pair::10118-76-0::108-24-7::t3,10118-76-0,108-24-7,sec::10118-76-0::2,10118-76-0,11,True
pair::10118-76-0::108-24-7::t3,10118-76-0,108-24-7,sec::108-24-7::10,108-24-7,2,True
pair::10118-76-0::108-24-7::t3,10118-76-0,108-24-7,sec::108-24-7::2,108-24-7,,True
pair::10118-76-0::108-24-7::t4,10118-76-0,108-24-7,sec::10118-76-0::10,10118-76-0,2,True
pair::10118-76-0::108-24-7::t4,10118-76-0,108-24-7,sec::10118-76-0::2,10118-76-0,1,True
pair::10118-76-0::108-24-7::t4,10118-76-0,108-24-7,sec::108-24-7::10,108-24-7,4,True
pair::10118-76-0::108-24-7::t4,10118-76-0,108-24-7,sec::108-24-7::2,108-24-7,3,True
pair::10034-81-8::13007-92-6::t0,10034-81-8,13007-92-6,sec::10034-81-8::10,10034-81-8,2,True
pair::10034-81-8::13007-92-6::t0,10034-81-8,13007-92-6,sec::10034-81-8::2,10034-81-8,6,True
pair::10034-81-8::13007-92-6::t0,10034-81-8,13007-92-6,sec::13007-92-6::10,13007-92-6,1,True
pair::10034-81-8::13007-92-6::t0,10034-81-8,13007-92-6,sec::13007-92-6::2,13007-92-6,3,True
pair::10034-81-8::13007-92-6::t1,10034-81-8,13007-92-6,sec::10034-81-8::10,10034-81-8,3,True
pair::10034-81-8::13007-92-6::t1,10034-81-8,13007-92-6,sec::10034-81-8::2,10034-81-8,5,True
pair::10034-81-8::13007-92-6::t1,10034-81-8,13007-92-6,sec::13007-92-6::10,13007-92-6,2,True
pair::10034-81-8::13007-92-6::t1,10034-81-8,13007-92-6,sec::13007-92-6::2,13007-92-6,1,True
pair::10034-81-8::13007-92-6::t2,10034-81-8,13007-92-6,sec::10034-81-8::10,10034-81-8,3,True
pair::10034-81-8::13007-92-6::t2,10034-81-8,13007-92-6,sec::10034-81-8::2,10034-81-8,5,True
pair::10034-81-8::13007-92-6::t2,10034-81-8,13007-92-6,sec::13007-92-6::10,13007-92-6,1,True
pair::10034-81-8::13007-92-6::t2,10034-81-8,13007-92-6,sec::13007-92-6::2,13007-92-6,2,True
pair::10034-81-8::13007-92-6::t3,10034-81-8,13007-92-6,sec::10034-81-8::10,10034-81-8,2,True
pair::10034-81-8::13007-92-6::t3,10034-81-8,13007-92-6,sec::10034-81-8::2,10034-81-8,,True
pair::10034-81-8::13007-92-6::t3,10034-81-8,13007-92-6,sec::13007-92-6::10,13007-92-6,1,True
pair::10034-81-8::13007-92-6::t3,10034-81-8,13007-92-6,sec::13007-92-6::2,13007-92-6,4,True
pair::10034-81-8::13007-92-6::t4,10034-81-8,13007-92-6,sec::10034-81-8::10,10034-81-8,3,True
pair::10034-81-8::13007-92-6::t4,10034-81-8,13007-92-6,sec::10034-81-8::2,10034-81-8,5,True
pair::10034-81-8::13007-92-6::t4,10034-81-8,13007-92-6,sec::13007-92-6::10,13007-92-6,2,True
pair::10034-81-8::13007-92-6::t4,10034-81-8,13007-92-6,sec::13007-92-6::2,13007-92-6,1,True
pair::101-21-3::12136-45-7::t0,101-21-3,12136-45-7,sec::101-21-3::10,101-21-3,1,True
pair::101-21-3::12136-45-7::t0,101-21-3,12136-45-7,sec::101-21-3::2::p1,101-21-3,4,True
pair::101-21-3::12136-45-7::t0,101-21-3,12136-45-7,sec::101-21-3::2::p2,101-21-3,,True
pair::101-21-3::12136-45-7::t0,101-21-3,12136-45-7,sec::12136-45-7::10,12136-45-7,8,True
pair::101-21-3::12136-45-7::t0,101-21-3,12136-45-7,sec::12136-45-7::2,12136-45-7,10,True
pair::101-21-3::12136-45-7::t1,101-21-3,12136-45-7,sec::101-21-3::10,101-21-3,1,True
pair::101-21-3::12136-45-7::t1,101-21-3,12136-45-7,sec::101-21-3::2::p1,101-21-3,3,True
pair::101-21-3::12136-45-7::t1,101-21-3,12136-45-7,sec::101-21-3::2::p2,101-21-3,,True
pair::101-21-3::12136-45-7::t1,101-21-3,12136-45-7,sec::12136-45-7::10,12136-45-7,4,True
pair::101-21-3::12136-45-7::t1,101-21-3,12136-45-7,sec::12136-45-7::2,12136-45-7,2,True
pair::101-21-3::12136-45-7::t2,101-21-3,12136-45-7,sec::101-21-3::10,101-21-3,2,True
pair::101-21-3::12136-45-7::t2,101-21-3,12136-45-7,sec::101-21-3::2::p1,101-21-3,4,True
pair::101-21-3::12136-45-7::t2,101-21-3,12136-45-7,sec::101-21-3::2::p2,101-21-3,,True
pair::101-21-3::12136-45-7::t2,101-21-3,12136-45-7,sec::12136-45-7::10,12136-45-7,1,True
pair::101-21-3::12136-45-7::t2,101-21-3,12136-45-7,sec::12136-45-7::2,12136-45-7,3,True
pair::101-21-3::12136-45-7::t3,101-21-3,12136-45-7,sec::101-21-3::10,101-21-3,2,True
pair::101-21-3::12136-45-7::t3,101-21-3,12136-45-7,sec::101-21-3::2::p1,101-21-3,3,True
pair::101-21-3::12136-45-7::t3,101-21-3,12136-45-7,sec::101-21-3::2::p2,101-21-3,,True
pair::101-21-3::12136-45-7::t3,101-21-3,12136-45-7,sec::12136-45-7::10,12136-45-7,1,True
pair::101-21-3::12136-45-7::t3,101-21-3,12136-45-7,sec::12136-45-7::2,12136-45-7,4,True
pair::101-21-3::12136-45-7::t4,101-21-3,12136-45-7,sec::101-21-3::10,101-21-3,1,True
pair::101-21-3::12136-45-7::t4,101-21-3,12136-45-7,sec::101-21-3::2::p1,101-21-3,5,True
pair::101-21-3::12136-45-7::t4,101-21-3,12136-45-7,sec::101-21-3::2::p2,101-21-3,,True
pair::101-21-3::12136-45-7::t4,101-21-3,12136-45-7,sec::12136-45-7::10,12136-45-7,4,True
pair::101-21-3::12136-45-7::t4,101-21-3,12136-45-7,sec::12136-45-7::2,12136-45-7,2,True
pair::10222-01-2::104-88-1::t0,10222-01-2,104-88-1,sec::10222-01-2::10,10222-01-2,1,True
pair::10222-01-2::104-88-1::t0,10222-01-2,104-88-1,sec::10222-01-2::2,10222-01-2,2,True
pair::10222-01-2::104-88-1::t0,10222-01-2,104-88-1,sec::104-88-1::10,104-88-1,3,True
pair::10222-01-2::104-88-1::t0,10222-01-2,104-88-1,sec::104-88-1::2,104-88-1,6,True
pair::10222-01-2::104-88-1::t1,10222-01-2,104-88-1,sec::10222-01-2::10,10222-01-2,1,True
pair::10222-01-2::104-88-1::t1,10222-01-2,104-88-1,sec::10222-01-2::2,10222-01-2,2,True
pair::10222-01-2::104-88-1::t1,10222-01-2,104-88-1,sec::104-88-1::10,104-88-1,5,True
pair::10222-01-2::104-88-1::t1,10222-01-2,104-88-1,sec::104-88-1::2,104-88-1,3,True
pair::10222-01-2::104-88-1::t2,10222-01-2,104-88-1,sec::10222-01-2::10,10222-01-2,1,True
pair::10222-01-2::104-88-1::t2,10222-01-2,104-88-1,sec::10222-01-2::2,10222-01-2,2,True
pair::10222-01-2::104-88-1::t2,10222-01-2,104-88-1,sec::104-88-1::10,104-88-1,7,True
pair::10222-01-2::104-88-1::t2,10222-01-2,104-88-1,sec::104-88-1::2,104-88-1,3,True
pair::10222-01-2::104-88-1::t3,10222-01-2,104-88-1,sec::10222-01-2::10,10222-01-2,1,True
pair::10222-01-2::104-88-1::t3,10222-01-2,104-88-1,sec::10222-01-2::2,10222-01-2,2,True
pair::10222-01-2::104-88-1::t3,10222-01-2,104-88-1,sec::104-88-1::10,104-88-1,3,True
pair::10222-01-2::104-88-1::t3,10222-01-2,104-88-1,sec::104-88-1::2,104-88-1,8,True
pair::10222-01-2::104-88-1::t4,10222-01-2,104-88-1,sec::10222-01-2::10,10222-01-2,1,True
pair::10222-01-2::104-88-1::t4,10222-01-2,104-88-1,sec::10222-01-2::2,10222-01-2,2,True
pair::10222-01-2::104-88-1::t4,10222-01-2,104-88-1,sec::104-88-1::10,104-88-1,5,True
pair::10222-01-2::104-88-1::t4,10222-01-2,104-88-1,sec::104-88-1::2,104-88-1,3,True
pair::10025-91-9::112-95-8::t0,10025-91-9,112-95-8,sec::10025-91-9::10,10025-91-9,1,True
pair::10025-91-9::112-95-8::t0,10025-91-9,112-95-8,sec::10025-91-9::2,10025-91-9,2,True
pair::10025-91-9::112-95-8::t0,10025-91-9,112-95-8,sec::112-95-8::10,112-95-8,18,True
pair::10025-91-9::112-95-8::t0,10025-91-9,112-95-8,sec::112-95-8::2,112-95-8,,True
pair::10025-91-9::112-95-8::t1,10025-91-9,112-95-8,sec::10025-91-9::10,10025-91-9,2,True
pair::10025-91-9::112-95-8::t1,10025-91-9,112-95-8,sec::10025-91-9::2,10025-91-9,1,True
pair::10025-91-9::112-95-8::t1,10025-91-9,112-95-8,sec::112-95-8::10,112-95-8,11,True
pair::10025-91-9::112-95-8::t1,10025-91-9,112-95-8,sec::112-95-8::2,112-95-8,20,True
pair::10025-91-9::112-95-8::t2,10025-91-9,112-95-8,sec::10025-91-9::10,10025-91-9,2,True
pair::10025-91-9::112-95-8::t2,10025-91-9,112-95-8,sec::10025-91-9::2,10025-91-9,1,True
pair::10025-91-9::112-95-8::t2,10025-91-9,112-95-8,sec::112-95-8::10,112-95-8,,True
pair::10025-91-9::112-95-8::t2,10025-91-9,112-95-8,sec::112-95-8::2,112-95-8,,True
pair::10025-91-9::112-95-8::t3,10025-91-9,112-95-8,sec::10025-91-9::10,10025-91-9,1,True
pair::10025-91-9::112-95-8::t3,10025-91-9,112-95-8,sec::10025-91-9::2,10025-91-9,2,True
pair::10025-91-9::112-95-8::t3,10025-91-9,112-95-8,sec::112-95-8::10,112-95-8,13,True
pair::10025-91-9::112-95-8::t3,10025-91-9,112-95-8,sec::112-95-8::2,112-95-8,,True
pair::10025-91-9::112-95-8::t4,10025-91-9,112-95-8,sec::10025-91-9::10,10025-91-9,2,True
pair::10025-91-9::112-95-8::t4,10025-91-9,112-95-8,sec::10025-91-9::2,10025-91-9,1,True
pair::10025-91-9::112-95-8::t4,10025-91-9,112-95-8,sec::112-95-8::10,112-95-8,,True
pair::10025-91-9::112-95-8::t4,10025-91-9,112-95-8,sec::112-95-8::2,112-95-8,,True
pair::1002-89-7::7439-93-2::t0,1002-89-7,7439-93-2,sec::1002-89-7::10,1002-89-7,1,True
pair::1002-89-7::7439-93-2::t0,1002-89-7,7439-93-2,sec::1002-89-7::2,1002-89-7,2,True
pair::1002-89-7::7439-93-2::t0,1002-89-7,7439-93-2,sec::7439-93-2::10,7439-93-2,,True
pair::1002-89-7::7439-93-2::t0,1002-89-7,7439-93-2,sec::7439-93-2::2,7439-93-2,,True
pair::1002-89-7::7439-93-2::t1,1002-89-7,7439-93-2,sec::1002-89-7::10,1002-89-7,1,True
pair::1002-89-7::7439-93-2::t1,1002-89-7,7439-93-2,sec::1002-89-7::2,1002-89-7,2,True
pair::1002-89-7::7439-93-2::t1,1002-89-7,7439-93-2,sec::7439-93-2::10,7439-93-2,,True
pair::1002-89-7::7439-93-2::t1,1002-89-7,7439-93-2,sec::7439-93-2::2,7439-93-2,,True
pair::1002-89-7::7439-93-2::t2,1002-89-7,7439-93-2,sec::1002-89-7::10,1002-89-7,1,True
pair::1002-89-7::7439-93-2::t2,1002-89-7,7439-93-2,sec::1002-89-7::2,1002-89-7,2,True
pair::1002-89-7::7439-93-2::t2,1002-89-7,7439-93-2,sec::7439-93-2::10,7439-93-2,4,True
pair::1002-89-7::7439-93-2::t2,1002-89-7,7439-93-2,sec::7439-93-2::2,7439-93-2,,True
pair::1002-89-7::7439-93-2::t3,1002-89-7,7439-93-2,sec::1002-89-7::10,1002-89-7,1,True
pair::1002-89-7::7439-93-2::t3,1002-89-7,7439-93-2,sec::1002-89-7::2,1002-89-7,2,True
pair::1002-89-7::7439-93-2::t3,1002-89-7,7439-93-2,sec::7439-93-2::10,7439-93-2,4,True
pair::1002-89-7::7439-93-2::t3,1002-89-7,7439-93-2,sec::7439-93-2::2,7439-93-2,,True
pair::1002-89-7::7439-93-2::t4,1002-89-7,7439-93-2,sec::1002-89-7::10,1002-89-7,1,True
pair::1002-89-7::7439-93-2::t4,1002-89-7,7439-93-2,sec::1002-89-7::2,1002-89-7,2,True
pair::1002-89-7::7439-93-2::t4,1002-89-7,7439-93-2,sec::7439-93-2::10,7439-93-2,,True
pair::1002-89-7::7439-93-2::t4,1002-89-7,7439-93-2,sec::7439-93-2::2,7439-93-2,,True
pair::103-80-0::109-53-5::t0,103-80-0,109-53-5,sec::103-80-0::10,103-80-0,3,True
pair::103-80-0::109-53-5::t0,103-80-0,109-53-5,sec::103-80-0::2,103-80-0,4,True
pair::103-80-0::109-53-5::t0,103-80-0,109-53-5,sec::109-53-5::10,109-53-5,1,True
pair::103-80-0::109-53-5::t0,103-80-0,109-53-5,sec::109-53-5::2,109-53-5,2,True
pair::103-80-0::109-53-5::t1,103-80-0,109-53-5,sec::103-80-0::10,103-80-0,3,True
pair::103-80-0::109-53-5::t1,103-80-0,109-53-5,sec::103-80-0::2,103-80-0,4,True
pair::103-80-0::109-53-5::t1,103-80-0,109-53-5,sec::109-53-5::10,109-53-5,2,True
pair::103-80-0::109-53-5::t1,103-80-0,109-53-5,sec::109-53-5::2,109-53-5,1,True
pair::103-80-0::109-53-5::t2,103-80-0,109-53-5,sec::103-80-0::10,103-80-0,3,True
pair::103-80-0::109-53-5::t2,103-80-0,109-53-5,sec::103-80-0::2,103-80-0,5,True
pair::103-80-0::109-53-5::t2,103-80-0,109-53-5,sec::109-53-5::10,109-53-5,2,True
pair::103-80-0::109-53-5::t2,103-80-0,109-53-5,sec::109-53-5::2,109-53-5,1,True
pair::103-80-0::109-53-5::t3,103-80-0,109-53-5,sec::103-80-0::10,103-80-0,3,True
pair::103-80-0::109-53-5::t3,103-80-0,109-53-5,sec::103-80-0::2,103-80-0,5,True
pair::103-80-0::109-53-5::t3,103-80-0,109-53-5,sec::109-53-5::10,109-53-5,1,True
pair::103-80-0::109-53-5::t3,103-80-0,109-53-5,sec::109-53-5::2,109-53-5,2,True
pair::103-80-0::109-53-5::t4,103-80-0,109-53-5,sec::103-80-0::10,103-80-0,4,True
pair::103-80-0::109-53-5::t4,103-80-0,109-53-5,sec::103-80-0::2,103-80-0,3,True
pair::103-80-0::109-53-5::t4,103-80-0,109-53-5,sec::109-53-5::10,109-53-5,2,True
pair::103-80-0::109-53-5::t4,103-80-0,109-53-5,sec::109-53-5::2,109-53-5,1,True
pair::10025-91-9::10031-87-5::t0,10025-91-9,10031-87-5,sec::10025-91-9::10,10025-91-9,2,False
pair::10025-91-9::10031-87-5::t0,10025-91-9,10031-87-5,sec::10025-91-9::2,10025-91-9,1,False
pair::10025-91-9::10031-87-5::t0,10025-91-9,10031-87-5,sec::10031-87-5::10,10031-87-5,3,False
pair::10025-91-9::10031-87-5::t0,10025-91-9,10031-87-5,sec::10031-87-5::2,10031-87-5,6,False
pair::10025-91-9::10031-87-5::t1,10025-91-9,10031-87-5,sec::10025-91-9::10,10025-91-9,2,False
pair::10025-91-9::10031-87-5::t1,10025-91-9,10031-87-5,sec::10025-91-9::2,10025-91-9,1,False
pair::10025-91-9::10031-87-5::t1,10025-91-9,10031-87-5,sec::10031-87-5::10,10031-87-5,6,False
pair::10025-91-9::10031-87-5::t1,10025-91-9,10031-87-5,sec::10031-87-5::2,10031-87-5,5,False
pair::10025-91-9::10031-87-5::t2,10025-91-9,10031-87-5,sec::10025-91-9::10,10025-91-9,2,False
pair::10025-91-9::10031-87-5::t2,10025-91-9,10031-87-5,sec::10025-91-9::2,10025-91-9,1,False
pair::10025-91-9::10031-87-5::t2,10025-91-9,10031-87-5,sec::10031-87-5::10,10031-87-5,7,False
pair::10025-91-9::10031-87-5::t2,10025-91-9,10031-87-5,sec::10031-87-5::2,10031-87-5,6,False
pair::10025-91-9::10031-87-5::t3,10025-91-9,10031-87-5,sec::10025-91-9::10,10025-91-9,1,False
pair::10025-91-9::10031-87-5::t3,10025-91-9,10031-87-5,sec::10025-91-9::2,10025-91-9,2,False
pair::10025-91-9::10031-87-5::t3,10025-91-9,10031-87-5,sec::10031-87-5::10,10031-87-5,4,False
pair::10025-91-9::10031-87-5::t3,10025-91-9,10031-87-5,sec::10031-87-5::2,10031-87-5,6,False
pair::10025-91-9::10031-87-5::t4,10025-91-9,10031-87-5,sec::10025-91-9::10,10025-91-9,2,False
pair::10025-91-9::10031-87-5::t4,10025-91-9,10031-87-5,sec::10025-91-9::2,10025-91-9,1,False
pair::10025-91-9::10031-87-5::t4,10025-91-9,10031-87-5,sec::10031-87-5::10,10031-87-5,9,False
pair::10025-91-9::10031-87-5::t4,10025-91-9,10031-87-5,sec::10031-87-5::2,10031-87-5,3,False
pair::1025-15-6::60-00-4::t0,1025-15-6,60-00-4,sec::1025-15-6::10,1025-15-6,1,True
pair::1025-15-6::60-00-4::t0,1025-15-6,60-00-4,sec::1025-15-6::2,1025-15-6,2,True
pair::1025-15-6::60-00-4::t0,1025-15-6,60-00-4,sec::60-00-4::10,60-00-4,3,True
pair::1025-15-6::60-00-4::t0,1025-15-6,60-00-4,sec::60-00-4::2,60-00-4,6,True
pair::1025-15-6::60-00-4::t1,1025-15-6,60-00-4,sec::1025-15-6::10,1025-15-6,1,True
pair::1025-15-6::60-00-4::t1,1025-15-6,60-00-4,sec::1025-15-6::2,1025-15-6,2,True
pair::1025-15-6::60-00-4::t1,1025-15-6,60-00-4,sec::60-00-4::10,60-00-4,11,True
pair::1025-15-6::60-00-4::t1,1025-15-6,60-00-4,sec::60-00-4::2,60-00-4,3,True
pair::1025-15-6::60-00-4::t2,1025-15-6,60-00-4,sec::1025-15-6::10,1025-15-6,1,True
pair::1025-15-6::60-00-4::t2,1025-15-6,60-00-4,sec::1025-15-6::2,1025-15-6,2,True
pair::1025-15-6::60-00-4::t2,1025-15-6,60-00-4,sec::60-00-4::10,60-00-4,11,True
pair::1025-15-6::60-00-4::t2,1025-15-6,60-00-4,sec::60-00-4::2,60-00-4,3,True
pair::1025-15-6::60-00-4::t3,1025-15-6,60-00-4,sec::1025-15-6::10,1025-15-6,1,True
pair::1025-15-6::60-00-4::t3,1025-15-6,60-00-4,sec::1025-15-6::2,1025-15-6,3,True
pair::1025-15-6::60-00-4::t3,1025-15-6,60-00-4,sec::60-00-4::10,60-00-4,2,True
pair::1025-15-6::60-00-4::t3,1025-15-6,60-00-4,sec::60-00-4::2,60-00-4,9,True
pair::1025-15-6::60-00-4::t4,1025-15-6,60-00-4,sec::1025-15-6::10,1025-15-6,2,True
pair::1025-15-6::60-00-4::t4,1025-15-6,60-00-4,sec::1025-15-6::2,1025-15-6,1,True
pair::1025-15-6::60-00-4::t4,1025-15-6,60-00-4,sec::60-00-4::10,60-00-4,4,True
pair::1025-15-6::60-00-4::t4,1025-15-6,60-00-4,sec::60-00-4::2,60-00-4,3,True
pair::1024-57-3::1336-21-6::t0,1024-57-3,1336-21-6,sec::1024-57-3::10,1024-57-3,1,True
pair::1024-57-3::1336-21-6::t0,1024-57-3,1336-21-6,sec::1024-57-3::2,1024-57-3,2,True
pair::1024-57-3::1336-21-6::t0,1024-57-3,1336-21-6,sec::1336-21-6::10,1336-21-6,3,True
pair::1024-57-3::1336-21-6::t0,1024-57-3,1336-21-6,sec::1336-21-6::2,1336-21-6,4,True
pair::1024-57-3::1336-21-6::t1,1024-57-3,1336-21-6,sec::1024-57-3::10,1024-57-3,1,True
pair::1024-57-3::1336-21-6::t1,1024-57-3,1336-21-6,sec::1024-57-3::2,1024-57-3,2,True
pair::1024-57-3::1336-21-6::t1,1024-57-3,1336-21-6,sec::1336-21-6::10,1336-21-6,4,True
pair::1024-57-3::1336-21-6::t1,1024-57-3,1336-21-6,sec::1336-21-6::2,1336-21-6,3,True
pair::1024-57-3::1336-21-6::t2,1024-57-3,1336-21-6,sec::1024-57-3::10,1024-57-3,1,True
pair::1024-57-3::1336-21-6::t2,1024-57-3,1336-21-6,sec::1024-57-3::2,1024-57-3,2,True
pair::1024-57-3::1336-21-6::t2,1024-57-3,1336-21-6,sec::1336-21-6::10,1336-21-6,6,True
pair::1024-57-3::1336-21-6::t2,1024-57-3,1336-21-6,sec::1336-21-6::2,1336-21-6,3,True
pair::1024-57-3::1336-21-6::t3,1024-57-3,1336-21-6,sec::1024-57-3::10,1024-57-3,1,True
pair::1024-57-3::1336-21-6::t3,1024-57-3,1336-21-6,sec::1024-57-3::2,1024-57-3,3,True
pair::1024-57-3::1336-21-6::t3,1024-57-3,1336-21-6,sec::1336-21-6::10,1336-21-6,2,True
pair::1024-57-3::1336-21-6::t3,1024-57-3,1336-21-6,sec::1336-21-6::2,1336-21-6,5,True
pair::1024-57-3::1336-21-6::t4,1024-57-3,1336-21-6,sec::1024-57-3::10,1024-57-3,1,True
pair::1024-57-3::1336-21-6::t4,1024-57-3,1336-21-6,sec::1024-57-3::2,1024-57-3,2,True
pair::1024-57-3::1336-21-6::t4,1024-57-3,1336-21-6,sec::1336-21-6::10,1336-21-6,4,True
pair::1024-57-3::1336-21-6::t4,1024-57-3,1336-21-6,sec::1336-21-6::2,1336-21-6,3,True
pair::1304-82-1::27176-87-0::t0,1304-82-1,27176-87-0,sec::1304-82-1::10,1304-82-1,1,False
pair::1304-82-1::27176-87-0::t0,1304-82-1,27176-87-0,sec::1304-82-1::2,1304-82-1,2,False
pair::1304-82-1::27176-87-0::t0,1304-82-1,27176-87-0,sec::27176-87-0::10,27176-87-0,3,False
pair::1304-82-1::27176-87-0::t0,1304-82-1,27176-87-0,sec::27176-87-0::2,27176-87-0,8,False
pair::1304-82-1::27176-87-0::t1,1304-82-1,27176-87-0,sec::1304-82-1::10,1304-82-1,4,False
pair::1304-82-1::27176-87-0::t1,1304-82-1,27176-87-0,sec::1304-82-1::2,1304-82-1,3,False
pair::1304-82-1::27176-87-0::t1,1304-82-1,27176-87-0,sec::27176-87-0::10,27176-87-0,2,False
pair::1304-82-1::27176-87-0::t1,1304-82-1,27176-87-0,sec::27176-87-0::2,27176-87-0,1,False
pair::1304-82-1::27176-87-0::t2,1304-82-1,27176-87-0,sec::1304-82-1::10,1304-82-1,3,False
pair::1304-82-1::27176-87-0::t2,1304-82-1,27176-87-0,sec::1304-82-1::2,1304-82-1,2,False
pair::1304-82-1::27176-87-0::t2,1304-82-1,27176-87-0,sec::27176-87-0::10,27176-87-0,1,False
pair::1304-82-1::27176-87-0::t2,1304-82-1,27176-87-0,sec::27176-87-0::2,27176-87-0,4,False
pair::1304-82-1::27176-87-0::t3,1304-82-1,27176-87-0,sec::1304-82-1::10,1304-82-1,1,False
pair::1304-82-1::27176-87-0::t3,1304-82-1,27176-87-0,sec::1304-82-1::2,1304-82-1,3,False
pair::1304-82-1::27176-87-0::t3,1304-82-1,27176-87-0,sec::27176-87-0::10,27176-87-0,2,False
pair::1304-82-1::27176-87-0::t3,1304-82-1,27176-87-0,sec::27176-87-0::2,27176-87-0,4,False
pair::1304-82-1::27176-87-0::t4,1304-82-1,27176-87-0,sec::1304-82-1::10,1304-82-1,3,False
pair::1304-82-1::27176-87-0::t4,1304-82-1,27176-87-0,sec::1304-82-1::2,1304-82-1,2,False
pair::1304-82-1::27176-87-0::t4,1304-82-1,27176-87-0,sec::27176-87-0::10,27176-87-0,1,False
pair::1304-82-1::27176-87-0::t4,1304-82-1,27176-87-0,sec::27176-87-0::2,27176-87-0,4,False
pair::10102-49-5::105-74-8::t0,10102-49-5,105-74-8,sec::10102-49-5::10,10102-49-5,3,False
pair::10102-49-5::105-74-8::t0,10102-49-5,105-74-8,sec::10102-49-5::2,10102-49-5,10,False
pair::10102-49-5::105-74-8::t0,10102-49-5,105-74-8,sec::105-74-8::10,105-74-8,1,False
pair::10102-49-5::105-74-8::t0,10102-49-5,105-74-8,sec::105-74-8::2,105-74-8,2,False
pair::10102-49-5::105-74-8::t1,10102-49-5,105-74-8,sec::10102-49-5::10,10102-49-5,3,False
pair::10102-49-5::105-74-8::t1,10102-49-5,105-74-8,sec::10102-49-5::2,10102-49-5,4,False
pair::10102-49-5::105-74-8::t1,10102-49-5,105-74-8,sec::105-74-8::10,105-74-8,2,False
pair::10102-49-5::105-74-8::t1,10102-49-5,105-74-8,sec::105-74-8::2,105-74-8,1,False
pair::10102-49-5::105-74-8::t2,10102-49-5,105-74-8,sec::10102-49-5::10,10102-49-5,3,False
pair::10102-49-5::105-74-8::t2,10102-49-5,105-74-8,sec::10102-49-5::2,10102-49-5,4,False
pair::10102-49-5::105-74-8::t2,10102-49-5,105-74-8,sec::105-74-8::10,105-74-8,2,False
pair::10102-49-5::105-74-8::t2,10102-49-5,105-74-8,sec::105-74-8::2,105-74-8,1,False
pair::10102-49-5::105-74-8::t3,10102-49-5,105-74-8,sec::10102-49-5::10,10102-49-5,3,False
pair::10102-49-5::105-74-8::t3,10102-49-5,105-74-8,sec::10102-49-5::2,10102-49-5,8,False
pair::10102-49-5::105-74-8::t3,10102-49-5,105-74-8,sec::105-74-8::10,105-74-8,1,False
pair::10102-49-5::105-74-8::t3,10102-49-5,105-74-8,sec::105-74-8::2,105-74-8,2,False
pair::10102-49-5::105-74-8::t4,10102-49-5,105-74-8,sec::10102-49-5::10,10102-49-5,4,False
pair::10102-49-5::105-74-8::t4,10102-49-5,105-74-8,sec::10102-49-5::2,10102-49-5,3,False
pair::10102-49-5::105-74-8::t4,10102-49-5,105-74-8,sec::105-74-8::10,105-74-8,2,False
pair::10102-49-5::105-74-8::t4,10102-49-5,105-74-8,sec::105-74-8::2,105-74-8,1,False
pair::100-15-2::42615-29-2::t0,100-15-2,42615-29-2,sec::100-15-2::10,100-15-2,2,False
pair::100-15-2::42615-29-2::t0,100-15-2,42615-29-2,sec::100-15-2::2,100-15-2,5,False
pair::100-15-2::42615-29-2::t0,100-15-2,42615-29-2,sec::42615-29-2::10,42615-29-2,1,False
pair::100-15-2::42615-29-2::t0,100-15-2,42615-29-2,sec::42615-29-2::2,42615-29-2,3,False
pair::100-15-2::42615-29-2::t1,100-15-2,42615-29-2,sec::100-15-2::10,100-15-2,3,False
pair::100-15-2::42615-29-2::t1,100-15-2,42615-29-2,sec::100-15-2::2,100-15-2,4,False
pair::100-15-2::42615-29-2::t1,100-15-2,42615-29-2,sec::42615-29-2::10,42615-29-2,1,False
pair::100-15-2::42615-29-2::t1,100-15-2,42615-29-2,sec::42615-29-2::2,42615-29-2,2,False
pair::100-15-2::42615-29-2::t2,100-15-2,42615-29-2,sec::100-15-2::10,100-15-2,2,False
pair::100-15-2::42615-29-2::t2,100-15-2,42615-29-2,sec::100-15-2::2,100-15-2,5,False
pair::100-15-2::42615-29-2::t2,100-15-2,42615-29-2,sec::42615-29-2::10,42615-29-2,3,False
pair::100-15-2::42615-29-2::t2,100-15-2,42615-29-2,sec::42615-29-2::2,42615-29-2,1,False
pair::100-15-2::42615-29-2::t3,100-15-2,42615-29-2,sec::100-15-2::10,100-15-2,2,False
pair::100-15-2::42615-29-2::t3,100-15-2,42615-29-2,sec::100-15-2::2,100-15-2,5,False
pair::100-15-2::42615-29-2::t3,100-15-2,42615-29-2,sec::42615-29-2::10,42615-29-2,1,False
pair::100-15-2::42615-29-2::t3,100-15-2,42615-29-2,sec::42615-29-2::2,42615-29-2,3,False
pair::100-15-2::42615-29-2::t4,100-15-2,42615-29-2,sec::100-15-2::10,100-15-2,3,False
pair::100-15-2::42615-29-2::t4,100-15-2,42615-29-2,sec::100-15-2::2,100-15-2,4,False
pair::100-15-2::42615-29-2::t4,100-15-2,42615-29-2,sec::42615-29-2::10,42615-29-2,2,False
pair::100-15-2::42615-29-2::t4,100-15-2,42615-29-2,sec::42615-29-2::2,42615-29-2,1,False
pair::105-74-8::7439-95-4::t0,105-74-8,7439-95-4,sec::105-74-8::10,105-74-8,2,False
pair::105-74-8::7439-95-4::t0,105-74-8,7439-95-4,sec::105-74-8::2,105-74-8,1,False
pair::105-74-8::7439-95-4::t0,105-74-8,7439-95-4,sec::7439-95-4::10,7439-95-4,6,False
pair::105-74-8::7439-95-4::t0,105-74-8,7439-95-4,sec::7439-95-4::2,7439-95-4,10,False
pair::105-74-8::7439-95-4::t1,105-74-8,7439-95-4,sec::105-74-8::10,105-74-8,2,False
pair::105-74-8::7439-95-4::t1,105-74-8,7439-95-4,sec::105-74-8::2,105-74-8,1,False
pair::105-74-8::7439-95-4::t1,105-74-8,7439-95-4,sec::7439-95-4::10,7439-95-4,6,False
pair::105-74-8::7439-95-4::t1,105-74-8,7439-95-4,sec::7439-95-4::2,7439-95-4,8,False
pair::105-74-8::7439-95-4::t2,105-74-8,7439-95-4,sec::105-74-8::10,105-74-8,2,False
pair::105-74-8::7439-95-4::t2,105-74-8,7439-95-4,sec::105-74-8::2,105-74-8,1,False
pair::105-74-8::7439-95-4::t2,105-74-8,7439-95-4,sec::7439-95-4::10,7439-95-4,8,False
pair::105-74-8::7439-95-4::t2,105-74-8,7439-95-4,sec::7439-95-4::2,7439-95-4,7,False
pair::105-74-8::7439-95-4::t3,105-74-8,7439-95-4,sec::105-74-8::10,105-74-8,1,False
pair::105-74-8::7439-95-4::t3,105-74-8,7439-95-4,sec::105-74-8::2,105-74-8,2,False
pair::105-74-8::7439-95-4::t3,105-74-8,7439-95-4,sec::7439-95-4::10,7439-95-4,5,False
pair::105-74-8::7439-95-4::t3,105-74-8,7439-95-4,sec::7439-95-4::2,7439-95-4,10,False
pair::105-74-8::7439-95-4::t4,105-74-8,7439-95-4,sec::105-74-8::10,105-74-8,2,False
pair::105-74-8::7439-95-4::t4,105-74-8,7439-95-4,sec::105-74-8::2,105-74-8,1,False
pair::105-74-8::7439-95-4::t4,105-74-8,7439-95-4,sec::7439-95-4::10,7439-95-4,8,False
pair::105-74-8::7439-95-4::t4,105-74-8,7439-95-4,sec::7439-95-4::2,7439-95-4,11,False
pair::1120-71-4::119-53-9::t0,1120-71-4,119-53-9,sec::1120-71-4::10,1120-71-4,1,True
pair::1120-71-4::119-53-9::t0,1120-71-4,119-53-9,sec::1120-71-4::2,1120-71-4,2,True
pair::1120-71-4::119-53-9::t0,1120-71-4,119-53-9,sec::119-53-9::10,119-53-9,12,True
pair::1120-71-4::119-53-9::t0,1120-71-4,119-53-9,sec::119-53-9::2,119-53-9,18,True
pair::1120-71-4::119-53-9::t1,1120-71-4,119-53-9,sec::1120-71-4::10,1120-71-4,1,True
pair::1120-71-4::119-53-9::t1,1120-71-4,119-53-9,sec::1120-71-4::2,1120-71-4,2,True
pair::1120-71-4::119-53-9::t1,1120-71-4,119-53-9,sec::119-53-9::10,119-53-9,10,True
pair::1120-71-4::119-53-9::t1,1120-71-4,119-53-9,sec::119-53-9::2,119-53-9,19,True
pair::1120-71-4::119-53-9::t2,1120-71-4,119-53-9,sec::1120-71-4::10,1120-71-4,1,True
pair::1120-71-4::119-53-9::t2,1120-71-4,119-53-9,sec::1120-71-4::2,1120-71-4,2,True
pair::1120-71-4::119-53-9::t2,1120-71-4,119-53-9,sec::119-53-9::10,119-53-9,,True
pair::1120-71-4::119-53-9::t2,1120-71-4,119-53-9,sec::119-53-9::2,119-53-9,,True
pair::1120-71-4::119-53-9::t3,1120-71-4,119-53-9,sec::1120-71-4::10,1120-71-4,1,True
pair::1120-71-4::119-53-9::t3,1120-71-4,119-53-9,sec::1120-71-4::2,1120-71-4,2,True
pair::1120-71-4::119-53-9::t3,1120-71-4,119-53-9,sec::119-53-9::10,119-53-9,3,True
pair::1120-71-4::119-53-9::t3,1120-71-4,119-53-9,sec::119-53-9::2,119-53-9,,True
pair::1120-71-4::119-53-9::t4,1120-71-4,119-53-9,sec::1120-71-4::10,1120-71-4,1,True
pair::1120-71-4::119-53-9::t4,1120-71-4,119-53-9,sec::1120-71-4::2,1120-71-4,2,True
pair::1120-71-4::119-53-9::t4,1120-71-4,119-53-9,sec::119-53-9::10,119-53-9,,True
pair::1120-71-4::119-53-9::t4,1120-71-4,119-53-9,sec::119-53-9::2,119-53-9,,True
pair::10026-11-6::506-87-6::t0,10026-11-6,506-87-6,sec::10026-11-6::10,10026-11-6,1,True
pair::10026-11-6::506-87-6::t0,10026-11-6,506-87-6,sec::10026-11-6::2,10026-11-6,3,True
pair::10026-11-6::506-87-6::t0,10026-11-6,506-87-6,sec::506-87-6::10,506-87-6,2,True
pair::10026-11-6::506-87-6::t0,10026-11-6,506-87-6,sec::506-87-6::2,506-87-6,7,True
pair::10026-11-6::506-87-6::t1,10026-11-6,506-87-6,sec::10026-11-6::10,10026-11-6,2,True
pair::10026-11-6::506-87-6::t1,10026-11-6,506-87-6,sec::10026-11-6::2,10026-11-6,1,True
pair::10026-11-6::506-87-6::t1,10026-11-6,506-87-6,sec::506-87-6::10,506-87-6,3,True
pair::10026-11-6::506-87-6::t1,10026-11-6,506-87-6,sec::506-87-6::2,506-87-6,5,True
pair::10026-11-6::506-87-6::t2,10026-11-6,506-87-6,sec::10026-11-6::10,10026-11-6,1,True
pair::10026-11-6::506-87-6::t2,10026-11-6,506-87-6,sec::10026-11-6::2,10026-11-6,2,True
pair::10026-11-6::506-87-6::t2,10026-11-6,506-87-6,sec::506-87-6::10,506-87-6,4,True
pair::10026-11-6::506-87-6::t2,10026-11-6,506-87-6,sec::506-87-6::2,506-87-6,3,True
pair::10026-11-6::506-87-6::t3,10026-11-6,506-87-6,sec::10026-11-6::10,10026-11-6,1,True
pair::10026-11-6::506-87-6::t3,10026-11-6,506-87-6,sec::10026-11-6::2,10026-11-6,3,True
pair::10026-11-6::506-87-6::t3,10026-11-6,506-87-6,sec::506-87-6::10,506-87-6,2,True
pair::10026-11-6::506-87-6::t3,10026-11-6,506-87-6,sec::506-87-6::2,506-87-6,12,True
pair::10026-11-6::506-87-6::t4,10026-11-6,506-87-6,sec::10026-11-6::10,10026-11-6,2,True
pair::10026-11-6::506-87-6::t4,10026-11-6,506-87-6,sec::10026-11-6::2,10026-11-6,1,True
pair::10026-11-6::506-87-6::t4,10026-11-6,506-87-6,sec::506-87-6::10,506-87-6,5,True
pair::10026-11-6::506-87-6::t4,10026-11-6,506-87-6,sec::506-87-6::2,506-87-6,3,True
pair::103-80-0::104-01-8::t0,103-80-0,104-01-8,sec::103-80-0::10,103-80-0,3,True
pair::103-80-0::104-01-8::t0,103-80-0,104-01-8,sec::103-80-0::2,103-80-0,4,True
pair::103-80-0::104-01-8::t0,103-80-0,104-01-8,sec::104-01-8::10,104-01-8,1,True
pair::103-80-0::104-01-8::t0,103-80-0,104-01-8,sec::104-01-8::2,104-01-8,2,True
pair::103-80-0::104-01-8::t1,103-80-0,104-01-8,sec::103-80-0::10,103-80-0,2,True
pair::103-80-0::104-01-8::t1,103-80-0,104-01-8,sec::103-80-0::2,103-80-0,3,True
pair::103-80-0::104-01-8::t1,103-80-0,104-01-8,sec::104-01-8::10,104-01-8,1,True
pair::103-80-0::104-01-8::t1,103-80-0,104-01-8,sec::104-01-8::2,104-01-8,4,True
pair::103-80-0::104-01-8::t2,103-80-0,104-01-8,sec::103-80-0::10,103-80-0,1,True
pair::103-80-0::104-01-8::t2,103-80-0,104-01-8,sec::103-80-0::2,103-80-0,3,True
pair::103-80-0::104-01-8::t2,103-80-0,104-01-8,sec::104-01-8::10,104-01-8,4,True
pair::103-80-0::104-01-8::t2,103-80-0,104-01-8,sec::104-01-8::2,104-01-8,2,True
pair::103-80-0::104-01-8::t3,103-80-0,104-01-8,sec::103-80-0::10,103-80-0,1,True
pair::103-80-0::104-01-8::t3,103-80-0,104-01-8,sec::103-80-0::2,103-80-0,4,True
pair::103-80-0::104-01-8::t3,103-80-0,104-01-8,sec::104-01-8::10,104-01-8,2,True
pair::103-80-0::104-01-8::t3,103-80-0,104-01-8,sec::104-01-8::2,104-01-8,3,True
pair::103-80-0::104-01-8::t4,103-80-0,104-01-8,sec::103-80-0::10,103-80-0,4,True
pair::103-80-0::104-01-8::t4,103-80-0,104-01-8,sec::103-80-0::2,103-80-0,1,True
pair::103-80-0::104-01-8::t4,103-80-0,104-01-8,sec::104-01-8::10,104-01-8,2,True
pair::103-80-0::104-01-8::t4,103-80-0,104-01-8,sec::104-01-8::2,104-01-8,3,True
pair::100-64-1::27176-87-0::t0,100-64-1,27176-87-0,sec::100-64-1::10,100-64-1,1,True
pair::100-64-1::27176-87-0::t0,100-64-1,27176-87-0,sec::100-64-1::2,100-64-1,6,True
pair::100-64-1::27176-87-0::t0,100-64-1,27176-87-0,sec::27176-87-0::10,27176-87-0,2,True
pair::100-64-1::27176-87-0::t0,100-64-1,27176-87-0,sec::27176-87-0::2,27176-87-0,13,True
pair::100-64-1::27176-87-0::t1,100-64-1,27176-87-0,sec::100-64-1::10,100-64-1,4,True
pair::100-64-1::27176-87-0::t1,100-64-1,27176-87-0,sec::100-64-1::2,100-64-1,2,True
pair::100-64-1::27176-87-0::t1,100-64-1,27176-87-0,sec::27176-87-0::10,27176-87-0,1,True
pair::100-64-1::27176-87-0::t1,100-64-1,27176-87-0,sec::27176-87-0::2,27176-87-0,3,True
pair::100-64-1::27176-87-0::t2,100-64-1,27176-87-0,sec::100-64-1::10,100-64-1,3,True
pair::100-64-1::27176-87-0::t2,100-64-1,27176-87-0,sec::100-64-1::2,100-64-1,2,True
pair::100-64-1::27176-87-0::t2,100-64-1,27176-87-0,sec::27176-87-0::10,27176-87-0,1,True
pair::100-64-1::27176-87-0::t2,100-64-1,27176-87-0,sec::27176-87-0::2,27176-87-0,6,True
pair::100-64-1::27176-87-0::t3,100-64-1,27176-87-0,sec::100-64-1::10,100-64-1,2,True
pair::100-64-1::27176-87-0::t3,100-64-1,27176-87-0,sec::100-64-1::2,100-64-1,11,True
pair::100-64-1::27176-87-0::t3,100-64-1,27176-87-0,sec::27176-87-0::10,27176-87-0,1,True
pair::100-64-1::27176-87-0::t3,100-64-1,27176-87-0,sec::27176-87-0::2,27176-87-0,5,True
pair::100-64-1::27176-87-0::t4,100-64-1,27176-87-0,sec::100-64-1::10,100-64-1,1,True
pair::100-64-1::27176-87-0::t4,100-64-1,27176-87-0,sec::100-64-1::2,100-64-1,7,True
pair::100-64-1::27176-87-0::t4,100-64-1,27176-87-0,sec::27176-87-0::10,27176-87-0,2,True
pair::100-64-1::27176-87-0::t4,100-64-1,27176-87-0,sec::27176-87-0::2,27176-87-0,3,True
pair::118-52-5::1185-81-5::t0,118-52-5,1185-81-5,sec::118-52-5::10,118-52-5,1,True
pair::118-52-5::1185-81-5::t0,118-52-5,1185-81-5,sec::118-52-5::2,118-52-5,4,True
pair::118-52-5::1185-81-5::t0,118-52-5,1185-81-5,sec::1185-81-5::10,1185-81-5,2,True
pair::118-52-5::1185-81-5::t0,118-52-5,1185-81-5,sec::1185-81-5::2,1185-81-5,3,True
pair::118-52-5::1185-81-5::t1,118-52-5,1185-81-5,sec::118-52-5::10,118-52-5,3,True
pair::118-52-5::1185-81-5::t1,118-52-5,1185-81-5,sec::118-52-5::2,118-52-5,4,True
pair::118-52-5::1185-81-5::t1,118-52-5,1185-81-5,sec::1185-81-5::10,1185-81-5,1,True
pair::118-52-5::1185-81-5::t1,118-52-5,1185-81-5,sec::1185-81-5::2,1185-81-5,2,True
pair::118-52-5::1185-81-5::t2,118-52-5,1185-81-5,sec::118-52-5::10,118-52-5,4,True
pair::118-52-5::1185-81-5::t2,118-52-5,1185-81-5,sec::118-52-5::2,118-52-5,3,True
pair::118-52-5::1185-81-5::t2,118-52-5,1185-81-5,sec::1185-81-5::10,1185-81-5,1,True
pair::118-52-5::1185-81-5::t2,118-52-5,1185-81-5,sec::1185-81-5::2,1185-81-5,2,True
pair::118-52-5::1185-81-5::t3,118-52-5,1185-81-5,sec::118-52-5::10,118-52-5,3,True
pair::118-52-5::1185-81-5::t3,118-52-5,1185-81-5,sec::118-52-5::2,118-52-5,4,True
pair::118-52-5::1185-81-5::t3,118-52-5,1185-81-5,sec::1185-81-5::10,1185-81-5,1,True
pair::118-52-5::1185-81-5::t3,118-52-5,1185-81-5,sec::1185-81-5::2,1185-81-5,2,True
pair::118-52-5::1185-81-5::t4,118-52-5,1185-81-5,sec::118-52-5::10,118-52-5,4,True
pair::118-52-5::1185-81-5::t4,118-52-5,1185-81-5,sec::118-52-5::2,118-52-5,3,True
pair::118-52-5::1185-81-5::t4,118-52-5,1185-81-5,sec::1185-81-5::10,1185-81-5,1,True
pair::118-52-5::1185-81-5::t4,118-52-5,1185-81-5,sec::1185-81-5::2,1185-81-5,2,True
pair::10169-02-5::13774-25-9::t0,10169-02-5,13774-25-9,sec::10169-02-5::10,10169-02-5,1,True
pair::10169-02-5::13774-25-9::t0,10169-02-5,13774-25-9,sec::10169-02-5::2,10169-02-5,2,True
pair::10169-02-5::13774-25-9::t0,10169-02-5,13774-25-9,sec::13774-25-9::10,13774-25-9,3,True
pair::10169-02-5::13774-25-9::t0,10169-02-5,13774-25-9,sec::13774-25-9::2,13774-25-9,5,True
pair::10169-02-5::13774-25-9::t1,10169-02-5,13774-25-9,sec::10169-02-5::10,10169-02-5,1,True
pair::10169-02-5::13774-25-9::t1,10169-02-5,13774-25-9,sec::10169-02-5::2,10169-02-5,3,True
pair::10169-02-5::13774-25-9::t1,10169-02-5,13774-25-9,sec::13774-25-9::10,13774-25-9,4,True
pair::10169-02-5::13774-25-9::t1,10169-02-5,13774-25-9,sec::13774-25-9::2,13774-25-9,2,True
pair::10169-02-5::13774-25-9::t2,10169-02-5,13774-25-9,sec::10169-02-5::10,10169-02-5,1,True
pair::10169-02-5::13774-25-9::t2,10169-02-5,13774-25-9,sec::10169-02-5::2,10169-02-5,2,True
pair::10169-02-5::13774-25-9::t2,10169-02-5,13774-25-9,sec::13774-25-9::10,13774-25-9,3,True
pair::10169-02-5::13774-25-9::t2,10169-02-5,13774-25-9,sec::13774-25-9::2,13774-25-9,4,True
pair::10169-02-5::13774-25-9::t3,10169-02-5,13774-25-9,sec::10169-02-5::10,10169-02-5,1,True
pair::10169-02-5::13774-25-9::t3,10169-02-5,13774-25-9,sec::10169-02-5::2,10169-02-5,3,True
pair::10169-02-5::13774-25-9::t3,10169-02-5,13774-25-9,sec::13774-25-9::10,13774-25-9,2,True
pair::10169-02-5::13774-25-9::t3,10169-02-5,13774-25-9,sec::13774-25-9::2,13774-25-9,5,True
pair::10169-02-5::13774-25-9::t4,10169-02-5,13774-25-9,sec::10169-02-5::10,10169-02-5,3,True
pair::10169-02-5::13774-25-9::t4,10169-02-5,13774-25-9,sec::10169-02-5::2,10169-02-5,2,True
pair::10169-02-5::13774-25-9::t4,10169-02-5,13774-25-9,sec::13774-25-9::10,13774-25-9,7,True
pair::10169-02-5::13774-25-9::t4,10169-02-5,13774-25-9,sec::13774-25-9::2,13774-25-9,1,True
pair::1335-31-5::16940-66-2::t0,1335-31-5,16940-66-2,sec::1335-31-5::10,1335-31-5,1,True
pair::1335-31-5::16940-66-2::t0,1335-31-5,16940-66-2,sec::1335-31-5::2::p1,1335-31-5,4,True
pair::1335-31-5::16940-66-2::t0,1335-31-5,16940-66-2,sec::1335-31-5::2::p2,1335-31-5,,True
pair::1335-31-5::16940-66-2::t0,1335-31-5,16940-66-2,sec::16940-66-2::10,16940-66-2,2,True
pair::1335-31-5::16940-66-2::t0,1335-31-5,16940-66-2,sec::16940-66-2::2,16940-66-2,3,True
pair::1335-31-5::16940-66-2::t1,1335-31-5,16940-66-2,sec::1335-31-5::10,1335-31-5,1,True
pair::1335-31-5::16940-66-2::t1,1335-31-5,16940-66-2,sec::1335-31-5::2::p1,1335-31-5,4,True
pair::1335-31-5::16940-66-2::t1,1335-31-5,16940-66-2,sec::1335-31-5::2::p2,1335-31-5,,True
pair::1335-31-5::16940-66-2::t1,1335-31-5,16940-66-2,sec::16940-66-2::10,16940-66-2,3,True
pair::1335-31-5::16940-66-2::t1,1335-31-5,16940-66-2,sec::16940-66-2::2,16940-66-2,2,True
pair::1335-31-5::16940-66-2::t2,1335-31-5,16940-66-2,sec::1335-31-5::10,1335-31-5,3,True
pair::1335-31-5::16940-66-2::t2,1335-31-5,16940-66-2,sec::1335-31-5::2::p1,1335-31-5,4,True
pair::1335-31-5::16940-66-2::t2,1335-31-5,16940-66-2,sec::1335-31-5::2::p2,1335-31-5,,True
pair::1335-31-5::16940-66-2::t2,1335-31-5,16940-66-2,sec::16940-66-2::10,16940-66-2,2,True
pair::1335-31-5::16940-66-2::t2,1335-31-5,16940-66-2,sec::16940-66-2::2,16940-66-2,1,True
pair::1335-31-5::16940-66-2::t3,1335-31-5,16940-66-2,sec::1335-31-5::10,1335-31-5,5,True
pair::1335-31-5::16940-66-2::t3,1335-31-5,16940-66-2,sec::1335-31-5::2::p1,1335-31-5,10,True
pair::1335-31-5::16940-66-2::t3,1335-31-5,16940-66-2,sec::1335-31-5::2::p2,1335-31-5,,True
pair::1335-31-5::16940-66-2::t3,1335-31-5,16940-66-2,sec::16940-66-2::10,16940-66-2,1,True
pair::1335-31-5::16940-66-2::t3,1335-31-5,16940-66-2,sec::16940-66-2::2,16940-66-2,2,True
pair::1335-31-5::16940-66-2::t4,1335-31-5,16940-66-2,sec::1335-31-5::10,1335-31-5,1,True
pair::1335-31-5::16940-66-2::t4,1335-31-5,16940-66-2,sec::1335-31-5::2::p1,1335-31-5,3,True
pair::1335-31-5::16940-66-2::t4,1335-31-5,16940-66-2,sec::1335-31-5::2::p2,1335-31-5,,True
pair::1335-31-5::16940-66-2::t4,1335-31-5,16940-66-2,sec::16940-66-2::10,16940-66-2,4,True
pair::1335-31-5::16940-66-2::t4,1335-31-5,16940-66-2,sec::16940-66-2::2,16940-66-2,2,True
pair::1317-65-3::132259-10-0::t0,1317-65-3,132259-10-0,sec::1317-65-3::10,1317-65-3,3,True
pair::1317-65-3::132259-10-0::t0,1317-65-3,132259-10-0,sec::1317-65-3::2,1317-65-3,,True
pair::1317-65-3::132259-10-0::t0,1317-65-3,132259-10-0,sec::132259-10-0::10,132259-10-0,1,True
pair::1317-65-3::132259-10-0::t0,1317-65-3,132259-10-0,sec::132259-10-0::2,132259-10-0,2,True
pair::1317-65-3::132259-10-0::t1,1317-65-3,132259-10-0,sec::1317-65-3::10,1317-65-3,3,True
pair::1317-65-3::132259-10-0::t1,1317-65-3,132259-10-0,sec::1317-65-3::2,1317-65-3,4,True
pair::1317-65-3::132259-10-0::t1,1317-65-3,132259-10-0,sec::132259-10-0::10,132259-10-0,2,True
pair::1317-65-3::132259-10-0::t1,1317-65-3,132259-10-0,sec::132259-10-0::2,132259-10-0,1,True
pair::1317-65-3::132259-10-0::t2,1317-65-3,132259-10-0,sec::1317-65-3::10,1317-65-3,2,True
pair::1317-65-3::132259-10-0::t2,1317-65-3,132259-10-0,sec::1317-65-3::2,1317-65-3,3,True
pair::1317-65-3::132259-10-0::t2,1317-65-3,132259-10-0,sec::132259-10-0::10,132259-10-0,1,True
pair::1317-65-3::132259-10-0::t2,1317-65-3,132259-10-0,sec::132259-10-0::2,132259-10-0,4,True
pair::1317-65-3::132259-10-0::t3,1317-65-3,132259-10-0,sec::1317-65-3::10,1317-65-3,2,True
pair::1317-65-3::132259-10-0::t3,1317-65-3,132259-10-0,sec::1317-65-3::2,1317-65-3,,True
pair::1317-65-3::132259-10-0::t3,1317-65-3,132259-10-0,sec::132259-10-0::10,132259-10-0,1,True
pair::1317-65-3::132259-10-0::t3,1317-65-3,132259-10-0,sec::132259-10-0::2,132259-10-0,3,True
pair::1317-65-3::132259-10-0::t4,1317-65-3,132259-10-0,sec::1317-65-3::10,1317-65-3,2,True
pair::1317-65-3::132259-10-0::t4,1317-65-3,132259-10-0,sec::1317-65-3::2,1317-65-3,5,True
pair::1317-65-3::132259-10-0::t4,1317-65-3,132259-10-0,sec::132259-10-0::10,132259-10-0,3,True
pair::1317-65-3::132259-10-0::t4,1317-65-3,132259-10-0,sec::132259-10-0::2,132259-10-0,1,True
pair::12057-74-8::12124-99-1::t0,12057-74-8,12124-99-1,sec::12057-74-8::10,12057-74-8,3,True
pair::12057-74-8::12124-99-1::t0,12057-74-8,12124-99-1,sec::12057-74-8::2,12057-74-8,4,True
pair::12057-74-8::12124-99-1::t0,12057-74-8,12124-99-1,sec::12124-99-1::10,12124-99-1,1,True
pair::12057-74-8::12124-99-1::t0,12057-74-8,12124-99-1,sec::12124-99-1::2,12124-99-1,2,True
pair::12057-74-8::12124-99-1::t1,12057-74-8,12124-99-1,sec::12057-74-8::10,12057-74-8,4,True
pair::12057-74-8::12124-99-1::t1,12057-74-8,12124-99-1,sec::12057-74-8::2,12057-74-8,3,True
pair::12057-74-8::12124-99-1::t1,12057-74-8,12124-99-1,sec::12124-99-1::10,12124-99-1,1,True
pair::12057-74-8::12124-99-1::t1,12057-74-8,12124-99-1,sec::12124-99-1::2,12124-99-1,2,True
pair::12057-74-8::12124-99-1::t2,12057-74-8,12124-99-1,sec::12057-74-8::10,12057-74-8,1,True
pair::12057-74-8::12124-99-1::t2,12057-74-8,12124-99-1,sec::12057-74-8::2,12057-74-8,3,True
pair::12057-74-8::12124-99-1::t2,12057-74-8,12124-99-1,sec::12124-99-1::10,12124-99-1,2,True
pair::12057-74-8::12124-99-1::t2,12057-74-8,12124-99-1,sec::12124-99-1::2,12124-99-1,4,True
pair::12057-74-8::12124-99-1::t3,12057-74-8,12124-99-1,sec::12057-74-8::10,12057-74-8,2,True
pair::12057-74-8::12124-99-1::t3,12057-74-8,12124-99-1,sec::12057-74-8::2,12057-74-8,6,True
pair::12057-74-8::12124-99-1::t3,12057-74-8,12124-99-1,sec::12124-99-1::10,12124-99-1,1,True
pair::12057-74-8::12124-99-1::t3,12057-74-8,12124-99-1,sec::12124-99-1::2,12124-99-1,3,True
pair::12057-74-8::12124-99-1::t4,12057-74-8,12124-99-1,sec::12057-74-8::10,12057-74-8,5,True
pair::12057-74-8::12124-99-1::t4,12057-74-8,12124-99-1,sec::12057-74-8::2,12057-74-8,3,True
pair::12057-74-8::12124-99-1::t4,12057-74-8,12124-99-1,sec::12124-99-1::10,12124-99-1,2,True
pair::12057-74-8::12124-99-1::t4,12057-74-8,12124-99-1,sec::12124-99-1::2,12124-99-1,1,True
pair::10099-74-8::107-97-1::t0,10099-74-8,107-97-1,sec::10099-74-8::10,10099-74-8,1,True
pair::10099-74-8::107-97-1::t0,10099-74-8,107-97-1,sec::10099-74-8::2,10099-74-8,6,True
pair::10099-74-8::107-97-1::t0,10099-74-8,107-97-1,sec::107-97-1::10,107-97-1,2,True
pair::10099-74-8::107-97-1::t0,10099-74-8,107-97-1,sec::107-97-1::2,107-97-1,3,True
pair::10099-74-8::107-97-1::t1,10099-74-8,107-97-1,sec::10099-74-8::10,10099-74-8,1,True
pair::10099-74-8::107-97-1::t1,10099-74-8,107-97-1,sec::10099-74-8::2,10099-74-8,3,True
pair::10099-74-8::107-97-1::t1,10099-74-8,107-97-1,sec::107-97-1::10,107-97-1,2,True
pair::10099-74-8::107-97-1::t1,10099-74-8,107-97-1,sec::107-97-1::2,107-97-1,4,True
pair::10099-74-8::107-97-1::t2,10099-74-8,107-97-1,sec::10099-74-8::10,10099-74-8,1,True
pair::10099-74-8::107-97-1::t2,10099-74-8,107-97-1,sec::10099-74-8::2,10099-74-8,2,True
pair::10099-74-8::107-97-1::t2,10099-74-8,107-97-1,sec::107-97-1::10,107-97-1,4,True
pair::10099-74-8::107-97-1::t2,10099-74-8,107-97-1,sec::107-97-1::2,107-97-1,3,True
pair::10099-74-8::107-97-1::t3,10099-74-8,107-97-1,sec::10099-74-8::10,10099-74-8,1,True
pair::10099-74-8::107-97-1::t3,10099-74-8,107-97-1,sec::10099-74-8::2,10099-74-8,4,True
pair::10099-74-8::107-97-1::t3,10099-74-8,107-97-1,sec::107-97-1::10,107-97-1,2,True
pair::10099-74-8::107-97-1::t3,10099-74-8,107-97-1,sec::107-97-1::2,107-97-1,3,True
pair::10099-74-8::107-97-1::t4,10099-74-8,107-97-1,sec::10099-74-8::10,10099-74-8,1,True
pair::10099-74-8::107-97-1::t4,10099-74-8,107-97-1,sec::10099-74-8::2,10099-74-8,4,True
pair::10099-74-8::107-97-1::t4,10099-74-8,107-97-1,sec::107-97-1::10,107-97-1,2,True
pair::10099-74-8::107-97-1::t4,10099-74-8,107-97-1,sec::107-97-1::2,107-97-1,3,True
pair::100-57-2::101-27-9::t0,100-57-2,101-27-9,sec::100-57-2::10,100-57-2,1,True
pair::100-57-2::101-27-9::t0,100-57-2,101-27-9,sec::100-57-2::2,100-57-2,2,True
pair::100-57-2::101-27-9::t0,100-57-2,101-27-9,sec::101-27-9::10,101-27-9,7,True
pair::100-57-2::101-27-9::t0,100-57-2,101-27-9,sec::101-27-9::2,101-27-9,4,True
pair::100-57-2::101-27-9::t1,100-57-2,101-27-9,sec::100-57-2::10,100-57-2,1,True
pair::100-57-2::101-27-9::t1,100-57-2,101-27-9,sec::100-57-2::2,100-57-2,2,True
pair::100-57-2::101-27-9::t1,100-57-2,101-27-9,sec::101-27-9::10,101-27-9,7,True
pair::100-57-2::101-27-9::t1,100-57-2,101-27-9,sec::101-27-9::2,101-27-9,4,True
pair::100-57-2::101-27-9::t2,100-57-2,101-27-9,sec::100-57-2::10,100-57-2,1,True
pair::100-57-2::101-27-9::t2,100-57-2,101-27-9,sec::100-57-2::2,100-57-2,2,True
pair::100-57-2::101-27-9::t2,100-57-2,101-27-9,sec::101-27-9::10,101-27-9,4,True
pair::100-57-2::101-27-9::t2,100-57-2,101-27-9,sec::101-27-9::2,101-27-9,3,True
pair::100-57-2::101-27-9::t3,100-57-2,101-27-9,sec::100-57-2::10,100-57-2,1,True
pair::100-57-2::101-27-9::t3,100-57-2,101-27-9,sec::100-57-2::2,100-57-2,2,True
pair::100-57-2::101-27-9::t3,100-57-2,101-27-9,sec::101-27-9::10,101-27-9,3,True
pair::100-57-2::101-27-9::t3,100-57-2,101-27-9,sec::101-27-9::2,101-27-9,7,True
pair::100-57-2::101-27-9::t4,100-57-2,101-27-9,sec::100-57-2::10,100-57-2,2,True
pair::100-57-2::101-27-9::t4,100-57-2,101-27-9,sec::100-57-2::2,100-57-2,1,True
pair::100-57-2::101-27-9::t4,100-57-2,101-27-9,sec::101-27-9::10,101-27-9,7,True
pair::100-57-2::101-27-9::t4,100-57-2,101-27-9,sec::101-27-9::2,101-27-9,4,True
pair::100-16-3::10039-54-0::t0,100-16-3,10039-54-0,sec::100-16-3::10,100-16-3,3,True
pair::100-16-3::10039-54-0::t0,100-16-3,10039-54-0,sec::100-16-3::2,100-16-3,4,True
pair::100-16-3::10039-54-0::t0,100-16-3,10039-54-0,sec::10039-54-0::10,10039-54-0,1,True
pair::100-16-3::10039-54-0::t0,100-16-3,10039-54-0,sec::10039-54-0::2::p1,10039-54-0,2,True
pair::100-16-3::10039-54-0::t0,100-16-3,10039-54-0,sec::10039-54-0::2::p2,10039-54-0,,True
pair::100-16-3::10039-54-0::t1,100-16-3,10039-54-0,sec::100-16-3::10,100-16-3,4,True
pair::100-16-3::10039-54-0::t1,100-16-3,10039-54-0,sec::100-16-3::2,100-16-3,3,True
pair::100-16-3::10039-54-0::t1,100-16-3,10039-54-0,sec::10039-54-0::10,10039-54-0,1,True
pair::100-16-3::10039-54-0::t1,100-16-3,10039-54-0,sec::10039-54-0::2::p1,10039-54-0,2,True
pair::100-16-3::10039-54-0::t1,100-16-3,10039-54-0,sec::10039-54-0::2::p2,10039-54-0,,True
pair::100-16-3::10039-54-0::t2,100-16-3,10039-54-0,sec::100-16-3::10,100-16-3,4,True
pair::100-16-3::10039-54-0::t2,100-16-3,10039-54-0,sec::100-16-3::2,100-16-3,3,True
pair::100-16-3::10039-54-0::t2,100-16-3,10039-54-0,sec::10039-54-0::10,10039-54-0,2,True
pair::100-16-3::10039-54-0::t2,100-16-3,10039-54-0,sec::10039-54-0::2::p1,10039-54-0,1,True
pair::100-16-3::10039-54-0::t2,100-16-3,10039-54-0,sec::10039-54-0::2::p2,10039-54-0,,True
pair::100-16-3::10039-54-0::t3,100-16-3,10039-54-0,sec::100-16-3::10,100-16-3,3,True
pair::100-16-3::10039-54-0::t3,100-16-3,10039-54-0,sec::100-16-3::2,100-16-3,4,True
pair::100-16-3::10039-54-0::t3,100-16-3,10039-54-0,sec::10039-54-0::10,10039-54-0,1,True
pair::100-16-3::10039-54-0::t3,100-16-3,10039-54-0,sec::10039-54-0::2::p1,10039-54-0,2,True
pair::100-16-3::10039-54-0::t3,100-16-3,10039-54-0,sec::10039-54-0::2::p2,10039-54-0,,True
pair::100-16-3::10039-54-0::t4,100-16-3,10039-54-0,sec::100-16-3::10,100-16-3,4,True
pair::100-16-3::10039-54-0::t4,100-16-3,10039-54-0,sec::100-16-3::2,100-16-3,2,True
pair::100-16-3::10039-54-0::t4,100-16-3,10039-54-0,sec::10039-54-0::10,10039-54-0,1,True
pair::100-16-3::10039-54-0::t4,100-16-3,10039-54-0,sec::10039-54-0::2::p1,10039-54-0,3,True
pair::100-16-3::10039-54-0::t4,100-16-3,10039-54-0,sec::10039-54-0::2::p2,10039-54-0,,True
pair::64-19-7::7439-95-4::t0,64-19-7,7439-95-4,sec::64-19-7::10,64-19-7,2,True
pair::64-19-7::7439-95-4::t0,64-19-7,7439-95-4,sec::64-19-7::2,64-19-7,,True
pair::64-19-7::7439-95-4::t0,64-19-7,7439-95-4,sec::7439-95-4::10,7439-95-4,1,True
pair::64-19-7::7439-95-4::t0,64-19-7,7439-95-4,sec::7439-95-4::2,7439-95-4,7,True
pair::64-19-7::7439-95-4::t1,64-19-7,7439-95-4,sec::64-19-7::10,64-19-7,4,True
pair::64-19-7::7439-95-4::t1,64-19-7,7439-95-4,sec::64-19-7::2,64-19-7,5,True
pair::64-19-7::7439-95-4::t1,64-19-7,7439-95-4,sec::7439-95-4::10,7439-95-4,2,True
pair::64-19-7::7439-95-4::t1,64-19-7,7439-95-4,sec::7439-95-4::2,7439-95-4,11,True
pair::64-19-7::7439-95-4::t2,64-19-7,7439-95-4,sec::64-19-7::10,64-19-7,1,True
pair::64-19-7::7439-95-4::t2,64-19-7,7439-95-4,sec::64-19-7::2,64-19-7,5,True
pair::64-19-7::7439-95-4::t2,64-19-7,7439-95-4,sec::7439-95-4::10,7439-95-4,2,True
pair::64-19-7::7439-95-4::t2,64-19-7,7439-95-4,sec::7439-95-4::2,7439-95-4,4,True
pair::64-19-7::7439-95-4::t3,64-19-7,7439-95-4,sec::64-19-7::10,64-19-7,1,True
pair::64-19-7::7439-95-4::t3,64-19-7,7439-95-4,sec::64-19-7::2,64-19-7,,True
pair::64-19-7::7439-95-4::t3,64-19-7,7439-95-4,sec::7439-95-4::10,7439-95-4,2,True
pair::64-19-7::7439-95-4::t3,64-19-7,7439-95-4,sec::7439-95-4::2,7439-95-4,9,True
pair::64-19-7::7439-95-4::t4,64-19-7,7439-95-4,sec::64-19-7::10,64-19-7,6,True
pair::64-19-7::7439-95-4::t4,64-19-7,7439-95-4,sec::64-19-7::2,64-19-7,5,True
pair::64-19-7::7439-95-4::t4,64-19-7,7439-95-4,sec::7439-95-4::10,7439-95-4,2,True
pair::64-19-7::7439-95-4::t4,64-19-7,7439-95-4,sec::7439-95-4::2,7439-95-4,3,True
pair::101-39-3::7439-89-6::t0,101-39-3,7439-89-6,sec::101-39-3::10,101-39-3,1,True
pair::101-39-3::7439-89-6::t0,101-39-3,7439-89-6,sec::101-39-3::2,101-39-3,2,True
pair::101-39-3::7439-89-6::t0,101-39-3,7439-89-6,sec::7439-89-6::10,7439-89-6,4,True
pair::101-39-3::7439-89-6::t0,101-39-3,7439-89-6,sec::7439-89-6::2,7439-89-6,,True
pair::101-39-3::7439-89-6::t1,101-39-3,7439-89-6,sec::101-39-3::10,101-39-3,1,True
pair::101-39-3::7439-89-6::t1,101-39-3,7439-89-6,sec::101-39-3::2,101-39-3,2,True
pair::101-39-3::7439-89-6::t1,101-39-3,7439-89-6,sec::7439-89-6::10,7439-89-6,3,True
pair::101-39-3::7439-89-6::t1,101-39-3,7439-89-6,sec::7439-89-6::2,7439-89-6,7,True
pair::101-39-3::7439-89-6::t2,101-39-3,7439-89-6,sec::101-39-3::10,101-39-3,1,True
pair::101-39-3::7439-89-6::t2,101-39-3,7439-89-6,sec::101-39-3::2,101-39-3,2,True
pair::101-39-3::7439-89-6::t2,101-39-3,7439-89-6,sec::7439-89-6::10,7439-89-6,6,True
pair::101-39-3::7439-89-6::t2,101-39-3,7439-89-6,sec::7439-89-6::2,7439-89-6,19,True
pair::101-39-3::7439-89-6::t3,101-39-3,7439-89-6,sec::101-39-3::10,101-39-3,1,True
pair::101-39-3::7439-89-6::t3,101-39-3,7439-89-6,sec::101-39-3::2,101-39-3,6,True
pair::101-39-3::7439-89-6::t3,101-39-3,7439-89-6,sec::7439-89-6::10,7439-89-6,5,True
pair::101-39-3::7439-89-6::t3,101-39-3,7439-89-6,sec::7439-89-6::2,7439-89-6,,True
pair::101-39-3::7439-89-6::t4,101-39-3,7439-89-6,sec::101-39-3::10,101-39-3,1,True
pair::101-39-3::7439-89-6::t4,101-39-3,7439-89-6,sec::101-39-3::2,101-39-3,2,True
pair::101-39-3::7439-89-6::t4,101-39-3,7439-89-6,sec::7439-89-6::10,7439-89-6,3,True
pair::101-39-3::7439-89-6::t4,101-39-3,7439-89-6,sec::7439-89-6::2,7439-89-6,12,True
pair::10169-02-5::104-01-8::t0,10169-02-5,104-01-8,sec::10169-02-5::10,10169-02-5,1,True
pair::10169-02-5::104-01-8::t0,10169-02-5,104-01-8,sec::10169-02-5::2,10169-02-5,3,True
pair::10169-02-5::104-01-8::t0,10169-02-5,104-01-8,sec::104-01-8::10,104-01-8,2,True
pair::10169-02-5::104-01-8::t0,10169-02-5,104-01-8,sec::104-01-8::2,104-01-8,4,True
pair::10169-02-5::104-01-8::t1,10169-02-5,104-01-8,sec::10169-02-5::10,10169-02-5,1,True
pair::10169-02-5::104-01-8::t1,10169-02-5,104-01-8,sec::10169-02-5::2,10169-02-5,2,True
pair::10169-02-5::104-01-8::t1,10169-02-5,104-01-8,sec::104-01-8::10,104-01-8,3,True
pair::10169-02-5::104-01-8::t1,10169-02-5,104-01-8,sec::104-01-8::2,104-01-8,4,True
pair::10169-02-5::104-01-8::t2,10169-02-5,104-01-8,sec::10169-02-5::10,10169-02-5,2,True
pair::10169-02-5::104-01-8::t2,10169-02-5,104-01-8,sec::10169-02-5::2,10169-02-5,3,True
pair::10169-02-5::104-01-8::t2,10169-02-5,104-01-8,sec::104-01-8::10,104-01-8,4,True
pair::10169-02-5::104-01-8::t2,10169-02-5,104-01-8,sec::104-01-8::2,104-01-8,1,True
pair::10169-02-5::104-01-8::t3,10169-02-5,104-01-8,sec::10169-02-5::10,10169-02-5,1,True
pair::10169-02-5::104-01-8::t3,10169-02-5,104-01-8,sec::10169-02-5::2,10169-02-5,3,True
pair::10169-02-5::104-01-8::t3,10169-02-5,104-01-8,sec::104-01-8::10,104-01-8,2,True
pair::10169-02-5::104-01-8::t3,10169-02-5,104-01-8,sec::104-01-8::2,104-01-8,4,True
pair::10169-02-5::104-01-8::t4,10169-02-5,104-01-8,sec::10169-02-5::10,10169-02-5,2,True
pair::10169-02-5::104-01-8::t4,10169-02-5,104-01-8,sec::10169-02-5::2,10169-02-5,1,True
pair::10169-02-5::104-01-8::t4,10169-02-5,104-01-8,sec::104-01-8::10,104-01-8,4,True
pair::10169-02-5::104-01-8::t4,10169-02-5,104-01-8,sec::104-01-8::2,104-01-8,3,True
pair::100-73-2::10043-01-3::t0,100-73-2,10043-01-3,sec::100-73-2::10,100-73-2,1,True
pair::100-73-2::10043-01-3::t0,100-73-2,10043-01-3,sec::100-73-2::2,100-73-2,2,True
pair::100-73-2::10043-01-3::t0,100-73-2,10043-01-3,sec::10043-01-3::10,10043-01-3,3,True
pair::100-73-2::10043-01-3::t0,100-73-2,10043-01-3,sec::10043-01-3::2,10043-01-3,,True
pair::100-73-2::10043-01-3::t1,100-73-2,10043-01-3,sec::100-73-2::10,100-73-2,1,True
pair::100-73-2::10043-01-3::t1,100-73-2,10043-01-3,sec::100-73-2::2,100-73-2,2,True
pair::100-73-2::10043-01-3::t1,100-73-2,10043-01-3,sec::10043-01-3::10,10043-01-3,3,True
pair::100-73-2::10043-01-3::t1,100-73-2,10043-01-3,sec::10043-01-3::2,10043-01-3,4,True
pair::100-73-2::10043-01-3::t2,100-73-2,10043-01-3,sec::100-73-2::10,100-73-2,1,True
pair::100-73-2::10043-01-3::t2,100-73-2,10043-01-3,sec::100-73-2::2,100-73-2,2,True
pair::100-73-2::10043-01-3::t2,100-73-2,10043-01-3,sec::10043-01-3::10,10043-01-3,3,True
pair::100-73-2::10043-01-3::t2,100-73-2,10043-01-3,sec::10043-01-3::2,10043-01-3,4,True
pair::100-73-2::10043-01-3::t3,100-73-2,10043-01-3,sec::100-73-2::10,100-73-2,1,True
pair::100-73-2::10043-01-3::t3,100-73-2,10043-01-3,sec::100-73-2::2,100-73-2,3,True
pair::100-73-2::10043-01-3::t3,100-73-2,10043-01-3,sec::10043-01-3::10,10043-01-3,2,True
pair::100-73-2::10043-01-3::t3,100-73-2,10043-01-3,sec::10043-01-3::2,10043-01-3,6,True
pair::100-73-2::10043-01-3::t4,100-73-2,10043-01-3,sec::100-73-2::10,100-73-2,1,True
pair::100-73-2::10043-01-3::t4,100-73-2,10043-01-3,sec::100-73-2::2,100-73-2,2,True
pair::100-73-2::10043-01-3::t4,100-73-2,10043-01-3,sec::10043-01-3::10,10043-01-3,3,True
pair::100-73-2::10043-01-3::t4,100-73-2,10043-01-3,sec::10043-01-3::2,10043-01-3,4,True
pair::101-68-8::1317-65-3::t0,101-68-8,1317-65-3,sec::101-68-8::10,101-68-8,1,True
pair::101-68-8::1317-65-3::t0,101-68-8,1317-65-3,sec::101-68-8::2::p1,101-68-8,2,True
pair::101-68-8::1317-65-3::t0,101-68-8,1317-65-3,sec::101-68-8::2::p2,101-68-8,,True
pair::101-68-8::1317-65-3::t0,101-68-8,1317-65-3,sec::1317-65-3::10,1317-65-3,5,True
pair::101-68-8::1317-65-3::t0,101-68-8,1317-65-3,sec::1317-65-3::2,1317-65-3,10,True
pair::101-68-8::1317-65-3::t1,101-68-8,1317-65-3,sec::101-68-8::10,101-68-8,1,True
pair::101-68-8::1317-65-3::t1,101-68-8,1317-65-3,sec::101-68-8::2::p1,101-68-8,3,True
pair::101-68-8::1317-65-3::t1,101-68-8,1317-65-3,sec::101-68-8::2::p2,101-68-8,,True
pair::101-68-8::1317-65-3::t1,101-68-8,1317-65-3,sec::1317-65-3::10,1317-65-3,2,True
pair::101-68-8::1317-65-3::t1,101-68-8,1317-65-3,sec::1317-65-3::2,1317-65-3,4,True
pair::101-68-8::1317-65-3::t2,101-68-8,1317-65-3,sec::101-68-8::10,101-68-8,1,True
pair::101-68-8::1317-65-3::t2,101-68-8,1317-65-3,sec::101-68-8::2::p1,101-68-8,2,True
pair::101-68-8::1317-65-3::t2,101-68-8,1317-65-3,sec::101-68-8::2::p2,101-68-8,,True
pair::101-68-8::1317-65-3::t2,101-68-8,1317-65-3,sec::1317-65-3::10,1317-65-3,4,True
pair::101-68-8::1317-65-3::t2,101-68-8,1317-65-3,sec::1317-65-3::2,1317-65-3,3,True
pair::101-68-8::1317-65-3::t3,101-68-8,1317-65-3,sec::101-68-8::10,101-68-8,1,True
pair::101-68-8::1317-65-3::t3,101-68-8,1317-65-3,sec::101-68-8::2::p1,101-68-8,2,True
pair::101-68-8::1317-65-3::t3,101-68-8,1317-65-3,sec::101-68-8::2::p2,101-68-8,,True
pair::101-68-8::1317-65-3::t3,101-68-8,1317-65-3,sec::1317-65-3::10,1317-65-3,3,True
pair::101-68-8::1317-65-3::t3,101-68-8,1317-65-3,sec::1317-65-3::2,1317-65-3,20,True
pair::101-68-8::1317-65-3::t4,101-68-8,1317-65-3,sec::101-68-8::10,101-68-8,1,True
pair::101-68-8::1317-65-3::t4,101-68-8,1317-65-3,sec::101-68-8::2::p1,101-68-8,2,True
pair::101-68-8::1317-65-3::t4,101-68-8,1317-65-3,sec::101-68-8::2::p2,101-68-8,,True
pair::101-68-8::1317-65-3::t4,101-68-8,1317-65-3,sec::1317-65-3::10,1317-65-3,3,True
pair::101-68-8::1317-65-3::t4,101-68-8,1317-65-3,sec::1317-65-3::2,1317-65-3,5,True
pair::10025-91-9::1066-33-7::t0,10025-91-9,1066-33-7,sec::10025-91-9::10,10025-91-9,1,True
pair::10025-91-9::1066-33-7::t0,10025-91-9,1066-33-7,sec::10025-91-9::2,10025-91-9,2,True
pair::10025-91-9::1066-33-7::t0,10025-91-9,1066-33-7,sec::1066-33-7::10,1066-33-7,3,True
pair::10025-91-9::1066-33-7::t0,10025-91-9,1066-33-7,sec::1066-33-7::2,1066-33-7,5,True
pair::10025-91-9::1066-33-7::t1,10025-91-9,1066-33-7,sec::10025-91-9::10,10025-91-9,1,True
pair::10025-91-9::1066-33-7::t1,10025-91-9,1066-33-7,sec::10025-91-9::2,10025-91-9,2,True
pair::10025-91-9::1066-33-7::t1,10025-91-9,1066-33-7,sec::1066-33-7::10,1066-33-7,3,True
pair::10025-91-9::1066-33-7::t1,10025-91-9,1066-33-7,sec::1066-33-7::2,1066-33-7,5,True
pair::10025-91-9::1066-33-7::t2,10025-91-9,1066-33-7,sec::10025-91-9::10,10025-91-9,1,True
pair::10025-91-9::1066-33-7::t2,10025-91-9,1066-33-7,sec::10025-91-9::2,10025-91-9,2,True
pair::10025-91-9::1066-33-7::t2,10025-91-9,1066-33-7,sec::1066-33-7::10,1066-33-7,5,True
pair::10025-91-9::1066-33-7::t2,10025-91-9,1066-33-7,sec::1066-33-7::2,1066-33-7,4,True
pair::10025-91-9::1066-33-7::t3,10025-91-9,1066-33-7,sec::10025-91-9::10,10025-91-9,1,True
pair::10025-91-9::1066-33-7::t3,10025-91-9,1066-33-7,sec::10025-91-9::2,10025-91-9,2,True
pair::10025-91-9::1066-33-7::t3,10025-91-9,1066-33-7,sec::1066-33-7::10,1066-33-7,4,True
pair::10025-91-9::1066-33-7::t3,10025-91-9,1066-33-7,sec::1066-33-7::2,1066-33-7,5,True
pair::10025-91-9::1066-33-7::t4,10025-91-9,1066-33-7,sec::10025-91-9::10,10025-91-9,1,True
pair::10025-91-9::1066-33-7::t4,10025-91-9,1066-33-7,sec::10025-91-9::2,10025-91-9,2,True
pair::10025-91-9::1066-33-7::t4,10025-91-9,1066-33-7,sec::1066-33-7::10,1066-33-7,5,True
pair::10025-91-9::1066-33-7::t4,10025-91-9,1066-33-7,sec::1066-33-7::2,1066-33-7,3,True
pair::103-80-0::111-54-6::t0,103-80-0,111-54-6,sec::103-80-0::10,103-80-0,1,True
pair::103-80-0::111-54-6::t0,103-80-0,111-54-6,sec::103-80-0::2,103-80-0,2,True
pair::103-80-0::111-54-6::t0,103-80-0,111-54-6,sec::111-54-6::10,111-54-6,3,True
pair::103-80-0::111-54-6::t0,103-80-0,111-54-6,sec::111-54-6::2,111-54-6,5,True
pair::103-80-0::111-54-6::t1,103-80-0,111-54-6,sec::103-80-0::10,103-80-0,2,True
pair::103-80-0::111-54-6::t1,103-80-0,111-54-6,sec::103-80-0::2,103-80-0,1,True
pair::103-80-0::111-54-6::t1,103-80-0,111-54-6,sec::111-54-6::10,111-54-6,3,True
pair::103-80-0::111-54-6::t1,103-80-0,111-54-6,sec::111-54-6::2,111-54-6,5,True
pair::103-80-0::111-54-6::t2,103-80-0,111-54-6,sec::103-80-0::10,103-80-0,1,True
pair::103-80-0::111-54-6::t2,103-80-0,111-54-6,sec::103-80-0::2,103-80-0,2,True
pair::103-80-0::111-54-6::t2,103-80-0,111-54-6,sec::111-54-6::10,111-54-6,5,True
pair::103-80-0::111-54-6::t2,103-80-0,111-54-6,sec::111-54-6::2,111-54-6,3,True
pair::103-80-0::111-54-6::t3,103-80-0,111-54-6,sec::103-80-0::10,103-80-0,1,True
pair::103-80-0::111-54-6::t3,103-80-0,111-54-6,sec::103-80-0::2,103-80-0,3,True
pair::103-80-0::111-54-6::t3,103-80-0,111-54-6,sec::111-54-6::10,111-54-6,2,True
pair::103-80-0::111-54-6::t3,103-80-0,111-54-6,sec::111-54-6::2,111-54-6,4,True
pair::103-80-0::111-54-6::t4,103-80-0,111-54-6,sec::103-80-0::10,103-80-0,2,True
pair::103-80-0::111-54-6::t4,103-80-0,111-54-6,sec::103-80-0::2,103-80-0,1,True
pair::103-80-0::111-54-6::t4,103-80-0,111-54-6,sec::111-54-6::10,111-54-6,4,True
pair::103-80-0::111-54-6::t4,103-80-0,111-54-6,sec::111-54-6::2,111-54-6,3,True
pair::10118-76-0::108-88-3::t0,10118-76-0,108-88-3,sec::10118-76-0::10,10118-76-0,1,True
pair::10118-76-0::108-88-3::t0,10118-76-0,108-88-3,sec::10118-76-0::2,10118-76-0,2,True
pair::10118-76-0::108-88-3::t0,10118-76-0,108-88-3,sec::108-88-3::10,108-88-3,15,True
pair::10118-76-0::108-88-3::t0,10118-76-0,108-88-3,sec::108-88-3::2::p1,108-88-3,,True
pair::10118-76-0::108-88-3::t0,10118-76-0,108-88-3,sec::108-88-3::2::p2,108-88-3,,True
pair::10118-76-0::108-88-3::t1,10118-76-0,108-88-3,sec::10118-76-0::10,10118-76-0,1,True
pair::10118-76-0::108-88-3::t1,10118-76-0,108-88-3,sec::10118-76-0::2,10118-76-0,2,True
pair::10118-76-0::108-88-3::t1,10118-76-0,108-88-3,sec::108-88-3::10,108-88-3,16,True
pair::10118-76-0::108-88-3::t1,10118-76-0,108-88-3,sec::108-88-3::2::p1,108-88-3,,True
pair::10118-76-0::108-88-3::t1,10118-76-0,108-88-3,sec::108-88-3::2::p2,108-88-3,,True
pair::10118-76-0::108-88-3::t2,10118-76-0,108-88-3,sec::10118-76-0::10,10118-76-0,1,True
pair::10118-76-0::108-88-3::t2,10118-76-0,108-88-3,sec::10118-76-0::2,10118-76-0,2,True
pair::10118-76-0::108-88-3::t2,10118-76-0,108-88-3,sec::108-88-3::10,108-88-3,16,True
pair::10118-76-0::108-88-3::t2,10118-76-0,108-88-3,sec::108-88-3::2::p1,108-88-3,,True
pair::10118-76-0::108-88-3::t2,10118-76-0,108-88-3,sec::108-88-3::2::p2,108-88-3,,True
pair::10118-76-0::108-88-3::t3,10118-76-0,108-88-3,sec::10118-76-0::10,10118-76-0,1,True
pair::10118-76-0::108-88-3::t3,10118-76-0,108-88-3,sec::10118-76-0::2,10118-76-0,6,True
pair::10118-76-0::108-88-3::t3,10118-76-0,108-88-3,sec::108-88-3::10,108-88-3,14,True
pair::10118-76-0::108-88-3::t3,10118-76-0,108-88-3,sec::108-88-3::2::p1,108-88-3,,True
pair::10118-76-0::108-88-3::t3,10118-76-0,108-88-3,sec::108-88-3::2::p2,108-88-3,,True
pair::10118-76-0::108-88-3::t4,10118-76-0,108-88-3,sec::10118-76-0::10,10118-76-0,1,True
pair::10118-76-0::108-88-3::t4,10118-76-0,108-88-3,sec::10118-76-0::2,10118-76-0,2,True
pair::10118-76-0::108-88-3::t4,10118-76-0,108-88-3,sec::108-88-3::10,108-88-3,17,True
pair::10118-76-0::108-88-3::t4,10118-76-0,108-88-3,sec::108-88-3::2::p1,108-88-3,,True
pair::10118-76-0::108-88-3::t4,10118-76-0,108-88-3,sec::108-88-3::2::p2,108-88-3,,True
pair::105-64-6::60-00-4::t0,105-64-6,60-00-4,sec::105-64-6::10,105-64-6,1,True
pair::105-64-6::60-00-4::t0,105-64-6,60-00-4,sec::105-64-6::2,105-64-6,2,True
pair::105-64-6::60-00-4::t0,105-64-6,60-00-4,sec::60-00-4::10,60-00-4,3,True
pair::105-64-6::60-00-4::t0,105-64-6,60-00-4,sec::60-00-4::2,60-00-4,12,True
pair::105-64-6::60-00-4::t1,105-64-6,60-00-4,sec::105-64-6::10,105-64-6,2,True
pair::105-64-6::60-00-4::t1,105-64-6,60-00-4,sec::105-64-6::2,105-64-6,1,True
pair::105-64-6::60-00-4::t1,105-64-6,60-00-4,sec::60-00-4::10,60-00-4,,True
pair::105-64-6::60-00-4::t1,105-64-6,60-00-4,sec::60-00-4::2,60-00-4,6,True
pair::105-64-6::60-00-4::t2,105-64-6,60-00-4,sec::105-64-6::10,105-64-6,2,True
pair::105-64-6::60-00-4::t2,105-64-6,60-00-4,sec::105-64-6::2,105-64-6,1,True
pair::105-64-6::60-00-4::t2,105-64-6,60-00-4,sec::60-00-4::10,60-00-4,11,True
pair::105-64-6::60-00-4::t2,105-64-6,60-00-4,sec::60-00-4::2,60-00-4,3,True
pair::105-64-6::60-00-4::t3,105-64-6,60-00-4,sec::105-64-6::10,105-64-6,1,True
pair::105-64-6::60-00-4::t3,105-64-6,60-00-4,sec::105-64-6::2,105-64-6,2,True
pair::105-64-6::60-00-4::t3,105-64-6,60-00-4,sec::60-00-4::10,60-00-4,3,True
pair::105-64-6::60-00-4::t3,105-64-6,60-00-4,sec::60-00-4::2,60-00-4,,True
pair::105-64-6::60-00-4::t4,105-64-6,60-00-4,sec::105-64-6::10,105-64-6,2,True
pair::105-64-6::60-00-4::t4,105-64-6,60-00-4,sec::105-64-6::2,105-64-6,1,True
pair::105-64-6::60-00-4::t4,105-64-6,60-00-4,sec::60-00-4::10,60-00-4,,True
pair::105-64-6::60-00-4::t4,105-64-6,60-00-4,sec::60-00-4::2,60-00-4,11,True
pair::13718-59-7::7440-25-7::t0,13718-59-7,7440-25-7,sec::13718-59-7::10,13718-59-7,1,True
pair::13718-59-7::7440-25-7::t0,13718-59-7,7440-25-7,sec::13718-59-7::2,13718-59-7,2,True
pair::13718-59-7::7440-25-7::t0,13718-59-7,7440-25-7,sec::7440-25-7::10,7440-25-7,4,True
pair::13718-59-7::7440-25-7::t0,13718-59-7,7440-25-7,sec::7440-25-7::2,7440-25-7,12,True
pair::13718-59-7::7440-25-7::t1,13718-59-7,7440-25-7,sec::13718-59-7::10,13718-59-7,1,True
pair::13718-59-7::7440-25-7::t1,13718-59-7,7440-25-7,sec::13718-59-7::2,13718-59-7,2,True
pair::13718-59-7::7440-25-7::t1,13718-59-7,7440-25-7,sec::7440-25-7::10,7440-25-7,4,True
pair::13718-59-7::7440-25-7::t1,13718-59-7,7440-25-7,sec::7440-25-7::2,7440-25-7,6,True
pair::13718-59-7::7440-25-7::t2,13718-59-7,7440-25-7,sec::13718-59-7::10,13718-59-7,1,True
pair::13718-59-7::7440-25-7::t2,13718-59-7,7440-25-7,sec::13718-59-7::2,13718-59-7,2,True
pair::13718-59-7::7440-25-7::t2,13718-59-7,7440-25-7,sec::7440-25-7::10,7440-25-7,5,True
pair::13718-59-7::7440-25-7::t2,13718-59-7,7440-25-7,sec::7440-25-7::2,7440-25-7,8,True
pair::13718-59-7::7440-25-7::t3,13718-59-7,7440-25-7,sec::13718-59-7::10,13718-59-7,1,True
pair::13718-59-7::7440-25-7::t3,13718-59-7,7440-25-7,sec::13718-59-7::2,13718-59-7,3,True
pair::13718-59-7::7440-25-7::t3,13718-59-7,7440-25-7,sec::7440-25-7::10,7440-25-7,2,True
pair::13718-59-7::7440-25-7::t3,13718-59-7,7440-25-7,sec::7440-25-7::2,7440-25-7,11,True
pair::13718-59-7::7440-25-7::t4,13718-59-7,7440-25-7,sec::13718-59-7::10,13718-59-7,1,True
pair::13718-59-7::7440-25-7::t4,13718-59-7,7440-25-7,sec::13718-59-7::2,13718-59-7,2,True
pair::13718-59-7::7440-25-7::t4,13718-59-7,7440-25-7,sec::7440-25-7::10,7440-25-7,3,True
pair::13718-59-7::7440-25-7::t4,13718-59-7,7440-25-7,sec::7440-25-7::2,7440-25-7,6,True
pair::10294-26-5::105-11-3::t0,10294-26-5,105-11-3,sec::10294-26-5::10,10294-26-5,7,True
pair::10294-26-5::105-11-3::t0,10294-26-5,105-11-3,sec::10294-26-5::2,10294-26-5,4,True
pair::10294-26-5::105-11-3::t0,10294-26-5,105-11-3,sec::105-11-3::10,105-11-3,1,True
pair::10294-26-5::105-11-3::t0,10294-26-5,105-11-3,sec::105-11-3::2,105-11-3,8,True
pair::10294-26-5::105-11-3::t1,10294-26-5,105-11-3,sec::10294-26-5::10,10294-26-5,2,True
pair::10294-26-5::105-11-3::t1,10294-26-5,105-11-3,sec::10294-26-5::2,10294-26-5,7,True
pair::10294-26-5::105-11-3::t1,10294-26-5,105-11-3,sec::105-11-3::10,105-11-3,3,True
pair::10294-26-5::105-11-3::t1,10294-26-5,105-11-3,sec::105-11-3::2,105-11-3,1,True
pair::10294-26-5::105-11-3::t2,10294-26-5,105-11-3,sec::10294-26-5::10,10294-26-5,8,True
pair::10294-26-5::105-11-3::t2,10294-26-5,105-11-3,sec::10294-26-5::2,10294-26-5,1,True
pair::10294-26-5::105-11-3::t2,10294-26-5,105-11-3,sec::105-11-3::10,105-11-3,9,True
pair::10294-26-5::105-11-3::t2,10294-26-5,105-11-3,sec::105-11-3::2,105-11-3,7,True
pair::10294-26-5::105-11-3::t3,10294-26-5,105-11-3,sec::10294-26-5::10,10294-26-5,4,True
pair::10294-26-5::105-11-3::t3,10294-26-5,105-11-3,sec::10294-26-5::2,10294-26-5,8,True
pair::10294-26-5::105-11-3::t3,10294-26-5,105-11-3,sec::105-11-3::10,105-11-3,3,True
pair::10294-26-5::105-11-3::t3,10294-26-5,105-11-3,sec::105-11-3::2,105-11-3,12,True
pair::10294-26-5::105-11-3::t4,10294-26-5,105-11-3,sec::10294-26-5::10,10294-26-5,6,True
pair::10294-26-5::105-11-3::t4,10294-26-5,105-11-3,sec::10294-26-5::2,10294-26-5,3,True
pair::10294-26-5::105-11-3::t4,10294-26-5,105-11-3,sec::105-11-3::10,105-11-3,2,True
pair::10294-26-5::105-11-3::t4,10294-26-5,105-11-3,sec::105-11-3::2,105-11-3,1,True
pair::10034-82-9::105-60-2::t0,10034-82-9,105-60-2,sec::10034-82-9::10,10034-82-9,1,True
pair::10034-82-9::105-60-2::t0,10034-82-9,105-60-2,sec::10034-82-9::2,10034-82-9,2,True
pair::10034-82-9::105-60-2::t0,10034-82-9,105-60-2,sec::105-60-2::10,105-60-2,3,True
pair::10034-82-9::105-60-2::t0,10034-82-9,105-60-2,sec::105-60-2::2::p1,105-60-2,,True
pair::10034-82-9::105-60-2::t0,10034-82-9,105-60-2,sec::105-60-2::2::p2,105-60-2,,True
pair::10034-82-9::105-60-2::t1,10034-82-9,105-60-2,sec::10034-82-9::10,10034-82-9,1,True
pair::10034-82-9::105-60-2::t1,10034-82-9,105-60-2,sec::10034-82-9::2,10034-82-9,2,True
pair::10034-82-9::105-60-2::t1,10034-82-9,105-60-2,sec::105-60-2::10,105-60-2,4,True
pair::10034-82-9::105-60-2::t1,10034-82-9,105-60-2,sec::105-60-2::2::p1,105-60-2,,True
pair::10034-82-9::105-60-2::t1,10034-82-9,105-60-2,sec::105-60-2::2::p2,105-60-2,,True
pair::10034-82-9::105-60-2::t2,10034-82-9,105-60-2,sec::10034-82-9::10,10034-82-9,2,True
pair::10034-82-9::105-60-2::t2,10034-82-9,105-60-2,sec::10034-82-9::2,10034-82-9,1,True
pair::10034-82-9::105-60-2::t2,10034-82-9,105-60-2,sec::105-60-2::10,105-60-2,6,True
pair::10034-82-9::105-60-2::t2,10034-82-9,105-60-2,sec::105-60-2::2::p1,105-60-2,11,True
pair::10034-82-9::105-60-2::t2,10034-82-9,105-60-2,sec::105-60-2::2::p2,105-60-2,,True
pair::10034-82-9::105-60-2::t3,10034-82-9,105-60-2,sec::10034-82-9::10,10034-82-9,1,True
pair::10034-82-9::105-60-2::t3,10034-82-9,105-60-2,sec::10034-82-9::2,10034-82-9,2,True
pair::10034-82-9::105-60-2::t3,10034-82-9,105-60-2,sec::105-60-2::10,105-60-2,5,True
pair::10034-82-9::105-60-2::t3,10034-82-9,105-60-2,sec::105-60-2::2::p1,105-60-2,,True
pair::10034-82-9::105-60-2::t3,10034-82-9,105-60-2,sec::105-60-2::2::p2,105-60-2,,True
pair::10034-82-9::105-60-2::t4,10034-82-9,105-60-2,sec::10034-82-9::10,10034-82-9,1,True
pair::10034-82-9::105-60-2::t4,10034-82-9,105-60-2,sec::10034-82-9::2,10034-82-9,2,True
pair::10034-82-9::105-60-2::t4,10034-82-9,105-60-2,sec::105-60-2::10,105-60-2,4,True
pair::10034-82-9::105-60-2::t4,10034-82-9,105-60-2,sec::105-60-2::2::p1,105-60-2,,True
pair::10034-82-9::105-60-2::t4,10034-82-9,105-60-2,sec::105-60-2::2::p2,105-60-2,,True
pair::103-09-3::7440-25-7::t0,103-09-3,7440-25-7,sec::103-09-3::10,103-09-3,1,False
pair::103-09-3::7440-25-7::t0,103-09-3,7440-25-7,sec::103-09-3::2,103-09-3,5,False
pair::103-09-3::7440-25-7::t0,103-09-3,7440-25-7,sec::7440-25-7::10,7440-25-7,2,False
pair::103-09-3::7440-25-7::t0,103-09-3,7440-25-7,sec::7440-25-7::2,7440-25-7,4,False
pair::103-09-3::7440-25-7::t1,103-09-3,7440-25-7,sec::103-09-3::10,103-09-3,2,False
pair::103-09-3::7440-25-7::t1,103-09-3,7440-25-7,sec::103-09-3::2,103-09-3,4,False
pair::103-09-3::7440-25-7::t1,103-09-3,7440-25-7,sec::7440-25-7::10,7440-25-7,1,False
pair::103-09-3::7440-25-7::t1,103-09-3,7440-25-7,sec::7440-25-7::2,7440-25-7,3,False
pair::103-09-3::7440-25-7::t2,103-09-3,7440-25-7,sec::103-09-3::10,103-09-3,1,False
pair::103-09-3::7440-25-7::t2,103-09-3,7440-25-7,sec::103-09-3::2,103-09-3,3,False
pair::103-09-3::7440-25-7::t2,103-09-3,7440-25-7,sec::7440-25-7::10,7440-25-7,2,False
pair::103-09-3::7440-25-7::t2,103-09-3,7440-25-7,sec::7440-25-7::2,7440-25-7,4,False
pair::103-09-3::7440-25-7::t3,103-09-3,7440-25-7,sec::103-09-3::10,103-09-3,2,False
pair::103-09-3::7440-25-7::t3,103-09-3,7440-25-7,sec::103-09-3::2,103-09-3,6,False
pair::103-09-3::7440-25-7::t3,103-09-3,7440-25-7,sec::7440-25-7::10,7440-25-7,1,False
pair::103-09-3::7440-25-7::t3,103-09-3,7440-25-7,sec::7440-25-7::2,7440-25-7,4,False
pair::103-09-3::7440-25-7::t4,103-09-3,7440-25-7,sec::103-09-3::10,103-09-3,3,False
pair::103-09-3::7440-25-7::t4,103-09-3,7440-25-7,sec::103-09-3::2,103-09-3,2,False
pair::103-09-3::7440-25-7::t4,103-09-3,7440-25-7,sec::7440-25-7::10,7440-25-7,1,False
pair::103-09-3::7440-25-7::t4,103-09-3,7440-25-7,sec::7440-25-7::2,7440-25-7,4,False
pair::1025-15-6::106-24-1::t0,1025-15-6,106-24-1,sec::1025-15-6::10,1025-15-6,1,True
pair::1025-15-6::106-24-1::t0,1025-15-6,106-24-1,sec::1025-15-6::2,1025-15-6,2,True
pair::1025-15-6::106-24-1::t0,1025-15-6,106-24-1,sec::106-24-1::10,106-24-1,3,True
pair::1025-15-6::106-24-1::t0,1025-15-6,106-24-1,sec::106-24-1::2,106-24-1,5,True
pair::1025-15-6::106-24-1::t1,1025-15-6,106-24-1,sec::1025-15-6::10,1025-15-6,2,True
pair::1025-15-6::106-24-1::t1,1025-15-6,106-24-1,sec::1025-15-6::2,1025-15-6,1,True
pair::1025-15-6::106-24-1::t1,1025-15-6,106-24-1,sec::106-24-1::10,106-24-1,4,True
pair::1025-15-6::106-24-1::t1,1025-15-6,106-24-1,sec::106-24-1::2,106-24-1,3,True
pair::1025-15-6::106-24-1::t2,1025-15-6,106-24-1,sec::1025-15-6::10,1025-15-6,2,True
pair::1025-15-6::106-24-1::t2,1025-15-6,106-24-1,sec::1025-15-6::2,1025-15-6,1,True
pair::1025-15-6::106-24-1::t2,1025-15-6,106-24-1,sec::106-24-1::10,106-24-1,4,True
pair::1025-15-6::106-24-1::t2,1025-15-6,106-24-1,sec::106-24-1::2,106-24-1,3,True
pair::1025-15-6::106-24-1::t3,1025-15-6,106-24-1,sec::1025-15-6::10,1025-15-6,1,True
pair::1025-15-6::106-24-1::t3,1025-15-6,106-24-1,sec::1025-15-6::2,1025-15-6,4,True
pair::1025-15-6::106-24-1::t3,1025-15-6,106-24-1,sec::106-24-1::10,106-24-1,2,True
pair::1025-15-6::106-24-1::t3,1025-15-6,106-24-1,sec::106-24-1::2,106-24-1,3,True
pair::1025-15-6::106-24-1::t4,1025-15-6,106-24-1,sec::1025-15-6::10,1025-15-6,2,True
pair::1025-15-6::106-24-1::t4,1025-15-6,106-24-1,sec::1025-15-6::2,1025-15-6,1,True
pair::1025-15-6::106-24-1::t4,1025-15-6,106-24-1,sec::106-24-1::10,106-24-1,3,True
pair::1025-15-6::106-24-1::t4,1025-15-6,106-24-1,sec::106-24-1::2,106-24-1,4,True
pair::101-18-8::7697-37-2::t0,101-18-8,7697-37-2,sec::101-18-8::10,101-18-8,1,True
pair::101-18-8::7697-37-2::t0,101-18-8,7697-37-2,sec::101-18-8::2,101-18-8,2,True
pair::101-18-8::7697-37-2::t0,101-18-8,7697-37-2,sec::7697-37-2::10,7697-37-2,6,True
pair::101-18-8::7697-37-2::t0,101-18-8,7697-37-2,sec::7697-37-2::2,7697-37-2,19,True
pair::101-18-8::7697-37-2::t1,101-18-8,7697-37-2,sec::101-18-8::10,101-18-8,1,True
pair::101-18-8::7697-37-2::t1,101-18-8,7697-37-2,sec::101-18-8::2,101-18-8,2,True
pair::101-18-8::7697-37-2::t1,101-18-8,7697-37-2,sec::7697-37-2::10,7697-37-2,3,True
pair::101-18-8::7697-37-2::t1,101-18-8,7697-37-2,sec::7697-37-2::2,7697-37-2,6,True
pair::101-18-8::7697-37-2::t2,101-18-8,7697-37-2,sec::101-18-8::10,101-18-8,1,True
pair::101-18-8::7697-37-2::t2,101-18-8,7697-37-2,sec::101-18-8::2,101-18-8,2,True
pair::101-18-8::7697-37-2::t2,101-18-8,7697-37-2,sec::7697-37-2::10,7697-37-2,4,True
pair::101-18-8::7697-37-2::t2,101-18-8,7697-37-2,sec::7697-37-2::2,7697-37-2,6,True
pair::101-18-8::7697-37-2::t3,101-18-8,7697-37-2,sec::101-18-8::10,101-18-8,1,True
pair::101-18-8::7697-37-2::t3,101-18-8,7697-37-2,sec::101-18-8::2,101-18-8,3,True
pair::101-18-8::7697-37-2::t3,101-18-8,7697-37-2,sec::7697-37-2::10,7697-37-2,5,True
pair::101-18-8::7697-37-2::t3,101-18-8,7697-37-2,sec::7697-37-2::2,7697-37-2,,True
pair::101-18-8::7697-37-2::t4,101-18-8,7697-37-2,sec::101-18-8::10,101-18-8,1,True
pair::101-18-8::7697-37-2::t4,101-18-8,7697-37-2,sec::101-18-8::2,101-18-8,2,True
pair::101-18-8::7697-37-2::t4,101-18-8,7697-37-2,sec::7697-37-2::10,7697-37-2,5,True
pair::101-18-8::7697-37-2::t4,101-18-8,7697-37-2,sec::7697-37-2::2,7697-37-2,10,True
pair::7440-66-6::7761-88-8::t0,7440-66-6,7761-88-8,sec::7440-66-6::10,7440-66-6,1,True
pair::7440-66-6::7761-88-8::t0,7440-66-6,7761-88-8,sec::7440-66-6::2,7440-66-6,5,True
pair::7440-66-6::7761-88-8::t0,7440-66-6,7761-88-8,sec::7761-88-8::10,7761-88-8,2,True
pair::7440-66-6::7761-88-8::t0,7440-66-6,7761-88-8,sec::7761-88-8::2,7761-88-8,,True
pair::7440-66-6::7761-88-8::t1,7440-66-6,7761-88-8,sec::7440-66-6::10,7440-66-6,3,True
pair::7440-66-6::7761-88-8::t1,7440-66-6,7761-88-8,sec::7440-66-6::2,7440-66-6,4,True
pair::7440-66-6::7761-88-8::t1,7440-66-6,7761-88-8,sec::7761-88-8::10,7761-88-8,1,True
pair::7440-66-6::7761-88-8::t1,7440-66-6,7761-88-8,sec::7761-88-8::2,7761-88-8,2,True
pair::7440-66-6::7761-88-8::t2,7440-66-6,7761-88-8,sec::7440-66-6::10,7440-66-6,2,True
pair::7440-66-6::7761-88-8::t2,7440-66-6,7761-88-8,sec::7440-66-6::2,7440-66-6,3,True
pair::7440-66-6::7761-88-8::t2,7440-66-6,7761-88-8,sec::7761-88-8::10,7761-88-8,1,True
pair::7440-66-6::7761-88-8::t2,7440-66-6,7761-88-8,sec::7761-88-8::2,7761-88-8,7,True
pair::7440-66-6::7761-88-8::t3,7440-66-6,7761-88-8,sec::7440-66-6::10,7440-66-6,2,True
pair::7440-66-6::7761-88-8::t3,7440-66-6,7761-88-8,sec::7440-66-6::2,7440-66-6,,True
pair::7440-66-6::7761-88-8::t3,7440-66-6,7761-88-8,sec::7761-88-8::10,7761-88-8,1,True
pair::7440-66-6::7761-88-8::t3,7440-66-6,7761-88-8,sec::7761-88-8::2,7761-88-8,,True
pair::7440-66-6::7761-88-8::t4,7440-66-6,7761-88-8,sec::7440-66-6::10,7440-66-6,4,True
pair::7440-66-6::7761-88-8::t4,7440-66-6,7761-88-8,sec::7440-66-6::2,7440-66-6,3,True
pair::7440-66-6::7761-88-8::t4,7440-66-6,7761-88-8,sec::7761-88-8::10,7761-88-8,2,True
pair::7440-66-6::7761-88-8::t4,7440-66-6,7761-88-8,sec::7761-88-8::2,7761-88-8,1,True
pair::10102-49-5::7440-66-6::t0,10102-49-5,7440-66-6,sec::10102-49-5::10,10102-49-5,1,True
pair::10102-49-5::7440-66-6::t0,10102-49-5,7440-66-6,sec::10102-49-5::2,10102-49-5,12,True
pair::10102-49-5::7440-66-6::t0,10102-49-5,7440-66-6,sec::7440-66-6::10,7440-66-6,4,True
pair::10102-49-5::7440-66-6::t0,10102-49-5,7440-66-6,sec::7440-66-6::2,7440-66-6,8,True
pair::10102-49-5::7440-66-6::t1,10102-49-5,7440-66-6,sec::10102-49-5::10,10102-49-5,1,True
pair::10102-49-5::7440-66-6::t1,10102-49-5,7440-66-6,sec::10102-49-5::2,10102-49-5,2,True
pair::10102-49-5::7440-66-6::t1,10102-49-5,7440-66-6,sec::7440-66-6::10,7440-66-6,4,True
pair::10102-49-5::7440-66-6::t1,10102-49-5,7440-66-6,sec::7440-66-6::2,7440-66-6,9,True
pair::10102-49-5::7440-66-6::t2,10102-49-5,7440-66-6,sec::10102-49-5::10,10102-49-5,1,True
pair::10102-49-5::7440-66-6::t2,10102-49-5,7440-66-6,sec::10102-49-5::2,10102-49-5,2,True
pair::10102-49-5::7440-66-6::t2,10102-49-5,7440-66-6,sec::7440-66-6::10,7440-66-6,3,True
pair::10102-49-5::7440-66-6::t2,10102-49-5,7440-66-6,sec::7440-66-6::2,7440-66-6,5,True
pair::10102-49-5::7440-66-6::t3,10102-49-5,7440-66-6,sec::10102-49-5::10,10102-49-5,1,True
pair::10102-49-5::7440-66-6::t3,10102-49-5,7440-66-6,sec::10102-49-5::2,10102-49-5,11,True
pair::10102-49-5::7440-66-6::t3,10102-49-5,7440-66-6,sec::7440-66-6::10,7440-66-6,3,True
pair::10102-49-5::7440-66-6::t3,10102-49-5,7440-66-6,sec::7440-66-6::2,7440-66-6,,True
pair::10102-49-5::7440-66-6::t4,10102-49-5,7440-66-6,sec::10102-49-5::10,10102-49-5,2,True
pair::10102-49-5::7440-66-6::t4,10102-49-5,7440-66-6,sec::10102-49-5::2,10102-49-5,1,True
pair::10102-49-5::7440-66-6::t4,10102-49-5,7440-66-6,sec::7440-66-6::10,7440-66-6,4,True
pair::10102-49-5::7440-66-6::t4,10102-49-5,7440-66-6,sec::7440-66-6::2,7440-66-6,7,True
pair::16940-66-2::60-29-7::t0,16940-66-2,60-29-7,sec::16940-66-2::10,16940-66-2,1,True
pair::16940-66-2::60-29-7::t0,16940-66-2,60-29-7,sec::16940-66-2::2,16940-66-2,3,True
pair::16940-66-2::60-29-7::t0,16940-66-2,60-29-7,sec::60-29-7::10,60-29-7,2,True
pair::16940-66-2::60-29-7::t0,16940-66-2,60-29-7,sec::60-29-7::2,60-29-7,6,True
pair::16940-66-2::60-29-7::t1,16940-66-2,60-29-7,sec::16940-66-2::10,16940-66-2,3,True
pair::16940-66-2::60-29-7::t1,16940-66-2,60-29-7,sec::16940-66-2::2,16940-66-2,1,True
pair::16940-66-2::60-29-7::t1,16940-66-2,60-29-7,sec::60-29-7::10,60-29-7,4,True
pair::16940-66-2::60-29-7::t1,16940-66-2,60-29-7,sec::60-29-7::2,60-29-7,2,True
pair::16940-66-2::60-29-7::t2,16940-66-2,60-29-7,sec::16940-66-2::10,16940-66-2,2,True
pair::16940-66-2::60-29-7::t2,16940-66-2,60-29-7,sec::16940-66-2::2,16940-66-2,1,True
pair::16940-66-2::60-29-7::t2,16940-66-2,60-29-7,sec::60-29-7::10,60-29-7,4,True
pair::16940-66-2::60-29-7::t2,16940-66-2,60-29-7,sec::60-29-7::2,60-29-7,3,True
pair::16940-66-2::60-29-7::t3,16940-66-2,60-29-7,sec::16940-66-2::10,16940-66-2,1,True
pair::16940-66-2::60-29-7::t3,16940-66-2,60-29-7,sec::16940-66-2::2,16940-66-2,3,True
pair::16940-66-2::60-29-7::t3,16940-66-2,60-29-7,sec::60-29-7::10,60-29-7,2,True
pair::16940-66-2::60-29-7::t3,16940-66-2,60-29-7,sec::60-29-7::2,60-29-7,15,True
pair::16940-66-2::60-29-7::t4,16940-66-2,60-29-7,sec::16940-66-2::10,16940-66-2,3,True
pair::16940-66-2::60-29-7::t4,16940-66-2,60-29-7,sec::16940-66-2::2,16940-66-2,1,True
pair::16940-66-2::60-29-7::t4,16940-66-2,60-29-7,sec::60-29-7::10,60-29-7,4,True
pair::16940-66-2::60-29-7::t4,16940-66-2,60-29-7,sec::60-29-7::2,60-29-7,2,True
pair::1310-58-3::7786-81-4::t0,1310-58-3,7786-81-4,sec::1310-58-3::10,1310-58-3,2,True
pair::1310-58-3::7786-81-4::t0,1310-58-3,7786-81-4,sec::1310-58-3::2,1310-58-3,,True
pair::1310-58-3::7786-81-4::t0,1310-58-3,7786-81-4,sec::7786-81-4::10,7786-81-4,1,True
pair::1310-58-3::7786-81-4::t0,1310-58-3,7786-81-4,sec::7786-81-4::2::p1,7786-81-4,3,True
pair::1310-58-3::7786-81-4::t0,1310-58-3,7786-81-4,sec::7786-81-4::2::p2,7786-81-4,,True
pair::1310-58-3::7786-81-4::t1,1310-58-3,7786-81-4,sec::1310-58-3::10,1310-58-3,2,True
pair::1310-58-3::7786-81-4::t1,1310-58-3,7786-81-4,sec::1310-58-3::2,1310-58-3,,True
pair::1310-58-3::7786-81-4::t1,1310-58-3,7786-81-4,sec::7786-81-4::10,7786-81-4,1,True
pair::1310-58-3::7786-81-4::t1,1310-58-3,7786-81-4,sec::7786-81-4::2::p1,7786-81-4,3,True
pair::1310-58-3::7786-81-4::t1,1310-58-3,7786-81-4,sec::7786-81-4::2::p2,7786-81-4,,True
pair::1310-58-3::7786-81-4::t2,1310-58-3,7786-81-4,sec::1310-58-3::10,1310-58-3,3,True
pair::1310-58-3::7786-81-4::t2,1310-58-3,7786-81-4,sec::1310-58-3::2,1310-58-3,4,True
pair::1310-58-3::7786-81-4::t2,1310-58-3,7786-81-4,sec::7786-81-4::10,7786-81-4,1,True
pair::1310-58-3::7786-81-4::t2,1310-58-3,7786-81-4,sec::7786-81-4::2::p1,7786-81-4,2,True
pair::1310-58-3::7786-81-4::t2,1310-58-3,7786-81-4,sec::7786-81-4::2::p2,7786-81-4,,True
pair::1310-58-3::7786-81-4::t3,1310-58-3,7786-81-4,sec::1310-58-3::10,1310-58-3,2,True
pair::1310-58-3::7786-81-4::t3,1310-58-3,7786-81-4,sec::1310-58-3::2,1310-58-3,,True
pair::1310-58-3::7786-81-4::t3,1310-58-3,7786-81-4,sec::7786-81-4::10,7786-81-4,1,True
pair::1310-58-3::7786-81-4::t3,1310-58-3,7786-81-4,sec::7786-81-4::2::p1,7786-81-4,5,True
pair::1310-58-3::7786-81-4::t3,1310-58-3,7786-81-4,sec::7786-81-4::2::p2,7786-81-4,,True
pair::1310-58-3::7786-81-4::t4,1310-58-3,7786-81-4,sec::1310-58-3::10,1310-58-3,2,True
pair::1310-58-3::7786-81-4::t4,1310-58-3,7786-81-4,sec::1310-58-3::2,1310-58-3,,True
pair::1310-58-3::7786-81-4::t4,1310-58-3,7786-81-4,sec::7786-81-4::10,7786-81-4,1,True
pair::1310-58-3::7786-81-4::t4,1310-58-3,7786-81-4,sec::7786-81-4::2::p1,7786-81-4,3,True
pair::1310-58-3::7786-81-4::t4,1310-58-3,7786-81-4,sec::7786-81-4::2::p2,7786-81-4,,True
pair::13718-59-7::15630-89-4::t0,13718-59-7,15630-89-4,sec::13718-59-7::10,13718-59-7,1,True
pair::13718-59-7::15630-89-4::t0,13718-59-7,15630-89-4,sec::13718-59-7::2,13718-59-7,3,True
pair::13718-59-7::15630-89-4::t0,13718-59-7,15630-89-4,sec::15630-89-4::10,15630-89-4,12,True
pair::13718-59-7::15630-89-4::t0,13718-59-7,15630-89-4,sec::15630-89-4::2,15630-89-4,,True
pair::13718-59-7::15630-89-4::t1,13718-59-7,15630-89-4,sec::13718-59-7::10,13718-59-7,1,True
pair::13718-59-7::15630-89-4::t1,13718-59-7,15630-89-4,sec::13718-59-7::2,13718-59-7,3,True
pair::13718-59-7::15630-89-4::t1,13718-59-7,15630-89-4,sec::15630-89-4::10,15630-89-4,6,True
pair::13718-59-7::15630-89-4::t1,13718-59-7,15630-89-4,sec::15630-89-4::2,15630-89-4,19,True
pair::13718-59-7::15630-89-4::t2,13718-59-7,15630-89-4,sec::13718-59-7::10,13718-59-7,1,True
pair::13718-59-7::15630-89-4::t2,13718-59-7,15630-89-4,sec::13718-59-7::2,13718-59-7,3,True
pair::13718-59-7::15630-89-4::t2,13718-59-7,15630-89-4,sec::15630-89-4::10,15630-89-4,10,True
pair::13718-59-7::15630-89-4::t2,13718-59-7,15630-89-4,sec::15630-89-4::2,15630-89-4,20,True
pair::13718-59-7::15630-89-4::t3,13718-59-7,15630-89-4,sec::13718-59-7::10,13718-59-7,1,True
pair::13718-59-7::15630-89-4::t3,13718-59-7,15630-89-4,sec::13718-59-7::2,13718-59-7,4,True
pair::13718-59-7::15630-89-4::t3,13718-59-7,15630-89-4,sec::15630-89-4::10,15630-89-4,6,True
pair::13718-59-7::15630-89-4::t3,13718-59-7,15630-89-4,sec::15630-89-4::2,15630-89-4,,True
pair::13718-59-7::15630-89-4::t4,13718-59-7,15630-89-4,sec::13718-59-7::10,13718-59-7,1,True
pair::13718-59-7::15630-89-4::t4,13718-59-7,15630-89-4,sec::13718-59-7::2,13718-59-7,2,True
pair::13718-59-7::15630-89-4::t4,13718-59-7,15630-89-4,sec::15630-89-4::10,15630-89-4,6,True
pair::13718-59-7::15630-89-4::t4,13718-59-7,15630-89-4,sec::15630-89-4::2,15630-89-4,15,True
pair::10039-54-0::102-71-6::t0,10039-54-0,102-71-6,sec::10039-54-0::10,10039-54-0,1,True
pair::10039-54-0::102-71-6::t0,10039-54-0,102-71-6,sec::10039-54-0::2::p1,10039-54-0,2,True
pair::10039-54-0::102-71-6::t0,10039-54-0,102-71-6,sec::10039-54-0::2::p2,10039-54-0,,True
pair::10039-54-0::102-71-6::t0,10039-54-0,102-71-6,sec::102-71-6::10,102-71-6,3,True
pair::10039-54-0::102-71-6::t0,10039-54-0,102-71-6,sec::102-71-6::2,102-71-6,4,True
pair::10039-54-0::102-71-6::t1,10039-54-0,102-71-6,sec::10039-54-0::10,10039-54-0,1,True
pair::10039-54-0::102-71-6::t1,10039-54-0,102-71-6,sec::10039-54-0::2::p1,10039-54-0,3,True
pair::10039-54-0::102-71-6::t1,10039-54-0,102-71-6,sec::10039-54-0::2::p2,10039-54-0,,True
pair::10039-54-0::102-71-6::t1,10039-54-0,102-71-6,sec::102-71-6::10,102-71-6,4,True
pair::10039-54-0::102-71-6::t1,10039-54-0,102-71-6,sec::102-71-6::2,102-71-6,2,True
pair::10039-54-0::102-71-6::t2,10039-54-0,102-71-6,sec::10039-54-0::10,10039-54-0,2,True
pair::10039-54-0::102-71-6::t2,10039-54-0,102-71-6,sec::10039-54-0::2::p1,10039-54-0,1,True
pair::10039-54-0::102-71-6::t2,10039-54-0,102-71-6,sec::10039-54-0::2::p2,10039-54-0,,True
pair::10039-54-0::102-71-6::t2,10039-54-0,102-71-6,sec::102-71-6::10,102-71-6,9,True
pair::10039-54-0::102-71-6::t2,10039-54-0,102-71-6,sec::102-71-6::2,102-71-6,3,True
pair::10039-54-0::102-71-6::t3,10039-54-0,102-71-6,sec::10039-54-0::10,10039-54-0,1,True
pair::10039-54-0::102-71-6::t3,10039-54-0,102-71-6,sec::10039-54-0::2::p1,10039-54-0,2,True
pair::10039-54-0::102-71-6::t3,10039-54-0,102-71-6,sec::10039-54-0::2::p2,10039-54-0,,True
pair::10039-54-0::102-71-6::t3,10039-54-0,102-71-6,sec::102-71-6::10,102-71-6,3,True
pair::10039-54-0::102-71-6::t3,10039-54-0,102-71-6,sec::102-71-6::2,102-71-6,4,True
pair::10039-54-0::102-71-6::t4,10039-54-0,102-71-6,sec::10039-54-0::10,10039-54-0,1,True
pair::10039-54-0::102-71-6::t4,10039-54-0,102-71-6,sec::10039-54-0::2::p1,10039-54-0,2,True
pair::10039-54-0::102-71-6::t4,10039-54-0,102-71-6,sec::10039-54-0::2::p2,10039-54-0,,True
pair::10039-54-0::102-71-6::t4,10039-54-0,102-71-6,sec::102-71-6::10,102-71-6,4,True
pair::10039-54-0::102-71-6::t4,10039-54-0,102-71-6,sec::102-71-6::2,102-71-6,3,True
pair::112-02-7::7429-90-5::t0,112-02-7,7429-90-5,sec::112-02-7::10,112-02-7,1,True
pair::112-02-7::7429-90-5::t0,112-02-7,7429-90-5,sec::112-02-7::2,112-02-7,2,True
pair::112-02-7::7429-90-5::t0,112-02-7,7429-90-5,sec::7429-90-5::10,7429-90-5,6,True
pair::112-02-7::7429-90-5::t0,112-02-7,7429-90-5,sec::7429-90-5::2,7429-90-5,,True
pair::112-02-7::7429-90-5::t1,112-02-7,7429-90-5,sec::112-02-7::10,112-02-7,2,True
pair::112-02-7::7429-90-5::t1,112-02-7,7429-90-5,sec::112-02-7::2,112-02-7,1,True
pair::112-02-7::7429-90-5::t1,112-02-7,7429-90-5,sec::7429-90-5::10,7429-90-5,14,True
pair::112-02-7::7429-90-5::t1,112-02-7,7429-90-5,sec::7429-90-5::2,7429-90-5,19,True
pair::112-02-7::7429-90-5::t2,112-02-7,7429-90-5,sec::112-02-7::10,112-02-7,2,True
pair::112-02-7::7429-90-5::t2,112-02-7,7429-90-5,sec::112-02-7::2,112-02-7,1,True
pair::112-02-7::7429-90-5::t2,112-02-7,7429-90-5,sec::7429-90-5::10,7429-90-5,6,True
pair::112-02-7::7429-90-5::t2,112-02-7,7429-90-5,sec::7429-90-5::2,7429-90-5,20,True
pair::112-02-7::7429-90-5::t3,112-02-7,7429-90-5,sec::112-02-7::10,112-02-7,1,True
pair::112-02-7::7429-90-5::t3,112-02-7,7429-90-5,sec::112-02-7::2,112-02-7,2,True
pair::112-02-7::7429-90-5::t3,112-02-7,7429-90-5,sec::7429-90-5::10,7429-90-5,4,True
pair::112-02-7::7429-90-5::t3,112-02-7,7429-90-5,sec::7429-90-5::2,7429-90-5,,True
pair::112-02-7::7429-90-5::t4,112-02-7,7429-90-5,sec::112-02-7::10,112-02-7,2,True
pair::112-02-7::7429-90-5::t4,112-02-7,7429-90-5,sec::112-02-7::2,112-02-7,1,True
pair::112-02-7::7429-90-5::t4,112-02-7,7429-90-5,sec::7429-90-5::10,7429-90-5,15,True
pair::112-02-7::7429-90-5::t4,112-02-7,7429-90-5,sec::7429-90-5::2,7429-90-5,,True
pair::101-90-6::1336-21-6::t0,101-90-6,1336-21-6,sec::101-90-6::10,101-90-6,1,True
pair::101-90-6::1336-21-6::t0,101-90-6,1336-21-6,sec::101-90-6::2,101-90-6,2,True
pair::101-90-6::1336-21-6::t0,101-90-6,1336-21-6,sec::1336-21-6::10,1336-21-6,6,True
pair::101-90-6::1336-21-6::t0,101-90-6,1336-21-6,sec::1336-21-6::2,1336-21-6,4,True
pair::101-90-6::1336-21-6::t1,101-90-6,1336-21-6,sec::101-90-6::10,101-90-6,1,True
pair::101-90-6::1336-21-6::t1,101-90-6,1336-21-6,sec::101-90-6::2,101-90-6,2,True
pair::101-90-6::1336-21-6::t1,101-90-6,1336-21-6,sec::1336-21-6::10,1336-21-6,7,True
pair::101-90-6::1336-21-6::t1,101-90-6,1336-21-6,sec::1336-21-6::2,1336-21-6,3,True
pair::101-90-6::1336-21-6::t2,101-90-6,1336-21-6,sec::101-90-6::10,101-90-6,2,True
pair::101-90-6::1336-21-6::t2,101-90-6,1336-21-6,sec::101-90-6::2,101-90-6,1,True
pair::101-90-6::1336-21-6::t2,101-90-6,1336-21-6,sec::1336-21-6::10,1336-21-6,8,True
pair::101-90-6::1336-21-6::t2,101-90-6,1336-21-6,sec::1336-21-6::2,1336-21-6,3,True
pair::101-90-6::1336-21-6::t3,101-90-6,1336-21-6,sec::101-90-6::10,101-90-6,1,True
pair::101-90-6::1336-21-6::t3,101-90-6,1336-21-6,sec::101-90-6::2,101-90-6,2,True
pair::101-90-6::1336-21-6::t3,101-90-6,1336-21-6,sec::1336-21-6::10,1336-21-6,5,True
pair::101-90-6::1336-21-6::t3,101-90-6,1336-21-6,sec::1336-21-6::2,1336-21-6,7,True
pair::101-90-6::1336-21-6::t4,101-90-6,1336-21-6,sec::101-90-6::10,101-90-6,1,True
pair::101-90-6::1336-21-6::t4,101-90-6,1336-21-6,sec::101-90-6::2,101-90-6,2,True
pair::101-90-6::1336-21-6::t4,101-90-6,1336-21-6,sec::1336-21-6::10,1336-21-6,6,True
pair::101-90-6::1336-21-6::t4,101-90-6,1336-21-6,sec::1336-21-6::2,1336-21-6,3,True
pair::10034-82-9::107-81-3::t0,10034-82-9,107-81-3,sec::10034-82-9::10,10034-82-9,1,False
pair::10034-82-9::107-81-3::t0,10034-82-9,107-81-3,sec::10034-82-9::2,10034-82-9,8,False
pair::10034-82-9::107-81-3::t0,10034-82-9,107-81-3,sec::107-81-3::10,107-81-3,3,False
pair::10034-82-9::107-81-3::t0,10034-82-9,107-81-3,sec::107-81-3::2,107-81-3,6,False
pair::10034-82-9::107-81-3::t1,10034-82-9,107-81-3,sec::10034-82-9::10,10034-82-9,1,False
pair::10034-82-9::107-81-3::t1,10034-82-9,107-81-3,sec::10034-82-9::2,10034-82-9,2,False
pair::10034-82-9::107-81-3::t1,10034-82-9,107-81-3,sec::107-81-3::10,107-81-3,4,False
pair::10034-82-9::107-81-3::t1,10034-82-9,107-81-3,sec::107-81-3::2,107-81-3,3,False
pair::10034-82-9::107-81-3::t2,10034-82-9,107-81-3,sec::10034-82-9::10,10034-82-9,2,False
pair::10034-82-9::107-81-3::t2,10034-82-9,107-81-3,sec::10034-82-9::2,10034-82-9,1,False
pair::10034-82-9::107-81-3::t2,10034-82-9,107-81-3,sec::107-81-3::10,107-81-3,3,False
pair::10034-82-9::107-81-3::t2,10034-82-9,107-81-3,sec::107-81-3::2,107-81-3,4,False
pair::10034-82-9::107-81-3::t3,10034-82-9,107-81-3,sec::10034-82-9::10,10034-82-9,1,False
pair::10034-82-9::107-81-3::t3,10034-82-9,107-81-3,sec::10034-82-9::2,10034-82-9,3,False
pair::10034-82-9::107-81-3::t3,10034-82-9,107-81-3,sec::107-81-3::10,107-81-3,2,False
pair::10034-82-9::107-81-3::t3,10034-82-9,107-81-3,sec::107-81-3::2,107-81-3,,False
pair::10034-82-9::107-81-3::t4,10034-82-9,107-81-3,sec::10034-82-9::10,10034-82-9,1,False
pair::10034-82-9::107-81-3::t4,10034-82-9,107-81-3,sec::10034-82-9::2,10034-82-9,2,False
pair::10034-82-9::107-81-3::t4,10034-82-9,107-81-3,sec::107-81-3::10,107-81-3,4,False
pair::10034-82-9::107-81-3::t4,10034-82-9,107-81-3,sec::107-81-3::2,107-81-3,3,False
pair::105-79-3::7705-08-0::t0,105-79-3,7705-08-0,sec::105-79-3::10,105-79-3,3,True
pair::105-79-3::7705-08-0::t0,105-79-3,7705-08-0,sec::105-79-3::2,105-79-3,5,True
pair::105-79-3::7705-08-0::t0,105-79-3,7705-08-0,sec::7705-08-0::10,7705-08-0,1,True
pair::105-79-3::7705-08-0::t0,105-79-3,7705-08-0,sec::7705-08-0::2,7705-08-0,2,True
pair::105-79-3::7705-08-0::t1,105-79-3,7705-08-0,sec::105-79-3::10,105-79-3,3,True
pair::105-79-3::7705-08-0::t1,105-79-3,7705-08-0,sec::105-79-3::2,105-79-3,4,True
pair::105-79-3::7705-08-0::t1,105-79-3,7705-08-0,sec::7705-08-0::10,7705-08-0,2,True
pair::105-79-3::7705-08-0::t1,105-79-3,7705-08-0,sec::7705-08-0::2,7705-08-0,1,True
pair::105-79-3::7705-08-0::t2,105-79-3,7705-08-0,sec::105-79-3::10,105-79-3,4,True
pair::105-79-3::7705-08-0::t2,105-79-3,7705-08-0,sec::105-79-3::2,105-79-3,1,True
pair::105-79-3::7705-08-0::t2,105-79-3,7705-08-0,sec::7705-08-0::10,7705-08-0,2,True
pair::105-79-3::7705-08-0::t2,105-79-3,7705-08-0,sec::7705-08-0::2,7705-08-0,3,True
pair::105-79-3::7705-08-0::t3,105-79-3,7705-08-0,sec::105-79-3::10,105-79-3,2,True
pair::105-79-3::7705-08-0::t3,105-79-3,7705-08-0,sec::105-79-3::2,105-79-3,4,True
pair::105-79-3::7705-08-0::t3,105-79-3,7705-08-0,sec::7705-08-0::10,7705-08-0,1,True
pair::105-79-3::7705-08-0::t3,105-79-3,7705-08-0,sec::7705-08-0::2,7705-08-0,3,True
pair::105-79-3::7705-08-0::t4,105-79-3,7705-08-0,sec::105-79-3::10,105-79-3,7,True
pair::105-79-3::7705-08-0::t4,105-79-3,7705-08-0,sec::105-79-3::2,105-79-3,2,True
pair::105-79-3::7705-08-0::t4,105-79-3,7705-08-0,sec::7705-08-0::10,7705-08-0,3,True
pair::105-79-3::7705-08-0::t4,105-79-3,7705-08-0,sec::7705-08-0::2,7705-08-0,1,True
pair::103-80-0::106-87-6::t0,103-80-0,106-87-6,sec::103-80-0::10,103-80-0,2,True
pair::103-80-0::106-87-6::t0,103-80-0,106-87-6,sec::103-80-0::2,103-80-0,3,True
pair::103-80-0::106-87-6::t0,103-80-0,106-87-6,sec::106-87-6::10,106-87-6,1,True
pair::103-80-0::106-87-6::t0,103-80-0,106-87-6,sec::106-87-6::2,106-87-6,11,True
pair::103-80-0::106-87-6::t1,103-80-0,106-87-6,sec::103-80-0::10,103-80-0,3,True
pair::103-80-0::106-87-6::t1,103-80-0,106-87-6,sec::103-80-0::2,103-80-0,2,True
pair::103-80-0::106-87-6::t1,103-80-0,106-87-6,sec::106-87-6::10,106-87-6,1,True
pair::103-80-0::106-87-6::t1,103-80-0,106-87-6,sec::106-87-6::2,106-87-6,4,True
pair::103-80-0::106-87-6::t2,103-80-0,106-87-6,sec::103-80-0::10,103-80-0,1,True
pair::103-80-0::106-87-6::t2,103-80-0,106-87-6,sec::103-80-0::2,103-80-0,4,True
pair::103-80-0::106-87-6::t2,103-80-0,106-87-6,sec::106-87-6::10,106-87-6,2,True
pair::103-80-0::106-87-6::t2,103-80-0,106-87-6,sec::106-87-6::2,106-87-6,3,True
pair::103-80-0::106-87-6::t3,103-80-0,106-87-6,sec::103-80-0::10,103-80-0,1,True
pair::103-80-0::106-87-6::t3,103-80-0,106-87-6,sec::103-80-0::2,103-80-0,4,True
pair::103-80-0::106-87-6::t3,103-80-0,106-87-6,sec::106-87-6::10,106-87-6,2,True
pair::103-80-0::106-87-6::t3,103-80-0,106-87-6,sec::106-87-6::2,106-87-6,3,True
pair::103-80-0::106-87-6::t4,103-80-0,106-87-6,sec::103-80-0::10,103-80-0,4,True
pair::103-80-0::106-87-6::t4,103-80-0,106-87-6,sec::103-80-0::2,103-80-0,1,True
pair::103-80-0::106-87-6::t4,103-80-0,106-87-6,sec::106-87-6::10,106-87-6,2,True
pair::103-80-0::106-87-6::t4,103-80-0,106-87-6,sec::106-87-6::2,106-87-6,3,True
pair::10112-91-1::10169-02-5::t0,10112-91-1,10169-02-5,sec::10112-91-1::10,10112-91-1,1,True
pair::10112-91-1::10169-02-5::t0,10112-91-1,10169-02-5,sec::10112-91-1::2,10112-91-1,4,True
pair::10112-91-1::10169-02-5::t0,10112-91-1,10169-02-5,sec::10169-02-5::10,10169-02-5,2,True
pair::10112-91-1::10169-02-5::t0,10112-91-1,10169-02-5,sec::10169-02-5::2,10169-02-5,5,True
pair::10112-91-1::10169-02-5::t1,10112-91-1,10169-02-5,sec::10112-91-1::10,10112-91-1,1,True
pair::10112-91-1::10169-02-5::t1,10112-91-1,10169-02-5,sec::10112-91-1::2,10112-91-1,3,True
pair::10112-91-1::10169-02-5::t1,10112-91-1,10169-02-5,sec::10169-02-5::10,10169-02-5,2,True
pair::10112-91-1::10169-02-5::t1,10112-91-1,10169-02-5,sec::10169-02-5::2,10169-02-5,4,True
pair::10112-91-1::10169-02-5::t2,10112-91-1,10169-02-5,sec::10112-91-1::10,10112-91-1,1,True
pair::10112-91-1::10169-02-5::t2,10112-91-1,10169-02-5,sec::10112-91-1::2,10112-91-1,2,True
pair::10112-91-1::10169-02-5::t2,10112-91-1,10169-02-5,sec::10169-02-5::10,10169-02-5,3,True
pair::10112-91-1::10169-02-5::t2,10112-91-1,10169-02-5,sec::10169-02-5::2,10169-02-5,6,True
pair::10112-91-1::10169-02-5::t3,10112-91-1,10169-02-5,sec::10112-91-1::10,10112-91-1,1,True
pair::10112-91-1::10169-02-5::t3,10112-91-1,10169-02-5,sec::10112-91-1::2,10112-91-1,4,True
pair::10112-91-1::10169-02-5::t3,10112-91-1,10169-02-5,sec::10169-02-5::10,10169-02-5,2,True
pair::10112-91-1::10169-02-5::t3,10112-91-1,10169-02-5,sec::10169-02-5::2,10169-02-5,6,True
pair::10112-91-1::10169-02-5::t4,10112-91-1,10169-02-5,sec::10112-91-1::10,10112-91-1,2,True
pair::10112-91-1::10169-02-5::t4,10112-91-1,10169-02-5,sec::10112-91-1::2,10112-91-1,1,True
pair::10112-91-1::10169-02-5::t4,10112-91-1,10169-02-5,sec::10169-02-5::10,10169-02-5,4,True
pair::10112-91-1::10169-02-5::t4,10112-91-1,10169-02-5,sec::10169-02-5::2,10169-02-5,3,True
pair::143-33-9::1762-95-4::t0,143-33-9,1762-95-4,sec::143-33-9::10,143-33-9,6,True
pair::143-33-9::1762-95-4::t0,143-33-9,1762-95-4,sec::143-33-9::2,143-33-9,,True
pair::143-33-9::1762-95-4::t0,143-33-9,1762-95-4,sec::1762-95-4::10,1762-95-4,1,True
pair::143-33-9::1762-95-4::t0,143-33-9,1762-95-4,sec::1762-95-4::2,1762-95-4,2,True
pair::143-33-9::1762-95-4::t1,143-33-9,1762-95-4,sec::143-33-9::10,143-33-9,11,True
pair::143-33-9::1762-95-4::t1,143-33-9,1762-95-4,sec::143-33-9::2,143-33-9,,True
pair::143-33-9::1762-95-4::t1,143-33-9,1762-95-4,sec::1762-95-4::10,1762-95-4,1,True
pair::143-33-9::1762-95-4::t1,143-33-9,1762-95-4,sec::1762-95-4::2,1762-95-4,2,True
pair::143-33-9::1762-95-4::t2,143-33-9,1762-95-4,sec::143-33-9::10,143-33-9,10,True
pair::143-33-9::1762-95-4::t2,143-33-9,1762-95-4,sec::143-33-9::2,143-33-9,17,True
pair::143-33-9::1762-95-4::t2,143-33-9,1762-95-4,sec::1762-95-4::10,1762-95-4,1,True
pair::143-33-9::1762-95-4::t2,143-33-9,1762-95-4,sec::1762-95-4::2,1762-95-4,2,True
pair::143-33-9::1762-95-4::t3,143-33-9,1762-95-4,sec::143-33-9::10,143-33-9,12,True
pair::143-33-9::1762-95-4::t3,143-33-9,1762-95-4,sec::143-33-9::2,143-33-9,,True
pair::143-33-9::1762-95-4::t3,143-33-9,1762-95-4,sec::1762-95-4::10,1762-95-4,1,True
pair::143-33-9::1762-95-4::t3,143-33-9,1762-95-4,sec::1762-95-4::2,1762-95-4,2,True
pair::143-33-9::1762-95-4::t4,143-33-9,1762-95-4,sec::143-33-9::10,143-33-9,10,True
pair::143-33-9::1762-95-4::t4,143-33-9,1762-95-4,sec::143-33-9::2,143-33-9,17,True
pair::143-33-9::1762-95-4::t4,143-33-9,1762-95-4,sec::1762-95-4::10,1762-95-4,2,True
pair::143-33-9::1762-95-4::t4,143-33-9,1762-95-4,sec::1762-95-4::2,1762-95-4,1,True
pair::1185-81-5::121-17-5::t0,1185-81-5,121-17-5,sec::1185-81-5::10,1185-81-5,1,True
pair::1185-81-5::121-17-5::t0,1185-81-5,121-17-5,sec::1185-81-5::2,1185-81-5,2,True
pair::1185-81-5::121-17-5::t0,1185-81-5,121-17-5,sec::121-17-5::10,121-17-5,3,True
pair::1185-81-5::121-17-5::t0,1185-81-5,121-17-5,sec::121-17-5::2,121-17-5,4,True
pair::1185-81-5::121-17-5::t1,1185-81-5,121-17-5,sec::1185-81-5::10,1185-81-5,1,True
pair::1185-81-5::121-17-5::t1,1185-81-5,121-17-5,sec::1185-81-5::2,1185-81-5,2,True
pair::1185-81-5::121-17-5::t1,1185-81-5,121-17-5,sec::121-17-5::10,121-17-5,3,True
pair::1185-81-5::121-17-5::t1,1185-81-5,121-17-5,sec::121-17-5::2,121-17-5,4,True
pair::1185-81-5::121-17-5::t2,1185-81-5,121-17-5,sec::1185-81-5::10,1185-81-5,2,True
pair::1185-81-5::121-17-5::t2,1185-81-5,121-17-5,sec::1185-81-5::2,1185-81-5,1,True
pair::1185-81-5::121-17-5::t2,1185-81-5,121-17-5,sec::121-17-5::10,121-17-5,3,True
pair::1185-81-5::121-17-5::t2,1185-81-5,121-17-5,sec::121-17-5::2,121-17-5,9,True
pair::1185-81-5::121-17-5::t3,1185-81-5,121-17-5,sec::1185-81-5::10,1185-81-5,1,True
pair::1185-81-5::121-17-5::t3,1185-81-5,121-17-5,sec::1185-81-5::2,1185-81-5,2,True
pair::1185-81-5::121-17-5::t3,1185-81-5,121-17-5,sec::121-17-5::10,121-17-5,3,True
pair::1185-81-5::121-17-5::t3,1185-81-5,121-17-5,sec::121-17-5::2,121-17-5,8,True
pair::1185-81-5::121-17-5::t4,1185-81-5,121-17-5,sec::1185-81-5::10,1185-81-5,1,True
pair::1185-81-5::121-17-5::t4,1185-81-5,121-17-5,sec::1185-81-5::2,1185-81-5,2,True
pair::1185-81-5::121-17-5::t4,1185-81-5,121-17-5,sec::121-17-5::10,121-17-5,4,True
pair::1185-81-5::121-17-5::t4,1185-81-5,121-17-5,sec::121-17-5::2,121-17-5,3,True
pair::101-27-9::123-01-3::t0,101-27-9,123-01-3,sec::101-27-9::10,101-27-9,2,True
pair::101-27-9::123-01-3::t0,101-27-9,123-01-3,sec::101-27-9::2,101-27-9,6,True
pair::101-27-9::123-01-3::t0,101-27-9,123-01-3,sec::123-01-3::10,123-01-3,1,True
pair::101-27-9::123-01-3::t0,101-27-9,123-01-3,sec::123-01-3::2,123-01-3,4,True
pair::101-27-9::123-01-3::t1,101-27-9,123-01-3,sec::101-27-9::10,101-27-9,4,True
pair::101-27-9::123-01-3::t1,101-27-9,123-01-3,sec::101-27-9::2,101-27-9,3,True
pair::101-27-9::123-01-3::t1,101-27-9,123-01-3,sec::123-01-3::10,123-01-3,2,True
pair::101-27-9::123-01-3::t1,101-27-9,123-01-3,sec::123-01-3::2,123-01-3,1,True
pair::101-27-9::123-01-3::t2,101-27-9,123-01-3,sec::101-27-9::10,101-27-9,2,True
pair::101-27-9::123-01-3::t2,101-27-9,123-01-3,sec::101-27-9::2,101-27-9,1,True
pair::101-27-9::123-01-3::t2,101-27-9,123-01-3,sec::123-01-3::10,123-01-3,10,True
pair::101-27-9::123-01-3::t2,101-27-9,123-01-3,sec::123-01-3::2,123-01-3,3,True
pair::101-27-9::123-01-3::t3,101-27-9,123-01-3,sec::101-27-9::10,101-27-9,2,True
pair::101-27-9::123-01-3::t3,101-27-9,123-01-3,sec::101-27-9::2,101-27-9,3,True
pair::101-27-9::123-01-3::t3,101-27-9,123-01-3,sec::123-01-3::10,123-01-3,1,True
pair::101-27-9::123-01-3::t3,101-27-9,123-01-3,sec::123-01-3::2,123-01-3,4,True
pair::101-27-9::123-01-3::t4,101-27-9,123-01-3,sec::101-27-9::10,101-27-9,6,True
pair::101-27-9::123-01-3::t4,101-27-9,123-01-3,sec::101-27-9::2,101-27-9,3,True
pair::101-27-9::123-01-3::t4,101-27-9,123-01-3,sec::123-01-3::10,123-01-3,1,True
pair::101-27-9::123-01-3::t4,101-27-9,123-01-3,sec::123-01-3::2,123-01-3,2,True
pair::100-21-0::1024-57-3::t0,100-21-0,1024-57-3,sec::100-21-0::10,100-21-0,2,True
pair::100-21-0::1024-57-3::t0,100-21-0,1024-57-3,sec::100-21-0::2,100-21-0,5,True
pair::100-21-0::1024-57-3::t0,100-21-0,1024-57-3,sec::1024-57-3::10,1024-57-3,1,True
pair::100-21-0::1024-57-3::t0,100-21-0,1024-57-3,sec::1024-57-3::2,1024-57-3,3,True
pair::100-21-0::1024-57-3::t1,100-21-0,1024-57-3,sec::100-21-0::10,100-21-0,3,True
pair::100-21-0::1024-57-3::t1,100-21-0,1024-57-3,sec::100-21-0::2,100-21-0,2,True
pair::100-21-0::1024-57-3::t1,100-21-0,1024-57-3,sec::1024-57-3::10,1024-57-3,1,True
pair::100-21-0::1024-57-3::t1,100-21-0,1024-57-3,sec::1024-57-3::2,1024-57-3,4,True
pair::100-21-0::1024-57-3::t2,100-21-0,1024-57-3,sec::100-21-0::10,100-21-0,3,True
pair::100-21-0::1024-57-3::t2,100-21-0,1024-57-3,sec::100-21-0::2,100-21-0,1,True
pair::100-21-0::1024-57-3::t2,100-21-0,1024-57-3,sec::1024-57-3::10,1024-57-3,2,True
pair::100-21-0::1024-57-3::t2,100-21-0,1024-57-3,sec::1024-57-3::2,1024-57-3,4,True
pair::100-21-0::1024-57-3::t3,100-21-0,1024-57-3,sec::100-21-0::10,100-21-0,1,True
pair::100-21-0::1024-57-3::t3,100-21-0,1024-57-3,sec::100-21-0::2,100-21-0,4,True
pair::100-21-0::1024-57-3::t3,100-21-0,1024-57-3,sec::1024-57-3::10,1024-57-3,2,True
pair::100-21-0::1024-57-3::t3,100-21-0,1024-57-3,sec::1024-57-3::2,1024-57-3,3,True
pair::100-21-0::1024-57-3::t4,100-21-0,1024-57-3,sec::100-21-0::10,100-21-0,3,True
pair::100-21-0::1024-57-3::t4,100-21-0,1024-57-3,sec::100-21-0::2,100-21-0,4,True
pair::100-21-0::1024-57-3::t4,100-21-0,1024-57-3,sec::1024-57-3::10,1024-57-3,2,True
pair::100-21-0::1024-57-3::t4,100-21-0,1024-57-3,sec::1024-57-3::2,1024-57-3,1,True
pair::102-08-9::42615-29-2::t0,102-08-9,42615-29-2,sec::102-08-9::10,102-08-9,3,True
pair::102-08-9::42615-29-2::t0,102-08-9,42615-29-2,sec::102-08-9::2,102-08-9,8,True
pair::102-08-9::42615-29-2::t0,102-08-9,42615-29-2,sec::42615-29-2::10,42615-29-2,1,True
pair::102-08-9::42615-29-2::t0,102-08-9,42615-29-2,sec::42615-29-2::2,42615-29-2,2,True
pair::102-08-9::42615-29-2::t1,102-08-9,42615-29-2,sec::102-08-9::10,102-08-9,3,True
pair::102-08-9::42615-29-2::t1,102-08-9,42615-29-2,sec::102-08-9::2,102-08-9,4,True
pair::102-08-9::42615-29-2::t1,102-08-9,42615-29-2,sec::42615-29-2::10,42615-29-2,1,True
pair::102-08-9::42615-29-2::t1,102-08-9,42615-29-2,sec::42615-29-2::2,42615-29-2,2,True
pair::102-08-9::42615-29-2::t2,102-08-9,42615-29-2,sec::102-08-9::10,102-08-9,1,True
pair::102-08-9::42615-29-2::t2,102-08-9,42615-29-2,sec::102-08-9::2,102-08-9,4,True
pair::102-08-9::42615-29-2::t2,102-08-9,42615-29-2,sec::42615-29-2::10,42615-29-2,3,True
pair::102-08-9::42615-29-2::t2,102-08-9,42615-29-2,sec::42615-29-2::2,42615-29-2,2,True
pair::102-08-9::42615-29-2::t3,102-08-9,42615-29-2,sec::102-08-9::10,102-08-9,2,True
pair::102-08-9::42615-29-2::t3,102-08-9,42615-29-2,sec::102-08-9::2,102-08-9,5,True
pair::102-08-9::42615-29-2::t3,102-08-9,42615-29-2,sec::42615-29-2::10,42615-29-2,1,True
pair::102-08-9::42615-29-2::t3,102-08-9,42615-29-2,sec::42615-29-2::2,42615-29-2,3,True
pair::102-08-9::42615-29-2::t4,102-08-9,42615-29-2,sec::102-08-9::10,102-08-9,3,True
pair::102-08-9::42615-29-2::t4,102-08-9,42615-29-2,sec::102-08-9::2,102-08-9,4,True
pair::102-08-9::42615-29-2::t4,102-08-9,42615-29-2,sec::42615-29-2::10,42615-29-2,1,True
pair::102-08-9::42615-29-2::t4,102-08-9,42615-29-2,sec::42615-29-2::2,42615-29-2,2,True
pair::104-01-8::118-52-5::t0,104-01-8,118-52-5,sec::104-01-8::10,104-01-8,3,True
pair::104-01-8::118-52-5::t0,104-01-8,118-52-5,sec::104-01-8::2,104-01-8,5,True
pair::104-01-8::118-52-5::t0,104-01-8,118-52-5,sec::118-52-5::10,118-52-5,1,True
pair::104-01-8::118-52-5::t0,104-01-8,118-52-5,sec::118-52-5::2,118-52-5,2,True
pair::104-01-8::118-52-5::t1,104-01-8,118-52-5,sec::104-01-8::10,104-01-8,5,True
pair::104-01-8::118-52-5::t1,104-01-8,118-52-5,sec::104-01-8::2,104-01-8,4,True
pair::104-01-8::118-52-5::t1,104-01-8,118-52-5,sec::118-52-5::10,118-52-5,2,True
pair::104-01-8::118-52-5::t1,104-01-8,118-52-5,sec::118-52-5::2,118-52-5,1,True
pair::104-01-8::118-52-5::t2,104-01-8,118-52-5,sec::104-01-8::10,104-01-8,4,True
pair::104-01-8::118-52-5::t2,104-01-8,118-52-5,sec::104-01-8::2,104-01-8,3,True
pair::104-01-8::118-52-5::t2,104-01-8,118-52-5,sec::118-52-5::10,118-52-5,1,True
pair::104-01-8::118-52-5::t2,104-01-8,118-52-5,sec::118-52-5::2,118-52-5,2,True
pair::104-01-8::118-52-5::t3,104-01-8,118-52-5,sec::104-01-8::10,104-01-8,4,True
pair::104-01-8::118-52-5::t3,104-01-8,118-52-5,sec::104-01-8::2,104-01-8,5,True
pair::104-01-8::118-52-5::t3,104-01-8,118-52-5,sec::118-52-5::10,118-52-5,1,True
pair::104-01-8::118-52-5::t3,104-01-8,118-52-5,sec::118-52-5::2,118-52-5,2,True
pair::104-01-8::118-52-5::t4,104-01-8,118-52-5,sec::104-01-8::10,104-01-8,6,True
pair::104-01-8::118-52-5::t4,104-01-8,118-52-5,sec::104-01-8::2,104-01-8,3,True
pair::104-01-8::118-52-5::t4,104-01-8,118-52-5,sec::118-52-5::10,118-52-5,2,True
pair::104-01-8::118-52-5::t4,104-01-8,118-52-5,sec::118-52-5::2,118-52-5,1,True
pair::100-51-6::106-87-6::t0,100-51-6,106-87-6,sec::100-51-6::10,100-51-6,2,True
pair::100-51-6::106-87-6::t0,100-51-6,106-87-6,sec::100-51-6::2,100-51-6,6,True
pair::100-51-6::106-87-6::t0,100-51-6,106-87-6,sec::106-87-6::10,106-87-6,1,True
pair::100-51-6::106-87-6::t0,100-51-6,106-87-6,sec::106-87-6::2,106-87-6,4,True
pair::100-51-6::106-87-6::t1,100-51-6,106-87-6,sec::100-51-6::10,100-51-6,3,True
pair::100-51-6::106-87-6::t1,100-51-6,106-87-6,sec::100-51-6::2,100-51-6,4,True
pair::100-51-6::106-87-6::t1,100-51-6,106-87-6,sec::106-87-6::10,106-87-6,1,True
pair::100-51-6::106-87-6::t1,100-51-6,106-87-6,sec::106-87-6::2,106-87-6,2,True
pair::100-51-6::106-87-6::t2,100-51-6,106-87-6,sec::100-51-6::10,100-51-6,3,True
pair::100-51-6::106-87-6::t2,100-51-6,106-87-6,sec::100-51-6::2,100-51-6,4,True
pair::100-51-6::106-87-6::t2,100-51-6,106-87-6,sec::106-87-6::10,106-87-6,1,True
pair::100-51-6::106-87-6::t2,100-51-6,106-87-6,sec::106-87-6::2,106-87-6,2,True
pair::100-51-6::106-87-6::t3,100-51-6,106-87-6,sec::100-51-6::10,100-51-6,2,True
pair::100-51-6::106-87-6::t3,100-51-6,106-87-6,sec::100-51-6::2,100-51-6,5,True
pair::100-51-6::106-87-6::t3,100-51-6,106-87-6,sec::106-87-6::10,106-87-6,1,True
pair::100-51-6::106-87-6::t3,100-51-6,106-87-6,sec::106-87-6::2,106-87-6,3,True
pair::100-51-6::106-87-6::t4,100-51-6,106-87-6,sec::100-51-6::10,100-51-6,3,True
pair::100-51-6::106-87-6::t4,100-51-6,106-87-6,sec::100-51-6::2,100-51-6,4,True
pair::100-51-6::106-87-6::t4,100-51-6,106-87-6,sec::106-87-6::10,106-87-6,1,True
pair::100-51-6::106-87-6::t4,100-51-6,106-87-6,sec::106-87-6::2,106-87-6,2,True
pair::101-20-2::105-48-6::t0,101-20-2,105-48-6,sec::101-20-2::10,101-20-2,1,True
pair::101-20-2::105-48-6::t0,101-20-2,105-48-6,sec::101-20-2::2,101-20-2,3,True
pair::101-20-2::105-48-6::t0,101-20-2,105-48-6,sec::105-48-6::10,105-48-6,2,True
pair::101-20-2::105-48-6::t0,101-20-2,105-48-6,sec::105-48-6::2,105-48-6,9,True
pair::101-20-2::105-48-6::t1,101-20-2,105-48-6,sec::101-20-2::10,101-20-2,1,True
pair::101-20-2::105-48-6::t1,101-20-2,105-48-6,sec::101-20-2::2,101-20-2,2,True
pair::101-20-2::105-48-6::t1,101-20-2,105-48-6,sec::105-48-6::10,105-48-6,3,True
pair::101-20-2::105-48-6::t1,101-20-2,105-48-6,sec::105-48-6::2,105-48-6,4,True
pair::101-20-2::105-48-6::t2,101-20-2,105-48-6,sec::101-20-2::10,101-20-2,1,True
pair::101-20-2::105-48-6::t2,101-20-2,105-48-6,sec::101-20-2::2,101-20-2,2,True
pair::101-20-2::105-48-6::t2,101-20-2,105-48-6,sec::105-48-6::10,105-48-6,3,True
pair::101-20-2::105-48-6::t2,101-20-2,105-48-6,sec::105-48-6::2,105-48-6,4,True
pair::101-20-2::105-48-6::t3,101-20-2,105-48-6,sec::101-20-2::10,101-20-2,1,True
pair::101-20-2::105-48-6::t3,101-20-2,105-48-6,sec::101-20-2::2,101-20-2,3,True
pair::101-20-2::105-48-6::t3,101-20-2,105-48-6,sec::105-48-6::10,105-48-6,2,True
pair::101-20-2::105-48-6::t3,101-20-2,105-48-6,sec::105-48-6::2,105-48-6,10,True
pair::101-20-2::105-48-6::t4,101-20-2,105-48-6,sec::101-20-2::10,101-20-2,1,True
pair::101-20-2::105-48-6::t4,101-20-2,105-48-6,sec::101-20-2::2,101-20-2,2,True
pair::101-20-2::105-48-6::t4,101-20-2,105-48-6,sec::105-48-6::10,105-48-6,4,True
pair::101-20-2::105-48-6::t4,101-20-2,105-48-6,sec::105-48-6::2,105-48-6,3,True
pair::12030-88-5::1317-65-3::t0,12030-88-5,1317-65-3,sec::12030-88-5::10,12030-88-5,1,True
pair::12030-88-5::1317-65-3::t0,12030-88-5,1317-65-3,sec::12030-88-5::2,12030-88-5,4,True
pair::12030-88-5::1317-65-3::t0,12030-88-5,1317-65-3,sec::1317-65-3::10,1317-65-3,2,True
pair::12030-88-5::1317-65-3::t0,12030-88-5,1317-65-3,sec::1317-65-3::2,1317-65-3,,True
pair::12030-88-5::1317-65-3::t1,12030-88-5,1317-65-3,sec::12030-88-5::10,12030-88-5,8,True
pair::12030-88-5::1317-65-3::t1,12030-88-5,1317-65-3,sec::12030-88-5::2,12030-88-5,10,True
pair::12030-88-5::1317-65-3::t1,12030-88-5,1317-65-3,sec::1317-65-3::10,1317-65-3,1,True
pair::12030-88-5::1317-65-3::t1,12030-88-5,1317-65-3,sec::1317-65-3::2,1317-65-3,2,True
pair::12030-88-5::1317-65-3::t2,12030-88-5,1317-65-3,sec::12030-88-5::10,12030-88-5,2,True
pair::12030-88-5::1317-65-3::t2,12030-88-5,1317-65-3,sec::12030-88-5::2,12030-88-5,13,True
pair::12030-88-5::1317-65-3::t2,12030-88-5,1317-65-3,sec::1317-65-3::10,1317-65-3,1,True
pair::12030-88-5::1317-65-3::t2,12030-88-5,1317-65-3,sec::1317-65-3::2,1317-65-3,4,True
pair::12030-88-5::1317-65-3::t3,12030-88-5,1317-65-3,sec::12030-88-5::10,12030-88-5,3,True
pair::12030-88-5::1317-65-3::t3,12030-88-5,1317-65-3,sec::12030-88-5::2,12030-88-5,,True
pair::12030-88-5::1317-65-3::t3,12030-88-5,1317-65-3,sec::1317-65-3::10,1317-65-3,1,True
pair::12030-88-5::1317-65-3::t3,12030-88-5,1317-65-3,sec::1317-65-3::2,1317-65-3,,True
pair::12030-88-5::1317-65-3::t4,12030-88-5,1317-65-3,sec::12030-88-5::10,12030-88-5,5,True
pair::12030-88-5::1317-65-3::t4,12030-88-5,1317-65-3,sec::12030-88-5::2,12030-88-5,6,True
pair::12030-88-5::1317-65-3::t4,12030-88-5,1317-65-3,sec::1317-65-3::10,1317-65-3,1,True
pair::12030-88-5::1317-65-3::t4,12030-88-5,1317-65-3,sec::1317-65-3::2,1317-65-3,4,True
pair::102-08-9::1303-28-2::t0,102-08-9,1303-28-2,sec::102-08-9::10,102-08-9,1,True
pair::102-08-9::1303-28-2::t0,102-08-9,1303-28-2,sec::102-08-9::2,102-08-9,8,True
pair::102-08-9::1303-28-2::t0,102-08-9,1303-28-2,sec::1303-28-2::10,1303-28-2,2,True
pair::102-08-9::1303-28-2::t0,102-08-9,1303-28-2,sec::1303-28-2::2,1303-28-2,10,True
pair::102-08-9::1303-28-2::t1,102-08-9,1303-28-2,sec::102-08-9::10,102-08-9,1,True
pair::102-08-9::1303-28-2::t1,102-08-9,1303-28-2,sec::102-08-9::2,102-08-9,2,True
pair::102-08-9::1303-28-2::t1,102-08-9,1303-28-2,sec::1303-28-2::10,1303-28-2,4,True
pair::102-08-9::1303-28-2::t1,102-08-9,1303-28-2,sec::1303-28-2::2,1303-28-2,3,True
pair::102-08-9::1303-28-2::t2,102-08-9,1303-28-2,sec::102-08-9::10,102-08-9,1,True
pair::102-08-9::1303-28-2::t2,102-08-9,1303-28-2,sec::102-08-9::2,102-08-9,2,True
pair::102-08-9::1303-28-2::t2,102-08-9,1303-28-2,sec::1303-28-2::10,1303-28-2,4,True
pair::102-08-9::1303-28-2::t2,102-08-9,1303-28-2,sec::1303-28-2::2,1303-28-2,3,True
pair::102-08-9::1303-28-2::t3,102-08-9,1303-28-2,sec::102-08-9::10,102-08-9,1,True
pair::102-08-9::1303-28-2::t3,102-08-9,1303-28-2,sec::102-08-9::2,102-08-9,2,True
pair::102-08-9::1303-28-2::t3,102-08-9,1303-28-2,sec::1303-28-2::10,1303-28-2,3,True
pair::102-08-9::1303-28-2::t3,102-08-9,1303-28-2,sec::1303-28-2::2,1303-28-2,,True
pair::102-08-9::1303-28-2::t4,102-08-9,1303-28-2,sec::102-08-9::10,102-08-9,1,True
pair::102-08-9::1303-28-2::t4,102-08-9,1303-28-2,sec::102-08-9::2,102-08-9,2,True
pair::102-08-9::1303-28-2::t4,102-08-9,1303-28-2,sec::1303-28-2::10,1303-28-2,3,True
pair::102-08-9::1303-28-2::t4,102-08-9,1303-28-2,sec::1303-28-2::2,1303-28-2,4,True
pair::101-20-2::1310-61-8::t0,101-20-2,1310-61-8,sec::101-20-2::10,101-20-2,1,True
pair::101-20-2::1310-61-8::t0,101-20-2,1310-61-8,sec::101-20-2::2,101-20-2,2,True
pair::101-20-2::1310-61-8::t0,101-20-2,1310-61-8,sec::1310-61-8::10,1310-61-8,3,True
pair::101-20-2::1310-61-8::t0,101-20-2,1310-61-8,sec::1310-61-8::2,1310-61-8,4,True
pair::101-20-2::1310-61-8::t1,101-20-2,1310-61-8,sec::101-20-2::10,101-20-2,2,True
pair::101-20-2::1310-61-8::t1,101-20-2,1310-61-8,sec::101-20-2::2,101-20-2,1,True
pair::101-20-2::1310-61-8::t1,101-20-2,1310-61-8,sec::1310-61-8::10,1310-61-8,4,True
pair::101-20-2::1310-61-8::t1,101-20-2,1310-61-8,sec::1310-61-8::2,1310-61-8,3,True
pair::101-20-2::1310-61-8::t2,101-20-2,1310-61-8,sec::101-20-2::10,101-20-2,2,True
pair::101-20-2::1310-61-8::t2,101-20-2,1310-61-8,sec::101-20-2::2,101-20-2,1,True
pair::101-20-2::1310-61-8::t2,101-20-2,1310-61-8,sec::1310-61-8::10,1310-61-8,3,True
pair::101-20-2::1310-61-8::t2,101-20-2,1310-61-8,sec::1310-61-8::2,1310-61-8,15,True
pair::101-20-2::1310-61-8::t3,101-20-2,1310-61-8,sec::101-20-2::10,101-20-2,1,True
pair::101-20-2::1310-61-8::t3,101-20-2,1310-61-8,sec::101-20-2::2,101-20-2,3,True
pair::101-20-2::1310-61-8::t3,101-20-2,1310-61-8,sec::1310-61-8::10,1310-61-8,2,True
pair::101-20-2::1310-61-8::t3,101-20-2,1310-61-8,sec::1310-61-8::2,1310-61-8,4,True
pair::101-20-2::1310-61-8::t4,101-20-2,1310-61-8,sec::101-20-2::10,101-20-2,3,True
pair::101-20-2::1310-61-8::t4,101-20-2,1310-61-8,sec::101-20-2::2,101-20-2,1,True
pair::101-20-2::1310-61-8::t4,101-20-2,1310-61-8,sec::1310-61-8::10,1310-61-8,4,True
pair::101-20-2::1310-61-8::t4,101-20-2,1310-61-8,sec::1310-61-8::2,1310-61-8,2,True
pair::471-34-1::7440-25-7::t0,471-34-1,7440-25-7,sec::471-34-1::10,471-34-1,2,False
pair::471-34-1::7440-25-7::t0,471-34-1,7440-25-7,sec::471-34-1::2,471-34-1,9,False
pair::471-34-1::7440-25-7::t0,471-34-1,7440-25-7,sec::7440-25-7::10,7440-25-7,1,False
pair::471-34-1::7440-25-7::t0,471-34-1,7440-25-7,sec::7440-25-7::2,7440-25-7,3,False
pair::471-34-1::7440-25-7::t1,471-34-1,7440-25-7,sec::471-34-1::10,471-34-1,2,False
pair::471-34-1::7440-25-7::t1,471-34-1,7440-25-7,sec::471-34-1::2,471-34-1,8,False
pair::471-34-1::7440-25-7::t1,471-34-1,7440-25-7,sec::7440-25-7::10,7440-25-7,1,False
pair::471-34-1::7440-25-7::t1,471-34-1,7440-25-7,sec::7440-25-7::2,7440-25-7,3,False
pair::471-34-1::7440-25-7::t2,471-34-1,7440-25-7,sec::471-34-1::10,471-34-1,3,False
pair::471-34-1::7440-25-7::t2,471-34-1,7440-25-7,sec::471-34-1::2,471-34-1,7,False
pair::471-34-1::7440-25-7::t2,471-34-1,7440-25-7,sec::7440-25-7::10,7440-25-7,1,False
pair::471-34-1::7440-25-7::t2,471-34-1,7440-25-7,sec::7440-25-7::2,7440-25-7,2,False
pair::471-34-1::7440-25-7::t3,471-34-1,7440-25-7,sec::471-34-1::10,471-34-1,2,False
pair::471-34-1::7440-25-7::t3,471-34-1,7440-25-7,sec::471-34-1::2,471-34-1,16,False
pair::471-34-1::7440-25-7::t3,471-34-1,7440-25-7,sec::7440-25-7::10,7440-25-7,1,False
pair::471-34-1::7440-25-7::t3,471-34-1,7440-25-7,sec::7440-25-7::2,7440-25-7,9,False
pair::471-34-1::7440-25-7::t4,471-34-1,7440-25-7,sec::471-34-1::10,471-34-1,3,False
pair::471-34-1::7440-25-7::t4,471-34-1,7440-25-7,sec::471-34-1::2,471-34-1,9,False
pair::471-34-1::7440-25-7::t4,471-34-1,7440-25-7,sec::7440-25-7::10,7440-25-7,1,False
pair::471-34-1::7440-25-7::t4,471-34-1,7440-25-7,sec::7440-25-7::2,7440-25-7,2,False
pair::107-97-1::7440-66-6::t0,107-97-1,7440-66-6,sec::107-97-1::10,107-97-1,1,True
pair::107-97-1::7440-66-6::t0,107-97-1,7440-66-6,sec::107-97-1::2,107-97-1,4,True
pair::107-97-1::7440-66-6::t0,107-97-1,7440-66-6,sec::7440-66-6::10,7440-66-6,2,True
pair::107-97-1::7440-66-6::t0,107-97-1,7440-66-6,sec::7440-66-6::2,7440-66-6,3,True
pair::107-97-1::7440-66-6::t1,107-97-1,7440-66-6,sec::107-97-1::10,107-97-1,1,True
pair::107-97-1::7440-66-6::t1,107-97-1,7440-66-6,sec::107-97-1::2,107-97-1,2,True
pair::107-97-1::7440-66-6::t1,107-97-1,7440-66-6,sec::7440-66-6::10,7440-66-6,3,True
pair::107-97-1::7440-66-6::t1,107-97-1,7440-66-6,sec::7440-66-6::2,7440-66-6,4,True
pair::107-97-1::7440-66-6::t2,107-97-1,7440-66-6,sec::107-97-1::10,107-97-1,1,True
pair::107-97-1::7440-66-6::t2,107-97-1,7440-66-6,sec::107-97-1::2,107-97-1,4,True
pair::107-97-1::7440-66-6::t2,107-97-1,7440-66-6,sec::7440-66-6::10,7440-66-6,2,True
pair::107-97-1::7440-66-6::t2,107-97-1,7440-66-6,sec::7440-66-6::2,7440-66-6,3,True
pair::107-97-1::7440-66-6::t3,107-97-1,7440-66-6,sec::107-97-1::10,107-97-1,1,True
pair::107-97-1::7440-66-6::t3,107-97-1,7440-66-6,sec::107-97-1::2,107-97-1,4,True
pair::107-97-1::7440-66-6::t3,107-97-1,7440-66-6,sec::7440-66-6::10,7440-66-6,2,True
pair::107-97-1::7440-66-6::t3,107-97-1,7440-66-6,sec::7440-66-6::2,7440-66-6,,True
pair::107-97-1::7440-66-6::t4,107-97-1,7440-66-6,sec::107-97-1::10,107-97-1,1,True
pair::107-97-1::7440-66-6::t4,107-97-1,7440-66-6,sec::107-97-1::2,107-97-1,3,True
pair::107-97-1::7440-66-6::t4,107-97-1,7440-66-6,sec::7440-66-6::10,7440-66-6,2,True
pair::107-97-1::7440-66-6::t4,107-97-1,7440-66-6,sec::7440-66-6::2,7440-66-6,4,True
pair::10311-84-9::119-53-9::t0,10311-84-9,119-53-9,sec::10311-84-9::10,10311-84-9,1,True
pair::10311-84-9::119-53-9::t0,10311-84-9,119-53-9,sec::10311-84-9::2::p1,10311-84-9,,True
pair::10311-84-9::119-53-9::t0,10311-84-9,119-53-9,sec::10311-84-9::2::p2,10311-84-9,,True
pair::10311-84-9::119-53-9::t0,10311-84-9,119-53-9,sec::119-53-9::10,119-53-9,7,True
pair::10311-84-9::119-53-9::t0,10311-84-9,119-53-9,sec::119-53-9::2,119-53-9,,True
pair::10311-84-9::119-53-9::t1,10311-84-9,119-53-9,sec::10311-84-9::10,10311-84-9,2,True
pair::10311-84-9::119-53-9::t1,10311-84-9,119-53-9,sec::10311-84-9::2::p1,10311-84-9,7,True
pair::10311-84-9::119-53-9::t1,10311-84-9,119-53-9,sec::10311-84-9::2::p2,10311-84-9,,True
pair::10311-84-9::119-53-9::t1,10311-84-9,119-53-9,sec::119-53-9::10,119-53-9,1,True
pair::10311-84-9::119-53-9::t1,10311-84-9,119-53-9,sec::119-53-9::2,119-53-9,3,True
pair::10311-84-9::119-53-9::t2,10311-84-9,119-53-9,sec::10311-84-9::10,10311-84-9,1,True
pair::10311-84-9::119-53-9::t2,10311-84-9,119-53-9,sec::10311-84-9::2::p1,10311-84-9,2,True
pair::10311-84-9::119-53-9::t2,10311-84-9,119-53-9,sec::10311-84-9::2::p2,10311-84-9,,True
pair::10311-84-9::119-53-9::t2,10311-84-9,119-53-9,sec::119-53-9::10,119-53-9,,True
pair::10311-84-9::119-53-9::t2,10311-84-9,119-53-9,sec::119-53-9::2,119-53-9,,True
pair::10311-84-9::119-53-9::t3,10311-84-9,119-53-9,sec::10311-84-9::10,10311-84-9,1,True
pair::10311-84-9::119-53-9::t3,10311-84-9,119-53-9,sec::10311-84-9::2::p1,10311-84-9,19,True
pair::10311-84-9::119-53-9::t3,10311-84-9,119-53-9,sec::10311-84-9::2::p2,10311-84-9,,True
pair::10311-84-9::119-53-9::t3,10311-84-9,119-53-9,sec::119-53-9::10,119-53-9,2,True
pair::10311-84-9::119-53-9::t3,10311-84-9,119-53-9,sec::119-53-9::2,119-53-9,,True
pair::10311-84-9::119-53-9::t4,10311-84-9,119-53-9,sec::10311-84-9::10,10311-84-9,1,True
pair::10311-84-9::119-53-9::t4,10311-84-9,119-53-9,sec::10311-84-9::2::p1,10311-84-9,,True
pair::10311-84-9::119-53-9::t4,10311-84-9,119-53-9,sec::10311-84-9::2::p2,10311-84-9,,True
pair::10311-84-9::119-53-9::t4,10311-84-9,119-53-9,sec::119-53-9::10,119-53-9,5,True
pair::10311-84-9::119-53-9::t4,10311-84-9,119-53-9,sec::119-53-9::2,119-53-9,7,True
pair::151-21-3::7439-93-2::t0,151-21-3,7439-93-2,sec::151-21-3::10,151-21-3,1,True
pair::151-21-3::7439-93-2::t0,151-21-3,7439-93-2,sec::151-21-3::2,151-21-3,6,True
pair::151-21-3::7439-93-2::t0,151-21-3,7439-93-2,sec::7439-93-2::10,7439-93-2,10,True
pair::151-21-3::7439-93-2::t0,151-21-3,7439-93-2,sec::7439-93-2::2,7439-93-2,,True
pair::151-21-3::7439-93-2::t1,151-21-3,7439-93-2,sec::151-21-3::10,151-21-3,1,True
pair::151-21-3::7439-93-2::t1,151-21-3,7439-93-2,sec::151-21-3::2,151-21-3,3,True
pair::151-21-3::7439-93-2::t1,151-21-3,7439-93-2,sec::7439-93-2::10,7439-93-2,8,True
pair::151-21-3::7439-93-2::t1,151-21-3,7439-93-2,sec::7439-93-2::2,7439-93-2,,True
pair::151-21-3::7439-93-2::t2,151-21-3,7439-93-2,sec::151-21-3::10,151-21-3,1,True
pair::151-21-3::7439-93-2::t2,151-21-3,7439-93-2,sec::151-21-3::2,151-21-3,2,True
pair::151-21-3::7439-93-2::t2,151-21-3,7439-93-2,sec::7439-93-2::10,7439-93-2,4,True
pair::151-21-3::7439-93-2::t2,151-21-3,7439-93-2,sec::7439-93-2::2,7439-93-2,11,True
pair::151-21-3::7439-93-2::t3,151-21-3,7439-93-2,sec::151-21-3::10,151-21-3,1,True
pair::151-21-3::7439-93-2::t3,151-21-3,7439-93-2,sec::151-21-3::2,151-21-3,6,True
pair::151-21-3::7439-93-2::t3,151-21-3,7439-93-2,sec::7439-93-2::10,7439-93-2,3,True
pair::151-21-3::7439-93-2::t3,151-21-3,7439-93-2,sec::7439-93-2::2,7439-93-2,,True
pair::151-21-3::7439-93-2::t4,151-21-3,7439-93-2,sec::151-21-3::10,151-21-3,1,True
pair::151-21-3::7439-93-2::t4,151-21-3,7439-93-2,sec::151-21-3::2,151-21-3,2,True
pair::151-21-3::7439-93-2::t4,151-21-3,7439-93-2,sec::7439-93-2::10,7439-93-2,5,True
pair::151-21-3::7439-93-2::t4,151-21-3,7439-93-2,sec::7439-93-2::2,7439-93-2,,True
pair::105-74-8::42615-29-2::t0,105-74-8,42615-29-2,sec::105-74-8::10,105-74-8,1,False
pair::105-74-8::42615-29-2::t0,105-74-8,42615-29-2,sec::105-74-8::2,105-74-8,3,False
pair::105-74-8::42615-29-2::t0,105-74-8,42615-29-2,sec::42615-29-2::10,42615-29-2,2,False
pair::105-74-8::42615-29-2::t0,105-74-8,42615-29-2,sec::42615-29-2::2,42615-29-2,4,False
pair::105-74-8::42615-29-2::t1,105-74-8,42615-29-2,sec::105-74-8::10,105-74-8,3,False
pair::105-74-8::42615-29-2::t1,105-74-8,42615-29-2,sec::105-74-8::2,105-74-8,1,False
pair::105-74-8::42615-29-2::t1,105-74-8,42615-29-2,sec::42615-29-2::10,42615-29-2,2,False
pair::105-74-8::42615-29-2::t1,105-74-8,42615-29-2,sec::42615-29-2::2,42615-29-2,4,False
pair::105-74-8::42615-29-2::t2,105-74-8,42615-29-2,sec::105-74-8::10,105-74-8,3,False
pair::105-74-8::42615-29-2::t2,105-74-8,42615-29-2,sec::105-74-8::2,105-74-8,2,False
pair::105-74-8::42615-29-2::t2,105-74-8,42615-29-2,sec::42615-29-2::10,42615-29-2,4,False
pair::105-74-8::42615-29-2::t2,105-74-8,42615-29-2,sec::42615-29-2::2,42615-29-2,1,False
pair::105-74-8::42615-29-2::t3,105-74-8,42615-29-2,sec::105-74-8::10,105-74-8,1,False
pair::105-74-8::42615-29-2::t3,105-74-8,42615-29-2,sec::105-74-8::2,105-74-8,4,False
pair::105-74-8::42615-29-2::t3,105-74-8,42615-29-2,sec::42615-29-2::10,42615-29-2,2,False
pair::105-74-8::42615-29-2::t3,105-74-8,42615-29-2,sec::42615-29-2::2,42615-29-2,3,False
pair::105-74-8::42615-29-2::t4,105-74-8,42615-29-2,sec::105-74-8::10,105-74-8,2,False
pair::105-74-8::42615-29-2::t4,105-74-8,42615-29-2,sec::105-74-8::2,105-74-8,1,False
pair::105-74-8::42615-29-2::t4,105-74-8,42615-29-2,sec::42615-29-2::10,42615-29-2,4,False
pair::105-74-8::42615-29-2::t4,105-74-8,42615-29-2,sec::42615-29-2::2,42615-29-2,3,False
pair::10102-49-5::114-49-8::t0,10102-49-5,114-49-8,sec::10102-49-5::10,10102-49-5,1,True
pair::10102-49-5::114-49-8::t0,10102-49-5,114-49-8,sec::10102-49-5::2,10102-49-5,9,True
pair::10102-49-5::114-49-8::t0,10102-49-5,114-49-8,sec::114-49-8::10,114-49-8,2,True
pair::10102-49-5::114-49-8::t0,10102-49-5,114-49-8,sec::114-49-8::2,114-49-8,4,True
pair::10102-49-5::114-49-8::t1,10102-49-5,114-49-8,sec::10102-49-5::10,10102-49-5,1,True
pair::10102-49-5::114-49-8::t1,10102-49-5,114-49-8,sec::10102-49-5::2,10102-49-5,4,True
pair::10102-49-5::114-49-8::t1,10102-49-5,114-49-8,sec::114-49-8::10,114-49-8,2,True
pair::10102-49-5::114-49-8::t1,10102-49-5,114-49-8,sec::114-49-8::2,114-49-8,3,True
pair::10102-49-5::114-49-8::t2,10102-49-5,114-49-8,sec::10102-49-5::10,10102-49-5,2,True
pair::10102-49-5::114-49-8::t2,10102-49-5,114-49-8,sec::10102-49-5::2,10102-49-5,1,True
pair::10102-49-5::114-49-8::t2,10102-49-5,114-49-8,sec::114-49-8::10,114-49-8,4,True
pair::10102-49-5::114-49-8::t2,10102-49-5,114-49-8,sec::114-49-8::2,114-49-8,3,True
pair::10102-49-5::114-49-8::t3,10102-49-5,114-49-8,sec::10102-49-5::10,10102-49-5,1,True
pair::10102-49-5::114-49-8::t3,10102-49-5,114-49-8,sec::10102-49-5::2,10102-49-5,4,True
pair::10102-49-5::114-49-8::t3,10102-49-5,114-49-8,sec::114-49-8::10,114-49-8,2,True
pair::10102-49-5::114-49-8::t3,10102-49-5,114-49-8,sec::114-49-8::2,114-49-8,9,True
pair::10102-49-5::114-49-8::t4,10102-49-5,114-49-8,sec::10102-49-5::10,10102-49-5,2,True
pair::10102-49-5::114-49-8::t4,10102-49-5,114-49-8,sec::10102-49-5::2,10102-49-5,1,True
pair::10102-49-5::114-49-8::t4,10102-49-5,114-49-8,sec::114-49-8::10,114-49-8,4,True
pair::10102-49-5::114-49-8::t4,10102-49-5,114-49-8,sec::114-49-8::2,114-49-8,3,True
pair::10026-17-2::12124-99-1::t0,10026-17-2,12124-99-1,sec::10026-17-2::10,10026-17-2,1,True
pair::10026-17-2::12124-99-1::t0,10026-17-2,12124-99-1,sec::10026-17-2::2,10026-17-2,3,True
pair::10026-17-2::12124-99-1::t0,10026-17-2,12124-99-1,sec::12124-99-1::10,12124-99-1,2,True
pair::10026-17-2::12124-99-1::t0,10026-17-2,12124-99-1,sec::12124-99-1::2,12124-99-1,5,True
pair::10026-17-2::12124-99-1::t1,10026-17-2,12124-99-1,sec::10026-17-2::10,10026-17-2,1,True
pair::10026-17-2::12124-99-1::t1,10026-17-2,12124-99-1,sec::10026-17-2::2,10026-17-2,2,True
pair::10026-17-2::12124-99-1::t1,10026-17-2,12124-99-1,sec::12124-99-1::10,12124-99-1,3,True
pair::10026-17-2::12124-99-1::t1,10026-17-2,12124-99-1,sec::12124-99-1::2,12124-99-1,4,True
pair::10026-17-2::12124-99-1::t2,10026-17-2,12124-99-1,sec::10026-17-2::10,10026-17-2,1,True
pair::10026-17-2::12124-99-1::t2,10026-17-2,12124-99-1,sec::10026-17-2::2,10026-17-2,2,True
pair::10026-17-2::12124-99-1::t2,10026-17-2,12124-99-1,sec::12124-99-1::10,12124-99-1,4,True
pair::10026-17-2::12124-99-1::t2,10026-17-2,12124-99-1,sec::12124-99-1::2,12124-99-1,6,True
pair::10026-17-2::12124-99-1::t3,10026-17-2,12124-99-1,sec::10026-17-2::10,10026-17-2,1,True
pair::10026-17-2::12124-99-1::t3,10026-17-2,12124-99-1,sec::10026-17-2::2,10026-17-2,3,True
pair::10026-17-2::12124-99-1::t3,10026-17-2,12124-99-1,sec::12124-99-1::10,12124-99-1,2,True
pair::10026-17-2::12124-99-1::t3,10026-17-2,12124-99-1,sec::12124-99-1::2,12124-99-1,6,True
pair::10026-17-2::12124-99-1::t4,10026-17-2,12124-99-1,sec::10026-17-2::10,10026-17-2,2,True
pair::10026-17-2::12124-99-1::t4,10026-17-2,12124-99-1,sec::10026-17-2::2,10026-17-2,1,True
pair::10026-17-2::12124-99-1::t4,10026-17-2,12124-99-1,sec::12124-99-1::10,12124-99-1,3,True
pair::10026-17-2::12124-99-1::t4,10026-17-2,12124-99-1,sec::12124-99-1::2,12124-99-1,4,True
pair::101-90-6::7697-37-2::t0,101-90-6,7697-37-2,sec::101-90-6::10,101-90-6,1,True
pair::101-90-6::7697-37-2::t0,101-90-6,7697-37-2,sec::101-90-6::2,101-90-6,2,True
pair::101-90-6::7697-37-2::t0,101-90-6,7697-37-2,sec::7697-37-2::10,7697-37-2,4,True
pair::101-90-6::7697-37-2::t0,101-90-6,7697-37-2,sec::7697-37-2::2,7697-37-2,14,True
pair::101-90-6::7697-37-2::t1,101-90-6,7697-37-2,sec::101-90-6::10,101-90-6,1,True
pair::101-90-6::7697-37-2::t1,101-90-6,7697-37-2,sec::101-90-6::2,101-90-6,2,True
pair::101-90-6::7697-37-2::t1,101-90-6,7697-37-2,sec::7697-37-2::10,7697-37-2,6,True
pair::101-90-6::7697-37-2::t1,101-90-6,7697-37-2,sec::7697-37-2::2,7697-37-2,5,True
pair::101-90-6::7697-37-2::t2,101-90-6,7697-37-2,sec::101-90-6::10,101-90-6,2,True
pair::101-90-6::7697-37-2::t2,101-90-6,7697-37-2,sec::101-90-6::2,101-90-6,1,True
pair::101-90-6::7697-37-2::t2,101-90-6,7697-37-2,sec::7697-37-2::10,7697-37-2,17,True
pair::101-90-6::7697-37-2::t2,101-90-6,7697-37-2,sec::7697-37-2::2,7697-37-2,7,True
pair::101-90-6::7697-37-2::t3,101-90-6,7697-37-2,sec::101-90-6::10,101-90-6,1,True
pair::101-90-6::7697-37-2::t3,101-90-6,7697-37-2,sec::101-90-6::2,101-90-6,2,True
pair::101-90-6::7697-37-2::t3,101-90-6,7697-37-2,sec::7697-37-2::10,7697-37-2,4,True
pair::101-90-6::7697-37-2::t3,101-90-6,7697-37-2,sec::7697-37-2::2,7697-37-2,,True
pair::101-90-6::7697-37-2::t4,101-90-6,7697-37-2,sec::101-90-6::10,101-90-6,2,True
pair::101-90-6::7697-37-2::t4,101-90-6,7697-37-2,sec::101-90-6::2,101-90-6,1,True
pair::101-90-6::7697-37-2::t4,101-90-6,7697-37-2,sec::7697-37-2::10,7697-37-2,6,True
pair::101-90-6::7697-37-2::t4,101-90-6,7697-37-2,sec::7697-37-2::2,7697-37-2,8,True
pair::119-53-9::7439-93-2::t0,119-53-9,7439-93-2,sec::119-53-9::10,119-53-9,1,True
pair::119-53-9::7439-93-2::t0,119-53-9,7439-93-2,sec::119-53-9::2,119-53-9,4,True
pair::119-53-9::7439-93-2::t0,119-53-9,7439-93-2,sec::7439-93-2::10,7439-93-2,2,True
pair::119-53-9::7439-93-2::t0,119-53-9,7439-93-2,sec::7439-93-2::2,7439-93-2,7,True
pair::119-53-9::7439-93-2::t1,119-53-9,7439-93-2,sec::119-53-9::10,119-53-9,6,True
pair::119-53-9::7439-93-2::t1,119-53-9,7439-93-2,sec::119-53-9::2,119-53-9,8,True
pair::119-53-9::7439-93-2::t1,119-53-9,7439-93-2,sec::7439-93-2::10,7439-93-2,3,True
pair::119-53-9::7439-93-2::t1,119-53-9,7439-93-2,sec::7439-93-2::2,7439-93-2,1,True
pair::119-53-9::7439-93-2::t2,119-53-9,7439-93-2,sec::119-53-9::10,119-53-9,4,True
pair::119-53-9::7439-93-2::t2,119-53-9,7439-93-2,sec::119-53-9::2,119-53-9,,True
pair::119-53-9::7439-93-2::t2,119-53-9,7439-93-2,sec::7439-93-2::10,7439-93-2,1,True
pair::119-53-9::7439-93-2::t2,119-53-9,7439-93-2,sec::7439-93-2::2,7439-93-2,2,True
pair::119-53-9::7439-93-2::t3,119-53-9,7439-93-2,sec::119-53-9::10,119-53-9,3,True
pair::119-53-9::7439-93-2::t3,119-53-9,7439-93-2,sec::119-53-9::2,119-53-9,,True
pair::119-53-9::7439-93-2::t3,119-53-9,7439-93-2,sec::7439-93-2::10,7439-93-2,1,True
pair::119-53-9::7439-93-2::t3,119-53-9,7439-93-2,sec::7439-93-2::2,7439-93-2,,True
pair::119-53-9::7439-93-2::t4,119-53-9,7439-93-2,sec::119-53-9::10,119-53-9,2,True
pair::119-53-9::7439-93-2::t4,119-53-9,7439-93-2,sec::119-53-9::2,119-53-9,,True
pair::119-53-9::7439-93-2::t4,119-53-9,7439-93-2,sec::7439-93-2::10,7439-93-2,9,True
pair::119-53-9::7439-93-2::t4,119-53-9,7439-93-2,sec::7439-93-2::2,7439-93-2,1,True
pair::1120-71-4::42615-29-2::t0,1120-71-4,42615-29-2,sec::1120-71-4::10,1120-71-4,2,True
pair::1120-71-4::42615-29-2::t0,1120-71-4,42615-29-2,sec::1120-71-4::2,1120-71-4,4,True
pair::1120-71-4::42615-29-2::t0,1120-71-4,42615-29-2,sec::42615-29-2::10,42615-29-2,1,True
pair::1120-71-4::42615-29-2::t0,1120-71-4,42615-29-2,sec::42615-29-2::2,42615-29-2,3,True
pair::1120-71-4::42615-29-2::t1,1120-71-4,42615-29-2,sec::1120-71-4::10,1120-71-4,3,True
pair::1120-71-4::42615-29-2::t1,1120-71-4,42615-29-2,sec::1120-71-4::2,1120-71-4,5,True
pair::1120-71-4::42615-29-2::t1,1120-71-4,42615-29-2,sec::42615-29-2::10,42615-29-2,2,True
pair::1120-71-4::42615-29-2::t1,1120-71-4,42615-29-2,sec::42615-29-2::2,42615-29-2,1,True
pair::1120-71-4::42615-29-2::t2,1120-71-4,42615-29-2,sec::1120-71-4::10,1120-71-4,1,True
pair::1120-71-4::42615-29-2::t2,1120-71-4,42615-29-2,sec::1120-71-4::2,1120-71-4,4,True
pair::1120-71-4::42615-29-2::t2,1120-71-4,42615-29-2,sec::42615-29-2::10,42615-29-2,3,True
pair::1120-71-4::42615-29-2::t2,1120-71-4,42615-29-2,sec::42615-29-2::2,42615-29-2,2,True
pair::1120-71-4::42615-29-2::t3,1120-71-4,42615-29-2,sec::1120-71-4::10,1120-71-4,1,True
pair::1120-71-4::42615-29-2::t3,1120-71-4,42615-29-2,sec::1120-71-4::2,1120-71-4,5,True
pair::1120-71-4::42615-29-2::t3,1120-71-4,42615-29-2,sec::42615-29-2::10,42615-29-2,2,True
pair::1120-71-4::42615-29-2::t3,1120-71-4,42615-29-2,sec::42615-29-2::2,42615-29-2,3,True
pair::1120-71-4::42615-29-2::t4,1120-71-4,42615-29-2,sec::1120-71-4::10,1120-71-4,3,True
pair::1120-71-4::42615-29-2::t4,1120-71-4,42615-29-2,sec::1120-71-4::2,1120-71-4,4,True
pair::1120-71-4::42615-29-2::t4,1120-71-4,42615-29-2,sec::42615-29-2::10,42615-29-2,1,True
pair::1120-71-4::42615-29-2::t4,1120-71-4,42615-29-2,sec::42615-29-2::2,42615-29-2,2,True
pair::10102-20-2::7440-02-0::t0,10102-20-2,7440-02-0,sec::10102-20-2::10,10102-20-2,1,False
pair::10102-20-2::7440-02-0::t0,10102-20-2,7440-02-0,sec::10102-20-2::2,10102-20-2,2,False
pair::10102-20-2::7440-02-0::t0,10102-20-2,7440-02-0,sec::7440-02-0::10,7440-02-0,7,False
pair::10102-20-2::7440-02-0::t0,10102-20-2,7440-02-0,sec::7440-02-0::2,7440-02-0,10,False
pair::10102-20-2::7440-02-0::t1,10102-20-2,7440-02-0,sec::10102-20-2::10,10102-20-2,2,False
pair::10102-20-2::7440-02-0::t1,10102-20-2,7440-02-0,sec::10102-20-2::2,10102-20-2,1,False
pair::10102-20-2::7440-02-0::t1,10102-20-2,7440-02-0,sec::7440-02-0::10,7440-02-0,4,False
pair::10102-20-2::7440-02-0::t1,10102-20-2,7440-02-0,sec::7440-02-0::2,7440-02-0,11,False
pair::10102-20-2::7440-02-0::t2,10102-20-2,7440-02-0,sec::10102-20-2::10,10102-20-2,1,False
pair::10102-20-2::7440-02-0::t2,10102-20-2,7440-02-0,sec::10102-20-2::2,10102-20-2,2,False
pair::10102-20-2::7440-02-0::t2,10102-20-2,7440-02-0,sec::7440-02-0::10,7440-02-0,10,False
pair::10102-20-2::7440-02-0::t2,10102-20-2,7440-02-0,sec::7440-02-0::2,7440-02-0,9,False
pair::10102-20-2::7440-02-0::t3,10102-20-2,7440-02-0,sec::10102-20-2::10,10102-20-2,1,False
pair::10102-20-2::7440-02-0::t3,10102-20-2,7440-02-0,sec::10102-20-2::2,10102-20-2,2,False
pair::10102-20-2::7440-02-0::t3,10102-20-2,7440-02-0,sec::7440-02-0::10,7440-02-0,6,False
pair::10102-20-2::7440-02-0::t3,10102-20-2,7440-02-0,sec::7440-02-0::2,7440-02-0,13,False
pair::10102-20-2::7440-02-0::t4,10102-20-2,7440-02-0,sec::10102-20-2::10,10102-20-2,2,False
pair::10102-20-2::7440-02-0::t4,10102-20-2,7440-02-0,sec::10102-20-2::2,10102-20-2,1,False
pair::10102-20-2::7440-02-0::t4,10102-20-2,7440-02-0,sec::7440-02-0::10,7440-02-0,5,False
pair::10102-20-2::7440-02-0::t4,10102-20-2,7440-02-0,sec::7440-02-0::2,7440-02-0,7,False
pair::12124-99-1::16940-66-2::t0,12124-99-1,16940-66-2,sec::12124-99-1::10,12124-99-1,1,True
pair::12124-99-1::16940-66-2::t0,12124-99-1,16940-66-2,sec::12124-99-1::2,12124-99-1,2,True
pair::12124-99-1::16940-66-2::t0,12124-99-1,16940-66-2,sec::16940-66-2::10,16940-66-2,4,True
pair::12124-99-1::16940-66-2::t0,12124-99-1,16940-66-2,sec::16940-66-2::2,16940-66-2,5,True
pair::12124-99-1::16940-66-2::t1,12124-99-1,16940-66-2,sec::12124-99-1::10,12124-99-1,2,True
pair::12124-99-1::16940-66-2::t1,12124-99-1,16940-66-2,sec::12124-99-1::2,12124-99-1,1,True
pair::12124-99-1::16940-66-2::t1,12124-99-1,16940-66-2,sec::16940-66-2::10,16940-66-2,5,True
pair::12124-99-1::16940-66-2::t1,12124-99-1,16940-66-2,sec::16940-66-2::2,16940-66-2,3,True
pair::12124-99-1::16940-66-2::t2,12124-99-1,16940-66-2,sec::12124-99-1::10,12124-99-1,2,True
pair::12124-99-1::16940-66-2::t2,12124-99-1,16940-66-2,sec::12124-99-1::2,12124-99-1,1,True
pair::12124-99-1::16940-66-2::t2,12124-99-1,16940-66-2,sec::16940-66-2::10,16940-66-2,3,True
pair::12124-99-1::16940-66-2::t2,12124-99-1,16940-66-2,sec::16940-66-2::2,16940-66-2,4,True
pair::12124-99-1::16940-66-2::t3,12124-99-1,16940-66-2,sec::12124-99-1::10,12124-99-1,1,True
pair::12124-99-1::16940-66-2::t3,12124-99-1,16940-66-2,sec::12124-99-1::2,12124-99-1,2,True
pair::12124-99-1::16940-66-2::t3,12124-99-1,16940-66-2,sec::16940-66-2::10,16940-66-2,3,True
pair::12124-99-1::16940-66-2::t3,12124-99-1,16940-66-2,sec::16940-66-2::2,16940-66-2,4,True
pair::12124-99-1::16940-66-2::t4,12124-99-1,16940-66-2,sec::12124-99-1::10,12124-99-1,2,True
pair::12124-99-1::16940-66-2::t4,12124-99-1,16940-66-2,sec::12124-99-1::2,12124-99-1,1,True
pair::12124-99-1::16940-66-2::t4,12124-99-1,16940-66-2,sec::16940-66-2::10,16940-66-2,7,True
pair::12124-99-1::16940-66-2::t4,12124-99-1,16940-66-2,sec::16940-66-2::2,16940-66-2,3,True
pair::105-11-3::15630-89-4::t0,105-11-3,15630-89-4,sec::105-11-3::10,105-11-3,11,True
pair::105-11-3::15630-89-4::t0,105-11-3,15630-89-4,sec::105-11-3::2,105-11-3,13,True
pair::105-11-3::15630-89-4::t0,105-11-3,15630-89-4,sec::15630-89-4::10,15630-89-4,16,True
pair::105-11-3::15630-89-4::t0,105-11-3,15630-89-4,sec::15630-89-4::2,15630-89-4,,True
pair::105-11-3::15630-89-4::t1,105-11-3,15630-89-4,sec::105-11-3::10,105-11-3,11,True
pair::105-11-3::15630-89-4::t1,105-11-3,15630-89-4,sec::105-11-3::2,105-11-3,10,True
pair::105-11-3::15630-89-4::t1,105-11-3,15630-89-4,sec::15630-89-4::10,15630-89-4,1,True
pair::105-11-3::15630-89-4::t1,105-11-3,15630-89-4,sec::15630-89-4::2,15630-89-4,17,True
pair::105-11-3::15630-89-4::t2,105-11-3,15630-89-4,sec::105-11-3::10,105-11-3,4,True
pair::105-11-3::15630-89-4::t2,105-11-3,15630-89-4,sec::105-11-3::2,105-11-3,1,True
pair::105-11-3::15630-89-4::t2,105-11-3,15630-89-4,sec::15630-89-4::10,15630-89-4,2,True
pair::105-11-3::15630-89-4::t2,105-11-3,15630-89-4,sec::15630-89-4::2,15630-89-4,12,True
pair::105-11-3::15630-89-4::t3,105-11-3,15630-89-4,sec::105-11-3::10,105-11-3,1,True
pair::105-11-3::15630-89-4::t3,105-11-3,15630-89-4,sec::105-11-3::2,105-11-3,7,True
pair::105-11-3::15630-89-4::t3,105-11-3,15630-89-4,sec::15630-89-4::10,15630-89-4,3,True
pair::105-11-3::15630-89-4::t3,105-11-3,15630-89-4,sec::15630-89-4::2,15630-89-4,,True
pair::105-11-3::15630-89-4::t4,105-11-3,15630-89-4,sec::105-11-3::10,105-11-3,6,True
pair::105-11-3::15630-89-4::t4,105-11-3,15630-89-4,sec::105-11-3::2,105-11-3,4,True
pair::105-11-3::15630-89-4::t4,105-11-3,15630-89-4,sec::15630-89-4::10,15630-89-4,1,True
pair::105-11-3::15630-89-4::t4,105-11-3,15630-89-4,sec::15630-89-4::2,15630-89-4,8,True
pair::12124-99-1::1310-58-3::t0,12124-99-1,1310-58-3,sec::12124-99-1::10,12124-99-1,1,True
pair::12124-99-1::1310-58-3::t0,12124-99-1,1310-58-3,sec::12124-99-1::2,12124-99-1,5,True
pair::12124-99-1::1310-58-3::t0,12124-99-1,1310-58-3,sec::1310-58-3::10,1310-58-3,2,True
pair::12124-99-1::1310-58-3::t0,12124-99-1,1310-58-3,sec::1310-58-3::2,1310-58-3,,True
pair::12124-99-1::1310-58-3::t1,12124-99-1,1310-58-3,sec::12124-99-1::10,12124-99-1,2,True
pair::12124-99-1::1310-58-3::t1,12124-99-1,1310-58-3,sec::12124-99-1::2,12124-99-1,1,True
pair::12124-99-1::1310-58-3::t1,12124-99-1,1310-58-3,sec::1310-58-3::10,1310-58-3,4,True
pair::12124-99-1::1310-58-3::t1,12124-99-1,1310-58-3,sec::1310-58-3::2,1310-58-3,18,True
pair::12124-99-1::1310-58-3::t2,12124-99-1,1310-58-3,sec::12124-99-1::10,12124-99-1,1,True
pair::12124-99-1::1310-58-3::t2,12124-99-1,1310-58-3,sec::12124-99-1::2,12124-99-1,2,True
pair::12124-99-1::1310-58-3::t2,12124-99-1,1310-58-3,sec::1310-58-3::10,1310-58-3,3,True
pair::12124-99-1::1310-58-3::t2,12124-99-1,1310-58-3,sec::1310-58-3::2,1310-58-3,17,True
pair::12124-99-1::1310-58-3::t3,12124-99-1,1310-58-3,sec::12124-99-1::10,12124-99-1,1,True
pair::12124-99-1::1310-58-3::t3,12124-99-1,1310-58-3,sec::12124-99-1::2,12124-99-1,2,True
pair::12124-99-1::1310-58-3::t3,12124-99-1,1310-58-3,sec::1310-58-3::10,1310-58-3,3,True
pair::12124-99-1::1310-58-3::t3,12124-99-1,1310-58-3,sec::1310-58-3::2,1310-58-3,,True
pair::12124-99-1::1310-58-3::t4,12124-99-1,1310-58-3,sec::12124-99-1::10,12124-99-1,2,True
pair::12124-99-1::1310-58-3::t4,12124-99-1,1310-58-3,sec::12124-99-1::2,12124-99-1,1,True
pair::12124-99-1::1310-58-3::t4,12124-99-1,1310-58-3,sec::1310-58-3::10,1310-58-3,6,True
pair::12124-99-1::1310-58-3::t4,12124-99-1,1310-58-3,sec::1310-58-3::2,1310-58-3,,True
pair::10361-37-2::27176-87-0::t0,10361-37-2,27176-87-0,sec::10361-37-2::10,10361-37-2,2,True
pair::10361-37-2::27176-87-0::t0,10361-37-2,27176-87-0,sec::10361-37-2::2,10361-37-2,16,True
pair::10361-37-2::27176-87-0::t0,10361-37-2,27176-87-0,sec::27176-87-0::10,27176-87-0,1,True
pair::10361-37-2::27176-87-0::t0,10361-37-2,27176-87-0,sec::27176-87-0::2,27176-87-0,5,True
pair::10361-37-2::27176-87-0::t1,10361-37-2,27176-87-0,sec::10361-37-2::10,10361-37-2,3,True
pair::10361-37-2::27176-87-0::t1,10361-37-2,27176-87-0,sec::10361-37-2::2,10361-37-2,4,True
pair::10361-37-2::27176-87-0::t1,10361-37-2,27176-87-0,sec::27176-87-0::10,27176-87-0,1,True
pair::10361-37-2::27176-87-0::t1,10361-37-2,27176-87-0,sec::27176-87-0::2,27176-87-0,2,True
pair::10361-37-2::27176-87-0::t2,10361-37-2,27176-87-0,sec::10361-37-2::10,10361-37-2,2,True
pair::10361-37-2::27176-87-0::t2,10361-37-2,27176-87-0,sec::10361-37-2::2,10361-37-2,4,True
pair::10361-37-2::27176-87-0::t2,10361-37-2,27176-87-0,sec::27176-87-0::10,27176-87-0,1,True
pair::10361-37-2::27176-87-0::t2,10361-37-2,27176-87-0,sec::27176-87-0::2,27176-87-0,3,True
pair::10361-37-2::27176-87-0::t3,10361-37-2,27176-87-0,sec::10361-37-2::10,10361-37-2,2,True
pair::10361-37-2::27176-87-0::t3,10361-37-2,27176-87-0,sec::10361-37-2::2,10361-37-2,,True
pair::10361-37-2::27176-87-0::t3,10361-37-2,27176-87-0,sec::27176-87-0::10,27176-87-0,1,True
pair::10361-37-2::27176-87-0::t3,10361-37-2,27176-87-0,sec::27176-87-0::2,27176-87-0,3,True
pair::10361-37-2::27176-87-0::t4,10361-37-2,27176-87-0,sec::10361-37-2::10,10361-37-2,2,True
pair::10361-37-2::27176-87-0::t4,10361-37-2,27176-87-0,sec::10361-37-2::2,10361-37-2,4,True
pair::10361-37-2::27176-87-0::t4,10361-37-2,27176-87-0,sec::27176-87-0::10,27176-87-0,1,True
pair::10361-37-2::27176-87-0::t4,10361-37-2,27176-87-0,sec::27176-87-0::2,27176-87-0,3,True
pair::10265-92-6::1310-61-8::t0,10265-92-6,1310-61-8,sec::10265-92-6::10,10265-92-6,3,True
pair::10265-92-6::1310-61-8::t0,10265-92-6,1310-61-8,sec::10265-92-6::2,10265-92-6,8,True
pair::10265-92-6::1310-61-8::t0,10265-92-6,1310-61-8,sec::1310-61-8::10,1310-61-8,2,True
pair::10265-92-6::1310-61-8::t0,10265-92-6,1310-61-8,sec::1310-61-8::2,1310-61-8,1,True
pair::10265-92-6::1310-61-8::t1,10265-92-6,1310-61-8,sec::10265-92-6::10,10265-92-6,2,True
pair::10265-92-6::1310-61-8::t1,10265-92-6,1310-61-8,sec::10265-92-6::2,10265-92-6,5,True
pair::10265-92-6::1310-61-8::t1,10265-92-6,1310-61-8,sec::1310-61-8::10,1310-61-8,3,True
pair::10265-92-6::1310-61-8::t1,10265-92-6,1310-61-8,sec::1310-61-8::2,1310-61-8,1,True
pair::10265-92-6::1310-61-8::t2,10265-92-6,1310-61-8,sec::10265-92-6::10,10265-92-6,1,True
pair::10265-92-6::1310-61-8::t2,10265-92-6,1310-61-8,sec::10265-92-6::2,10265-92-6,3,True
pair::10265-92-6::1310-61-8::t2,10265-92-6,1310-61-8,sec::1310-61-8::10,1310-61-8,2,True
pair::10265-92-6::1310-61-8::t2,10265-92-6,1310-61-8,sec::1310-61-8::2,1310-61-8,4,True
pair::10265-92-6::1310-61-8::t3,10265-92-6,1310-61-8,sec::10265-92-6::10,10265-92-6,2,True
pair::10265-92-6::1310-61-8::t3,10265-92-6,1310-61-8,sec::10265-92-6::2,10265-92-6,,True
pair::10265-92-6::1310-61-8::t3,10265-92-6,1310-61-8,sec::1310-61-8::10,1310-61-8,1,True
pair::10265-92-6::1310-61-8::t3,10265-92-6,1310-61-8,sec::1310-61-8::2,1310-61-8,3,True
pair::10265-92-6::1310-61-8::t4,10265-92-6,1310-61-8,sec::10265-92-6::10,10265-92-6,3,True
pair::10265-92-6::1310-61-8::t4,10265-92-6,1310-61-8,sec::10265-92-6::2,10265-92-6,7,True
pair::10265-92-6::1310-61-8::t4,10265-92-6,1310-61-8,sec::1310-61-8::10,1310-61-8,2,True
pair::10265-92-6::1310-61-8::t4,10265-92-6,1310-61-8,sec::1310-61-8::2,1310-61-8,1,True
pair::101-27-9::12035-72-2::t0,101-27-9,12035-72-2,sec::101-27-9::10,101-27-9,1,True
pair::101-27-9::12035-72-2::t0,101-27-9,12035-72-2,sec::101-27-9::2,101-27-9,8,True
pair::101-27-9::12035-72-2::t0,101-27-9,12035-72-2,sec::12035-72-2::10,12035-72-2,6,True
pair::101-27-9::12035-72-2::t0,101-27-9,12035-72-2,sec::12035-72-2::2,12035-72-2,4,True
pair::101-27-9::12035-72-2::t1,101-27-9,12035-72-2,sec::101-27-9::10,101-27-9,1,True
pair::101-27-9::12035-72-2::t1,101-27-9,12035-72-2,sec::101-27-9::2,101-27-9,3,True
pair::101-27-9::12035-72-2::t1,101-27-9,12035-72-2,sec::12035-72-2::10,12035-72-2,9,True
pair::101-27-9::12035-72-2::t1,101-27-9,12035-72-2,sec::12035-72-2::2,12035-72-2,8,True
pair::101-27-9::12035-72-2::t2,101-27-9,12035-72-2,sec::101-27-9::10,101-27-9,2,True
pair::101-27-9::12035-72-2::t2,101-27-9,12035-72-2,sec::101-27-9::2,101-27-9,1,True
pair::101-27-9::12035-72-2::t2,101-27-9,12035-72-2,sec::12035-72-2::10,12035-72-2,5,True
pair::101-27-9::12035-72-2::t2,101-27-9,12035-72-2,sec::12035-72-2::2,12035-72-2,4,True
pair::101-27-9::12035-72-2::t3,101-27-9,12035-72-2,sec::101-27-9::10,101-27-9,1,True
pair::101-27-9::12035-72-2::t3,101-27-9,12035-72-2,sec::101-27-9::2,101-27-9,4,True
pair::101-27-9::12035-72-2::t3,101-27-9,12035-72-2,sec::12035-72-2::10,12035-72-2,7,True
pair::101-27-9::12035-72-2::t3,101-27-9,12035-72-2,sec::12035-72-2::2,12035-72-2,9,True
pair::101-27-9::12035-72-2::t4,101-27-9,12035-72-2,sec::101-27-9::10,101-27-9,5,True
pair::101-27-9::12035-72-2::t4,101-27-9,12035-72-2,sec::101-27-9::2,101-27-9,6,True
pair::101-27-9::12035-72-2::t4,101-27-9,12035-72-2,sec::12035-72-2::10,12035-72-2,8,True
pair::101-27-9::12035-72-2::t4,101-27-9,12035-72-2,sec::12035-72-2::2,12035-72-2,4,True
pair::10026-17-2::105-16-8::t0,10026-17-2,105-16-8,sec::10026-17-2::10,10026-17-2,1,True
pair::10026-17-2::105-16-8::t0,10026-17-2,105-16-8,sec::10026-17-2::2,10026-17-2,2,True
pair::10026-17-2::105-16-8::t0,10026-17-2,105-16-8,sec::105-16-8::10,105-16-8,3,True
pair::10026-17-2::105-16-8::t0,10026-17-2,105-16-8,sec::105-16-8::2::p1,105-16-8,10,True
pair::10026-17-2::105-16-8::t0,10026-17-2,105-16-8,sec::105-16-8::2::p2,105-16-8,,True
pair::10026-17-2::105-16-8::t1,10026-17-2,105-16-8,sec::10026-17-2::10,10026-17-2,1,True
pair::10026-17-2::105-16-8::t1,10026-17-2,105-16-8,sec::10026-17-2::2,10026-17-2,2,True
pair::10026-17-2::105-16-8::t1,10026-17-2,105-16-8,sec::105-16-8::10,105-16-8,3,True
pair::10026-17-2::105-16-8::t1,10026-17-2,105-16-8,sec::105-16-8::2::p1,105-16-8,6,True
pair::10026-17-2::105-16-8::t1,10026-17-2,105-16-8,sec::105-16-8::2::p2,105-16-8,,True
pair::10026-17-2::105-16-8::t2,10026-17-2,105-16-8,sec::10026-17-2::10,10026-17-2,1,True
pair::10026-17-2::105-16-8::t2,10026-17-2,105-16-8,sec::10026-17-2::2,10026-17-2,2,True
pair::10026-17-2::105-16-8::t2,10026-17-2,105-16-8,sec::105-16-8::10,105-16-8,3,True
pair::10026-17-2::105-16-8::t2,10026-17-2,105-16-8,sec::105-16-8::2::p1,105-16-8,4,True
pair::10026-17-2::105-16-8::t2,10026-17-2,105-16-8,sec::105-16-8::2::p2,105-16-8,,True
pair::10026-17-2::105-16-8::t3,10026-17-2,105-16-8,sec::10026-17-2::10,10026-17-2,1,True
pair::10026-17-2::105-16-8::t3,10026-17-2,105-16-8,sec::10026-17-2::2,10026-17-2,2,True
pair::10026-17-2::105-16-8::t3,10026-17-2,105-16-8,sec::105-16-8::10,105-16-8,3,True
pair::10026-17-2::105-16-8::t3,10026-17-2,105-16-8,sec::105-16-8::2::p1,105-16-8,5,True
pair::10026-17-2::105-16-8::t3,10026-17-2,105-16-8,sec::105-16-8::2::p2,105-16-8,,True
pair::10026-17-2::105-16-8::t4,10026-17-2,105-16-8,sec::10026-17-2::10,10026-17-2,2,True
pair::10026-17-2::105-16-8::t4,10026-17-2,105-16-8,sec::10026-17-2::2,10026-17-2,1,True
pair::10026-17-2::105-16-8::t4,10026-17-2,105-16-8,sec::105-16-8::10,105-16-8,3,True
pair::10026-17-2::105-16-8::t4,10026-17-2,105-16-8,sec::105-16-8::2::p1,105-16-8,7,True
pair::10026-17-2::105-16-8::t4,10026-17-2,105-16-8,sec::105-16-8::2::p2,105-16-8,,True
pair::108-60-1::7722-84-1::t0,108-60-1,7722-84-1,sec::108-60-1::10,108-60-1,1,True
pair::108-60-1::7722-84-1::t0,108-60-1,7722-84-1,sec::108-60-1::2,108-60-1,2,True
pair::108-60-1::7722-84-1::t0,108-60-1,7722-84-1,sec::7722-84-1::10,7722-84-1,12,True
pair::108-60-1::7722-84-1::t0,108-60-1,7722-84-1,sec::7722-84-1::2,7722-84-1,,True
pair::108-60-1::7722-84-1::t1,108-60-1,7722-84-1,sec::108-60-1::10,108-60-1,1,True
pair::108-60-1::7722-84-1::t1,108-60-1,7722-84-1,sec::108-60-1::2,108-60-1,2,True
pair::108-60-1::7722-84-1::t1,108-60-1,7722-84-1,sec::7722-84-1::10,7722-84-1,7,True
pair::108-60-1::7722-84-1::t1,108-60-1,7722-84-1,sec::7722-84-1::2,7722-84-1,6,True
pair::108-60-1::7722-84-1::t2,108-60-1,7722-84-1,sec::108-60-1::10,108-60-1,1,True
pair::108-60-1::7722-84-1::t2,108-60-1,7722-84-1,sec::108-60-1::2,108-60-1,2,True
pair::108-60-1::7722-84-1::t2,108-60-1,7722-84-1,sec::7722-84-1::10,7722-84-1,8,True
pair::108-60-1::7722-84-1::t2,108-60-1,7722-84-1,sec::7722-84-1::2,7722-84-1,7,True
pair::108-60-1::7722-84-1::t3,108-60-1,7722-84-1,sec::108-60-1::10,108-60-1,1,True
pair::108-60-1::7722-84-1::t3,108-60-1,7722-84-1,sec::108-60-1::2,108-60-1,2,True
pair::108-60-1::7722-84-1::t3,108-60-1,7722-84-1,sec::7722-84-1::10,7722-84-1,6,True
pair::108-60-1::7722-84-1::t3,108-60-1,7722-84-1,sec::7722-84-1::2,7722-84-1,,True
pair::108-60-1::7722-84-1::t4,108-60-1,7722-84-1,sec::108-60-1::10,108-60-1,2,True
pair::108-60-1::7722-84-1::t4,108-60-1,7722-84-1,sec::108-60-1::2,108-60-1,1,True
pair::108-60-1::7722-84-1::t4,108-60-1,7722-84-1,sec::7722-84-1::10,7722-84-1,6,True
pair::108-60-1::7722-84-1::t4,108-60-1,7722-84-1,sec::7722-84-1::2,7722-84-1,,True
pair::107-94-8::115-86-6::t0,107-94-8,115-86-6,sec::107-94-8::10,107-94-8,2,True
pair::107-94-8::115-86-6::t0,107-94-8,115-86-6,sec::107-94-8::2,107-94-8,3,True
pair::107-94-8::115-86-6::t0,107-94-8,115-86-6,sec::115-86-6::10,115-86-6,1,True
pair::107-94-8::115-86-6::t0,107-94-8,115-86-6,sec::115-86-6::2,115-86-6,4,True
pair::107-94-8::115-86-6::t1,107-94-8,115-86-6,sec::107-94-8::10,107-94-8,2,True
pair::107-94-8::115-86-6::t1,107-94-8,115-86-6,sec::107-94-8::2,107-94-8,3,True
pair::107-94-8::115-86-6::t1,107-94-8,115-86-6,sec::115-86-6::10,115-86-6,1,True
pair::107-94-8::115-86-6::t1,107-94-8,115-86-6,sec::115-86-6::2,115-86-6,4,True
pair::107-94-8::115-86-6::t2,107-94-8,115-86-6,sec::107-94-8::10,107-94-8,3,True
pair::107-94-8::115-86-6::t2,107-94-8,115-86-6,sec::107-94-8::2,107-94-8,2,True
pair::107-94-8::115-86-6::t2,107-94-8,115-86-6,sec::115-86-6::10,115-86-6,1,True
pair::107-94-8::115-86-6::t2,107-94-8,115-86-6,sec::115-86-6::2,115-86-6,4,True
pair::107-94-8::115-86-6::t3,107-94-8,115-86-6,sec::107-94-8::10,107-94-8,2,True
pair::107-94-8::115-86-6::t3,107-94-8,115-86-6,sec::107-94-8::2,107-94-8,3,True
pair::107-94-8::115-86-6::t3,107-94-8,115-86-6,sec::115-86-6::10,115-86-6,1,True
pair::107-94-8::115-86-6::t3,107-94-8,115-86-6,sec::115-86-6::2,115-86-6,10,True
pair::107-94-8::115-86-6::t4,107-94-8,115-86-6,sec::107-94-8::10,107-94-8,4,True
pair::107-94-8::115-86-6::t4,107-94-8,115-86-6,sec::107-94-8::2,107-94-8,2,True
pair::107-94-8::115-86-6::t4,107-94-8,115-86-6,sec::115-86-6::10,115-86-6,1,True
pair::107-94-8::115-86-6::t4,107-94-8,115-86-6,sec::115-86-6::2,115-86-6,3,True
pair::1002-89-7::10034-81-8::t0,1002-89-7,10034-81-8,sec::1002-89-7::10,1002-89-7,1,False
pair::1002-89-7::10034-81-8::t0,1002-89-7,10034-81-8,sec::1002-89-7::2,1002-89-7,4,False
pair::1002-89-7::10034-81-8::t0,1002-89-7,10034-81-8,sec::10034-81-8::10,10034-81-8,3,False
pair::1002-89-7::10034-81-8::t0,1002-89-7,10034-81-8,sec::10034-81-8::2,10034-81-8,,False
pair::1002-89-7::10034-81-8::t1,1002-89-7,10034-81-8,sec::1002-89-7::10,1002-89-7,1,False
pair::1002-89-7::10034-81-8::t1,1002-89-7,10034-81-8,sec::1002-89-7::2,1002-89-7,2,False
pair::1002-89-7::10034-81-8::t1,1002-89-7,10034-81-8,sec::10034-81-8::10,10034-81-8,7,False
pair::1002-89-7::10034-81-8::t1,1002-89-7,10034-81-8,sec::10034-81-8::2,10034-81-8,,False
pair::1002-89-7::10034-81-8::t2,1002-89-7,10034-81-8,sec::1002-89-7::10,1002-89-7,1,False
pair::1002-89-7::10034-81-8::t2,1002-89-7,10034-81-8,sec::1002-89-7::2,1002-89-7,2,False
pair::1002-89-7::10034-81-8::t2,1002-89-7,10034-81-8,sec::10034-81-8::10,10034-81-8,6,False
pair::1002-89-7::10034-81-8::t2,1002-89-7,10034-81-8,sec::10034-81-8::2,10034-81-8,,False
pair::1002-89-7::10034-81-8::t3,1002-89-7,10034-81-8,sec::1002-89-7::10,1002-89-7,1,False
pair::1002-89-7::10034-81-8::t3,1002-89-7,10034-81-8,sec::1002-89-7::2,1002-89-7,3,False
pair::1002-89-7::10034-81-8::t3,1002-89-7,10034-81-8,sec::10034-81-8::10,10034-81-8,5,False
pair::1002-89-7::10034-81-8::t3,1002-89-7,10034-81-8,sec::10034-81-8::2,10034-81-8,,False
pair::1002-89-7::10034-81-8::t4,1002-89-7,10034-81-8,sec::1002-89-7::10,1002-89-7,1,False
pair::1002-89-7::10034-81-8::t4,1002-89-7,10034-81-8,sec::1002-89-7::2,1002-89-7,2,False
pair::1002-89-7::10034-81-8::t4,1002-89-7,10034-81-8,sec::10034-81-8::10,10034-81-8,8,False
pair::1002-89-7::10034-81-8::t4,1002-89-7,10034-81-8,sec::10034-81-8::2,10034-81-8,,False
pair::100-16-3::10192-30-0::t0,100-16-3,10192-30-0,sec::100-16-3::10,100-16-3,3,True
pair::100-16-3::10192-30-0::t0,100-16-3,10192-30-0,sec::100-16-3::2,100-16-3,5,True
pair::100-16-3::10192-30-0::t0,100-16-3,10192-30-0,sec::10192-30-0::10,10192-30-0,1,True
pair::100-16-3::10192-30-0::t0,100-16-3,10192-30-0,sec::10192-30-0::2,10192-30-0,2,True
pair::100-16-3::10192-30-0::t1,100-16-3,10192-30-0,sec::100-16-3::10,100-16-3,3,True
pair::100-16-3::10192-30-0::t1,100-16-3,10192-30-0,sec::100-16-3::2,100-16-3,4,True
pair::100-16-3::10192-30-0::t1,100-16-3,10192-30-0,sec::10192-30-0::10,10192-30-0,2,True
pair::100-16-3::10192-30-0::t1,100-16-3,10192-30-0,sec::10192-30-0::2,10192-30-0,1,True
pair::100-16-3::10192-30-0::t2,100-16-3,10192-30-0,sec::100-16-3::10,100-16-3,4,True
pair::100-16-3::10192-30-0::t2,100-16-3,10192-30-0,sec::100-16-3::2,100-16-3,3,True
pair::100-16-3::10192-30-0::t2,100-16-3,10192-30-0,sec::10192-30-0::10,10192-30-0,1,True
pair::100-16-3::10192-30-0::t2,100-16-3,10192-30-0,sec::10192-30-0::2,10192-30-0,2,True
pair::100-16-3::10192-30-0::t3,100-16-3,10192-30-0,sec::100-16-3::10,100-16-3,2,True
pair::100-16-3::10192-30-0::t3,100-16-3,10192-30-0,sec::100-16-3::2,100-16-3,5,True
pair::100-16-3::10192-30-0::t3,100-16-3,10192-30-0,sec::10192-30-0::10,10192-30-0,1,True
pair::100-16-3::10192-30-0::t3,100-16-3,10192-30-0,sec::10192-30-0::2,10192-30-0,3,True
pair::100-16-3::10192-30-0::t4,100-16-3,10192-30-0,sec::100-16-3::10,100-16-3,2,True
pair::100-16-3::10192-30-0::t4,100-16-3,10192-30-0,sec::100-16-3::2,100-16-3,4,True
pair::100-16-3::10192-30-0::t4,100-16-3,10192-30-0,sec::10192-30-0::10,10192-30-0,3,True
pair::100-16-3::10192-30-0::t4,100-16-3,10192-30-0,sec::10192-30-0::2,10192-30-0,1,True
pair::10026-06-9::10241-05-1::t0,10026-06-9,10241-05-1,sec::10026-06-9::10,10026-06-9,1,True
pair::10026-06-9::10241-05-1::t0,10026-06-9,10241-05-1,sec::10026-06-9::2,10026-06-9,2,True
pair::10026-06-9::10241-05-1::t0,10026-06-9,10241-05-1,sec::10241-05-1::10,10241-05-1,4,True
pair::10026-06-9::10241-05-1::t0,10026-06-9,10241-05-1,sec::10241-05-1::2,10241-05-1,10,True
pair::10026-06-9::10241-05-1::t1,10026-06-9,10241-05-1,sec::10026-06-9::10,10026-06-9,2,True
pair::10026-06-9::10241-05-1::t1,10026-06-9,10241-05-1,sec::10026-06-9::2,10026-06-9,1,True
pair::10026-06-9::10241-05-1::t1,10026-06-9,10241-05-1,sec::10241-05-1::10,10241-05-1,3,True
pair::10026-06-9::10241-05-1::t1,10026-06-9,10241-05-1,sec::10241-05-1::2,10241-05-1,4,True
pair::10026-06-9::10241-05-1::t2,10026-06-9,10241-05-1,sec::10026-06-9::10,10026-06-9,2,True
pair::10026-06-9::10241-05-1::t2,10026-06-9,10241-05-1,sec::10026-06-9::2,10026-06-9,1,True
pair::10026-06-9::10241-05-1::t2,10026-06-9,10241-05-1,sec::10241-05-1::10,10241-05-1,5,True
pair::10026-06-9::10241-05-1::t2,10026-06-9,10241-05-1,sec::10241-05-1::2,10241-05-1,12,True
pair::10026-06-9::10241-05-1::t3,10026-06-9,10241-05-1,sec::10026-06-9::10,10026-06-9,1,True
pair::10026-06-9::10241-05-1::t3,10026-06-9,10241-05-1,sec::10026-06-9::2,10026-06-9,3,True
pair::10026-06-9::10241-05-1::t3,10026-06-9,10241-05-1,sec::10241-05-1::10,10241-05-1,2,True
pair::10026-06-9::10241-05-1::t3,10026-06-9,10241-05-1,sec::10241-05-1::2,10241-05-1,11,True
pair::10026-06-9::10241-05-1::t4,10026-06-9,10241-05-1,sec::10026-06-9::10,10026-06-9,2,True
pair::10026-06-9::10241-05-1::t4,10026-06-9,10241-05-1,sec::10026-06-9::2,10026-06-9,1,True
pair::10026-06-9::10241-05-1::t4,10026-06-9,10241-05-1,sec::10241-05-1::10,10241-05-1,5,True
pair::10026-06-9::10241-05-1::t4,10026-06-9,10241-05-1,sec::10241-05-1::2,10241-05-1,3,True
pair::10034-81-8::106-87-6::t0,10034-81-8,106-87-6,sec::10034-81-8::10,10034-81-8,2,True
pair::10034-81-8::106-87-6::t0,10034-81-8,106-87-6,sec::10034-81-8::2,10034-81-8,4,True
pair::10034-81-8::106-87-6::t0,10034-81-8,106-87-6,sec::106-87-6::10,106-87-6,1,True
pair::10034-81-8::106-87-6::t0,10034-81-8,106-87-6,sec::106-87-6::2,106-87-6,6,True
pair::10034-81-8::106-87-6::t1,10034-81-8,106-87-6,sec::10034-81-8::10,10034-81-8,2,True
pair::10034-81-8::106-87-6::t1,10034-81-8,106-87-6,sec::10034-81-8::2,10034-81-8,5,True
pair::10034-81-8::106-87-6::t1,10034-81-8,106-87-6,sec::106-87-6::10,106-87-6,1,True
pair::10034-81-8::106-87-6::t1,10034-81-8,106-87-6,sec::106-87-6::2,106-87-6,3,True
pair::10034-81-8::106-87-6::t2,10034-81-8,106-87-6,sec::10034-81-8::10,10034-81-8,2,True
pair::10034-81-8::106-87-6::t2,10034-81-8,106-87-6,sec::10034-81-8::2,10034-81-8,5,True
pair::10034-81-8::106-87-6::t2,10034-81-8,106-87-6,sec::106-87-6::10,106-87-6,1,True
pair::10034-81-8::106-87-6::t2,10034-81-8,106-87-6,sec::106-87-6::2,106-87-6,3,True
pair::10034-81-8::106-87-6::t3,10034-81-8,106-87-6,sec::10034-81-8::10,10034-81-8,2,True
pair::10034-81-8::106-87-6::t3,10034-81-8,106-87-6,sec::10034-81-8::2,10034-81-8,,True
pair::10034-81-8::106-87-6::t3,10034-81-8,106-87-6,sec::106-87-6::10,106-87-6,1,True
pair::10034-81-8::106-87-6::t3,10034-81-8,106-87-6,sec::106-87-6::2,106-87-6,8,True
pair::10034-81-8::106-87-6::t4,10034-81-8,106-87-6,sec::10034-81-8::10,10034-81-8,3,True
pair::10034-81-8::106-87-6::t4,10034-81-8,106-87-6,sec::10034-81-8::2,10034-81-8,4,True
pair::10034-81-8::106-87-6::t4,10034-81-8,106-87-6,sec::106-87-6::10,106-87-6,1,True
pair::10034-81-8::106-87-6::t4,10034-81-8,106-87-6,sec::106-87-6::2,106-87-6,2,True
pair::1333-86-4::27176-87-0::t0,1333-86-4,27176-87-0,sec::1333-86-4::10,1333-86-4,3,True
pair::1333-86-4::27176-87-0::t0,1333-86-4,27176-87-0,sec::1333-86-4::2,1333-86-4,2,True
pair::1333-86-4::27176-87-0::t0,1333-86-4,27176-87-0,sec::27176-87-0::10,27176-87-0,1,True
pair::1333-86-4::27176-87-0::t0,1333-86-4,27176-87-0,sec::27176-87-0::2,27176-87-0,9,True
pair::1333-86-4::27176-87-0::t1,1333-86-4,27176-87-0,sec::1333-86-4::10,1333-86-4,12,True
pair::1333-86-4::27176-87-0::t1,1333-86-4,27176-87-0,sec::1333-86-4::2,1333-86-4,3,True
pair::1333-86-4::27176-87-0::t1,1333-86-4,27176-87-0,sec::27176-87-0::10,27176-87-0,2,True
pair::1333-86-4::27176-87-0::t1,1333-86-4,27176-87-0,sec::27176-87-0::2,27176-87-0,1,True
pair::1333-86-4::27176-87-0::t2,1333-86-4,27176-87-0,sec::1333-86-4::10,1333-86-4,5,True
pair::1333-86-4::27176-87-0::t2,1333-86-4,27176-87-0,sec::1333-86-4::2,1333-86-4,7,True
pair::1333-86-4::27176-87-0::t2,1333-86-4,27176-87-0,sec::27176-87-0::10,27176-87-0,1,True
pair::1333-86-4::27176-87-0::t2,1333-86-4,27176-87-0,sec::27176-87-0::2,27176-87-0,2,True
pair::1333-86-4::27176-87-0::t3,1333-86-4,27176-87-0,sec::1333-86-4::10,1333-86-4,3,True
pair::1333-86-4::27176-87-0::t3,1333-86-4,27176-87-0,sec::1333-86-4::2,1333-86-4,11,True
pair::1333-86-4::27176-87-0::t3,1333-86-4,27176-87-0,sec::27176-87-0::10,27176-87-0,1,True
pair::1333-86-4::27176-87-0::t3,1333-86-4,27176-87-0,sec::27176-87-0::2,27176-87-0,2,True
pair::1333-86-4::27176-87-0::t4,1333-86-4,27176-87-0,sec::1333-86-4::10,1333-86-4,,True
pair::1333-86-4::27176-87-0::t4,1333-86-4,27176-87-0,sec::1333-86-4::2,1333-86-4,9,True
pair::1333-86-4::27176-87-0::t4,1333-86-4,27176-87-0,sec::27176-87-0::10,27176-87-0,1,True
pair::1333-86-4::27176-87-0::t4,1333-86-4,27176-87-0,sec::27176-87-0::2,27176-87-0,2,True
pair::104-88-1::7664-93-9::t0,104-88-1,7664-93-9,sec::104-88-1::10,104-88-1,1,True
pair::104-88-1::7664-93-9::t0,104-88-1,7664-93-9,sec::104-88-1::2,104-88-1,2,True
pair::104-88-1::7664-93-9::t0,104-88-1,7664-93-9,sec::7664-93-9::10,7664-93-9,,True
pair::104-88-1::7664-93-9::t0,104-88-1,7664-93-9,sec::7664-93-9::2,7664-93-9,7,True
pair::104-88-1::7664-93-9::t1,104-88-1,7664-93-9,sec::104-88-1::10,104-88-1,2,True
pair::104-88-1::7664-93-9::t1,104-88-1,7664-93-9,sec::104-88-1::2,104-88-1,1,True
pair::104-88-1::7664-93-9::t1,104-88-1,7664-93-9,sec::7664-93-9::10,7664-93-9,6,True
pair::104-88-1::7664-93-9::t1,104-88-1,7664-93-9,sec::7664-93-9::2,7664-93-9,3,True
pair::104-88-1::7664-93-9::t2,104-88-1,7664-93-9,sec::104-88-1::10,104-88-1,2,True
pair::104-88-1::7664-93-9::t2,104-88-1,7664-93-9,sec::104-88-1::2,104-88-1,1,True
pair::104-88-1::7664-93-9::t2,104-88-1,7664-93-9,sec::7664-93-9::10,7664-93-9,,True
pair::104-88-1::7664-93-9::t2,104-88-1,7664-93-9,sec::7664-93-9::2,7664-93-9,11,True
pair::104-88-1::7664-93-9::t3,104-88-1,7664-93-9,sec::104-88-1::10,104-88-1,1,True
pair::104-88-1::7664-93-9::t3,104-88-1,7664-93-9,sec::104-88-1::2,104-88-1,3,True
pair::104-88-1::7664-93-9::t3,104-88-1,7664-93-9,sec::7664-93-9::10,7664-93-9,4,True
pair::104-88-1::7664-93-9::t3,104-88-1,7664-93-9,sec::7664-93-9::2,7664-93-9,,True
pair::104-88-1::7664-93-9::t4,104-88-1,7664-93-9,sec::104-88-1::10,104-88-1,2,True
pair::104-88-1::7664-93-9::t4,104-88-1,7664-93-9,sec::104-88-1::2,104-88-1,1,True
pair::104-88-1::7664-93-9::t4,104-88-1,7664-93-9,sec::7664-93-9::10,7664-93-9,,True
pair::104-88-1::7664-93-9::t4,104-88-1,7664-93-9,sec::7664-93-9::2,7664-93-9,5,True
pair::100-22-1::1313-82-2::t0,100-22-1,1313-82-2,sec::100-22-1::10,100-22-1,1,True
pair::100-22-1::1313-82-2::t0,100-22-1,1313-82-2,sec::100-22-1::2,100-22-1,2,True
pair::100-22-1::1313-82-2::t0,100-22-1,1313-82-2,sec::1313-82-2::10,1313-82-2,5,True
pair::100-22-1::1313-82-2::t0,100-22-1,1313-82-2,sec::1313-82-2::2,1313-82-2,7,True
pair::100-22-1::1313-82-2::t1,100-22-1,1313-82-2,sec::100-22-1::10,100-22-1,1,True
pair::100-22-1::1313-82-2::t1,100-22-1,1313-82-2,sec::100-22-1::2,100-22-1,2,True
pair::100-22-1::1313-82-2::t1,100-22-1,1313-82-2,sec::1313-82-2::10,1313-82-2,6,True
pair::100-22-1::1313-82-2::t1,100-22-1,1313-82-2,sec::1313-82-2::2,1313-82-2,5,True
pair::100-22-1::1313-82-2::t2,100-22-1,1313-82-2,sec::100-22-1::10,100-22-1,1,True
pair::100-22-1::1313-82-2::t2,100-22-1,1313-82-2,sec::100-22-1::2,100-22-1,2,True
pair::100-22-1::1313-82-2::t2,100-22-1,1313-82-2,sec::1313-82-2::10,1313-82-2,8,True
pair::100-22-1::1313-82-2::t2,100-22-1,1313-82-2,sec::1313-82-2::2,1313-82-2,7,True
pair::100-22-1::1313-82-2::t3,100-22-1,1313-82-2,sec::100-22-1::10,100-22-1,1,True
pair::100-22-1::1313-82-2::t3,100-22-1,1313-82-2,sec::100-22-1::2,100-22-1,2,True
pair::100-22-1::1313-82-2::t3,100-22-1,1313-82-2,sec::1313-82-2::10,1313-82-2,5,True
pair::100-22-1::1313-82-2::t3,100-22-1,1313-82-2,sec::1313-82-2::2,1313-82-2,7,True
pair::100-22-1::1313-82-2::t4,100-22-1,1313-82-2,sec::100-22-1::10,100-22-1,2,True
pair::100-22-1::1313-82-2::t4,100-22-1,1313-82-2,sec::100-22-1::2,100-22-1,1,True
pair::100-22-1::1313-82-2::t4,100-22-1,1313-82-2,sec::1313-82-2::10,1313-82-2,7,True
pair::100-22-1::1313-82-2::t4,100-22-1,1313-82-2,sec::1313-82-2::2,1313-82-2,4,True
pair::1031-07-8::107-35-7::t0,1031-07-8,107-35-7,sec::1031-07-8::10,1031-07-8,1,True
pair::1031-07-8::107-35-7::t0,1031-07-8,107-35-7,sec::1031-07-8::2,1031-07-8,2,True
pair::1031-07-8::107-35-7::t0,1031-07-8,107-35-7,sec::107-35-7::10,107-35-7,3,True
pair::1031-07-8::107-35-7::t0,1031-07-8,107-35-7,sec::107-35-7::2,107-35-7,4,True
pair::1031-07-8::107-35-7::t1,1031-07-8,107-35-7,sec::1031-07-8::10,1031-07-8,5,True
pair::1031-07-8::107-35-7::t1,1031-07-8,107-35-7,sec::1031-07-8::2,1031-07-8,3,True
pair::1031-07-8::107-35-7::t1,1031-07-8,107-35-7,sec::107-35-7::10,107-35-7,1,True
pair::1031-07-8::107-35-7::t1,1031-07-8,107-35-7,sec::107-35-7::2,107-35-7,4,True
pair::1031-07-8::107-35-7::t2,1031-07-8,107-35-7,sec::1031-07-8::10,1031-07-8,3,True
pair::1031-07-8::107-35-7::t2,1031-07-8,107-35-7,sec::1031-07-8::2,1031-07-8,1,True
pair::1031-07-8::107-35-7::t2,1031-07-8,107-35-7,sec::107-35-7::10,107-35-7,8,True
pair::1031-07-8::107-35-7::t2,1031-07-8,107-35-7,sec::107-35-7::2,107-35-7,7,True
pair::1031-07-8::107-35-7::t3,1031-07-8,107-35-7,sec::1031-07-8::10,1031-07-8,1,True
pair::1031-07-8::107-35-7::t3,1031-07-8,107-35-7,sec::1031-07-8::2,1031-07-8,7,True
pair::1031-07-8::107-35-7::t3,1031-07-8,107-35-7,sec::107-35-7::10,107-35-7,2,True
pair::1031-07-8::107-35-7::t3,1031-07-8,107-35-7,sec::107-35-7::2,107-35-7,18,True
pair::1031-07-8::107-35-7::t4,1031-07-8,107-35-7,sec::1031-07-8::10,1031-07-8,3,True
pair::1031-07-8::107-35-7::t4,1031-07-8,107-35-7,sec::1031-07-8::2,1031-07-8,2,True
pair::1031-07-8::107-35-7::t4,1031-07-8,107-35-7,sec::107-35-7::10,107-35-7,1,True
pair::1031-07-8::107-35-7::t4,1031-07-8,107-35-7,sec::107-35-7::2,107-35-7,4,True
pair::103-80-0::1310-73-2::t0,103-80-0,1310-73-2,sec::103-80-0::10,103-80-0,1,True
pair::103-80-0::1310-73-2::t0,103-80-0,1310-73-2,sec::103-80-0::2,103-80-0,2,True
pair::103-80-0::1310-73-2::t0,103-80-0,1310-73-2,sec::1310-73-2::10,1310-73-2,3,True
pair::103-80-0::1310-73-2::t0,103-80-0,1310-73-2,sec::1310-73-2::2,1310-73-2,,True
pair::103-80-0::1310-73-2::t1,103-80-0,1310-73-2,sec::103-80-0::10,103-80-0,2,True
pair::103-80-0::1310-73-2::t1,103-80-0,1310-73-2,sec::103-80-0::2,103-80-0,1,True
pair::103-80-0::1310-73-2::t1,103-80-0,1310-73-2,sec::1310-73-2::10,1310-73-2,4,True
pair::103-80-0::1310-73-2::t1,103-80-0,1310-73-2,sec::1310-73-2::2,1310-73-2,3,True
pair::103-80-0::1310-73-2::t2,103-80-0,1310-73-2,sec::103-80-0::10,103-80-0,1,True
pair::103-80-0::1310-73-2::t2,103-80-0,1310-73-2,sec::103-80-0::2,103-80-0,2,True
pair::103-80-0::1310-73-2::t2,103-80-0,1310-73-2,sec::1310-73-2::10,1310-73-2,3,True
pair::103-80-0::1310-73-2::t2,103-80-0,1310-73-2,sec::1310-73-2::2,1310-73-2,4,True
pair::103-80-0::1310-73-2::t3,103-80-0,1310-73-2,sec::103-80-0::10,103-80-0,1,True
pair::103-80-0::1310-73-2::t3,103-80-0,1310-73-2,sec::103-80-0::2,103-80-0,2,True
pair::103-80-0::1310-73-2::t3,103-80-0,1310-73-2,sec::1310-73-2::10,1310-73-2,3,True
pair::103-80-0::1310-73-2::t3,103-80-0,1310-73-2,sec::1310-73-2::2,1310-73-2,,True
pair::103-80-0::1310-73-2::t4,103-80-0,1310-73-2,sec::103-80-0::10,103-80-0,2,True
pair::103-80-0::1310-73-2::t4,103-80-0,1310-73-2,sec::103-80-0::2,103-80-0,1,True
pair::103-80-0::1310-73-2::t4,103-80-0,1310-73-2,sec::1310-73-2::10,1310-73-2,5,True
pair::103-80-0::1310-73-2::t4,103-80-0,1310-73-2,sec::1310-73-2::2,1310-73-2,3,True
pair::106-31-0::114-49-8::t0,106-31-0,114-49-8,sec::106-31-0::10,106-31-0,1,True
pair::106-31-0::114-49-8::t0,106-31-0,114-49-8,sec::106-31-0::2,106-31-0,4,True
pair::106-31-0::114-49-8::t0,106-31-0,114-49-8,sec::114-49-8::10,114-49-8,2,True
pair::106-31-0::114-49-8::t0,106-31-0,114-49-8,sec::114-49-8::2,114-49-8,3,True
pair::106-31-0::114-49-8::t1,106-31-0,114-49-8,sec::106-31-0::10,106-31-0,3,True
pair::106-31-0::114-49-8::t1,106-31-0,114-49-8,sec::106-31-0::2,106-31-0,4,True
pair::106-31-0::114-49-8::t1,106-31-0,114-49-8,sec::114-49-8::10,114-49-8,1,True
pair::106-31-0::114-49-8::t1,106-31-0,114-49-8,sec::114-49-8::2,114-49-8,2,True
pair::106-31-0::114-49-8::t2,106-31-0,114-49-8,sec::106-31-0::10,106-31-0,1,True
pair::106-31-0::114-49-8::t2,106-31-0,114-49-8,sec::106-31-0::2,106-31-0,3,True
pair::106-31-0::114-49-8::t2,106-31-0,114-49-8,sec::114-49-8::10,114-49-8,4,True
pair::106-31-0::114-49-8::t2,106-31-0,114-49-8,sec::114-49-8::2,114-49-8,2,True
pair::106-31-0::114-49-8::t3,106-31-0,114-49-8,sec::106-31-0::10,106-31-0,2,True
pair::106-31-0::114-49-8::t3,106-31-0,114-49-8,sec::106-31-0::2,106-31-0,3,True
pair::106-31-0::114-49-8::t3,106-31-0,114-49-8,sec::114-49-8::10,114-49-8,1,True
pair::106-31-0::114-49-8::t3,106-31-0,114-49-8,sec::114-49-8::2,114-49-8,4,True
pair::106-31-0::114-49-8::t4,106-31-0,114-49-8,sec::106-31-0::10,106-31-0,4,True
pair::106-31-0::114-49-8::t4,106-31-0,114-49-8,sec::106-31-0::2,106-31-0,3,True
pair::106-31-0::114-49-8::t4,106-31-0,114-49-8,sec::114-49-8::10,114-49-8,2,True
pair::106-31-0::114-49-8::t4,106-31-0,114-49-8,sec::114-49-8::2,114-49-8,1,True
pair::111-54-6::7664-93-9::t0,111-54-6,7664-93-9,sec::111-54-6::10,111-54-6,1,True
pair::111-54-6::7664-93-9::t0,111-54-6,7664-93-9,sec::111-54-6::2,111-54-6,6,True
pair::111-54-6::7664-93-9::t0,111-54-6,7664-93-9,sec::7664-93-9::10,7664-93-9,,True
pair::111-54-6::7664-93-9::t0,111-54-6,7664-93-9,sec::7664-93-9::2,7664-93-9,11,True
pair::111-54-6::7664-93-9::t1,111-54-6,7664-93-9,sec::111-54-6::10,111-54-6,8,True
pair::111-54-6::7664-93-9::t1,111-54-6,7664-93-9,sec::111-54-6::2,111-54-6,9,True
pair::111-54-6::7664-93-9::t1,111-54-6,7664-93-9,sec::7664-93-9::10,7664-93-9,7,True
pair::111-54-6::7664-93-9::t1,111-54-6,7664-93-9,sec::7664-93-9::2,7664-93-9,1,True
pair::111-54-6::7664-93-9::t2,111-54-6,7664-93-9,sec::111-54-6::10,111-54-6,1,True
pair::111-54-6::7664-93-9::t2,111-54-6,7664-93-9,sec::111-54-6::2,111-54-6,3,True
pair::111-54-6::7664-93-9::t2,111-54-6,7664-93-9,sec::7664-93-9::10,7664-93-9,,True
pair::111-54-6::7664-93-9::t2,111-54-6,7664-93-9,sec::7664-93-9::2,7664-93-9,13,True
pair::111-54-6::7664-93-9::t3,111-54-6,7664-93-9,sec::111-54-6::10,111-54-6,6,True
pair::111-54-6::7664-93-9::t3,111-54-6,7664-93-9,sec::111-54-6::2,111-54-6,8,True
pair::111-54-6::7664-93-9::t3,111-54-6,7664-93-9,sec::7664-93-9::10,7664-93-9,5,True
pair::111-54-6::7664-93-9::t3,111-54-6,7664-93-9,sec::7664-93-9::2,7664-93-9,,True
pair::111-54-6::7664-93-9::t4,111-54-6,7664-93-9,sec::111-54-6::10,111-54-6,4,True
pair::111-54-6::7664-93-9::t4,111-54-6,7664-93-9,sec::111-54-6::2,111-54-6,6,True
pair::111-54-6::7664-93-9::t4,111-54-6,7664-93-9,sec::7664-93-9::10,7664-93-9,,True
pair::111-54-6::7664-93-9::t4,111-54-6,7664-93-9,sec::7664-93-9::2,7664-93-9,8,True
pair::10101-50-5::112-02-7::t0,10101-50-5,112-02-7,sec::10101-50-5::10,10101-50-5,1,True
pair::10101-50-5::112-02-7::t0,10101-50-5,112-02-7,sec::10101-50-5::2,10101-50-5,4,True
pair::10101-50-5::112-02-7::t0,10101-50-5,112-02-7,sec::112-02-7::10,112-02-7,2,True
pair::10101-50-5::112-02-7::t0,10101-50-5,112-02-7,sec::112-02-7::2,112-02-7,3,True
pair::10101-50-5::112-02-7::t1,10101-50-5,112-02-7,sec::10101-50-5::10,10101-50-5,2,True
pair::10101-50-5::112-02-7::t1,10101-50-5,112-02-7,sec::10101-50-5::2,10101-50-5,4,True
pair::10101-50-5::112-02-7::t1,10101-50-5,112-02-7,sec::112-02-7::10,112-02-7,3,True
pair::10101-50-5::112-02-7::t1,10101-50-5,112-02-7,sec::112-02-7::2,112-02-7,1,True
pair::10101-50-5::112-02-7::t2,10101-50-5,112-02-7,sec::10101-50-5::10,10101-50-5,3,True
pair::10101-50-5::112-02-7::t2,10101-50-5,112-02-7,sec::10101-50-5::2,10101-50-5,4,True
pair::10101-50-5::112-02-7::t2,10101-50-5,112-02-7,sec::112-02-7::10,112-02-7,2,True
pair::10101-50-5::112-02-7::t2,10101-50-5,112-02-7,sec::112-02-7::2,112-02-7,1,True
pair::10101-50-5::112-02-7::t3,10101-50-5,112-02-7,sec::10101-50-5::10,10101-50-5,3,True
pair::10101-50-5::112-02-7::t3,10101-50-5,112-02-7,sec::10101-50-5::2,10101-50-5,7,True
pair::10101-50-5::112-02-7::t3,10101-50-5,112-02-7,sec::112-02-7::10,112-02-7,1,True
pair::10101-50-5::112-02-7::t3,10101-50-5,112-02-7,sec::112-02-7::2,112-02-7,2,True
pair::10101-50-5::112-02-7::t4,10101-50-5,112-02-7,sec::10101-50-5::10,10101-50-5,2,True
pair::10101-50-5::112-02-7::t4,10101-50-5,112-02-7,sec::10101-50-5::2,10101-50-5,3,True
pair::10101-50-5::112-02-7::t4,10101-50-5,112-02-7,sec::112-02-7::10,112-02-7,4,True
pair::10101-50-5::112-02-7::t4,10101-50-5,112-02-7,sec::112-02-7::2,112-02-7,1,True
pair::118-52-5::1310-61-8::t0,118-52-5,1310-61-8,sec::118-52-5::10,118-52-5,1,True
pair::118-52-5::1310-61-8::t0,118-52-5,1310-61-8,sec::118-52-5::2,118-52-5,2,True
pair::118-52-5::1310-61-8::t0,118-52-5,1310-61-8,sec::1310-61-8::10,1310-61-8,3,True
pair::118-52-5::1310-61-8::t0,118-52-5,1310-61-8,sec::1310-61-8::2,1310-61-8,4,True
pair::118-52-5::1310-61-8::t1,118-52-5,1310-61-8,sec::118-52-5::10,118-52-5,2,True
pair::118-52-5::1310-61-8::t1,118-52-5,1310-61-8,sec::118-52-5::2,118-52-5,1,True
pair::118-52-5::1310-61-8::t1,118-52-5,1310-61-8,sec::1310-61-8::10,1310-61-8,4,True
pair::118-52-5::1310-61-8::t1,118-52-5,1310-61-8,sec::1310-61-8::2,1310-61-8,3,True
pair::118-52-5::1310-61-8::t2,118-52-5,1310-61-8,sec::118-52-5::10,118-52-5,2,True
pair::118-52-5::1310-61-8::t2,118-52-5,1310-61-8,sec::118-52-5::2,118-52-5,1,True
pair::118-52-5::1310-61-8::t2,118-52-5,1310-61-8,sec::1310-61-8::10,1310-61-8,3,True
pair::118-52-5::1310-61-8::t2,118-52-5,1310-61-8,sec::1310-61-8::2,1310-61-8,5,True
pair::118-52-5::1310-61-8::t3,118-52-5,1310-61-8,sec::118-52-5::10,118-52-5,1,True
pair::118-52-5::1310-61-8::t3,118-52-5,1310-61-8,sec::118-52-5::2,118-52-5,2,True
pair::118-52-5::1310-61-8::t3,118-52-5,1310-61-8,sec::1310-61-8::10,1310-61-8,3,True
pair::118-52-5::1310-61-8::t3,118-52-5,1310-61-8,sec::1310-61-8::2,1310-61-8,4,True
pair::118-52-5::1310-61-8::t4,118-52-5,1310-61-8,sec::118-52-5::10,118-52-5,2,True
pair::118-52-5::1310-61-8::t4,118-52-5,1310-61-8,sec::118-52-5::2,118-52-5,1,True
pair::118-52-5::1310-61-8::t4,118-52-5,1310-61-8,sec::1310-61-8::10,1310-61-8,5,True
pair::118-52-5::1310-61-8::t4,118-52-5,1310-61-8,sec::1310-61-8::2,1310-61-8,3,True
pair::100-01-6::121-17-5::t0,100-01-6,121-17-5,sec::100-01-6::10,100-01-6,3,True
pair::100-01-6::121-17-5::t0,100-01-6,121-17-5,sec::100-01-6::2,100-01-6,6,True
pair::100-01-6::121-17-5::t0,100-01-6,121-17-5,sec::121-17-5::10,121-17-5,2,True
pair::100-01-6::121-17-5::t0,100-01-6,121-17-5,sec::121-17-5::2,121-17-5,1,True
pair::100-01-6::121-17-5::t1,100-01-6,121-17-5,sec::100-01-6::10,100-01-6,6,True
pair::100-01-6::121-17-5::t1,100-01-6,121-17-5,sec::100-01-6::2,100-01-6,4,True
pair::100-01-6::121-17-5::t1,100-01-6,121-17-5,sec::121-17-5::10,121-17-5,2,True
pair::100-01-6::121-17-5::t1,100-01-6,121-17-5,sec::121-17-5::2,121-17-5,1,True
pair::100-01-6::121-17-5::t2,100-01-6,121-17-5,sec::100-01-6::10,100-01-6,5,True
pair::100-01-6::121-17-5::t2,100-01-6,121-17-5,sec::100-01-6::2,100-01-6,7,True
pair::100-01-6::121-17-5::t2,100-01-6,121-17-5,sec::121-17-5::10,121-17-5,2,True
pair::100-01-6::121-17-5::t2,100-01-6,121-17-5,sec::121-17-5::2,121-17-5,1,True
pair::100-01-6::121-17-5::t3,100-01-6,121-17-5,sec::100-01-6::10,100-01-6,7,True
pair::100-01-6::121-17-5::t3,100-01-6,121-17-5,sec::100-01-6::2,100-01-6,11,True
pair::100-01-6::121-17-5::t3,100-01-6,121-17-5,sec::121-17-5::10,121-17-5,1,True
pair::100-01-6::121-17-5::t3,100-01-6,121-17-5,sec::121-17-5::2,121-17-5,2,True
pair::100-01-6::121-17-5::t4,100-01-6,121-17-5,sec::100-01-6::10,100-01-6,,True
pair::100-01-6::121-17-5::t4,100-01-6,121-17-5,sec::100-01-6::2,100-01-6,3,True
pair::100-01-6::121-17-5::t4,100-01-6,121-17-5,sec::121-17-5::10,121-17-5,2,True
pair::100-01-6::121-17-5::t4,100-01-6,121-17-5,sec::121-17-5::2,121-17-5,1,True
pair::10026-06-9::13718-59-7::t0,10026-06-9,13718-59-7,sec::10026-06-9::10,10026-06-9,1,True
pair::10026-06-9::13718-59-7::t0,10026-06-9,13718-59-7,sec::10026-06-9::2,10026-06-9,2,True
pair::10026-06-9::13718-59-7::t0,10026-06-9,13718-59-7,sec::13718-59-7::10,13718-59-7,3,True
pair::10026-06-9::13718-59-7::t0,10026-06-9,13718-59-7,sec::13718-59-7::2,13718-59-7,10,True
pair::10026-06-9::13718-59-7::t1,10026-06-9,13718-59-7,sec::10026-06-9::10,10026-06-9,1,True
pair::10026-06-9::13718-59-7::t1,10026-06-9,13718-59-7,sec::10026-06-9::2,10026-06-9,2,True
pair::10026-06-9::13718-59-7::t1,10026-06-9,13718-59-7,sec::13718-59-7::10,13718-59-7,3,True
pair::10026-06-9::13718-59-7::t1,10026-06-9,13718-59-7,sec::13718-59-7::2,13718-59-7,6,True
pair::10026-06-9::13718-59-7::t2,10026-06-9,13718-59-7,sec::10026-06-9::10,10026-06-9,1,True
pair::10026-06-9::13718-59-7::t2,10026-06-9,13718-59-7,sec::10026-06-9::2,10026-06-9,3,True
pair::10026-06-9::13718-59-7::t2,10026-06-9,13718-59-7,sec::13718-59-7::10,13718-59-7,2,True
pair::10026-06-9::13718-59-7::t2,10026-06-9,13718-59-7,sec::13718-59-7::2,13718-59-7,7,True
pair::10026-06-9::13718-59-7::t3,10026-06-9,13718-59-7,sec::10026-06-9::10,10026-06-9,1,True
pair::10026-06-9::13718-59-7::t3,10026-06-9,13718-59-7,sec::10026-06-9::2,10026-06-9,4,True
pair::10026-06-9::13718-59-7::t3,10026-06-9,13718-59-7,sec::13718-59-7::10,13718-59-7,2,True
pair::10026-06-9::13718-59-7::t3,10026-06-9,13718-59-7,sec::13718-59-7::2,13718-59-7,11,True
pair::10026-06-9::13718-59-7::t4,10026-06-9,13718-59-7,sec::10026-06-9::10,10026-06-9,1,True
pair::10026-06-9::13718-59-7::t4,10026-06-9,13718-59-7,sec::10026-06-9::2,10026-06-9,2,True
pair::10026-06-9::13718-59-7::t4,10026-06-9,13718-59-7,sec::13718-59-7::10,13718-59-7,3,True
pair::10026-06-9::13718-59-7::t4,10026-06-9,13718-59-7,sec::13718-59-7::2,13718-59-7,4,True
pair::1120-71-4::1271-19-8::t0,1120-71-4,1271-19-8,sec::1120-71-4::10,1120-71-4,2,True
pair::1120-71-4::1271-19-8::t0,1120-71-4,1271-19-8,sec::1120-71-4::2,1120-71-4,4,True
pair::1120-71-4::1271-19-8::t0,1120-71-4,1271-19-8,sec::1271-19-8::10,1271-19-8,1,True
pair::1120-71-4::1271-19-8::t0,1120-71-4,1271-19-8,sec::1271-19-8::2,1271-19-8,3,True
pair::1120-71-4::1271-19-8::t1,1120-71-4,1271-19-8,sec::1120-71-4::10,1120-71-4,1,True
pair::1120-71-4::1271-19-8::t1,1120-71-4,1271-19-8,sec::1120-71-4::2,1120-71-4,3,True
pair::1120-71-4::1271-19-8::t1,1120-71-4,1271-19-8,sec::1271-19-8::10,1271-19-8,2,True
pair::1120-71-4::1271-19-8::t1,1120-71-4,1271-19-8,sec::1271-19-8::2,1271-19-8,4,True
pair::1120-71-4::1271-19-8::t2,1120-71-4,1271-19-8,sec::1120-71-4::10,1120-71-4,1,True
pair::1120-71-4::1271-19-8::t2,1120-71-4,1271-19-8,sec::1120-71-4::2,1120-71-4,3,True
pair::1120-71-4::1271-19-8::t2,1120-71-4,1271-19-8,sec::1271-19-8::10,1271-19-8,2,True
pair::1120-71-4::1271-19-8::t2,1120-71-4,1271-19-8,sec::1271-19-8::2,1271-19-8,4,True
pair::1120-71-4::1271-19-8::t3,1120-71-4,1271-19-8,sec::1120-71-4::10,1120-71-4,2,True
pair::1120-71-4::1271-19-8::t3,1120-71-4,1271-19-8,sec::1120-71-4::2,1120-71-4,4,True
pair::1120-71-4::1271-19-8::t3,1120-71-4,1271-19-8,sec::1271-19-8::10,1271-19-8,1,True
pair::1120-71-4::1271-19-8::t3,1120-71-4,1271-19-8,sec::1271-19-8::2,1271-19-8,3,True
pair::1120-71-4::1271-19-8::t4,1120-71-4,1271-19-8,sec::1120-71-4::10,1120-71-4,3,True
pair::1120-71-4::1271-19-8::t4,1120-71-4,1271-19-8,sec::1120-71-4::2,1120-71-4,4,True
pair::1120-71-4::1271-19-8::t4,1120-71-4,1271-19-8,sec::1271-19-8::10,1271-19-8,2,True
pair::1120-71-4::1271-19-8::t4,1120-71-4,1271-19-8,sec::1271-19-8::2,1271-19-8,1,True
pair::143-33-9::7647-01-0::t0,143-33-9,7647-01-0,sec::143-33-9::10,143-33-9,1,True
pair::143-33-9::7647-01-0::t0,143-33-9,7647-01-0,sec::143-33-9::2,143-33-9,5,True
pair::143-33-9::7647-01-0::t0,143-33-9,7647-01-0,sec::7647-01-0::10,7647-01-0,7,True
pair::143-33-9::7647-01-0::t0,143-33-9,7647-01-0,sec::7647-01-0::2,7647-01-0,,True
pair::143-33-9::7647-01-0::t1,143-33-9,7647-01-0,sec::143-33-9::10,143-33-9,2,True
pair::143-33-9::7647-01-0::t1,143-33-9,7647-01-0,sec::143-33-9::2,143-33-9,5,True
pair::143-33-9::7647-01-0::t1,143-33-9,7647-01-0,sec::7647-01-0::10,7647-01-0,3,True
pair::143-33-9::7647-01-0::t1,143-33-9,7647-01-0,sec::7647-01-0::2,7647-01-0,1,True
pair::143-33-9::7647-01-0::t2,143-33-9,7647-01-0,sec::143-33-9::10,143-33-9,1,True
pair::143-33-9::7647-01-0::t2,143-33-9,7647-01-0,sec::143-33-9::2,143-33-9,5,True
pair::143-33-9::7647-01-0::t2,143-33-9,7647-01-0,sec::7647-01-0::10,7647-01-0,2,True
pair::143-33-9::7647-01-0::t2,143-33-9,7647-01-0,sec::7647-01-0::2,7647-01-0,4,True
pair::143-33-9::7647-01-0::t3,143-33-9,7647-01-0,sec::143-33-9::10,143-33-9,1,True
pair::143-33-9::7647-01-0::t3,143-33-9,7647-01-0,sec::143-33-9::2,143-33-9,17,True
pair::143-33-9::7647-01-0::t3,143-33-9,7647-01-0,sec::7647-01-0::10,7647-01-0,2,True
pair::143-33-9::7647-01-0::t3,143-33-9,7647-01-0,sec::7647-01-0::2,7647-01-0,,True
pair::143-33-9::7647-01-0::t4,143-33-9,7647-01-0,sec::143-33-9::10,143-33-9,4,True
pair::143-33-9::7647-01-0::t4,143-33-9,7647-01-0,sec::143-33-9::2,143-33-9,2,True
pair::143-33-9::7647-01-0::t4,143-33-9,7647-01-0,sec::7647-01-0::10,7647-01-0,3,True
pair::143-33-9::7647-01-0::t4,143-33-9,7647-01-0,sec::7647-01-0::2,7647-01-0,1,True
pair::10222-01-2::7761-88-8::t0,10222-01-2,7761-88-8,sec::10222-01-2::10,10222-01-2,1,True
pair::10222-01-2::7761-88-8::t0,10222-01-2,7761-88-8,sec::10222-01-2::2,10222-01-2,2,True
pair::10222-01-2::7761-88-8::t0,10222-01-2,7761-88-8,sec::7761-88-8::10,7761-88-8,11,True
pair::10222-01-2::7761-88-8::t0,10222-01-2,7761-88-8,sec::7761-88-8::2,7761-88-8,,True
pair::10222-01-2::7761-88-8::t1,10222-01-2,7761-88-8,sec::10222-01-2::10,10222-01-2,1,True
pair::10222-01-2::7761-88-8::t1,10222-01-2,7761-88-8,sec::10222-01-2::2,10222-01-2,2,True
pair::10222-01-2::7761-88-8::t1,10222-01-2,7761-88-8,sec::7761-88-8::10,7761-88-8,5,True
pair::10222-01-2::7761-88-8::t1,10222-01-2,7761-88-8,sec::7761-88-8::2,7761-88-8,3,True
pair::10222-01-2::7761-88-8::t2,10222-01-2,7761-88-8,sec::10222-01-2::10,10222-01-2,1,True
pair::10222-01-2::7761-88-8::t2,10222-01-2,7761-88-8,sec::10222-01-2::2,10222-01-2,2,True
pair::10222-01-2::7761-88-8::t2,10222-01-2,7761-88-8,sec::7761-88-8::10,7761-88-8,,True
pair::10222-01-2::7761-88-8::t2,10222-01-2,7761-88-8,sec::7761-88-8::2,7761-88-8,11,True
pair::10222-01-2::7761-88-8::t3,10222-01-2,7761-88-8,sec::10222-01-2::10,10222-01-2,1,True
pair::10222-01-2::7761-88-8::t3,10222-01-2,7761-88-8,sec::10222-01-2::2,10222-01-2,2,True
pair::10222-01-2::7761-88-8::t3,10222-01-2,7761-88-8,sec::7761-88-8::10,7761-88-8,5,True
pair::10222-01-2::7761-88-8::t3,10222-01-2,7761-88-8,sec::7761-88-8::2,7761-88-8,,True
pair::10222-01-2::7761-88-8::t4,10222-01-2,7761-88-8,sec::10222-01-2::10,10222-01-2,2,True
pair::10222-01-2::7761-88-8::t4,10222-01-2,7761-88-8,sec::10222-01-2::2,10222-01-2,1,True
pair::10222-01-2::7761-88-8::t4,10222-01-2,7761-88-8,sec::7761-88-8::10,7761-88-8,11,True
pair::10222-01-2::7761-88-8::t4,10222-01-2,7761-88-8,sec::7761-88-8::2,7761-88-8,3,True
pair::10026-06-9::106-87-6::t0,10026-06-9,106-87-6,sec::10026-06-9::10,10026-06-9,1,True
pair::10026-06-9::106-87-6::t0,10026-06-9,106-87-6,sec::10026-06-9::2,10026-06-9,2,True
pair::10026-06-9::106-87-6::t0,10026-06-9,106-87-6,sec::106-87-6::10,106-87-6,4,True
pair::10026-06-9::106-87-6::t0,10026-06-9,106-87-6,sec::106-87-6::2,106-87-6,,True
pair::10026-06-9::106-87-6::t1,10026-06-9,106-87-6,sec::10026-06-9::10,10026-06-9,2,True
pair::10026-06-9::106-87-6::t1,10026-06-9,106-87-6,sec::10026-06-9::2,10026-06-9,1,True
pair::10026-06-9::106-87-6::t1,10026-06-9,106-87-6,sec::106-87-6::10,106-87-6,4,True
pair::10026-06-9::106-87-6::t1,10026-06-9,106-87-6,sec::106-87-6::2,106-87-6,6,True
pair::10026-06-9::106-87-6::t2,10026-06-9,106-87-6,sec::10026-06-9::10,10026-06-9,2,True
pair::10026-06-9::106-87-6::t2,10026-06-9,106-87-6,sec::10026-06-9::2,10026-06-9,1,True
pair::10026-06-9::106-87-6::t2,10026-06-9,106-87-6,sec::106-87-6::10,106-87-6,4,True
pair::10026-06-9::106-87-6::t2,10026-06-9,106-87-6,sec::106-87-6::2,106-87-6,6,True
pair::10026-06-9::106-87-6::t3,10026-06-9,106-87-6,sec::10026-06-9::10,10026-06-9,1,True
pair::10026-06-9::106-87-6::t3,10026-06-9,106-87-6,sec::10026-06-9::2,10026-06-9,3,True
pair::10026-06-9::106-87-6::t3,10026-06-9,106-87-6,sec::106-87-6::10,106-87-6,4,True
pair::10026-06-9::106-87-6::t3,10026-06-9,106-87-6,sec::106-87-6::2,106-87-6,,True
pair::10026-06-9::106-87-6::t4,10026-06-9,106-87-6,sec::10026-06-9::10,10026-06-9,2,True
pair::10026-06-9::106-87-6::t4,10026-06-9,106-87-6,sec::10026-06-9::2,10026-06-9,1,True
pair::10026-06-9::106-87-6::t4,10026-06-9,106-87-6,sec::106-87-6::10,106-87-6,5,True
pair::10026-06-9::106-87-6::t4,10026-06-9,106-87-6,sec::106-87-6::2,106-87-6,6,True
pair::10169-02-5::15630-89-4::t0,10169-02-5,15630-89-4,sec::10169-02-5::10,10169-02-5,1,True
pair::10169-02-5::15630-89-4::t0,10169-02-5,15630-89-4,sec::10169-02-5::2,10169-02-5,11,True
pair::10169-02-5::15630-89-4::t0,10169-02-5,15630-89-4,sec::15630-89-4::10,15630-89-4,10,True
pair::10169-02-5::15630-89-4::t0,10169-02-5,15630-89-4,sec::15630-89-4::2,15630-89-4,13,True
pair::10169-02-5::15630-89-4::t1,10169-02-5,15630-89-4,sec::10169-02-5::10,10169-02-5,1,True
pair::10169-02-5::15630-89-4::t1,10169-02-5,15630-89-4,sec::10169-02-5::2,10169-02-5,2,True
pair::10169-02-5::15630-89-4::t1,10169-02-5,15630-89-4,sec::15630-89-4::10,15630-89-4,4,True
pair::10169-02-5::15630-89-4::t1,10169-02-5,15630-89-4,sec::15630-89-4::2,15630-89-4,6,True
pair::10169-02-5::15630-89-4::t2,10169-02-5,15630-89-4,sec::10169-02-5::10,10169-02-5,1,True
pair::10169-02-5::15630-89-4::t2,10169-02-5,15630-89-4,sec::10169-02-5::2,10169-02-5,3,True
pair::10169-02-5::15630-89-4::t2,10169-02-5,15630-89-4,sec::15630-89-4::10,15630-89-4,7,True
pair::10169-02-5::15630-89-4::t2,10169-02-5,15630-89-4,sec::15630-89-4::2,15630-89-4,4,True
pair::10169-02-5::15630-89-4::t3,10169-02-5,15630-89-4,sec::10169-02-5::10,10169-02-5,1,True
pair::10169-02-5::15630-89-4::t3,10169-02-5,15630-89-4,sec::10169-02-5::2,10169-02-5,4,True
pair::10169-02-5::15630-89-4::t3,10169-02-5,15630-89-4,sec::15630-89-4::10,15630-89-4,3,True
pair::10169-02-5::15630-89-4::t3,10169-02-5,15630-89-4,sec::15630-89-4::2,15630-89-4,,True
pair::10169-02-5::15630-89-4::t4,10169-02-5,15630-89-4,sec::10169-02-5::10,10169-02-5,1,True
pair::10169-02-5::15630-89-4::t4,10169-02-5,15630-89-4,sec::10169-02-5::2,10169-02-5,2,True
pair::10169-02-5::15630-89-4::t4,10169-02-5,15630-89-4,sec::15630-89-4::10,15630-89-4,3,True
pair::10169-02-5::15630-89-4::t4,10169-02-5,15630-89-4,sec::15630-89-4::2,15630-89-4,5,True
pair::105-16-8::7722-64-7::t0,105-16-8,7722-64-7,sec::105-16-8::10,105-16-8,1,True
pair::105-16-8::7722-64-7::t0,105-16-8,7722-64-7,sec::105-16-8::2::p1,105-16-8,3,True
pair::105-16-8::7722-64-7::t0,105-16-8,7722-64-7,sec::105-16-8::2::p2,105-16-8,,True
pair::105-16-8::7722-64-7::t0,105-16-8,7722-64-7,sec::7722-64-7::10,7722-64-7,2,True
pair::105-16-8::7722-64-7::t0,105-16-8,7722-64-7,sec::7722-64-7::2,7722-64-7,10,True
pair::105-16-8::7722-64-7::t1,105-16-8,7722-64-7,sec::105-16-8::10,105-16-8,3,True
pair::105-16-8::7722-64-7::t1,105-16-8,7722-64-7,sec::105-16-8::2::p1,105-16-8,6,True
pair::105-16-8::7722-64-7::t1,105-16-8,7722-64-7,sec::105-16-8::2::p2,105-16-8,,True
pair::105-16-8::7722-64-7::t1,105-16-8,7722-64-7,sec::7722-64-7::10,7722-64-7,1,True
pair::105-16-8::7722-64-7::t1,105-16-8,7722-64-7,sec::7722-64-7::2,7722-64-7,2,True
pair::105-16-8::7722-64-7::t2,105-16-8,7722-64-7,sec::105-16-8::10,105-16-8,4,True
pair::105-16-8::7722-64-7::t2,105-16-8,7722-64-7,sec::105-16-8::2::p1,105-16-8,1,True
pair::105-16-8::7722-64-7::t2,105-16-8,7722-64-7,sec::105-16-8::2::p2,105-16-8,,True
pair::105-16-8::7722-64-7::t2,105-16-8,7722-64-7,sec::7722-64-7::10,7722-64-7,3,True
pair::105-16-8::7722-64-7::t2,105-16-8,7722-64-7,sec::7722-64-7::2,7722-64-7,2,True
pair::105-16-8::7722-64-7::t3,105-16-8,7722-64-7,sec::105-16-8::10,105-16-8,2,True
pair::105-16-8::7722-64-7::t3,105-16-8,7722-64-7,sec::105-16-8::2::p1,105-16-8,3,True
pair::105-16-8::7722-64-7::t3,105-16-8,7722-64-7,sec::105-16-8::2::p2,105-16-8,,True
pair::105-16-8::7722-64-7::t3,105-16-8,7722-64-7,sec::7722-64-7::10,7722-64-7,1,True
pair::105-16-8::7722-64-7::t3,105-16-8,7722-64-7,sec::7722-64-7::2,7722-64-7,15,True
pair::105-16-8::7722-64-7::t4,105-16-8,7722-64-7,sec::105-16-8::10,105-16-8,3,True
pair::105-16-8::7722-64-7::t4,105-16-8,7722-64-7,sec::105-16-8::2::p1,105-16-8,4,True
pair::105-16-8::7722-64-7::t4,105-16-8,7722-64-7,sec::105-16-8::2::p2,105-16-8,,True
pair::105-16-8::7722-64-7::t4,105-16-8,7722-64-7,sec::7722-64-7::10,7722-64-7,1,True
pair::105-16-8::7722-64-7::t4,105-16-8,7722-64-7,sec::7722-64-7::2,7722-64-7,2,True
pair::10034-81-8::7440-02-0::t0,10034-81-8,7440-02-0,sec::10034-81-8::10,10034-81-8,1,False
pair::10034-81-8::7440-02-0::t0,10034-81-8,7440-02-0,sec::10034-81-8::2,10034-81-8,5,False
pair::10034-81-8::7440-02-0::t0,10034-81-8,7440-02-0,sec::7440-02-0::10,7440-02-0,3,False
pair::10034-81-8::7440-02-0::t0,10034-81-8,7440-02-0,sec::7440-02-0::2,7440-02-0,,False
pair::10034-81-8::7440-02-0::t1,10034-81-8,7440-02-0,sec::10034-81-8::10,10034-81-8,1,False
pair::10034-81-8::7440-02-0::t1,10034-81-8,7440-02-0,sec::10034-81-8::2,10034-81-8,3,False
pair::10034-81-8::7440-02-0::t1,10034-81-8,7440-02-0,sec::7440-02-0::10,7440-02-0,2,False
pair::10034-81-8::7440-02-0::t1,10034-81-8,7440-02-0,sec::7440-02-0::2,7440-02-0,8,False
pair::10034-81-8::7440-02-0::t2,10034-81-8,7440-02-0,sec::10034-81-8::10,10034-81-8,1,False
pair::10034-81-8::7440-02-0::t2,10034-81-8,7440-02-0,sec::10034-81-8::2,10034-81-8,2,False
pair::10034-81-8::7440-02-0::t2,10034-81-8,7440-02-0,sec::7440-02-0::10,7440-02-0,8,False
pair::10034-81-8::7440-02-0::t2,10034-81-8,7440-02-0,sec::7440-02-0::2,7440-02-0,,False
pair::10034-81-8::7440-02-0::t3,10034-81-8,7440-02-0,sec::10034-81-8::10,10034-81-8,1,False
pair::10034-81-8::7440-02-0::t3,10034-81-8,7440-02-0,sec::10034-81-8::2,10034-81-8,,False
pair::10034-81-8::7440-02-0::t3,10034-81-8,7440-02-0,sec::7440-02-0::10,7440-02-0,2,False
pair::10034-81-8::7440-02-0::t3,10034-81-8,7440-02-0,sec::7440-02-0::2,7440-02-0,,False
pair::10034-81-8::7440-02-0::t4,10034-81-8,7440-02-0,sec::10034-81-8::10,10034-81-8,1,False
pair::10034-81-8::7440-02-0::t4,10034-81-8,7440-02-0,sec::10034-81-8::2,10034-81-8,3,False
pair::10034-81-8::7440-02-0::t4,10034-81-8,7440-02-0,sec::7440-02-0::10,7440-02-0,2,False
pair::10034-81-8::7440-02-0::t4,10034-81-8,7440-02-0,sec::7440-02-0::2,7440-02-0,,False
pair::13007-92-6::144-55-8::t0,13007-92-6,144-55-8,sec::13007-92-6::10,13007-92-6,1,True
pair::13007-92-6::144-55-8::t0,13007-92-6,144-55-8,sec::13007-92-6::2,13007-92-6,4,True
pair::13007-92-6::144-55-8::t0,13007-92-6,144-55-8,sec::144-55-8::10,144-55-8,2,True
pair::13007-92-6::144-55-8::t0,13007-92-6,144-55-8,sec::144-55-8::2,144-55-8,5,True
pair::13007-92-6::144-55-8::t1,13007-92-6,144-55-8,sec::13007-92-6::10,13007-92-6,1,True
pair::13007-92-6::144-55-8::t1,13007-92-6,144-55-8,sec::13007-92-6::2,13007-92-6,3,True
pair::13007-92-6::144-55-8::t1,13007-92-6,144-55-8,sec::144-55-8::10,144-55-8,2,True
pair::13007-92-6::144-55-8::t1,13007-92-6,144-55-8,sec::144-55-8::2,144-55-8,4,True
pair::13007-92-6::144-55-8::t2,13007-92-6,144-55-8,sec::13007-92-6::10,13007-92-6,1,True
pair::13007-92-6::144-55-8::t2,13007-92-6,144-55-8,sec::13007-92-6::2,13007-92-6,2,True
pair::13007-92-6::144-55-8::t2,13007-92-6,144-55-8,sec::144-55-8::10,144-55-8,3,True
pair::13007-92-6::144-55-8::t2,13007-92-6,144-55-8,sec::144-55-8::2,144-55-8,6,True
pair::13007-92-6::144-55-8::t3,13007-92-6,144-55-8,sec::13007-92-6::10,13007-92-6,1,True
pair::13007-92-6::144-55-8::t3,13007-92-6,144-55-8,sec::13007-92-6::2,13007-92-6,4,True
pair::13007-92-6::144-55-8::t3,13007-92-6,144-55-8,sec::144-55-8::10,144-55-8,2,True
pair::13007-92-6::144-55-8::t3,13007-92-6,144-55-8,sec::144-55-8::2,144-55-8,8,True
pair::13007-92-6::144-55-8::t4,13007-92-6,144-55-8,sec::13007-92-6::10,13007-92-6,2,True
pair::13007-92-6::144-55-8::t4,13007-92-6,144-55-8,sec::13007-92-6::2,13007-92-6,1,True
pair::13007-92-6::144-55-8::t4,13007-92-6,144-55-8,sec::144-55-8::10,144-55-8,3,True
pair::13007-92-6::144-55-8::t4,13007-92-6,144-55-8,sec::144-55-8::2,144-55-8,5,True
pair::100-00-5::107-97-1::t0,100-00-5,107-97-1,sec::100-00-5::10,100-00-5,1,True
pair::100-00-5::107-97-1::t0,100-00-5,107-97-1,sec::100-00-5::2::p1,100-00-5,7,True
pair::100-00-5::107-97-1::t0,100-00-5,107-97-1,sec::100-00-5::2::p2,100-00-5,,True
pair::100-00-5::107-97-1::t0,100-00-5,107-97-1,sec::107-97-1::10,107-97-1,9,True
pair::100-00-5::107-97-1::t0,100-00-5,107-97-1,sec::107-97-1::2,107-97-1,15,True
pair::100-00-5::107-97-1::t1,100-00-5,107-97-1,sec::100-00-5::10,100-00-5,1,True
pair::100-00-5::107-97-1::t1,100-00-5,107-97-1,sec::100-00-5::2::p1,100-00-5,2,True
pair::100-00-5::107-97-1::t1,100-00-5,107-97-1,sec::100-00-5::2::p2,100-00-5,,True
pair::100-00-5::107-97-1::t1,100-00-5,107-97-1,sec::107-97-1::10,107-97-1,3,True
pair::100-00-5::107-97-1::t1,100-00-5,107-97-1,sec::107-97-1::2,107-97-1,5,True
pair::100-00-5::107-97-1::t2,100-00-5,107-97-1,sec::100-00-5::10,100-00-5,1,True
pair::100-00-5::107-97-1::t2,100-00-5,107-97-1,sec::100-00-5::2::p1,100-00-5,2,True
pair::100-00-5::107-97-1::t2,100-00-5,107-97-1,sec::100-00-5::2::p2,100-00-5,,True
pair::100-00-5::107-97-1::t2,100-00-5,107-97-1,sec::107-97-1::10,107-97-1,5,True
pair::100-00-5::107-97-1::t2,100-00-5,107-97-1,sec::107-97-1::2,107-97-1,3,True
pair::100-00-5::107-97-1::t3,100-00-5,107-97-1,sec::100-00-5::10,100-00-5,1,True
pair::100-00-5::107-97-1::t3,100-00-5,107-97-1,sec::100-00-5::2::p1,100-00-5,3,True
pair::100-00-5::107-97-1::t3,100-00-5,107-97-1,sec::100-00-5::2::p2,100-00-5,,True
pair::100-00-5::107-97-1::t3,100-00-5,107-97-1,sec::107-97-1::10,107-97-1,2,True
pair::100-00-5::107-97-1::t3,100-00-5,107-97-1,sec::107-97-1::2,107-97-1,,True
pair::100-00-5::107-97-1::t4,100-00-5,107-97-1,sec::100-00-5::10,100-00-5,1,True
pair::100-00-5::107-97-1::t4,100-00-5,107-97-1,sec::100-00-5::2::p1,100-00-5,4,True
pair::100-00-5::107-97-1::t4,100-00-5,107-97-1,sec::100-00-5::2::p2,100-00-5,,True
pair::100-00-5::107-97-1::t4,100-00-5,107-97-1,sec::107-97-1::10,107-97-1,3,True
pair::100-00-5::107-97-1::t4,100-00-5,107-97-1,sec::107-97-1::2,107-97-1,13,True
pair::1025-15-6::105-87-3::t0,1025-15-6,105-87-3,sec::1025-15-6::10,1025-15-6,1,True
pair::1025-15-6::105-87-3::t0,1025-15-6,105-87-3,sec::1025-15-6::2,1025-15-6,2,True
pair::1025-15-6::105-87-3::t0,1025-15-6,105-87-3,sec::105-87-3::10,105-87-3,3,True
pair::1025-15-6::105-87-3::t0,1025-15-6,105-87-3,sec::105-87-3::2,105-87-3,4,True
pair::1025-15-6::105-87-3::t1,1025-15-6,105-87-3,sec::1025-15-6::10,1025-15-6,1,True
pair::1025-15-6::105-87-3::t1,1025-15-6,105-87-3,sec::1025-15-6::2,1025-15-6,2,True
pair::1025-15-6::105-87-3::t1,1025-15-6,105-87-3,sec::105-87-3::10,105-87-3,4,True
pair::1025-15-6::105-87-3::t1,1025-15-6,105-87-3,sec::105-87-3::2,105-87-3,3,True
pair::1025-15-6::105-87-3::t2,1025-15-6,105-87-3,sec::1025-15-6::10,1025-15-6,2,True
pair::1025-15-6::105-87-3::t2,1025-15-6,105-87-3,sec::1025-15-6::2,1025-15-6,1,True
pair::1025-15-6::105-87-3::t2,1025-15-6,105-87-3,sec::105-87-3::10,105-87-3,3,True
pair::1025-15-6::105-87-3::t2,1025-15-6,105-87-3,sec::105-87-3::2,105-87-3,4,True
pair::1025-15-6::105-87-3::t3,1025-15-6,105-87-3,sec::1025-15-6::10,1025-15-6,1,True
pair::1025-15-6::105-87-3::t3,1025-15-6,105-87-3,sec::1025-15-6::2,1025-15-6,4,True
pair::1025-15-6::105-87-3::t3,1025-15-6,105-87-3,sec::105-87-3::10,105-87-3,2,True
pair::1025-15-6::105-87-3::t3,1025-15-6,105-87-3,sec::105-87-3::2,105-87-3,3,True
pair::1025-15-6::105-87-3::t4,1025-15-6,105-87-3,sec::1025-15-6::10,1025-15-6,2,True
pair::1025-15-6::105-87-3::t4,1025-15-6,105-87-3,sec::1025-15-6::2,1025-15-6,1,True
pair::1025-15-6::105-87-3::t4,1025-15-6,105-87-3,sec::105-87-3::10,105-87-3,4,True
pair::1025-15-6::105-87-3::t4,1025-15-6,105-87-3,sec::105-87-3::2,105-87-3,3,True
pair::7697-37-2::7758-98-7::t0,7697-37-2,7758-98-7,sec::7697-37-2::10,7697-37-2,4,True
pair::7697-37-2::7758-98-7::t0,7697-37-2,7758-98-7,sec::7697-37-2::2,7697-37-2,13,True
pair::7697-37-2::7758-98-7::t0,7697-37-2,7758-98-7,sec::7758-98-7::10,7758-98-7,1,True
pair::7697-37-2::7758-98-7::t0,7697-37-2,7758-98-7,sec::7758-98-7::2,7758-98-7,2,True
pair::7697-37-2::7758-98-7::t1,7697-37-2,7758-98-7,sec::7697-37-2::10,7697-37-2,6,True
pair::7697-37-2::7758-98-7::t1,7697-37-2,7758-98-7,sec::7697-37-2::2,7697-37-2,11,True
pair::7697-37-2::7758-98-7::t1,7697-37-2,7758-98-7,sec::7758-98-7::10,7758-98-7,1,True
pair::7697-37-2::7758-98-7::t1,7697-37-2,7758-98-7,sec::7758-98-7::2,7758-98-7,2,True
pair::7697-37-2::7758-98-7::t2,7697-37-2,7758-98-7,sec::7697-37-2::10,7697-37-2,4,True
pair::7697-37-2::7758-98-7::t2,7697-37-2,7758-98-7,sec::7697-37-2::2,7697-37-2,5,True
pair::7697-37-2::7758-98-7::t2,7697-37-2,7758-98-7,sec::7758-98-7::10,7758-98-7,1,True
pair::7697-37-2::7758-98-7::t2,7697-37-2,7758-98-7,sec::7758-98-7::2,7758-98-7,2,True
pair::7697-37-2::7758-98-7::t3,7697-37-2,7758-98-7,sec::7697-37-2::10,7697-37-2,6,True
pair::7697-37-2::7758-98-7::t3,7697-37-2,7758-98-7,sec::7697-37-2::2,7697-37-2,,True
pair::7697-37-2::7758-98-7::t3,7697-37-2,7758-98-7,sec::7758-98-7::10,7758-98-7,1,True
pair::7697-37-2::7758-98-7::t3,7697-37-2,7758-98-7,sec::7758-98-7::2,7758-98-7,2,True
pair::7697-37-2::7758-98-7::t4,7697-37-2,7758-98-7,sec::7697-37-2::10,7697-37-2,4,True
pair::7697-37-2::7758-98-7::t4,7697-37-2,7758-98-7,sec::7697-37-2::2,7697-37-2,10,True
pair::7697-37-2::7758-98-7::t4,7697-37-2,7758-98-7,sec::7758-98-7::10,7758-98-7,1,True
pair::7697-37-2::7758-98-7::t4,7697-37-2,7758-98-7,sec::7758-98-7::2,7758-98-7,2,True
pair::101-80-4::143-33-9::t0,101-80-4,143-33-9,sec::101-80-4::10,101-80-4,1,True
pair::101-80-4::143-33-9::t0,101-80-4,143-33-9,sec::101-80-4::2,101-80-4,4,True
pair::101-80-4::143-33-9::t0,101-80-4,143-33-9,sec::143-33-9::10,143-33-9,2,True
pair::101-80-4::143-33-9::t0,101-80-4,143-33-9,sec::143-33-9::2,143-33-9,,True
pair::101-80-4::143-33-9::t1,101-80-4,143-33-9,sec::101-80-4::10,101-80-4,2,True
pair::101-80-4::143-33-9::t1,101-80-4,143-33-9,sec::101-80-4::2,101-80-4,4,True
pair::101-80-4::143-33-9::t1,101-80-4,143-33-9,sec::143-33-9::10,143-33-9,1,True
pair::101-80-4::143-33-9::t1,101-80-4,143-33-9,sec::143-33-9::2,143-33-9,3,True
pair::101-80-4::143-33-9::t2,101-80-4,143-33-9,sec::101-80-4::10,101-80-4,2,True
pair::101-80-4::143-33-9::t2,101-80-4,143-33-9,sec::101-80-4::2,101-80-4,4,True
pair::101-80-4::143-33-9::t2,101-80-4,143-33-9,sec::143-33-9::10,143-33-9,6,True
pair::101-80-4::143-33-9::t2,101-80-4,143-33-9,sec::143-33-9::2,143-33-9,14,True
pair::101-80-4::143-33-9::t3,101-80-4,143-33-9,sec::101-80-4::10,101-80-4,3,True
pair::101-80-4::143-33-9::t3,101-80-4,143-33-9,sec::101-80-4::2,101-80-4,7,True
pair::101-80-4::143-33-9::t3,101-80-4,143-33-9,sec::143-33-9::10,143-33-9,1,True
pair::101-80-4::143-33-9::t3,101-80-4,143-33-9,sec::143-33-9::2,143-33-9,,True
pair::101-80-4::143-33-9::t4,101-80-4,143-33-9,sec::101-80-4::10,101-80-4,4,True
pair::101-80-4::143-33-9::t4,101-80-4,143-33-9,sec::101-80-4::2,101-80-4,6,True
pair::101-80-4::143-33-9::t4,101-80-4,143-33-9,sec::143-33-9::10,143-33-9,1,True
pair::101-80-4::143-33-9::t4,101-80-4,143-33-9,sec::143-33-9::2,143-33-9,3,True
pair::10311-84-9::107-97-1::t0,10311-84-9,107-97-1,sec::10311-84-9::10,10311-84-9,2,True
pair::10311-84-9::107-97-1::t0,10311-84-9,107-97-1,sec::10311-84-9::2::p1,10311-84-9,10,True
pair::10311-84-9::107-97-1::t0,10311-84-9,107-97-1,sec::10311-84-9::2::p2,10311-84-9,,True
pair::10311-84-9::107-97-1::t0,10311-84-9,107-97-1,sec::107-97-1::10,107-97-1,1,True
pair::10311-84-9::107-97-1::t0,10311-84-9,107-97-1,sec::107-97-1::2,107-97-1,15,True
pair::10311-84-9::107-97-1::t1,10311-84-9,107-97-1,sec::10311-84-9::10,10311-84-9,2,True
pair::10311-84-9::107-97-1::t1,10311-84-9,107-97-1,sec::10311-84-9::2::p1,10311-84-9,3,True
pair::10311-84-9::107-97-1::t1,10311-84-9,107-97-1,sec::10311-84-9::2::p2,10311-84-9,,True
pair::10311-84-9::107-97-1::t1,10311-84-9,107-97-1,sec::107-97-1::10,107-97-1,1,True
pair::10311-84-9::107-97-1::t1,10311-84-9,107-97-1,sec::107-97-1::2,107-97-1,4,True
pair::10311-84-9::107-97-1::t2,10311-84-9,107-97-1,sec::10311-84-9::10,10311-84-9,2,True
pair::10311-84-9::107-97-1::t2,10311-84-9,107-97-1,sec::10311-84-9::2::p1,10311-84-9,1,True
pair::10311-84-9::107-97-1::t2,10311-84-9,107-97-1,sec::10311-84-9::2::p2,10311-84-9,,True
pair::10311-84-9::107-97-1::t2,10311-84-9,107-97-1,sec::107-97-1::10,107-97-1,3,True
pair::10311-84-9::107-97-1::t2,10311-84-9,107-97-1,sec::107-97-1::2,107-97-1,4,True
pair::10311-84-9::107-97-1::t3,10311-84-9,107-97-1,sec::10311-84-9::10,10311-84-9,2,True
pair::10311-84-9::107-97-1::t3,10311-84-9,107-97-1,sec::10311-84-9::2::p1,10311-84-9,3,True
pair::10311-84-9::107-97-1::t3,10311-84-9,107-97-1,sec::10311-84-9::2::p2,10311-84-9,,True
pair::10311-84-9::107-97-1::t3,10311-84-9,107-97-1,sec::107-97-1::10,107-97-1,1,True
pair::10311-84-9::107-97-1::t3,10311-84-9,107-97-1,sec::107-97-1::2,107-97-1,6,True
pair::10311-84-9::107-97-1::t4,10311-84-9,107-97-1,sec::10311-84-9::10,10311-84-9,2,True
pair::10311-84-9::107-97-1::t4,10311-84-9,107-97-1,sec::10311-84-9::2::p1,10311-84-9,4,True
pair::10311-84-9::107-97-1::t4,10311-84-9,107-97-1,sec::10311-84-9::2::p2,10311-84-9,,True
pair::10311-84-9::107-97-1::t4,10311-84-9,107-97-1,sec::107-97-1::10,107-97-1,1,True
pair::10311-84-9::107-97-1::t4,10311-84-9,107-97-1,sec::107-97-1::2,107-97-1,5,True
pair::101-20-2::104-01-8::t0,101-20-2,104-01-8,sec::101-20-2::10,101-20-2,1,True
pair::101-20-2::104-01-8::t0,101-20-2,104-01-8,sec::101-20-2::2,101-20-2,3,True
pair::101-20-2::104-01-8::t0,101-20-2,104-01-8,sec::104-01-8::10,104-01-8,2,True
pair::101-20-2::104-01-8::t0,101-20-2,104-01-8,sec::104-01-8::2,104-01-8,4,True
pair::101-20-2::104-01-8::t1,101-20-2,104-01-8,sec::101-20-2::10,101-20-2,1,True
pair::101-20-2::104-01-8::t1,101-20-2,104-01-8,sec::101-20-2::2,101-20-2,2,True
pair::101-20-2::104-01-8::t1,101-20-2,104-01-8,sec::104-01-8::10,104-01-8,4,True
pair::101-20-2::104-01-8::t1,101-20-2,104-01-8,sec::104-01-8::2,104-01-8,3,True
pair::101-20-2::104-01-8::t2,101-20-2,104-01-8,sec::101-20-2::10,101-20-2,1,True
pair::101-20-2::104-01-8::t2,101-20-2,104-01-8,sec::101-20-2::2,101-20-2,2,True
pair::101-20-2::104-01-8::t2,101-20-2,104-01-8,sec::104-01-8::10,104-01-8,4,True
pair::101-20-2::104-01-8::t2,101-20-2,104-01-8,sec::104-01-8::2,104-01-8,3,True
pair::101-20-2::104-01-8::t3,101-20-2,104-01-8,sec::101-20-2::10,101-20-2,1,True
pair::101-20-2::104-01-8::t3,101-20-2,104-01-8,sec::101-20-2::2,101-20-2,4,True
pair::101-20-2::104-01-8::t3,101-20-2,104-01-8,sec::104-01-8::10,104-01-8,2,True
pair::101-20-2::104-01-8::t3,101-20-2,104-01-8,sec::104-01-8::2,104-01-8,5,True
pair::101-20-2::104-01-8::t4,101-20-2,104-01-8,sec::101-20-2::10,101-20-2,1,True
pair::101-20-2::104-01-8::t4,101-20-2,104-01-8,sec::101-20-2::2,101-20-2,2,True
pair::101-20-2::104-01-8::t4,101-20-2,104-01-8,sec::104-01-8::10,104-01-8,4,True
pair::101-20-2::104-01-8::t4,101-20-2,104-01-8,sec::104-01-8::2,104-01-8,3,True
pair::1066-33-7::64-19-7::t0,1066-33-7,64-19-7,sec::1066-33-7::10,1066-33-7,1,True
pair::1066-33-7::64-19-7::t0,1066-33-7,64-19-7,sec::1066-33-7::2,1066-33-7,2,True
pair::1066-33-7::64-19-7::t0,1066-33-7,64-19-7,sec::64-19-7::10,64-19-7,10,True
pair::1066-33-7::64-19-7::t0,1066-33-7,64-19-7,sec::64-19-7::2,64-19-7,,True
pair::1066-33-7::64-19-7::t1,1066-33-7,64-19-7,sec::1066-33-7::10,1066-33-7,1,True
pair::1066-33-7::64-19-7::t1,1066-33-7,64-19-7,sec::1066-33-7::2,1066-33-7,2,True
pair::1066-33-7::64-19-7::t1,1066-33-7,64-19-7,sec::64-19-7::10,64-19-7,10,True
pair::1066-33-7::64-19-7::t1,1066-33-7,64-19-7,sec::64-19-7::2,64-19-7,17,True
pair::1066-33-7::64-19-7::t2,1066-33-7,64-19-7,sec::1066-33-7::10,1066-33-7,2,True
pair::1066-33-7::64-19-7::t2,1066-33-7,64-19-7,sec::1066-33-7::2,1066-33-7,1,True
pair::1066-33-7::64-19-7::t2,1066-33-7,64-19-7,sec::64-19-7::10,64-19-7,8,True
pair::1066-33-7::64-19-7::t2,1066-33-7,64-19-7,sec::64-19-7::2,64-19-7,18,True
pair::1066-33-7::64-19-7::t3,1066-33-7,64-19-7,sec::1066-33-7::10,1066-33-7,1,True
pair::1066-33-7::64-19-7::t3,1066-33-7,64-19-7,sec::1066-33-7::2,1066-33-7,2,True
pair::1066-33-7::64-19-7::t3,1066-33-7,64-19-7,sec::64-19-7::10,64-19-7,10,True
pair::1066-33-7::64-19-7::t3,1066-33-7,64-19-7,sec::64-19-7::2,64-19-7,,True
pair::1066-33-7::64-19-7::t4,1066-33-7,64-19-7,sec::1066-33-7::10,1066-33-7,2,True
pair::1066-33-7::64-19-7::t4,1066-33-7,64-19-7,sec::1066-33-7::2,1066-33-7,1,True
pair::1066-33-7::64-19-7::t4,1066-33-7,64-19-7,sec::64-19-7::10,64-19-7,8,True
pair::1066-33-7::64-19-7::t4,1066-33-7,64-19-7,sec::64-19-7::2,64-19-7,18,True
pair::101-21-3::1313-82-2::t0,101-21-3,1313-82-2,sec::101-21-3::10,101-21-3,2,True
pair::101-21-3::1313-82-2::t0,101-21-3,1313-82-2,sec::101-21-3::2::p1,101-21-3,8,True
pair::101-21-3::1313-82-2::t0,101-21-3,1313-82-2,sec::101-21-3::2::p2,101-21-3,,True
pair::101-21-3::1313-82-2::t0,101-21-3,1313-82-2,sec::1313-82-2::10,1313-82-2,1,True
pair::101-21-3::1313-82-2::t0,101-21-3,1313-82-2,sec::1313-82-2::2,1313-82-2,3,True
pair::101-21-3::1313-82-2::t1,101-21-3,1313-82-2,sec::101-21-3::10,101-21-3,5,True
pair::101-21-3::1313-82-2::t1,101-21-3,1313-82-2,sec::101-21-3::2::p1,101-21-3,7,True
pair::101-21-3::1313-82-2::t1,101-21-3,1313-82-2,sec::101-21-3::2::p2,101-21-3,,True
pair::101-21-3::1313-82-2::t1,101-21-3,1313-82-2,sec::1313-82-2::10,1313-82-2,2,True
pair::101-21-3::1313-82-2::t1,101-21-3,1313-82-2,sec::1313-82-2::2,1313-82-2,1,True
pair::101-21-3::1313-82-2::t2,101-21-3,1313-82-2,sec::101-21-3::10,101-21-3,5,True
pair::101-21-3::1313-82-2::t2,101-21-3,1313-82-2,sec::101-21-3::2::p1,101-21-3,6,True
pair::101-21-3::1313-82-2::t2,101-21-3,1313-82-2,sec::101-21-3::2::p2,101-21-3,,True
pair::101-21-3::1313-82-2::t2,101-21-3,1313-82-2,sec::1313-82-2::10,1313-82-2,1,True
pair::101-21-3::1313-82-2::t2,101-21-3,1313-82-2,sec::1313-82-2::2,1313-82-2,2,True
pair::101-21-3::1313-82-2::t3,101-21-3,1313-82-2,sec::101-21-3::10,101-21-3,4,True
pair::101-21-3::1313-82-2::t3,101-21-3,1313-82-2,sec::101-21-3::2::p1,101-21-3,6,True
pair::101-21-3::1313-82-2::t3,101-21-3,1313-82-2,sec::101-21-3::2::p2,101-21-3,,True
pair::101-21-3::1313-82-2::t3,101-21-3,1313-82-2,sec::1313-82-2::10,1313-82-2,1,True
pair::101-21-3::1313-82-2::t3,101-21-3,1313-82-2,sec::1313-82-2::2,1313-82-2,3,True
pair::101-21-3::1313-82-2::t4,101-21-3,1313-82-2,sec::101-21-3::10,101-21-3,5,True
pair::101-21-3::1313-82-2::t4,101-21-3,1313-82-2,sec::101-21-3::2::p1,101-21-3,8,True
pair::101-21-3::1313-82-2::t4,101-21-3,1313-82-2,sec::101-21-3::2::p2,101-21-3,,True
pair::101-21-3::1313-82-2::t4,101-21-3,1313-82-2,sec::1313-82-2::10,1313-82-2,2,True
pair::101-21-3::1313-82-2::t4,101-21-3,1313-82-2,sec::1313-82-2::2,1313-82-2,1,True
pair::105-11-3::106-51-4::t0,105-11-3,106-51-4,sec::105-11-3::10,105-11-3,1,True
pair::105-11-3::106-51-4::t0,105-11-3,106-51-4,sec::105-11-3::2,105-11-3,3,True
pair::105-11-3::106-51-4::t0,105-11-3,106-51-4,sec::106-51-4::10,106-51-4,2,True
pair::105-11-3::106-51-4::t0,105-11-3,106-51-4,sec::106-51-4::2::p1,106-51-4,,True
pair::105-11-3::106-51-4::t0,105-11-3,106-51-4,sec::106-51-4::2::p2,106-51-4,,True
pair::105-11-3::106-51-4::t1,105-11-3,106-51-4,sec::105-11-3::10,105-11-3,3,True
pair::105-11-3::106-51-4::t1,105-11-3,106-51-4,sec::105-11-3::2,105-11-3,2,True
pair::105-11-3::106-51-4::t1,105-11-3,106-51-4,sec::106-51-4::10,106-51-4,1,True
pair::105-11-3::106-51-4::t1,105-11-3,106-51-4,sec::106-51-4::2::p1,106-51-4,4,True
pair::105-11-3::106-51-4::t1,105-11-3,106-51-4,sec::106-51-4::2::p2,106-51-4,,True
pair::105-11-3::106-51-4::t2,105-11-3,106-51-4,sec::105-11-3::10,105-11-3,4,True
pair::105-11-3::106-51-4::t2,105-11-3,106-51-4,sec::105-11-3::2,105-11-3,3,True
pair::105-11-3::106-51-4::t2,105-11-3,106-51-4,sec::106-51-4::10,106-51-4,1,True
pair::105-11-3::106-51-4::t2,105-11-3,106-51-4,sec::106-51-4::2::p1,106-51-4,2,True
pair::105-11-3::106-51-4::t2,105-11-3,106-51-4,sec::106-51-4::2::p2,106-51-4,,True
pair::105-11-3::106-51-4::t3,105-11-3,106-51-4,sec::105-11-3::10,105-11-3,2,True
pair::105-11-3::106-51-4::t3,105-11-3,106-51-4,sec::105-11-3::2,105-11-3,3,True
pair::105-11-3::106-51-4::t3,105-11-3,106-51-4,sec::106-51-4::10,106-51-4,1,True
pair::105-11-3::106-51-4::t3,105-11-3,106-51-4,sec::106-51-4::2::p1,106-51-4,4,True
pair::105-11-3::106-51-4::t3,105-11-3,106-51-4,sec::106-51-4::2::p2,106-51-4,,True
pair::105-11-3::106-51-4::t4,105-11-3,106-51-4,sec::105-11-3::10,105-11-3,5,True
pair::105-11-3::106-51-4::t4,105-11-3,106-51-4,sec::105-11-3::2,105-11-3,3,True
pair::105-11-3::106-51-4::t4,105-11-3,106-51-4,sec::106-51-4::10,106-51-4,4,True
pair::105-11-3::106-51-4::t4,105-11-3,106-51-4,sec::106-51-4::2::p1,106-51-4,,True
pair::105-11-3::106-51-4::t4,105-11-3,106-51-4,sec::106-51-4::2::p2,106-51-4,,True
pair::506-87-6::7786-81-4::t0,506-87-6,7786-81-4,sec::506-87-6::10,506-87-6,2,True
pair::506-87-6::7786-81-4::t0,506-87-6,7786-81-4,sec::506-87-6::2,506-87-6,11,True
pair::506-87-6::7786-81-4::t0,506-87-6,7786-81-4,sec::7786-81-4::10,7786-81-4,1,True
pair::506-87-6::7786-81-4::t0,506-87-6,7786-81-4,sec::7786-81-4::2::p1,7786-81-4,,True
pair::506-87-6::7786-81-4::t0,506-87-6,7786-81-4,sec::7786-81-4::2::p2,7786-81-4,,True
pair::506-87-6::7786-81-4::t1,506-87-6,7786-81-4,sec::506-87-6::10,506-87-6,1,True
pair::506-87-6::7786-81-4::t1,506-87-6,7786-81-4,sec::506-87-6::2,506-87-6,4,True
pair::506-87-6::7786-81-4::t1,506-87-6,7786-81-4,sec::7786-81-4::10,7786-81-4,3,True
pair::506-87-6::7786-81-4::t1,506-87-6,7786-81-4,sec::7786-81-4::2::p1,7786-81-4,,True
pair::506-87-6::7786-81-4::t1,506-87-6,7786-81-4,sec::7786-81-4::2::p2,7786-81-4,,True
pair::506-87-6::7786-81-4::t2,506-87-6,7786-81-4,sec::506-87-6::10,506-87-6,3,True
pair::506-87-6::7786-81-4::t2,506-87-6,7786-81-4,sec::506-87-6::2,506-87-6,1,True
pair::506-87-6::7786-81-4::t2,506-87-6,7786-81-4,sec::7786-81-4::10,7786-81-4,2,True
pair::506-87-6::7786-81-4::t2,506-87-6,7786-81-4,sec::7786-81-4::2::p1,7786-81-4,5,True
pair::506-87-6::7786-81-4::t2,506-87-6,7786-81-4,sec::7786-81-4::2::p2,7786-81-4,,True
pair::506-87-6::7786-81-4::t3,506-87-6,7786-81-4,sec::506-87-6::10,506-87-6,1,True
pair::506-87-6::7786-81-4::t3,506-87-6,7786-81-4,sec::506-87-6::2,506-87-6,5,True
pair::506-87-6::7786-81-4::t3,506-87-6,7786-81-4,sec::7786-81-4::10,7786-81-4,2,True
pair::506-87-6::7786-81-4::t3,506-87-6,7786-81-4,sec::7786-81-4::2::p1,7786-81-4,,True
pair::506-87-6::7786-81-4::t3,506-87-6,7786-81-4,sec::7786-81-4::2::p2,7786-81-4,,True
pair::506-87-6::7786-81-4::t4,506-87-6,7786-81-4,sec::506-87-6::10,506-87-6,2,True
pair::506-87-6::7786-81-4::t4,506-87-6,7786-81-4,sec::506-87-6::2,506-87-6,1,True
pair::506-87-6::7786-81-4::t4,506-87-6,7786-81-4,sec::7786-81-4::10,7786-81-4,3,True
pair::506-87-6::7786-81-4::t4,506-87-6,7786-81-4,sec::7786-81-4::2::p1,7786-81-4,,True
pair::506-87-6::7786-81-4::t4,506-87-6,7786-81-4,sec::7786-81-4::2::p2,7786-81-4,,True
pair::100-07-2::106-51-4::t0,100-07-2,106-51-4,sec::100-07-2::10,100-07-2,1,True
pair::100-07-2::106-51-4::t0,100-07-2,106-51-4,sec::100-07-2::2,100-07-2,2,True
pair::100-07-2::106-51-4::t0,100-07-2,106-51-4,sec::106-51-4::10,106-51-4,4,True
pair::100-07-2::106-51-4::t0,100-07-2,106-51-4,sec::106-51-4::2::p1,106-51-4,,True
pair::100-07-2::106-51-4::t0,100-07-2,106-51-4,sec::106-51-4::2::p2,106-51-4,,True
pair::100-07-2::106-51-4::t1,100-07-2,106-51-4,sec::100-07-2::10,100-07-2,1,True
pair::100-07-2::106-51-4::t1,100-07-2,106-51-4,sec::100-07-2::2,100-07-2,2,True
pair::100-07-2::106-51-4::t1,100-07-2,106-51-4,sec::106-51-4::10,106-51-4,3,True
pair::100-07-2::106-51-4::t1,100-07-2,106-51-4,sec::106-51-4::2::p1,106-51-4,,True
pair::100-07-2::106-51-4::t1,100-07-2,106-51-4,sec::106-51-4::2::p2,106-51-4,,True
pair::100-07-2::106-51-4::t2,100-07-2,106-51-4,sec::100-07-2::10,100-07-2,1,True
pair::100-07-2::106-51-4::t2,100-07-2,106-51-4,sec::100-07-2::2,100-07-2,2,True
pair::100-07-2::106-51-4::t2,100-07-2,106-51-4,sec::106-51-4::10,106-51-4,4,True
pair::100-07-2::106-51-4::t2,100-07-2,106-51-4,sec::106-51-4::2::p1,106-51-4,3,True
pair::100-07-2::106-51-4::t2,100-07-2,106-51-4,sec::106-51-4::2::p2,106-51-4,,True
pair::100-07-2::106-51-4::t3,100-07-2,106-51-4,sec::100-07-2::10,100-07-2,1,True
pair::100-07-2::106-51-4::t3,100-07-2,106-51-4,sec::100-07-2::2,100-07-2,2,True
pair::100-07-2::106-51-4::t3,100-07-2,106-51-4,sec::106-51-4::10,106-51-4,3,True
pair::100-07-2::106-51-4::t3,100-07-2,106-51-4,sec::106-51-4::2::p1,106-51-4,8,True
pair::100-07-2::106-51-4::t3,100-07-2,106-51-4,sec::106-51-4::2::p2,106-51-4,,True
pair::100-07-2::106-51-4::t4,100-07-2,106-51-4,sec::100-07-2::10,100-07-2,2,True
pair::100-07-2::106-51-4::t4,100-07-2,106-51-4,sec::100-07-2::2,100-07-2,1,True
pair::100-07-2::106-51-4::t4,100-07-2,106-51-4,sec::106-51-4::10,106-51-4,12,True
pair::100-07-2::106-51-4::t4,100-07-2,106-51-4,sec::106-51-4::2::p1,106-51-4,,True
pair::100-07-2::106-51-4::t4,100-07-2,106-51-4,sec::106-51-4::2::p2,106-51-4,,True
pair::10031-87-5::1344-00-9::t0,10031-87-5,1344-00-9,sec::10031-87-5::10,10031-87-5,1,True
pair::10031-87-5::1344-00-9::t0,10031-87-5,1344-00-9,sec::10031-87-5::2,10031-87-5,4,True
pair::10031-87-5::1344-00-9::t0,10031-87-5,1344-00-9,sec::1344-00-9::10,1344-00-9,2,True
pair::10031-87-5::1344-00-9::t0,10031-87-5,1344-00-9,sec::1344-00-9::2,1344-00-9,3,True
pair::10031-87-5::1344-00-9::t1,10031-87-5,1344-00-9,sec::10031-87-5::10,10031-87-5,1,True
pair::10031-87-5::1344-00-9::t1,10031-87-5,1344-00-9,sec::10031-87-5::2,10031-87-5,4,True
pair::10031-87-5::1344-00-9::t1,10031-87-5,1344-00-9,sec::1344-00-9::10,1344-00-9,3,True
pair::10031-87-5::1344-00-9::t1,10031-87-5,1344-00-9,sec::1344-00-9::2,1344-00-9,2,True
pair::10031-87-5::1344-00-9::t2,10031-87-5,1344-00-9,sec::10031-87-5::10,10031-87-5,1,True
pair::10031-87-5::1344-00-9::t2,10031-87-5,1344-00-9,sec::10031-87-5::2,10031-87-5,3,True
pair::10031-87-5::1344-00-9::t2,10031-87-5,1344-00-9,sec::1344-00-9::10,1344-00-9,4,True
pair::10031-87-5::1344-00-9::t2,10031-87-5,1344-00-9,sec::1344-00-9::2,1344-00-9,2,True
pair::10031-87-5::1344-00-9::t3,10031-87-5,1344-00-9,sec::10031-87-5::10,10031-87-5,1,True
pair::10031-87-5::1344-00-9::t3,10031-87-5,1344-00-9,sec::10031-87-5::2,10031-87-5,5,True
pair::10031-87-5::1344-00-9::t3,10031-87-5,1344-00-9,sec::1344-00-9::10,1344-00-9,2,True
pair::10031-87-5::1344-00-9::t3,10031-87-5,1344-00-9,sec::1344-00-9::2,1344-00-9,3,True
pair::10031-87-5::1344-00-9::t4,10031-87-5,1344-00-9,sec::10031-87-5::10,10031-87-5,2,True
pair::10031-87-5::1344-00-9::t4,10031-87-5,1344-00-9,sec::10031-87-5::2,10031-87-5,4,True
pair::10031-87-5::1344-00-9::t4,10031-87-5,1344-00-9,sec::1344-00-9::10,1344-00-9,3,True
pair::10031-87-5::1344-00-9::t4,10031-87-5,1344-00-9,sec::1344-00-9::2,1344-00-9,1,True
pair::106-31-0::110-16-7::t0,106-31-0,110-16-7,sec::106-31-0::10,106-31-0,1,True
pair::106-31-0::110-16-7::t0,106-31-0,110-16-7,sec::106-31-0::2,106-31-0,3,True
pair::106-31-0::110-16-7::t0,106-31-0,110-16-7,sec::110-16-7::10,110-16-7,2,True
pair::106-31-0::110-16-7::t0,106-31-0,110-16-7,sec::110-16-7::2,110-16-7,9,True
pair::106-31-0::110-16-7::t1,106-31-0,110-16-7,sec::106-31-0::10,106-31-0,1,True
pair::106-31-0::110-16-7::t1,106-31-0,110-16-7,sec::106-31-0::2,106-31-0,2,True
pair::106-31-0::110-16-7::t1,106-31-0,110-16-7,sec::110-16-7::10,110-16-7,7,True
pair::106-31-0::110-16-7::t1,106-31-0,110-16-7,sec::110-16-7::2,110-16-7,8,True
pair::106-31-0::110-16-7::t2,106-31-0,110-16-7,sec::106-31-0::10,106-31-0,1,True
pair::106-31-0::110-16-7::t2,106-31-0,110-16-7,sec::106-31-0::2,106-31-0,2,True
pair::106-31-0::110-16-7::t2,106-31-0,110-16-7,sec::110-16-7::10,110-16-7,4,True
pair::106-31-0::110-16-7::t2,106-31-0,110-16-7,sec::110-16-7::2,110-16-7,3,True
pair::106-31-0::110-16-7::t3,106-31-0,110-16-7,sec::106-31-0::10,106-31-0,1,True
pair::106-31-0::110-16-7::t3,106-31-0,110-16-7,sec::106-31-0::2,106-31-0,3,True
pair::106-31-0::110-16-7::t3,106-31-0,110-16-7,sec::110-16-7::10,110-16-7,2,True
pair::106-31-0::110-16-7::t3,106-31-0,110-16-7,sec::110-16-7::2,110-16-7,12,True
pair::106-31-0::110-16-7::t4,106-31-0,110-16-7,sec::106-31-0::10,106-31-0,2,True
pair::106-31-0::110-16-7::t4,106-31-0,110-16-7,sec::106-31-0::2,106-31-0,1,True
pair::106-31-0::110-16-7::t4,106-31-0,110-16-7,sec::110-16-7::10,110-16-7,4,True
pair::106-31-0::110-16-7::t4,106-31-0,110-16-7,sec::110-16-7::2,110-16-7,5,True
pair::104-01-8::108-24-7::t0,104-01-8,108-24-7,sec::104-01-8::10,104-01-8,1,True
pair::104-01-8::108-24-7::t0,104-01-8,108-24-7,sec::104-01-8::2,104-01-8,2,True
pair::104-01-8::108-24-7::t0,104-01-8,108-24-7,sec::108-24-7::10,108-24-7,3,True
pair::104-01-8::108-24-7::t0,104-01-8,108-24-7,sec::108-24-7::2,108-24-7,7,True
pair::104-01-8::108-24-7::t1,104-01-8,108-24-7,sec::104-01-8::10,104-01-8,1,True
pair::104-01-8::108-24-7::t1,104-01-8,108-24-7,sec::104-01-8::2,104-01-8,3,True
pair::104-01-8::108-24-7::t1,104-01-8,108-24-7,sec::108-24-7::10,108-24-7,4,True
pair::104-01-8::108-24-7::t1,104-01-8,108-24-7,sec::108-24-7::2,108-24-7,2,True
pair::104-01-8::108-24-7::t2,104-01-8,108-24-7,sec::104-01-8::10,104-01-8,2,True
pair::104-01-8::108-24-7::t2,104-01-8,108-24-7,sec::104-01-8::2,104-01-8,1,True
pair::104-01-8::108-24-7::t2,104-01-8,108-24-7,sec::108-24-7::10,108-24-7,8,True
pair::104-01-8::108-24-7::t2,104-01-8,108-24-7,sec::108-24-7::2,108-24-7,6,True
pair::104-01-8::108-24-7::t3,104-01-8,108-24-7,sec::104-01-8::10,104-01-8,1,True
pair::104-01-8::108-24-7::t3,104-01-8,108-24-7,sec::104-01-8::2,104-01-8,4,True
pair::104-01-8::108-24-7::t3,104-01-8,108-24-7,sec::108-24-7::10,108-24-7,2,True
pair::104-01-8::108-24-7::t3,104-01-8,108-24-7,sec::108-24-7::2,108-24-7,11,True
pair::104-01-8::108-24-7::t4,104-01-8,108-24-7,sec::104-01-8::10,104-01-8,1,True
pair::104-01-8::108-24-7::t4,104-01-8,108-24-7,sec::104-01-8::2,104-01-8,2,True
pair::104-01-8::108-24-7::t4,104-01-8,108-24-7,sec::108-24-7::10,108-24-7,4,True
pair::104-01-8::108-24-7::t4,104-01-8,108-24-7,sec::108-24-7::2,108-24-7,3,True
pair::100-57-2::131-52-2::t0,100-57-2,131-52-2,sec::100-57-2::10,100-57-2,3,True
pair::100-57-2::131-52-2::t0,100-57-2,131-52-2,sec::100-57-2::2,100-57-2,4,True
pair::100-57-2::131-52-2::t0,100-57-2,131-52-2,sec::131-52-2::10,131-52-2,2,True
pair::100-57-2::131-52-2::t0,100-57-2,131-52-2,sec::131-52-2::2,131-52-2,1,True
pair::100-57-2::131-52-2::t1,100-57-2,131-52-2,sec::100-57-2::10,100-57-2,1,True
pair::100-57-2::131-52-2::t1,100-57-2,131-52-2,sec::100-57-2::2,100-57-2,4,True
pair::100-57-2::131-52-2::t1,100-57-2,131-52-2,sec::131-52-2::10,131-52-2,3,True
pair::100-57-2::131-52-2::t1,100-57-2,131-52-2,sec::131-52-2::2,131-52-2,2,True
pair::100-57-2::131-52-2::t2,100-57-2,131-52-2,sec::100-57-2::10,100-57-2,3,True
pair::100-57-2::131-52-2::t2,100-57-2,131-52-2,sec::100-57-2::2,100-57-2,4,True
pair::100-57-2::131-52-2::t2,100-57-2,131-52-2,sec::131-52-2::10,131-52-2,2,True
pair::100-57-2::131-52-2::t2,100-57-2,131-52-2,sec::131-52-2::2,131-52-2,1,True
pair::100-57-2::131-52-2::t3,100-57-2,131-52-2,sec::100-57-2::10,100-57-2,1,True
pair::100-57-2::131-52-2::t3,100-57-2,131-52-2,sec::100-57-2::2,100-57-2,4,True
pair::100-57-2::131-52-2::t3,100-57-2,131-52-2,sec::131-52-2::10,131-52-2,2,True
pair::100-57-2::131-52-2::t3,100-57-2,131-52-2,sec::131-52-2::2,131-52-2,3,True
pair::100-57-2::131-52-2::t4,100-57-2,131-52-2,sec::100-57-2::10,100-57-2,2,True
pair::100-57-2::131-52-2::t4,100-57-2,131-52-2,sec::100-57-2::2,100-57-2,4,True
pair::100-57-2::131-52-2::t4,100-57-2,131-52-2,sec::131-52-2::10,131-52-2,3,True
pair::100-57-2::131-52-2::t4,100-57-2,131-52-2,sec::131-52-2::2,131-52-2,1,True
pair::102-16-9::13774-25-9::t0,102-16-9,13774-25-9,sec::102-16-9::10,102-16-9,1,True
pair::102-16-9::13774-25-9::t0,102-16-9,13774-25-9,sec::102-16-9::2,102-16-9,2,True
pair::102-16-9::13774-25-9::t0,102-16-9,13774-25-9,sec::13774-25-9::10,13774-25-9,4,True
pair::102-16-9::13774-25-9::t0,102-16-9,13774-25-9,sec::13774-25-9::2,13774-25-9,8,True
pair::102-16-9::13774-25-9::t1,102-16-9,13774-25-9,sec::102-16-9::10,102-16-9,1,True
pair::102-16-9::13774-25-9::t1,102-16-9,13774-25-9,sec::102-16-9::2,102-16-9,3,True
pair::102-16-9::13774-25-9::t1,102-16-9,13774-25-9,sec::13774-25-9::10,13774-25-9,5,True
pair::102-16-9::13774-25-9::t1,102-16-9,13774-25-9,sec::13774-25-9::2,13774-25-9,2,True
pair::102-16-9::13774-25-9::t2,102-16-9,13774-25-9,sec::102-16-9::10,102-16-9,1,True
pair::102-16-9::13774-25-9::t2,102-16-9,13774-25-9,sec::102-16-9::2,102-16-9,2,True
pair::102-16-9::13774-25-9::t2,102-16-9,13774-25-9,sec::13774-25-9::10,13774-25-9,3,True
pair::102-16-9::13774-25-9::t2,102-16-9,13774-25-9,sec::13774-25-9::2,13774-25-9,5,True
pair::102-16-9::13774-25-9::t3,102-16-9,13774-25-9,sec::102-16-9::10,102-16-9,1,True
pair::102-16-9::13774-25-9::t3,102-16-9,13774-25-9,sec::102-16-9::2,102-16-9,4,True
pair::102-16-9::13774-25-9::t3,102-16-9,13774-25-9,sec::13774-25-9::10,13774-25-9,2,True
pair::102-16-9::13774-25-9::t3,102-16-9,13774-25-9,sec::13774-25-9::2,13774-25-9,7,True
pair::102-16-9::13774-25-9::t4,102-16-9,13774-25-9,sec::102-16-9::10,102-16-9,3,True
pair::102-16-9::13774-25-9::t4,102-16-9,13774-25-9,sec::102-16-9::2,102-16-9,2,True
pair::102-16-9::13774-25-9::t4,102-16-9,13774-25-9,sec::13774-25-9::10,13774-25-9,5,True
pair::102-16-9::13774-25-9::t4,102-16-9,13774-25-9,sec::13774-25-9::2,13774-25-9,1,True
pair::1002-89-7::102-08-9::t0,1002-89-7,102-08-9,sec::1002-89-7::10,1002-89-7,1,True
pair::1002-89-7::102-08-9::t0,1002-89-7,102-08-9,sec::1002-89-7::2,1002-89-7,2,True
pair::1002-89-7::102-08-9::t0,1002-89-7,102-08-9,sec::102-08-9::10,102-08-9,5,True
pair::1002-89-7::102-08-9::t0,1002-89-7,102-08-9,sec::102-08-9::2,102-08-9,12,True
pair::1002-89-7::102-08-9::t1,1002-89-7,102-08-9,sec::1002-89-7::10,1002-89-7,1,True
pair::1002-89-7::102-08-9::t1,1002-89-7,102-08-9,sec::1002-89-7::2,1002-89-7,2,True
pair::1002-89-7::102-08-9::t1,1002-89-7,102-08-9,sec::102-08-9::10,102-08-9,6,True
pair::1002-89-7::102-08-9::t1,1002-89-7,102-08-9,sec::102-08-9::2,102-08-9,10,True
pair::1002-89-7::102-08-9::t2,1002-89-7,102-08-9,sec::1002-89-7::10,1002-89-7,1,True
pair::1002-89-7::102-08-9::t2,1002-89-7,102-08-9,sec::1002-89-7::2,1002-89-7,2,True
pair::1002-89-7::102-08-9::t2,1002-89-7,102-08-9,sec::102-08-9::10,102-08-9,4,True
pair::1002-89-7::102-08-9::t2,1002-89-7,102-08-9,sec::102-08-9::2,102-08-9,8,True
pair::1002-89-7::102-08-9::t3,1002-89-7,102-08-9,sec::1002-89-7::10,1002-89-7,1,True
pair::1002-89-7::102-08-9::t3,1002-89-7,102-08-9,sec::1002-89-7::2,1002-89-7,2,True
pair::1002-89-7::102-08-9::t3,1002-89-7,102-08-9,sec::102-08-9::10,102-08-9,4,True
pair::1002-89-7::102-08-9::t3,1002-89-7,102-08-9,sec::102-08-9::2,102-08-9,,True
pair::1002-89-7::102-08-9::t4,1002-89-7,102-08-9,sec::1002-89-7::10,1002-89-7,1,True
pair::1002-89-7::102-08-9::t4,1002-89-7,102-08-9,sec::1002-89-7::2,1002-89-7,2,True
pair::1002-89-7::102-08-9::t4,1002-89-7,102-08-9,sec::102-08-9::10,102-08-9,6,True
pair::1002-89-7::102-08-9::t4,1002-89-7,102-08-9,sec::102-08-9::2,102-08-9,7,True
pair::10025-73-7::101-18-8::t0,10025-73-7,101-18-8,sec::10025-73-7::10,10025-73-7,3,True
pair::10025-73-7::101-18-8::t0,10025-73-7,101-18-8,sec::10025-73-7::2,10025-73-7,10,True
pair::10025-73-7::101-18-8::t0,10025-73-7,101-18-8,sec::101-18-8::10,101-18-8,1,True
pair::10025-73-7::101-18-8::t0,10025-73-7,101-18-8,sec::101-18-8::2,101-18-8,2,True
pair::10025-73-7::101-18-8::t1,10025-73-7,101-18-8,sec::10025-73-7::10,10025-73-7,3,True
pair::10025-73-7::101-18-8::t1,10025-73-7,101-18-8,sec::10025-73-7::2,10025-73-7,5,True
pair::10025-73-7::101-18-8::t1,10025-73-7,101-18-8,sec::101-18-8::10,101-18-8,1,True
pair::10025-73-7::101-18-8::t1,10025-73-7,101-18-8,sec::101-18-8::2,101-18-8,2,True
pair::10025-73-7::101-18-8::t2,10025-73-7,101-18-8,sec::10025-73-7::10,10025-73-7,3,True
pair::10025-73-7::101-18-8::t2,10025-73-7,101-18-8,sec::10025-73-7::2,10025-73-7,4,True
pair::10025-73-7::101-18-8::t2,10025-73-7,101-18-8,sec::101-18-8::10,101-18-8,1,True
pair::10025-73-7::101-18-8::t2,10025-73-7,101-18-8,sec::101-18-8::2,101-18-8,2,True
pair::10025-73-7::101-18-8::t3,10025-73-7,101-18-8,sec::10025-73-7::10,10025-73-7,3,True
pair::10025-73-7::101-18-8::t3,10025-73-7,101-18-8,sec::10025-73-7::2,10025-73-7,,True
pair::10025-73-7::101-18-8::t3,10025-73-7,101-18-8,sec::101-18-8::10,101-18-8,1,True
pair::10025-73-7::101-18-8::t3,10025-73-7,101-18-8,sec::101-18-8::2,101-18-8,2,True
pair::10025-73-7::101-18-8::t4,10025-73-7,101-18-8,sec::10025-73-7::10,10025-73-7,3,True
pair::10025-73-7::101-18-8::t4,10025-73-7,101-18-8,sec::10025-73-7::2,10025-73-7,4,True
pair::10025-73-7::101-18-8::t4,10025-73-7,101-18-8,sec::101-18-8::10,101-18-8,1,True
pair::10025-73-7::101-18-8::t4,10025-73-7,101-18-8,sec::101-18-8::2,101-18-8,2,True
pair::42615-29-2::7697-37-2::t0,42615-29-2,7697-37-2,sec::42615-29-2::10,42615-29-2,1,True
pair::42615-29-2::7697-37-2::t0,42615-29-2,7697-37-2,sec::42615-29-2::2,42615-29-2,2,True
pair::42615-29-2::7697-37-2::t0,42615-29-2,7697-37-2,sec::7697-37-2::10,7697-37-2,4,True
pair::42615-29-2::7697-37-2::t0,42615-29-2,7697-37-2,sec::7697-37-2::2,7697-37-2,,True
pair::42615-29-2::7697-37-2::t1,42615-29-2,7697-37-2,sec::42615-29-2::10,42615-29-2,1,True
pair::42615-29-2::7697-37-2::t1,42615-29-2,7697-37-2,sec::42615-29-2::2,42615-29-2,2,True
pair::42615-29-2::7697-37-2::t1,42615-29-2,7697-37-2,sec::7697-37-2::10,7697-37-2,6,True
pair::42615-29-2::7697-37-2::t1,42615-29-2,7697-37-2,sec::7697-37-2::2,7697-37-2,7,True
pair::42615-29-2::7697-37-2::t2,42615-29-2,7697-37-2,sec::42615-29-2::10,42615-29-2,2,True
pair::42615-29-2::7697-37-2::t2,42615-29-2,7697-37-2,sec::42615-29-2::2,42615-29-2,1,True
pair::42615-29-2::7697-37-2::t2,42615-29-2,7697-37-2,sec::7697-37-2::10,7697-37-2,4,True
pair::42615-29-2::7697-37-2::t2,42615-29-2,7697-37-2,sec::7697-37-2::2,7697-37-2,6,True
pair::42615-29-2::7697-37-2::t3,42615-29-2,7697-37-2,sec::42615-29-2::10,42615-29-2,1,True
pair::42615-29-2::7697-37-2::t3,42615-29-2,7697-37-2,sec::42615-29-2::2,42615-29-2,2,True
pair::42615-29-2::7697-37-2::t3,42615-29-2,7697-37-2,sec::7697-37-2::10,7697-37-2,5,True
pair::42615-29-2::7697-37-2::t3,42615-29-2,7697-37-2,sec::7697-37-2::2,7697-37-2,,True
pair::42615-29-2::7697-37-2::t4,42615-29-2,7697-37-2,sec::42615-29-2::10,42615-29-2,2,True
pair::42615-29-2::7697-37-2::t4,42615-29-2,7697-37-2,sec::42615-29-2::2,42615-29-2,1,True
pair::42615-29-2::7697-37-2::t4,42615-29-2,7697-37-2,sec::7697-37-2::10,7697-37-2,5,True
pair::42615-29-2::7697-37-2::t4,42615-29-2,7697-37-2,sec::7697-37-2::2,7697-37-2,8,True
pair::10048-95-0::107-97-1::t0,10048-95-0,107-97-1,sec::10048-95-0::10,10048-95-0,1,True
pair::10048-95-0::107-97-1::t0,10048-95-0,107-97-1,sec::10048-95-0::2,10048-95-0,2,True
pair::10048-95-0::107-97-1::t0,10048-95-0,107-97-1,sec::107-97-1::10,107-97-1,3,True
pair::10048-95-0::107-97-1::t0,10048-95-0,107-97-1,sec::107-97-1::2,107-97-1,8,True
pair::10048-95-0::107-97-1::t1,10048-95-0,107-97-1,sec::10048-95-0::10,10048-95-0,1,True
pair::10048-95-0::107-97-1::t1,10048-95-0,107-97-1,sec::10048-95-0::2,10048-95-0,2,True
pair::10048-95-0::107-97-1::t1,10048-95-0,107-97-1,sec::107-97-1::10,107-97-1,3,True
pair::10048-95-0::107-97-1::t1,10048-95-0,107-97-1,sec::107-97-1::2,107-97-1,4,True
pair::10048-95-0::107-97-1::t2,10048-95-0,107-97-1,sec::10048-95-0::10,10048-95-0,1,True
pair::10048-95-0::107-97-1::t2,10048-95-0,107-97-1,sec::10048-95-0::2,10048-95-0,2,True
pair::10048-95-0::107-97-1::t2,10048-95-0,107-97-1,sec::107-97-1::10,107-97-1,3,True
pair::10048-95-0::107-97-1::t2,10048-95-0,107-97-1,sec::107-97-1::2,107-97-1,7,True
pair::10048-95-0::107-97-1::t3,10048-95-0,107-97-1,sec::10048-95-0::10,10048-95-0,1,True
pair::10048-95-0::107-97-1::t3,10048-95-0,107-97-1,sec::10048-95-0::2,10048-95-0,2,True
pair::10048-95-0::107-97-1::t3,10048-95-0,107-97-1,sec::107-97-1::10,107-97-1,3,True
pair::10048-95-0::107-97-1::t3,10048-95-0,107-97-1,sec::107-97-1::2,107-97-1,,True
pair::10048-95-0::107-97-1::t4,10048-95-0,107-97-1,sec::10048-95-0::10,10048-95-0,2,True
pair::10048-95-0::107-97-1::t4,10048-95-0,107-97-1,sec::10048-95-0::2,10048-95-0,1,True
pair::10048-95-0::107-97-1::t4,10048-95-0,107-97-1,sec::107-97-1::10,107-97-1,3,True
pair::10048-95-0::107-97-1::t4,10048-95-0,107-97-1,sec::107-97-1::2,107-97-1,5,True
pair::1338-02-9::497-19-8::t0,1338-02-9,497-19-8,sec::1338-02-9::10,1338-02-9,1,False
pair::1338-02-9::497-19-8::t0,1338-02-9,497-19-8,sec::1338-02-9::2,1338-02-9,2,False
pair::1338-02-9::497-19-8::t0,1338-02-9,497-19-8,sec::497-19-8::10,497-19-8,,False
pair::1338-02-9::497-19-8::t0,1338-02-9,497-19-8,sec::497-19-8::2,497-19-8,,False
pair::1338-02-9::497-19-8::t1,1338-02-9,497-19-8,sec::1338-02-9::10,1338-02-9,4,False
pair::1338-02-9::497-19-8::t1,1338-02-9,497-19-8,sec::1338-02-9::2,1338-02-9,5,False
pair::1338-02-9::497-19-8::t1,1338-02-9,497-19-8,sec::497-19-8::10,497-19-8,,False
pair::1338-02-9::497-19-8::t1,1338-02-9,497-19-8,sec::497-19-8::2,497-19-8,,False
pair::1338-02-9::497-19-8::t2,1338-02-9,497-19-8,sec::1338-02-9::10,1338-02-9,2,False
pair::1338-02-9::497-19-8::t2,1338-02-9,497-19-8,sec::1338-02-9::2,1338-02-9,3,False
pair::1338-02-9::497-19-8::t2,1338-02-9,497-19-8,sec::497-19-8::10,497-19-8,,False
pair::1338-02-9::497-19-8::t2,1338-02-9,497-19-8,sec::497-19-8::2,497-19-8,,False
pair::1338-02-9::497-19-8::t3,1338-02-9,497-19-8,sec::1338-02-9::10,1338-02-9,2,False
pair::1338-02-9::497-19-8::t3,1338-02-9,497-19-8,sec::1338-02-9::2,1338-02-9,20,False
pair::1338-02-9::497-19-8::t3,1338-02-9,497-19-8,sec::497-19-8::10,497-19-8,,False
pair::1338-02-9::497-19-8::t3,1338-02-9,497-19-8,sec::497-19-8::2,497-19-8,,False
pair::1338-02-9::497-19-8::t4,1338-02-9,497-19-8,sec::1338-02-9::10,1338-02-9,3,False
pair::1338-02-9::497-19-8::t4,1338-02-9,497-19-8,sec::1338-02-9::2,1338-02-9,2,False
pair::1338-02-9::497-19-8::t4,1338-02-9,497-19-8,sec::497-19-8::10,497-19-8,,False
pair::1338-02-9::497-19-8::t4,1338-02-9,497-19-8,sec::497-19-8::2,497-19-8,,False
pair::101-27-9::107-97-1::t0,101-27-9,107-97-1,sec::101-27-9::10,101-27-9,1,True
pair::101-27-9::107-97-1::t0,101-27-9,107-97-1,sec::101-27-9::2,101-27-9,4,True
pair::101-27-9::107-97-1::t0,101-27-9,107-97-1,sec::107-97-1::10,107-97-1,2,True
pair::101-27-9::107-97-1::t0,101-27-9,107-97-1,sec::107-97-1::2,107-97-1,3,True
pair::101-27-9::107-97-1::t1,101-27-9,107-97-1,sec::101-27-9::10,101-27-9,4,True
pair::101-27-9::107-97-1::t1,101-27-9,107-97-1,sec::101-27-9::2,101-27-9,1,True
pair::101-27-9::107-97-1::t1,101-27-9,107-97-1,sec::107-97-1::10,107-97-1,2,True
pair::101-27-9::107-97-1::t1,101-27-9,107-97-1,sec::107-97-1::2,107-97-1,3,True
pair::101-27-9::107-97-1::t2,101-27-9,107-97-1,sec::101-27-9::10,101-27-9,2,True
pair::101-27-9::107-97-1::t2,101-27-9,107-97-1,sec::101-27-9::2,101-27-9,1,True
pair::101-27-9::107-97-1::t2,101-27-9,107-97-1,sec::107-97-1::10,107-97-1,4,True
pair::101-27-9::107-97-1::t2,101-27-9,107-97-1,sec::107-97-1::2,107-97-1,3,True
pair::101-27-9::107-97-1::t3,101-27-9,107-97-1,sec::101-27-9::10,101-27-9,2,True
pair::101-27-9::107-97-1::t3,101-27-9,107-97-1,sec::101-27-9::2,101-27-9,4,True
pair::101-27-9::107-97-1::t3,101-27-9,107-97-1,sec::107-97-1::10,107-97-1,1,True
pair::101-27-9::107-97-1::t3,101-27-9,107-97-1,sec::107-97-1::2,107-97-1,3,True
pair::101-27-9::107-97-1::t4,101-27-9,107-97-1,sec::101-27-9::10,101-27-9,6,True
pair::101-27-9::107-97-1::t4,101-27-9,107-97-1,sec::101-27-9::2,101-27-9,3,True
pair::101-27-9::107-97-1::t4,101-27-9,107-97-1,sec::107-97-1::10,107-97-1,1,True
pair::101-27-9::107-97-1::t4,101-27-9,107-97-1,sec::107-97-1::2,107-97-1,2,True
pair::114-49-8::1333-86-4::t0,114-49-8,1333-86-4,sec::114-49-8::10,114-49-8,1,True
pair::114-49-8::1333-86-4::t0,114-49-8,1333-86-4,sec::114-49-8::2,114-49-8,2,True
pair::114-49-8::1333-86-4::t0,114-49-8,1333-86-4,sec::1333-86-4::10,1333-86-4,4,True
pair::114-49-8::1333-86-4::t0,114-49-8,1333-86-4,sec::1333-86-4::2,1333-86-4,3,True
pair::114-49-8::1333-86-4::t1,114-49-8,1333-86-4,sec::114-49-8::10,114-49-8,2,True
pair::114-49-8::1333-86-4::t1,114-49-8,1333-86-4,sec::114-49-8::2,114-49-8,3,True
pair::114-49-8::1333-86-4::t1,114-49-8,1333-86-4,sec::1333-86-4::10,1333-86-4,4,True
pair::114-49-8::1333-86-4::t1,114-49-8,1333-86-4,sec::1333-86-4::2,1333-86-4,1,True
pair::114-49-8::1333-86-4::t2,114-49-8,1333-86-4,sec::114-49-8::10,114-49-8,2,True
pair::114-49-8::1333-86-4::t2,114-49-8,1333-86-4,sec::114-49-8::2,114-49-8,1,True
pair::114-49-8::1333-86-4::t2,114-49-8,1333-86-4,sec::1333-86-4::10,1333-86-4,3,True
pair::114-49-8::1333-86-4::t2,114-49-8,1333-86-4,sec::1333-86-4::2,1333-86-4,5,True
pair::114-49-8::1333-86-4::t3,114-49-8,1333-86-4,sec::114-49-8::10,114-49-8,1,True
pair::114-49-8::1333-86-4::t3,114-49-8,1333-86-4,sec::114-49-8::2,114-49-8,3,True
pair::114-49-8::1333-86-4::t3,114-49-8,1333-86-4,sec::1333-86-4::10,1333-86-4,2,True
pair::114-49-8::1333-86-4::t3,114-49-8,1333-86-4,sec::1333-86-4::2,1333-86-4,4,True
pair::114-49-8::1333-86-4::t4,114-49-8,1333-86-4,sec::114-49-8::10,114-49-8,3,True
pair::114-49-8::1333-86-4::t4,114-49-8,1333-86-4,sec::114-49-8::2,114-49-8,2,True
pair::114-49-8::1333-86-4::t4,114-49-8,1333-86-4,sec::1333-86-4::10,1333-86-4,5,True
pair::114-49-8::1333-86-4::t4,114-49-8,1333-86-4,sec::1333-86-4::2,1333-86-4,1,True
pair::10112-91-1::1310-73-2::t0,10112-91-1,1310-73-2,sec::10112-91-1::10,10112-91-1,1,True
pair::10112-91-1::1310-73-2::t0,10112-91-1,1310-73-2,sec::10112-91-1::2,10112-91-1,3,True
pair::10112-91-1::1310-73-2::t0,10112-91-1,1310-73-2,sec::1310-73-2::10,1310-73-2,4,True
pair::10112-91-1::1310-73-2::t0,10112-91-1,1310-73-2,sec::1310-73-2::2,1310-73-2,,True
pair::10112-91-1::1310-73-2::t1,10112-91-1,1310-73-2,sec::10112-91-1::10,10112-91-1,1,True
pair::10112-91-1::1310-73-2::t1,10112-91-1,1310-73-2,sec::10112-91-1::2,10112-91-1,2,True
pair::10112-91-1::1310-73-2::t1,10112-91-1,1310-73-2,sec::1310-73-2::10,1310-73-2,5,True
pair::10112-91-1::1310-73-2::t1,10112-91-1,1310-73-2,sec::1310-73-2::2,1310-73-2,4,True
pair::10112-91-1::1310-73-2::t2,10112-91-1,1310-73-2,sec::10112-91-1::10,10112-91-1,1,True
pair::10112-91-1::1310-73-2::t2,10112-91-1,1310-73-2,sec::10112-91-1::2,10112-91-1,2,True
pair::10112-91-1::1310-73-2::t2,10112-91-1,1310-73-2,sec::1310-73-2::10,1310-73-2,5,True
pair::10112-91-1::1310-73-2::t2,10112-91-1,1310-73-2,sec::1310-73-2::2,1310-73-2,6,True
pair::10112-91-1::1310-73-2::t3,10112-91-1,1310-73-2,sec::10112-91-1::10,10112-91-1,1,True
pair::10112-91-1::1310-73-2::t3,10112-91-1,1310-73-2,sec::10112-91-1::2,10112-91-1,2,True
pair::10112-91-1::1310-73-2::t3,10112-91-1,1310-73-2,sec::1310-73-2::10,1310-73-2,3,True
pair::10112-91-1::1310-73-2::t3,10112-91-1,1310-73-2,sec::1310-73-2::2,1310-73-2,16,True
pair::10112-91-1::1310-73-2::t4,10112-91-1,1310-73-2,sec::10112-91-1::10,10112-91-1,2,True
pair::10112-91-1::1310-73-2::t4,10112-91-1,1310-73-2,sec::10112-91-1::2,10112-91-1,1,True
pair::10112-91-1::1310-73-2::t4,10112-91-1,1310-73-2,sec::1310-73-2::10,1310-73-2,7,True
pair::10112-91-1::1310-73-2::t4,10112-91-1,1310-73-2,sec::1310-73-2::2,1310-73-2,3,True
pair::104-15-4::7553-56-2::t0,104-15-4,7553-56-2,sec::104-15-4::10,104-15-4,1,True
pair::104-15-4::7553-56-2::t0,104-15-4,7553-56-2,sec::104-15-4::2,104-15-4,2,True
pair::104-15-4::7553-56-2::t0,104-15-4,7553-56-2,sec::7553-56-2::10,7553-56-2,16,True
pair::104-15-4::7553-56-2::t0,104-15-4,7553-56-2,sec::7553-56-2::2,7553-56-2,11,True
pair::104-15-4::7553-56-2::t1,104-15-4,7553-56-2,sec::104-15-4::10,104-15-4,1,True
pair::104-15-4::7553-56-2::t1,104-15-4,7553-56-2,sec::104-15-4::2,104-15-4,2,True
pair::104-15-4::7553-56-2::t1,104-15-4,7553-56-2,sec::7553-56-2::10,7553-56-2,8,True
pair::104-15-4::7553-56-2::t1,104-15-4,7553-56-2,sec::7553-56-2::2,7553-56-2,,True
pair::104-15-4::7553-56-2::t2,104-15-4,7553-56-2,sec::104-15-4::10,104-15-4,2,True
pair::104-15-4::7553-56-2::t2,104-15-4,7553-56-2,sec::104-15-4::2,104-15-4,1,True
pair::104-15-4::7553-56-2::t2,104-15-4,7553-56-2,sec::7553-56-2::10,7553-56-2,7,True
pair::104-15-4::7553-56-2::t2,104-15-4,7553-56-2,sec::7553-56-2::2,7553-56-2,5,True
pair::104-15-4::7553-56-2::t3,104-15-4,7553-56-2,sec::104-15-4::10,104-15-4,1,True
pair::104-15-4::7553-56-2::t3,104-15-4,7553-56-2,sec::104-15-4::2,104-15-4,2,True
pair::104-15-4::7553-56-2::t3,104-15-4,7553-56-2,sec::7553-56-2::10,7553-56-2,3,True
pair::104-15-4::7553-56-2::t3,104-15-4,7553-56-2,sec::7553-56-2::2,7553-56-2,,True
pair::104-15-4::7553-56-2::t4,104-15-4,7553-56-2,sec::104-15-4::10,104-15-4,1,True
pair::104-15-4::7553-56-2::t4,104-15-4,7553-56-2,sec::104-15-4::2,104-15-4,2,True
pair::104-15-4::7553-56-2::t4,104-15-4,7553-56-2,sec::7553-56-2::10,7553-56-2,3,True
pair::104-15-4::7553-56-2::t4,104-15-4,7553-56-2,sec::7553-56-2::2,7553-56-2,,True
pair::108-60-1::1317-65-3::t0,108-60-1,1317-65-3,sec::108-60-1::10,108-60-1,1,True
pair::108-60-1::1317-65-3::t0,108-60-1,1317-65-3,sec::108-60-1::2,108-60-1,2,True
pair::108-60-1::1317-65-3::t0,108-60-1,1317-65-3,sec::1317-65-3::10,1317-65-3,4,True
pair::108-60-1::1317-65-3::t0,108-60-1,1317-65-3,sec::1317-65-3::2,1317-65-3,,True
pair::108-60-1::1317-65-3::t1,108-60-1,1317-65-3,sec::108-60-1::10,108-60-1,1,True
pair::108-60-1::1317-65-3::t1,108-60-1,1317-65-3,sec::108-60-1::2,108-60-1,2,True
pair::108-60-1::1317-65-3::t1,108-60-1,1317-65-3,sec::1317-65-3::10,1317-65-3,3,True
pair::108-60-1::1317-65-3::t1,108-60-1,1317-65-3,sec::1317-65-3::2,1317-65-3,6,True
pair::108-60-1::1317-65-3::t2,108-60-1,1317-65-3,sec::108-60-1::10,108-60-1,1,True
pair::108-60-1::1317-65-3::t2,108-60-1,1317-65-3,sec::108-60-1::2,108-60-1,2,True
pair::108-60-1::1317-65-3::t2,108-60-1,1317-65-3,sec::1317-65-3::10,1317-65-3,4,True
pair::108-60-1::1317-65-3::t2,108-60-1,1317-65-3,sec::1317-65-3::2,1317-65-3,6,True
pair::108-60-1::1317-65-3::t3,108-60-1,1317-65-3,sec::108-60-1::10,108-60-1,1,True
pair::108-60-1::1317-65-3::t3,108-60-1,1317-65-3,sec::108-60-1::2,108-60-1,2,True
pair::108-60-1::1317-65-3::t3,108-60-1,1317-65-3,sec::1317-65-3::10,1317-65-3,3,True
pair::108-60-1::1317-65-3::t3,108-60-1,1317-65-3,sec::1317-65-3::2,1317-65-3,8,True
pair::108-60-1::1317-65-3::t4,108-60-1,1317-65-3,sec::108-60-1::10,108-60-1,2,True
pair::108-60-1::1317-65-3::t4,108-60-1,1317-65-3,sec::108-60-1::2,108-60-1,1,True
pair::108-60-1::1317-65-3::t4,108-60-1,1317-65-3,sec::1317-65-3::10,1317-65-3,3,True
pair::108-60-1::1317-65-3::t4,108-60-1,1317-65-3,sec::1317-65-3::2,1317-65-3,7,True
pair::1066-33-7::13007-92-6::t0,1066-33-7,13007-92-6,sec::1066-33-7::10,1066-33-7,2,True
pair::1066-33-7::13007-92-6::t0,1066-33-7,13007-92-6,sec::1066-33-7::2,1066-33-7,3,True
pair::1066-33-7::13007-92-6::t0,1066-33-7,13007-92-6,sec::13007-92-6::10,13007-92-6,1,True
pair::1066-33-7::13007-92-6::t0,1066-33-7,13007-92-6,sec::13007-92-6::2,13007-92-6,4,True
pair::1066-33-7::13007-92-6::t1,1066-33-7,13007-92-6,sec::1066-33-7::10,1066-33-7,2,True
pair::1066-33-7::13007-92-6::t1,1066-33-7,13007-92-6,sec::1066-33-7::2,1066-33-7,4,True
pair::1066-33-7::13007-92-6::t1,1066-33-7,13007-92-6,sec::13007-92-6::10,13007-92-6,1,True
pair::1066-33-7::13007-92-6::t1,1066-33-7,13007-92-6,sec::13007-92-6::2,13007-92-6,3,True
pair::1066-33-7::13007-92-6::t2,1066-33-7,13007-92-6,sec::1066-33-7::10,1066-33-7,2,True
pair::1066-33-7::13007-92-6::t2,1066-33-7,13007-92-6,sec::1066-33-7::2,1066-33-7,1,True
pair::1066-33-7::13007-92-6::t2,1066-33-7,13007-92-6,sec::13007-92-6::10,13007-92-6,3,True
pair::1066-33-7::13007-92-6::t2,1066-33-7,13007-92-6,sec::13007-92-6::2,13007-92-6,4,True
pair::1066-33-7::13007-92-6::t3,1066-33-7,13007-92-6,sec::1066-33-7::10,1066-33-7,2,True
pair::1066-33-7::13007-92-6::t3,1066-33-7,13007-92-6,sec::1066-33-7::2,1066-33-7,3,True
pair::1066-33-7::13007-92-6::t3,1066-33-7,13007-92-6,sec::13007-92-6::10,13007-92-6,1,True
pair::1066-33-7::13007-92-6::t3,1066-33-7,13007-92-6,sec::13007-92-6::2,13007-92-6,10,True
pair::1066-33-7::13007-92-6::t4,1066-33-7,13007-92-6,sec::1066-33-7::10,1066-33-7,1,True
pair::1066-33-7::13007-92-6::t4,1066-33-7,13007-92-6,sec::1066-33-7::2,1066-33-7,4,True
pair::1066-33-7::13007-92-6::t4,1066-33-7,13007-92-6,sec::13007-92-6::10,13007-92-6,3,True
pair::1066-33-7::13007-92-6::t4,1066-33-7,13007-92-6,sec::13007-92-6::2,13007-92-6,2,True
pair::1191-80-6::1305-62-0::t0,1191-80-6,1305-62-0,sec::1191-80-6::10,1191-80-6,1,True
pair::1191-80-6::1305-62-0::t0,1191-80-6,1305-62-0,sec::1191-80-6::2,1191-80-6,2,True
pair::1191-80-6::1305-62-0::t0,1191-80-6,1305-62-0,sec::1305-62-0::10,1305-62-0,5,True
pair::1191-80-6::1305-62-0::t0,1191-80-6,1305-62-0,sec::1305-62-0::2,1305-62-0,11,True
pair::1191-80-6::1305-62-0::t1,1191-80-6,1305-62-0,sec::1191-80-6::10,1191-80-6,1,True
pair::1191-80-6::1305-62-0::t1,1191-80-6,1305-62-0,sec::1191-80-6::2,1191-80-6,2,True
pair::1191-80-6::1305-62-0::t1,1191-80-6,1305-62-0,sec::1305-62-0::10,1305-62-0,4,True
pair::1191-80-6::1305-62-0::t1,1191-80-6,1305-62-0,sec::1305-62-0::2,1305-62-0,3,True
pair::1191-80-6::1305-62-0::t2,1191-80-6,1305-62-0,sec::1191-80-6::10,1191-80-6,1,True
pair::1191-80-6::1305-62-0::t2,1191-80-6,1305-62-0,sec::1191-80-6::2,1191-80-6,2,True
pair::1191-80-6::1305-62-0::t2,1191-80-6,1305-62-0,sec::1305-62-0::10,1305-62-0,12,True
pair::1191-80-6::1305-62-0::t2,1191-80-6,1305-62-0,sec::1305-62-0::2,1305-62-0,3,True
pair::1191-80-6::1305-62-0::t3,1191-80-6,1305-62-0,sec::1191-80-6::10,1191-80-6,1,True
pair::1191-80-6::1305-62-0::t3,1191-80-6,1305-62-0,sec::1191-80-6::2,1191-80-6,2,True
pair::1191-80-6::1305-62-0::t3,1191-80-6,1305-62-0,sec::1305-62-0::10,1305-62-0,5,True
pair::1191-80-6::1305-62-0::t3,1191-80-6,1305-62-0,sec::1305-62-0::2,1305-62-0,,True
pair::1191-80-6::1305-62-0::t4,1191-80-6,1305-62-0,sec::1191-80-6::10,1191-80-6,2,True
pair::1191-80-6::1305-62-0::t4,1191-80-6,1305-62-0,sec::1191-80-6::2,1191-80-6,1,True
pair::1191-80-6::1305-62-0::t4,1191-80-6,1305-62-0,sec::1305-62-0::10,1305-62-0,6,True
pair::1191-80-6::1305-62-0::t4,1191-80-6,1305-62-0,sec::1305-62-0::2,1305-62-0,3,True
pair::1271-28-9::506-87-6::t0,1271-28-9,506-87-6,sec::1271-28-9::10,1271-28-9,4,True
pair::1271-28-9::506-87-6::t0,1271-28-9,506-87-6,sec::1271-28-9::2,1271-28-9,7,True
pair::1271-28-9::506-87-6::t0,1271-28-9,506-87-6,sec::506-87-6::10,506-87-6,1,True
pair::1271-28-9::506-87-6::t0,1271-28-9,506-87-6,sec::506-87-6::2,506-87-6,2,True
pair::1271-28-9::506-87-6::t1,1271-28-9,506-87-6,sec::1271-28-9::10,1271-28-9,8,True
pair::1271-28-9::506-87-6::t1,1271-28-9,506-87-6,sec::1271-28-9::2,1271-28-9,11,True
pair::1271-28-9::506-87-6::t1,1271-28-9,506-87-6,sec::506-87-6::10,506-87-6,1,True
pair::1271-28-9::506-87-6::t1,1271-28-9,506-87-6,sec::506-87-6::2,506-87-6,2,True
pair::1271-28-9::506-87-6::t2,1271-28-9,506-87-6,sec::1271-28-9::10,1271-28-9,7,True
pair::1271-28-9::506-87-6::t2,1271-28-9,506-87-6,sec::1271-28-9::2,1271-28-9,4,True
pair::1271-28-9::506-87-6::t2,1271-28-9,506-87-6,sec::506-87-6::10,506-87-6,2,True
pair::1271-28-9::506-87-6::t2,1271-28-9,506-87-6,sec::506-87-6::2,506-87-6,1,True
pair::1271-28-9::506-87-6::t3,1271-28-9,506-87-6,sec::1271-28-9::10,1271-28-9,11,True
pair::1271-28-9::506-87-6::t3,1271-28-9,506-87-6,sec::1271-28-9::2,1271-28-9,,True
pair::1271-28-9::506-87-6::t3,1271-28-9,506-87-6,sec::506-87-6::10,506-87-6,1,True
pair::1271-28-9::506-87-6::t3,1271-28-9,506-87-6,sec::506-87-6::2,506-87-6,2,True
pair::1271-28-9::506-87-6::t4,1271-28-9,506-87-6,sec::1271-28-9::10,1271-28-9,5,True
pair::1271-28-9::506-87-6::t4,1271-28-9,506-87-6,sec::1271-28-9::2,1271-28-9,7,True
pair::1271-28-9::506-87-6::t4,1271-28-9,506-87-6,sec::506-87-6::10,506-87-6,2,True
pair::1271-28-9::506-87-6::t4,1271-28-9,506-87-6,sec::506-87-6::2,506-87-6,1,True
pair::10048-95-0::101-18-8::t0,10048-95-0,101-18-8,sec::10048-95-0::10,10048-95-0,1,True
pair::10048-95-0::101-18-8::t0,10048-95-0,101-18-8,sec::10048-95-0::2,10048-95-0,4,True
pair::10048-95-0::101-18-8::t0,10048-95-0,101-18-8,sec::101-18-8::10,101-18-8,2,True
pair::10048-95-0::101-18-8::t0,10048-95-0,101-18-8,sec::101-18-8::2,101-18-8,3,True
pair::10048-95-0::101-18-8::t1,10048-95-0,101-18-8,sec::10048-95-0::10,10048-95-0,2,True
pair::10048-95-0::101-18-8::t1,10048-95-0,101-18-8,sec::10048-95-0::2,10048-95-0,3,True
pair::10048-95-0::101-18-8::t1,10048-95-0,101-18-8,sec::101-18-8::10,101-18-8,1,True
pair::10048-95-0::101-18-8::t1,10048-95-0,101-18-8,sec::101-18-8::2,101-18-8,4,True
pair::10048-95-0::101-18-8::t2,10048-95-0,101-18-8,sec::10048-95-0::10,10048-95-0,1,True
pair::10048-95-0::101-18-8::t2,10048-95-0,101-18-8,sec::10048-95-0::2,10048-95-0,4,True
pair::10048-95-0::101-18-8::t2,10048-95-0,101-18-8,sec::101-18-8::10,101-18-8,2,True
pair::10048-95-0::101-18-8::t2,10048-95-0,101-18-8,sec::101-18-8::2,101-18-8,3,True
pair::10048-95-0::101-18-8::t3,10048-95-0,101-18-8,sec::10048-95-0::10,10048-95-0,2,True
pair::10048-95-0::101-18-8::t3,10048-95-0,101-18-8,sec::10048-95-0::2,10048-95-0,4,True
pair::10048-95-0::101-18-8::t3,10048-95-0,101-18-8,sec::101-18-8::10,101-18-8,1,True
pair::10048-95-0::101-18-8::t3,10048-95-0,101-18-8,sec::101-18-8::2,101-18-8,3,True
pair::10048-95-0::101-18-8::t4,10048-95-0,101-18-8,sec::10048-95-0::10,10048-95-0,1,True
pair::10048-95-0::101-18-8::t4,10048-95-0,101-18-8,sec::10048-95-0::2,10048-95-0,2,True
pair::10048-95-0::101-18-8::t4,10048-95-0,101-18-8,sec::101-18-8::10,101-18-8,3,True
pair::10048-95-0::101-18-8::t4,10048-95-0,101-18-8,sec::101-18-8::2,101-18-8,4,True
pair::102-67-0::13718-59-7::t0,102-67-0,13718-59-7,sec::102-67-0::10,102-67-0,4,True
pair::102-67-0::13718-59-7::t0,102-67-0,13718-59-7,sec::102-67-0::2,102-67-0,10,True
pair::102-67-0::13718-59-7::t0,102-67-0,13718-59-7,sec::13718-59-7::10,13718-59-7,1,True
pair::102-67-0::13718-59-7::t0,102-67-0,13718-59-7,sec::13718-59-7::2,13718-59-7,2,True
pair::102-67-0::13718-59-7::t1,102-67-0,13718-59-7,sec::102-67-0::10,102-67-0,9,True
pair::102-67-0::13718-59-7::t1,102-67-0,13718-59-7,sec::102-67-0::2,102-67-0,10,True
pair::102-67-0::13718-59-7::t1,102-67-0,13718-59-7,sec::13718-59-7::10,13718-59-7,1,True
pair::102-67-0::13718-59-7::t1,102-67-0,13718-59-7,sec::13718-59-7::2,13718-59-7,2,True
pair::102-67-0::13718-59-7::t2,102-67-0,13718-59-7,sec::102-67-0::10,102-67-0,7,True
pair::102-67-0::13718-59-7::t2,102-67-0,13718-59-7,sec::102-67-0::2,102-67-0,10,True
pair::102-67-0::13718-59-7::t2,102-67-0,13718-59-7,sec::13718-59-7::10,13718-59-7,1,True
pair::102-67-0::13718-59-7::t2,102-67-0,13718-59-7,sec::13718-59-7::2,13718-59-7,2,True
pair::102-67-0::13718-59-7::t3,102-67-0,13718-59-7,sec::102-67-0::10,102-67-0,6,True
pair::102-67-0::13718-59-7::t3,102-67-0,13718-59-7,sec::102-67-0::2,102-67-0,,True
pair::102-67-0::13718-59-7::t3,102-67-0,13718-59-7,sec::13718-59-7::10,13718-59-7,1,True
pair::102-67-0::13718-59-7::t3,102-67-0,13718-59-7,sec::13718-59-7::2,13718-59-7,2,True
pair::102-67-0::13718-59-7::t4,102-67-0,13718-59-7,sec::102-67-0::10,102-67-0,9,True
pair::102-67-0::13718-59-7::t4,102-67-0,13718-59-7,sec::102-67-0::2,102-67-0,10,True
pair::102-67-0::13718-59-7::t4,102-67-0,13718-59-7,sec::13718-59-7::10,13718-59-7,1,True
pair::102-67-0::13718-59-7::t4,102-67-0,13718-59-7,sec::13718-59-7::2,13718-59-7,2,True
pair::10192-30-0::109-52-4::t0,10192-30-0,109-52-4,sec::10192-30-0::10,10192-30-0,1,True
pair::10192-30-0::109-52-4::t0,10192-30-0,109-52-4,sec::10192-30-0::2,10192-30-0,3,True
pair::10192-30-0::109-52-4::t0,10192-30-0,109-52-4,sec::109-52-4::10,109-52-4,8,True
pair::10192-30-0::109-52-4::t0,10192-30-0,109-52-4,sec::109-52-4::2,109-52-4,,True
pair::10192-30-0::109-52-4::t1,10192-30-0,109-52-4,sec::10192-30-0::10,10192-30-0,1,True
pair::10192-30-0::109-52-4::t1,10192-30-0,109-52-4,sec::10192-30-0::2,10192-30-0,2,True
pair::10192-30-0::109-52-4::t1,10192-30-0,109-52-4,sec::109-52-4::10,109-52-4,6,True
pair::10192-30-0::109-52-4::t1,10192-30-0,109-52-4,sec::109-52-4::2,109-52-4,15,True
pair::10192-30-0::109-52-4::t2,10192-30-0,109-52-4,sec::10192-30-0::10,10192-30-0,1,True
pair::10192-30-0::109-52-4::t2,10192-30-0,109-52-4,sec::10192-30-0::2,10192-30-0,2,True
pair::10192-30-0::109-52-4::t2,10192-30-0,109-52-4,sec::109-52-4::10,109-52-4,7,True
pair::10192-30-0::109-52-4::t2,10192-30-0,109-52-4,sec::109-52-4::2,109-52-4,9,True
pair::10192-30-0::109-52-4::t3,10192-30-0,109-52-4,sec::10192-30-0::10,10192-30-0,1,True
pair::10192-30-0::109-52-4::t3,10192-30-0,109-52-4,sec::10192-30-0::2,10192-30-0,3,True
pair::10192-30-0::109-52-4::t3,10192-30-0,109-52-4,sec::109-52-4::10,109-52-4,5,True
pair::10192-30-0::109-52-4::t3,10192-30-0,109-52-4,sec::109-52-4::2,109-52-4,,True
pair::10192-30-0::109-52-4::t4,10192-30-0,109-52-4,sec::10192-30-0::10,10192-30-0,2,True
pair::10192-30-0::109-52-4::t4,10192-30-0,109-52-4,sec::10192-30-0::2,10192-30-0,1,True
pair::10192-30-0::109-52-4::t4,10192-30-0,109-52-4,sec::109-52-4::10,109-52-4,6,True
pair::10192-30-0::109-52-4::t4,10192-30-0,109-52-4,sec::109-52-4::2,109-52-4,,True
pair::100-64-1::1310-58-3::t0,100-64-1,1310-58-3,sec::100-64-1::10,100-64-1,1,True
pair::100-64-1::1310-58-3::t0,100-64-1,1310-58-3,sec::100-64-1::2,100-64-1,5,True
pair::100-64-1::1310-58-3::t0,100-64-1,1310-58-3,sec::1310-58-3::10,1310-58-3,2,True
pair::100-64-1::1310-58-3::t0,100-64-1,1310-58-3,sec::1310-58-3::2,1310-58-3,,True
pair::100-64-1::1310-58-3::t1,100-64-1,1310-58-3,sec::100-64-1::10,100-64-1,5,True
pair::100-64-1::1310-58-3::t1,100-64-1,1310-58-3,sec::100-64-1::2,100-64-1,2,True
pair::100-64-1::1310-58-3::t1,100-64-1,1310-58-3,sec::1310-58-3::10,1310-58-3,1,True
pair::100-64-1::1310-58-3::t1,100-64-1,1310-58-3,sec::1310-58-3::2,1310-58-3,11,True
pair::100-64-1::1310-58-3::t2,100-64-1,1310-58-3,sec::100-64-1::10,100-64-1,6,True
pair::100-64-1::1310-58-3::t2,100-64-1,1310-58-3,sec::100-64-1::2,100-64-1,3,True
pair::100-64-1::1310-58-3::t2,100-64-1,1310-58-3,sec::1310-58-3::10,1310-58-3,1,True
pair::100-64-1::1310-58-3::t2,100-64-1,1310-58-3,sec::1310-58-3::2,1310-58-3,8,True
pair::100-64-1::1310-58-3::t3,100-64-1,1310-58-3,sec::100-64-1::10,100-64-1,2,True
pair::100-64-1::1310-58-3::t3,100-64-1,1310-58-3,sec::100-64-1::2,100-64-1,6,True
pair::100-64-1::1310-58-3::t3,100-64-1,1310-58-3,sec::1310-58-3::10,1310-58-3,1,True
pair::100-64-1::1310-58-3::t3,100-64-1,1310-58-3,sec::1310-58-3::2,1310-58-3,,True
pair::100-64-1::1310-58-3::t4,100-64-1,1310-58-3,sec::100-64-1::10,100-64-1,1,True
pair::100-64-1::1310-58-3::t4,100-64-1,1310-58-3,sec::100-64-1::2,100-64-1,4,True
pair::100-64-1::1310-58-3::t4,100-64-1,1310-58-3,sec::1310-58-3::10,1310-58-3,3,True
pair::100-64-1::1310-58-3::t4,100-64-1,1310-58-3,sec::1310-58-3::2,1310-58-3,6,True
pair::105-56-6::1344-00-9::t0,105-56-6,1344-00-9,sec::105-56-6::10,105-56-6,1,True
pair::105-56-6::1344-00-9::t0,105-56-6,1344-00-9,sec::105-56-6::2,105-56-6,5,True
pair::105-56-6::1344-00-9::t0,105-56-6,1344-00-9,sec::1344-00-9::10,1344-00-9,2,True
pair::105-56-6::1344-00-9::t0,105-56-6,1344-00-9,sec::1344-00-9::2,1344-00-9,4,True
pair::105-56-6::1344-00-9::t1,105-56-6,1344-00-9,sec::105-56-6::10,105-56-6,5,True
pair::105-56-6::1344-00-9::t1,105-56-6,1344-00-9,sec::105-56-6::2,105-56-6,6,True
pair::105-56-6::1344-00-9::t1,105-56-6,1344-00-9,sec::1344-00-9::10,1344-00-9,2,True
pair::105-56-6::1344-00-9::t1,105-56-6,1344-00-9,sec::1344-00-9::2,1344-00-9,1,True
pair::105-56-6::1344-00-9::t2,105-56-6,1344-00-9,sec::105-56-6::10,105-56-6,3,True
pair::105-56-6::1344-00-9::t2,105-56-6,1344-00-9,sec::105-56-6::2,105-56-6,5,True
pair::105-56-6::1344-00-9::t2,105-56-6,1344-00-9,sec::1344-00-9::10,1344-00-9,1,True
pair::105-56-6::1344-00-9::t2,105-56-6,1344-00-9,sec::1344-00-9::2,1344-00-9,2,True
pair::105-56-6::1344-00-9::t3,105-56-6,1344-00-9,sec::105-56-6::10,105-56-6,3,True
pair::105-56-6::1344-00-9::t3,105-56-6,1344-00-9,sec::105-56-6::2,105-56-6,15,True
pair::105-56-6::1344-00-9::t3,105-56-6,1344-00-9,sec::1344-00-9::10,1344-00-9,1,True
pair::105-56-6::1344-00-9::t3,105-56-6,1344-00-9,sec::1344-00-9::2,1344-00-9,2,True
pair::105-56-6::1344-00-9::t4,105-56-6,1344-00-9,sec::105-56-6::10,105-56-6,4,True
pair::105-56-6::1344-00-9::t4,105-56-6,1344-00-9,sec::105-56-6::2,105-56-6,7,True
pair::105-56-6::1344-00-9::t4,105-56-6,1344-00-9,sec::1344-00-9::10,1344-00-9,2,True
pair::105-56-6::1344-00-9::t4,105-56-6,1344-00-9,sec::1344-00-9::2,1344-00-9,1,True
pair::102-01-2::107-97-1::t0,102-01-2,107-97-1,sec::102-01-2::10,102-01-2,2,True
pair::102-01-2::107-97-1::t0,102-01-2,107-97-1,sec::102-01-2::2,102-01-2,9,True
pair::102-01-2::107-97-1::t0,102-01-2,107-97-1,sec::107-97-1::10,107-97-1,1,True
pair::102-01-2::107-97-1::t0,102-01-2,107-97-1,sec::107-97-1::2,107-97-1,6,True
pair::102-01-2::107-97-1::t1,102-01-2,107-97-1,sec::102-01-2::10,102-01-2,3,True
pair::102-01-2::107-97-1::t1,102-01-2,107-97-1,sec::102-01-2::2,102-01-2,2,True
pair::102-01-2::107-97-1::t1,102-01-2,107-97-1,sec::107-97-1::10,107-97-1,1,True
pair::102-01-2::107-97-1::t1,102-01-2,107-97-1,sec::107-97-1::2,107-97-1,4,True
pair::102-01-2::107-97-1::t2,102-01-2,107-97-1,sec::102-01-2::10,102-01-2,3,True
pair::102-01-2::107-97-1::t2,102-01-2,107-97-1,sec::102-01-2::2,102-01-2,1,True
pair::102-01-2::107-97-1::t2,102-01-2,107-97-1,sec::107-97-1::10,107-97-1,2,True
pair::102-01-2::107-97-1::t2,102-01-2,107-97-1,sec::107-97-1::2,107-97-1,4,True
pair::102-01-2::107-97-1::t3,102-01-2,107-97-1,sec::102-01-2::10,102-01-2,2,True
pair::102-01-2::107-97-1::t3,102-01-2,107-97-1,sec::102-01-2::2,102-01-2,3,True
pair::102-01-2::107-97-1::t3,102-01-2,107-97-1,sec::107-97-1::10,107-97-1,1,True
pair::102-01-2::107-97-1::t3,102-01-2,107-97-1,sec::107-97-1::2,107-97-1,4,True
pair::102-01-2::107-97-1::t4,102-01-2,107-97-1,sec::102-01-2::10,102-01-2,4,True
pair::102-01-2::107-97-1::t4,102-01-2,107-97-1,sec::102-01-2::2,102-01-2,2,True
pair::102-01-2::107-97-1::t4,102-01-2,107-97-1,sec::107-97-1::10,107-97-1,1,True
pair::102-01-2::107-97-1::t4,102-01-2,107-97-1,sec::107-97-1::2,107-97-1,3,True
pair::100-01-6::10048-95-0::t0,100-01-6,10048-95-0,sec::100-01-6::10,100-01-6,3,True
pair::100-01-6::10048-95-0::t0,100-01-6,10048-95-0,sec::100-01-6::2,100-01-6,7,True
pair::100-01-6::10048-95-0::t0,100-01-6,10048-95-0,sec::10048-95-0::10,10048-95-0,2,True
pair::100-01-6::10048-95-0::t0,100-01-6,10048-95-0,sec::10048-95-0::2,10048-95-0,1,True
pair::100-01-6::10048-95-0::t1,100-01-6,10048-95-0,sec::100-01-6::10,100-01-6,4,True
pair::100-01-6::10048-95-0::t1,100-01-6,10048-95-0,sec::100-01-6::2,100-01-6,6,True
pair::100-01-6::10048-95-0::t1,100-01-6,10048-95-0,sec::10048-95-0::10,10048-95-0,2,True
pair::100-01-6::10048-95-0::t1,100-01-6,10048-95-0,sec::10048-95-0::2,10048-95-0,1,True
pair::100-01-6::10048-95-0::t2,100-01-6,10048-95-0,sec::100-01-6::10,100-01-6,3,True
pair::100-01-6::10048-95-0::t2,100-01-6,10048-95-0,sec::100-01-6::2,100-01-6,5,True
pair::100-01-6::10048-95-0::t2,100-01-6,10048-95-0,sec::10048-95-0::10,10048-95-0,1,True
pair::100-01-6::10048-95-0::t2,100-01-6,10048-95-0,sec::10048-95-0::2,10048-95-0,2,True
pair::100-01-6::10048-95-0::t3,100-01-6,10048-95-0,sec::100-01-6::10,100-01-6,4,True
pair::100-01-6::10048-95-0::t3,100-01-6,10048-95-0,sec::100-01-6::2,100-01-6,8,True
pair::100-01-6::10048-95-0::t3,100-01-6,10048-95-0,sec::10048-95-0::10,10048-95-0,1,True
pair::100-01-6::10048-95-0::t3,100-01-6,10048-95-0,sec::10048-95-0::2,10048-95-0,2,True
pair::100-01-6::10048-95-0::t4,100-01-6,10048-95-0,sec::100-01-6::10,100-01-6,5,True
pair::100-01-6::10048-95-0::t4,100-01-6,10048-95-0,sec::100-01-6::2,100-01-6,3,True
pair::100-01-6::10048-95-0::t4,100-01-6,10048-95-0,sec::10048-95-0::10,10048-95-0,2,True
pair::100-01-6::10048-95-0::t4,100-01-6,10048-95-0,sec::10048-95-0::2,10048-95-0,1,True
pair::100-73-2::119-53-9::t0,100-73-2,119-53-9,sec::100-73-2::10,100-73-2,1,True
pair::100-73-2::119-53-9::t0,100-73-2,119-53-9,sec::100-73-2::2,100-73-2,2,True
pair::100-73-2::119-53-9::t0,100-73-2,119-53-9,sec::119-53-9::10,119-53-9,,True
pair::100-73-2::119-53-9::t0,100-73-2,119-53-9,sec::119-53-9::2,119-53-9,,True
pair::100-73-2::119-53-9::t1,100-73-2,119-53-9,sec::100-73-2::10,100-73-2,1,True
pair::100-73-2::119-53-9::t1,100-73-2,119-53-9,sec::100-73-2::2,100-73-2,2,True
pair::100-73-2::119-53-9::t1,100-73-2,119-53-9,sec::119-53-9::10,119-53-9,3,True
pair::100-73-2::119-53-9::t1,100-73-2,119-53-9,sec::119-53-9::2,119-53-9,10,True
pair::100-73-2::119-53-9::t2,100-73-2,119-53-9,sec::100-73-2::10,100-73-2,1,True
pair::100-73-2::119-53-9::t2,100-73-2,119-53-9,sec::100-73-2::2,100-73-2,2,True
pair::100-73-2::119-53-9::t2,100-73-2,119-53-9,sec::119-53-9::10,119-53-9,,True
pair::100-73-2::119-53-9::t2,100-73-2,119-53-9,sec::119-53-9::2,119-53-9,,True
pair::100-73-2::119-53-9::t3,100-73-2,119-53-9,sec::100-73-2::10,100-73-2,1,True
pair::100-73-2::119-53-9::t3,100-73-2,119-53-9,sec::100-73-2::2,100-73-2,2,True
pair::100-73-2::119-53-9::t3,100-73-2,119-53-9,sec::119-53-9::10,119-53-9,3,True
pair::100-73-2::119-53-9::t3,100-73-2,119-53-9,sec::119-53-9::2,119-53-9,,True
pair::100-73-2::119-53-9::t4,100-73-2,119-53-9,sec::100-73-2::10,100-73-2,2,True
pair::100-73-2::119-53-9::t4,100-73-2,119-53-9,sec::100-73-2::2,100-73-2,1,True
pair::100-73-2::119-53-9::t4,100-73-2,119-53-9,sec::119-53-9::10,119-53-9,5,True
pair::100-73-2::119-53-9::t4,100-73-2,119-53-9,sec::119-53-9::2,119-53-9,6,True
pair::100-57-2::471-34-1::t0,100-57-2,471-34-1,sec::100-57-2::10,100-57-2,1,True
pair::100-57-2::471-34-1::t0,100-57-2,471-34-1,sec::100-57-2::2,100-57-2,4,True
pair::100-57-2::471-34-1::t0,100-57-2,471-34-1,sec::471-34-1::10,471-34-1,7,True
pair::100-57-2::471-34-1::t0,100-57-2,471-34-1,sec::471-34-1::2,471-34-1,8,True
pair::100-57-2::471-34-1::t1,100-57-2,471-34-1,sec::100-57-2::10,100-57-2,1,True
pair::100-57-2::471-34-1::t1,100-57-2,471-34-1,sec::100-57-2::2,100-57-2,2,True
pair::100-57-2::471-34-1::t1,100-57-2,471-34-1,sec::471-34-1::10,471-34-1,7,True
pair::100-57-2::471-34-1::t1,100-57-2,471-34-1,sec::471-34-1::2,471-34-1,8,True
pair::100-57-2::471-34-1::t2,100-57-2,471-34-1,sec::100-57-2::10,100-57-2,1,True
pair::100-57-2::471-34-1::t2,100-57-2,471-34-1,sec::100-57-2::2,100-57-2,2,True
pair::100-57-2::471-34-1::t2,100-57-2,471-34-1,sec::471-34-1::10,471-34-1,6,True
pair::100-57-2::471-34-1::t2,100-57-2,471-34-1,sec::471-34-1::2,471-34-1,4,True
pair::100-57-2::471-34-1::t3,100-57-2,471-34-1,sec::100-57-2::10,100-57-2,1,True
pair::100-57-2::471-34-1::t3,100-57-2,471-34-1,sec::100-57-2::2,100-57-2,4,True
pair::100-57-2::471-34-1::t3,100-57-2,471-34-1,sec::471-34-1::10,471-34-1,8,True
pair::100-57-2::471-34-1::t3,100-57-2,471-34-1,sec::471-34-1::2,471-34-1,17,True
pair::100-57-2::471-34-1::t4,100-57-2,471-34-1,sec::100-57-2::10,100-57-2,1,True
pair::100-57-2::471-34-1::t4,100-57-2,471-34-1,sec::100-57-2::2,100-57-2,2,True
pair::100-57-2::471-34-1::t4,100-57-2,471-34-1,sec::471-34-1::10,471-34-1,4,True
pair::100-57-2::471-34-1::t4,100-57-2,471-34-1,sec::471-34-1::2,471-34-1,6,True
pair::102-01-2::10265-92-6::t0,102-01-2,10265-92-6,sec::102-01-2::10,102-01-2,2,True
pair::102-01-2::10265-92-6::t0,102-01-2,10265-92-6,sec::102-01-2::2,102-01-2,9,True
pair::102-01-2::10265-92-6::t0,102-01-2,10265-92-6,sec::10265-92-6::10,10265-92-6,1,True
pair::102-01-2::10265-92-6::t0,102-01-2,10265-92-6,sec::10265-92-6::2,10265-92-6,13,True
pair::102-01-2::10265-92-6::t1,102-01-2,10265-92-6,sec::102-01-2::10,102-01-2,3,True
pair::102-01-2::10265-92-6::t1,102-01-2,10265-92-6,sec::102-01-2::2,102-01-2,2,True
pair::102-01-2::10265-92-6::t1,102-01-2,10265-92-6,sec::10265-92-6::10,10265-92-6,1,True
pair::102-01-2::10265-92-6::t1,102-01-2,10265-92-6,sec::10265-92-6::2,10265-92-6,4,True
pair::102-01-2::10265-92-6::t2,102-01-2,10265-92-6,sec::102-01-2::10,102-01-2,4,True
pair::102-01-2::10265-92-6::t2,102-01-2,10265-92-6,sec::102-01-2::2,102-01-2,2,True
pair::102-01-2::10265-92-6::t2,102-01-2,10265-92-6,sec::10265-92-6::10,10265-92-6,1,True
pair::102-01-2::10265-92-6::t2,102-01-2,10265-92-6,sec::10265-92-6::2,10265-92-6,3,True
pair::102-01-2::10265-92-6::t3,102-01-2,10265-92-6,sec::102-01-2::10,102-01-2,2,True
pair::102-01-2::10265-92-6::t3,102-01-2,10265-92-6,sec::102-01-2::2,102-01-2,3,True
pair::102-01-2::10265-92-6::t3,102-01-2,10265-92-6,sec::10265-92-6::10,10265-92-6,1,True
pair::102-01-2::10265-92-6::t3,102-01-2,10265-92-6,sec::10265-92-6::2,10265-92-6,17,True
pair::102-01-2::10265-92-6::t4,102-01-2,10265-92-6,sec::102-01-2::10,102-01-2,3,True
pair::102-01-2::10265-92-6::t4,102-01-2,10265-92-6,sec::102-01-2::2,102-01-2,2,True
pair::102-01-2::10265-92-6::t4,102-01-2,10265-92-6,sec::10265-92-6::10,10265-92-6,1,True
pair::102-01-2::10265-92-6::t4,102-01-2,10265-92-6,sec::10265-92-6::2,10265-92-6,4,True
pair::100-15-2::1312-03-4::t0,100-15-2,1312-03-4,sec::100-15-2::10,100-15-2,1,True
pair::100-15-2::1312-03-4::t0,100-15-2,1312-03-4,sec::100-15-2::2,100-15-2,12,True
pair::100-15-2::1312-03-4::t0,100-15-2,1312-03-4,sec::1312-03-4::10,1312-03-4,2,True
pair::100-15-2::1312-03-4::t0,100-15-2,1312-03-4,sec::1312-03-4::2,1312-03-4,3,True
pair::100-15-2::1312-03-4::t1,100-15-2,1312-03-4,sec::100-15-2::10,100-15-2,2,True
pair::100-15-2::1312-03-4::t1,100-15-2,1312-03-4,sec::100-15-2::2,100-15-2,5,True
pair::100-15-2::1312-03-4::t1,100-15-2,1312-03-4,sec::1312-03-4::10,1312-03-4,1,True
pair::100-15-2::1312-03-4::t1,100-15-2,1312-03-4,sec::1312-03-4::2,1312-03-4,3,True
pair::100-15-2::1312-03-4::t2,100-15-2,1312-03-4,sec::100-15-2::10,100-15-2,1,True
pair::100-15-2::1312-03-4::t2,100-15-2,1312-03-4,sec::100-15-2::2,100-15-2,13,True
pair::100-15-2::1312-03-4::t2,100-15-2,1312-03-4,sec::1312-03-4::10,1312-03-4,3,True
pair::100-15-2::1312-03-4::t2,100-15-2,1312-03-4,sec::1312-03-4::2,1312-03-4,2,True
pair::100-15-2::1312-03-4::t3,100-15-2,1312-03-4,sec::100-15-2::10,100-15-2,1,True
pair::100-15-2::1312-03-4::t3,100-15-2,1312-03-4,sec::100-15-2::2,100-15-2,10,True
pair::100-15-2::1312-03-4::t3,100-15-2,1312-03-4,sec::1312-03-4::10,1312-03-4,2,True
pair::100-15-2::1312-03-4::t3,100-15-2,1312-03-4,sec::1312-03-4::2,1312-03-4,4,True
pair::100-15-2::1312-03-4::t4,100-15-2,1312-03-4,sec::100-15-2::10,100-15-2,3,True
pair::100-15-2::1312-03-4::t4,100-15-2,1312-03-4,sec::100-15-2::2,100-15-2,12,True
pair::100-15-2::1312-03-4::t4,100-15-2,1312-03-4,sec::1312-03-4::10,1312-03-4,1,True
pair::100-15-2::1312-03-4::t4,100-15-2,1312-03-4,sec::1312-03-4::2,1312-03-4,2,True
pair::105-16-8::60-29-7::t0,105-16-8,60-29-7,sec::105-16-8::10,105-16-8,1,True
pair::105-16-8::60-29-7::t0,105-16-8,60-29-7,sec::105-16-8::2::p1,105-16-8,4,True
pair::105-16-8::60-29-7::t0,105-16-8,60-29-7,sec::105-16-8::2::p2,105-16-8,,True
pair::105-16-8::60-29-7::t0,105-16-8,60-29-7,sec::60-29-7::10,60-29-7,2,True
pair::105-16-8::60-29-7::t0,105-16-8,60-29-7,sec::60-29-7::2,60-29-7,8,True
pair::105-16-8::60-29-7::t1,105-16-8,60-29-7,sec::105-16-8::10,105-16-8,1,True
pair::105-16-8::60-29-7::t1,105-16-8,60-29-7,sec::105-16-8::2::p1,105-16-8,4,True
pair::105-16-8::60-29-7::t1,105-16-8,60-29-7,sec::105-16-8::2::p2,105-16-8,,True
pair::105-16-8::60-29-7::t1,105-16-8,60-29-7,sec::60-29-7::10,60-29-7,3,True
pair::105-16-8::60-29-7::t1,105-16-8,60-29-7,sec::60-29-7::2,60-29-7,2,True
pair::105-16-8::60-29-7::t2,105-16-8,60-29-7,sec::105-16-8::10,105-16-8,1,True
pair::105-16-8::60-29-7::t2,105-16-8,60-29-7,sec::105-16-8::2::p1,105-16-8,2,True
pair::105-16-8::60-29-7::t2,105-16-8,60-29-7,sec::105-16-8::2::p2,105-16-8,,True
pair::105-16-8::60-29-7::t2,105-16-8,60-29-7,sec::60-29-7::10,60-29-7,3,True
pair::105-16-8::60-29-7::t2,105-16-8,60-29-7,sec::60-29-7::2,60-29-7,4,True
pair::105-16-8::60-29-7::t3,105-16-8,60-29-7,sec::105-16-8::10,105-16-8,1,True
pair::105-16-8::60-29-7::t3,105-16-8,60-29-7,sec::105-16-8::2::p1,105-16-8,3,True
pair::105-16-8::60-29-7::t3,105-16-8,60-29-7,sec::105-16-8::2::p2,105-16-8,,True
pair::105-16-8::60-29-7::t3,105-16-8,60-29-7,sec::60-29-7::10,60-29-7,2,True
pair::105-16-8::60-29-7::t3,105-16-8,60-29-7,sec::60-29-7::2,60-29-7,,True
pair::105-16-8::60-29-7::t4,105-16-8,60-29-7,sec::105-16-8::10,105-16-8,1,True
pair::105-16-8::60-29-7::t4,105-16-8,60-29-7,sec::105-16-8::2::p1,105-16-8,4,True
pair::105-16-8::60-29-7::t4,105-16-8,60-29-7,sec::105-16-8::2::p2,105-16-8,,True
pair::105-16-8::60-29-7::t4,105-16-8,60-29-7,sec::60-29-7::10,60-29-7,3,True
pair::105-16-8::60-29-7::t4,105-16-8,60-29-7,sec::60-29-7::2,60-29-7,2,True
pair::100-73-2::115-86-6::t0,100-73-2,115-86-6,sec::100-73-2::10,100-73-2,1,True
pair::100-73-2::115-86-6::t0,100-73-2,115-86-6,sec::100-73-2::2,100-73-2,2,True
pair::100-73-2::115-86-6::t0,100-73-2,115-86-6,sec::115-86-6::10,115-86-6,3,True
pair::100-73-2::115-86-6::t0,100-73-2,115-86-6,sec::115-86-6::2,115-86-6,9,True
pair::100-73-2::115-86-6::t1,100-73-2,115-86-6,sec::100-73-2::10,100-73-2,1,True
pair::100-73-2::115-86-6::t1,100-73-2,115-86-6,sec::100-73-2::2,100-73-2,2,True
pair::100-73-2::115-86-6::t1,100-73-2,115-86-6,sec::115-86-6::10,115-86-6,3,True
pair::100-73-2::115-86-6::t1,100-73-2,115-86-6,sec::115-86-6::2,115-86-6,7,True
pair::100-73-2::115-86-6::t2,100-73-2,115-86-6,sec::100-73-2::10,100-73-2,1,True
pair::100-73-2::115-86-6::t2,100-73-2,115-86-6,sec::100-73-2::2,100-73-2,2,True
pair::100-73-2::115-86-6::t2,100-73-2,115-86-6,sec::115-86-6::10,115-86-6,3,True
pair::100-73-2::115-86-6::t2,100-73-2,115-86-6,sec::115-86-6::2,115-86-6,6,True
pair::100-73-2::115-86-6::t3,100-73-2,115-86-6,sec::100-73-2::10,100-73-2,1,True
pair::100-73-2::115-86-6::t3,100-73-2,115-86-6,sec::100-73-2::2,100-73-2,3,True
pair::100-73-2::115-86-6::t3,100-73-2,115-86-6,sec::115-86-6::10,115-86-6,2,True
pair::100-73-2::115-86-6::t3,100-73-2,115-86-6,sec::115-86-6::2,115-86-6,6,True
pair::100-73-2::115-86-6::t4,100-73-2,115-86-6,sec::100-73-2::10,100-73-2,1,True
pair::100-73-2::115-86-6::t4,100-73-2,115-86-6,sec::100-73-2::2,100-73-2,2,True
pair::100-73-2::115-86-6::t4,100-73-2,115-86-6,sec::115-86-6::10,115-86-6,3,True
pair::100-73-2::115-86-6::t4,100-73-2,115-86-6,sec::115-86-6::2,115-86-6,4,True
pair::103-23-1::1066-33-7::t0,103-23-1,1066-33-7,sec::103-23-1::10,103-23-1,2,True
pair::103-23-1::1066-33-7::t0,103-23-1,1066-33-7,sec::103-23-1::2,103-23-1,17,True
pair::103-23-1::1066-33-7::t0,103-23-1,1066-33-7,sec::1066-33-7::10,1066-33-7,1,True
pair::103-23-1::1066-33-7::t0,103-23-1,1066-33-7,sec::1066-33-7::2,1066-33-7,3,True
pair::103-23-1::1066-33-7::t1,103-23-1,1066-33-7,sec::103-23-1::10,103-23-1,3,True
pair::103-23-1::1066-33-7::t1,103-23-1,1066-33-7,sec::103-23-1::2,103-23-1,7,True
pair::103-23-1::1066-33-7::t1,103-23-1,1066-33-7,sec::1066-33-7::10,1066-33-7,1,True
pair::103-23-1::1066-33-7::t1,103-23-1,1066-33-7,sec::1066-33-7::2,1066-33-7,2,True
pair::103-23-1::1066-33-7::t2,103-23-1,1066-33-7,sec::103-23-1::10,103-23-1,3,True
pair::103-23-1::1066-33-7::t2,103-23-1,1066-33-7,sec::103-23-1::2,103-23-1,4,True
pair::103-23-1::1066-33-7::t2,103-23-1,1066-33-7,sec::1066-33-7::10,1066-33-7,1,True
pair::103-23-1::1066-33-7::t2,103-23-1,1066-33-7,sec::1066-33-7::2,1066-33-7,2,True
pair::103-23-1::1066-33-7::t3,103-23-1,1066-33-7,sec::103-23-1::10,103-23-1,2,True
pair::103-23-1::1066-33-7::t3,103-23-1,1066-33-7,sec::103-23-1::2,103-23-1,,True
pair::103-23-1::1066-33-7::t3,103-23-1,1066-33-7,sec::1066-33-7::10,1066-33-7,1,True
pair::103-23-1::1066-33-7::t3,103-23-1,1066-33-7,sec::1066-33-7::2,1066-33-7,4,True
pair::103-23-1::1066-33-7::t4,103-23-1,1066-33-7,sec::103-23-1::10,103-23-1,3,True
pair::103-23-1::1066-33-7::t4,103-23-1,1066-33-7,sec::103-23-1::2,103-23-1,7,True
pair::103-23-1::1066-33-7::t4,103-23-1,1066-33-7,sec::1066-33-7::10,1066-33-7,1,True
pair::103-23-1::1066-33-7::t4,103-23-1,1066-33-7,sec::1066-33-7::2,1066-33-7,2,True
pair::3486-35-9::7761-88-8::t0,3486-35-9,7761-88-8,sec::3486-35-9::10,3486-35-9,1,True
pair::3486-35-9::7761-88-8::t0,3486-35-9,7761-88-8,sec::3486-35-9::2,3486-35-9,6,True
pair::3486-35-9::7761-88-8::t0,3486-35-9,7761-88-8,sec::7761-88-8::10,7761-88-8,4,True
pair::3486-35-9::7761-88-8::t0,3486-35-9,7761-88-8,sec::7761-88-8::2,7761-88-8,,True
pair::3486-35-9::7761-88-8::t1,3486-35-9,7761-88-8,sec::3486-35-9::10,3486-35-9,1,True
pair::3486-35-9::7761-88-8::t1,3486-35-9,7761-88-8,sec::3486-35-9::2,3486-35-9,2,True
pair::3486-35-9::7761-88-8::t1,3486-35-9,7761-88-8,sec::7761-88-8::10,7761-88-8,3,True
pair::3486-35-9::7761-88-8::t1,3486-35-9,7761-88-8,sec::7761-88-8::2,7761-88-8,10,True
pair::3486-35-9::7761-88-8::t2,3486-35-9,7761-88-8,sec::3486-35-9::10,3486-35-9,1,True
pair::3486-35-9::7761-88-8::t2,3486-35-9,7761-88-8,sec::3486-35-9::2,3486-35-9,4,True
pair::3486-35-9::7761-88-8::t2,3486-35-9,7761-88-8,sec::7761-88-8::10,7761-88-8,3,True
pair::3486-35-9::7761-88-8::t2,3486-35-9,7761-88-8,sec::7761-88-8::2,7761-88-8,15,True
pair::3486-35-9::7761-88-8::t3,3486-35-9,7761-88-8,sec::3486-35-9::10,3486-35-9,1,True
pair::3486-35-9::7761-88-8::t3,3486-35-9,7761-88-8,sec::3486-35-9::2,3486-35-9,10,True
pair::3486-35-9::7761-88-8::t3,3486-35-9,7761-88-8,sec::7761-88-8::10,7761-88-8,3,True
pair::3486-35-9::7761-88-8::t3,3486-35-9,7761-88-8,sec::7761-88-8::2,7761-88-8,,True
pair::3486-35-9::7761-88-8::t4,3486-35-9,7761-88-8,sec::3486-35-9::10,3486-35-9,1,True
pair::3486-35-9::7761-88-8::t4,3486-35-9,7761-88-8,sec::3486-35-9::2,3486-35-9,2,True
pair::3486-35-9::7761-88-8::t4,3486-35-9,7761-88-8,sec::7761-88-8::10,7761-88-8,4,True
pair::3486-35-9::7761-88-8::t4,3486-35-9,7761-88-8,sec::7761-88-8::2,7761-88-8,5,True
pair::10124-48-8::102-01-2::t0,10124-48-8,102-01-2,sec::10124-48-8::10,10124-48-8,1,True
pair::10124-48-8::102-01-2::t0,10124-48-8,102-01-2,sec::10124-48-8::2,10124-48-8,10,True
pair::10124-48-8::102-01-2::t0,10124-48-8,102-01-2,sec::102-01-2::10,102-01-2,7,True
pair::10124-48-8::102-01-2::t0,10124-48-8,102-01-2,sec::102-01-2::2,102-01-2,,True
pair::10124-48-8::102-01-2::t1,10124-48-8,102-01-2,sec::10124-48-8::10,10124-48-8,1,True
pair::10124-48-8::102-01-2::t1,10124-48-8,102-01-2,sec::10124-48-8::2,10124-48-8,2,True
pair::10124-48-8::102-01-2::t1,10124-48-8,102-01-2,sec::102-01-2::10,102-01-2,4,True
pair::10124-48-8::102-01-2::t1,10124-48-8,102-01-2,sec::102-01-2::2,102-01-2,11,True
pair::10124-48-8::102-01-2::t2,10124-48-8,102-01-2,sec::10124-48-8::10,10124-48-8,2,True
pair::10124-48-8::102-01-2::t2,10124-48-8,102-01-2,sec::10124-48-8::2,10124-48-8,1,True
pair::10124-48-8::102-01-2::t2,10124-48-8,102-01-2,sec::102-01-2::10,102-01-2,,True
pair::10124-48-8::102-01-2::t2,10124-48-8,102-01-2,sec::102-01-2::2,102-01-2,8,True
pair::10124-48-8::102-01-2::t3,10124-48-8,102-01-2,sec::10124-48-8::10,10124-48-8,1,True
pair::10124-48-8::102-01-2::t3,10124-48-8,102-01-2,sec::10124-48-8::2,10124-48-8,2,True
pair::10124-48-8::102-01-2::t3,10124-48-8,102-01-2,sec::102-01-2::10,102-01-2,3,True
pair::10124-48-8::102-01-2::t3,10124-48-8,102-01-2,sec::102-01-2::2,102-01-2,,True
pair::10124-48-8::102-01-2::t4,10124-48-8,102-01-2,sec::10124-48-8::10,10124-48-8,2,True
pair::10124-48-8::102-01-2::t4,10124-48-8,102-01-2,sec::10124-48-8::2,10124-48-8,1,True
pair::10124-48-8::102-01-2::t4,10124-48-8,102-01-2,sec::102-01-2::10,102-01-2,9,True
pair::10124-48-8::102-01-2::t4,10124-48-8,102-01-2,sec::102-01-2::2,102-01-2,11,True
pair::10099-74-8::112-95-8::t0,10099-74-8,112-95-8,sec::10099-74-8::10,10099-74-8,1,True
pair::10099-74-8::112-95-8::t0,10099-74-8,112-95-8,sec::10099-74-8::2,10099-74-8,3,True
pair::10099-74-8::112-95-8::t0,10099-74-8,112-95-8,sec::112-95-8::10,112-95-8,5,True
pair::10099-74-8::112-95-8::t0,10099-74-8,112-95-8,sec::112-95-8::2,112-95-8,12,True
pair::10099-74-8::112-95-8::t1,10099-74-8,112-95-8,sec::10099-74-8::10,10099-74-8,1,True
pair::10099-74-8::112-95-8::t1,10099-74-8,112-95-8,sec::10099-74-8::2,10099-74-8,2,True
pair::10099-74-8::112-95-8::t1,10099-74-8,112-95-8,sec::112-95-8::10,112-95-8,3,True
pair::10099-74-8::112-95-8::t1,10099-74-8,112-95-8,sec::112-95-8::2,112-95-8,5,True
pair::10099-74-8::112-95-8::t2,10099-74-8,112-95-8,sec::10099-74-8::10,10099-74-8,2,True
pair::10099-74-8::112-95-8::t2,10099-74-8,112-95-8,sec::10099-74-8::2,10099-74-8,1,True
pair::10099-74-8::112-95-8::t2,10099-74-8,112-95-8,sec::112-95-8::10,112-95-8,7,True
pair::10099-74-8::112-95-8::t2,10099-74-8,112-95-8,sec::112-95-8::2,112-95-8,17,True
pair::10099-74-8::112-95-8::t3,10099-74-8,112-95-8,sec::10099-74-8::10,10099-74-8,1,True
pair::10099-74-8::112-95-8::t3,10099-74-8,112-95-8,sec::10099-74-8::2,10099-74-8,4,True
pair::10099-74-8::112-95-8::t3,10099-74-8,112-95-8,sec::112-95-8::10,112-95-8,2,True
pair::10099-74-8::112-95-8::t3,10099-74-8,112-95-8,sec::112-95-8::2,112-95-8,,True
pair::10099-74-8::112-95-8::t4,10099-74-8,112-95-8,sec::10099-74-8::10,10099-74-8,1,True
pair::10099-74-8::112-95-8::t4,10099-74-8,112-95-8,sec::10099-74-8::2,10099-74-8,2,True
pair::10099-74-8::112-95-8::t4,10099-74-8,112-95-8,sec::112-95-8::10,112-95-8,6,True
pair::10099-74-8::112-95-8::t4,10099-74-8,112-95-8,sec::112-95-8::2,112-95-8,8,True
pair::1333-86-4::7761-88-8::t0,1333-86-4,7761-88-8,sec::1333-86-4::10,1333-86-4,8,True
pair::1333-86-4::7761-88-8::t0,1333-86-4,7761-88-8,sec::1333-86-4::2,1333-86-4,6,True
pair::1333-86-4::7761-88-8::t0,1333-86-4,7761-88-8,sec::7761-88-8::10,7761-88-8,1,True
pair::1333-86-4::7761-88-8::t0,1333-86-4,7761-88-8,sec::7761-88-8::2,7761-88-8,,True
pair::1333-86-4::7761-88-8::t1,1333-86-4,7761-88-8,sec::1333-86-4::10,1333-86-4,8,True
pair::1333-86-4::7761-88-8::t1,1333-86-4,7761-88-8,sec::1333-86-4::2,1333-86-4,6,True
pair::1333-86-4::7761-88-8::t1,1333-86-4,7761-88-8,sec::7761-88-8::10,7761-88-8,1,True
pair::1333-86-4::7761-88-8::t1,1333-86-4,7761-88-8,sec::7761-88-8::2,7761-88-8,2,True
pair::1333-86-4::7761-88-8::t2,1333-86-4,7761-88-8,sec::1333-86-4::10,1333-86-4,5,True
pair::1333-86-4::7761-88-8::t2,1333-86-4,7761-88-8,sec::1333-86-4::2,1333-86-4,7,True
pair::1333-86-4::7761-88-8::t2,1333-86-4,7761-88-8,sec::7761-88-8::10,7761-88-8,1,True
pair::1333-86-4::7761-88-8::t2,1333-86-4,7761-88-8,sec::7761-88-8::2,7761-88-8,6,True
pair::1333-86-4::7761-88-8::t3,1333-86-4,7761-88-8,sec::1333-86-4::10,1333-86-4,5,True
pair::1333-86-4::7761-88-8::t3,1333-86-4,7761-88-8,sec::1333-86-4::2,1333-86-4,7,True
pair::1333-86-4::7761-88-8::t3,1333-86-4,7761-88-8,sec::7761-88-8::10,7761-88-8,1,True
pair::1333-86-4::7761-88-8::t3,1333-86-4,7761-88-8,sec::7761-88-8::2,7761-88-8,,True
pair::1333-86-4::7761-88-8::t4,1333-86-4,7761-88-8,sec::1333-86-4::10,1333-86-4,10,True
pair::1333-86-4::7761-88-8::t4,1333-86-4,7761-88-8,sec::1333-86-4::2,1333-86-4,6,True
pair::1333-86-4::7761-88-8::t4,1333-86-4,7761-88-8,sec::7761-88-8::10,7761-88-8,2,True
pair::1333-86-4::7761-88-8::t4,1333-86-4,7761-88-8,sec::7761-88-8::2,7761-88-8,1,True
pair::102-54-5::1066-33-7::t0,102-54-5,1066-33-7,sec::102-54-5::10,102-54-5,1,True
pair::102-54-5::1066-33-7::t0,102-54-5,1066-33-7,sec::102-54-5::2,102-54-5,18,True
pair::102-54-5::1066-33-7::t0,102-54-5,1066-33-7,sec::1066-33-7::10,1066-33-7,2,True
pair::102-54-5::1066-33-7::t0,102-54-5,1066-33-7,sec::1066-33-7::2,1066-33-7,5,True
pair::102-54-5::1066-33-7::t1,102-54-5,1066-33-7,sec::102-54-5::10,102-54-5,2,True
pair::102-54-5::1066-33-7::t1,102-54-5,1066-33-7,sec::102-54-5::2,102-54-5,4,True
pair::102-54-5::1066-33-7::t1,102-54-5,1066-33-7,sec::1066-33-7::10,1066-33-7,1,True
pair::102-54-5::1066-33-7::t1,102-54-5,1066-33-7,sec::1066-33-7::2,1066-33-7,3,True
pair::102-54-5::1066-33-7::t2,102-54-5,1066-33-7,sec::102-54-5::10,102-54-5,1,True
pair::102-54-5::1066-33-7::t2,102-54-5,1066-33-7,sec::102-54-5::2,102-54-5,3,True
pair::102-54-5::1066-33-7::t2,102-54-5,1066-33-7,sec::1066-33-7::10,1066-33-7,2,True
pair::102-54-5::1066-33-7::t2,102-54-5,1066-33-7,sec::1066-33-7::2,1066-33-7,4,True
pair::102-54-5::1066-33-7::t3,102-54-5,1066-33-7,sec::102-54-5::10,102-54-5,1,True
pair::102-54-5::1066-33-7::t3,102-54-5,1066-33-7,sec::102-54-5::2,102-54-5,,True
pair::102-54-5::1066-33-7::t3,102-54-5,1066-33-7,sec::1066-33-7::10,1066-33-7,2,True
pair::102-54-5::1066-33-7::t3,102-54-5,1066-33-7,sec::1066-33-7::2,1066-33-7,9,True
pair::102-54-5::1066-33-7::t4,102-54-5,1066-33-7,sec::102-54-5::10,102-54-5,2,True
pair::102-54-5::1066-33-7::t4,102-54-5,1066-33-7,sec::102-54-5::2,102-54-5,4,True
pair::102-54-5::1066-33-7::t4,102-54-5,1066-33-7,sec::1066-33-7::10,1066-33-7,1,True
pair::102-54-5::1066-33-7::t4,102-54-5,1066-33-7,sec::1066-33-7::2,1066-33-7,3,True
pair::1335-31-5::13774-25-9::t0,1335-31-5,13774-25-9,sec::1335-31-5::10,1335-31-5,1,True
pair::1335-31-5::13774-25-9::t0,1335-31-5,13774-25-9,sec::1335-31-5::2::p1,1335-31-5,2,True
pair::1335-31-5::13774-25-9::t0,1335-31-5,13774-25-9,sec::1335-31-5::2::p2,1335-31-5,,True
pair::1335-31-5::13774-25-9::t0,1335-31-5,13774-25-9,sec::13774-25-9::10,13774-25-9,4,True
pair::1335-31-5::13774-25-9::t0,1335-31-5,13774-25-9,sec::13774-25-9::2,13774-25-9,9,True
pair::1335-31-5::13774-25-9::t1,1335-31-5,13774-25-9,sec::1335-31-5::10,1335-31-5,1,True
pair::1335-31-5::13774-25-9::t1,1335-31-5,13774-25-9,sec::1335-31-5::2::p1,1335-31-5,3,True
pair::1335-31-5::13774-25-9::t1,1335-31-5,13774-25-9,sec::1335-31-5::2::p2,1335-31-5,,True
pair::1335-31-5::13774-25-9::t1,1335-31-5,13774-25-9,sec::13774-25-9::10,13774-25-9,6,True
pair::1335-31-5::13774-25-9::t1,1335-31-5,13774-25-9,sec::13774-25-9::2,13774-25-9,2,True
pair::1335-31-5::13774-25-9::t2,1335-31-5,13774-25-9,sec::1335-31-5::10,1335-31-5,1,True
pair::1335-31-5::13774-25-9::t2,1335-31-5,13774-25-9,sec::1335-31-5::2::p1,1335-31-5,2,True
pair::1335-31-5::13774-25-9::t2,1335-31-5,13774-25-9,sec::1335-31-5::2::p2,1335-31-5,,True
pair::1335-31-5::13774-25-9::t2,1335-31-5,13774-25-9,sec::13774-25-9::10,13774-25-9,11,True
pair::1335-31-5::13774-25-9::t2,1335-31-5,13774-25-9,sec::13774-25-9::2,13774-25-9,10,True
pair::1335-31-5::13774-25-9::t3,1335-31-5,13774-25-9,sec::1335-31-5::10,1335-31-5,1,True
pair::1335-31-5::13774-25-9::t3,1335-31-5,13774-25-9,sec::1335-31-5::2::p1,1335-31-5,3,True
pair::1335-31-5::13774-25-9::t3,1335-31-5,13774-25-9,sec::1335-31-5::2::p2,1335-31-5,,True
pair::1335-31-5::13774-25-9::t3,1335-31-5,13774-25-9,sec::13774-25-9::10,13774-25-9,2,True
pair::1335-31-5::13774-25-9::t3,1335-31-5,13774-25-9,sec::13774-25-9::2,13774-25-9,13,True
pair::1335-31-5::13774-25-9::t4,1335-31-5,13774-25-9,sec::1335-31-5::10,1335-31-5,2,True
pair::1335-31-5::13774-25-9::t4,1335-31-5,13774-25-9,sec::1335-31-5::2::p1,1335-31-5,3,True
pair::1335-31-5::13774-25-9::t4,1335-31-5,13774-25-9,sec::1335-31-5::2::p2,1335-31-5,,True
pair::1335-31-5::13774-25-9::t4,1335-31-5,13774-25-9,sec::13774-25-9::10,13774-25-9,7,True
pair::1335-31-5::13774-25-9::t4,1335-31-5,13774-25-9,sec::13774-25-9::2,13774-25-9,1,True
pair::10102-20-2::104-01-8::t0,10102-20-2,104-01-8,sec::10102-20-2::10,10102-20-2,1,True
pair::10102-20-2::104-01-8::t0,10102-20-2,104-01-8,sec::10102-20-2::2,10102-20-2,2,True
pair::10102-20-2::104-01-8::t0,10102-20-2,104-01-8,sec::104-01-8::10,104-01-8,3,True
pair::10102-20-2::104-01-8::t0,10102-20-2,104-01-8,sec::104-01-8::2,104-01-8,4,True
pair::10102-20-2::104-01-8::t1,10102-20-2,104-01-8,sec::10102-20-2::10,10102-20-2,2,True
pair::10102-20-2::104-01-8::t1,10102-20-2,104-01-8,sec::10102-20-2::2,10102-20-2,1,True
pair::10102-20-2::104-01-8::t1,10102-20-2,104-01-8,sec::104-01-8::10,104-01-8,4,True
pair::10102-20-2::104-01-8::t1,10102-20-2,104-01-8,sec::104-01-8::2,104-01-8,3,True
pair::10102-20-2::104-01-8::t2,10102-20-2,104-01-8,sec::10102-20-2::10,10102-20-2,3,True
pair::10102-20-2::104-01-8::t2,10102-20-2,104-01-8,sec::10102-20-2::2,10102-20-2,2,True
pair::10102-20-2::104-01-8::t2,10102-20-2,104-01-8,sec::104-01-8::10,104-01-8,4,True
pair::10102-20-2::104-01-8::t2,10102-20-2,104-01-8,sec::104-01-8::2,104-01-8,1,True
pair::10102-20-2::104-01-8::t3,10102-20-2,104-01-8,sec::10102-20-2::10,10102-20-2,1,True
pair::10102-20-2::104-01-8::t3,10102-20-2,104-01-8,sec::10102-20-2::2,10102-20-2,3,True
pair::10102-20-2::104-01-8::t3,10102-20-2,104-01-8,sec::104-01-8::10,104-01-8,2,True
pair::10102-20-2::104-01-8::t3,10102-20-2,104-01-8,sec::104-01-8::2,104-01-8,5,True
pair::10102-20-2::104-01-8::t4,10102-20-2,104-01-8,sec::10102-20-2::10,10102-20-2,2,True
pair::10102-20-2::104-01-8::t4,10102-20-2,104-01-8,sec::10102-20-2::2,10102-20-2,1,True
pair::10102-20-2::104-01-8::t4,10102-20-2,104-01-8,sec::104-01-8::10,104-01-8,4,True
pair::10102-20-2::104-01-8::t4,10102-20-2,104-01-8,sec::104-01-8::2,104-01-8,3,True
pair::10026-11-6::119-53-9::t0,10026-11-6,119-53-9,sec::10026-11-6::10,10026-11-6,1,True
pair::10026-11-6::119-53-9::t0,10026-11-6,119-53-9,sec::10026-11-6::2,10026-11-6,2,True
pair::10026-11-6::119-53-9::t0,10026-11-6,119-53-9,sec::119-53-9::10,119-53-9,,True
pair::10026-11-6::119-53-9::t0,10026-11-6,119-53-9,sec::119-53-9::2,119-53-9,,True
pair::10026-11-6::119-53-9::t1,10026-11-6,119-53-9,sec::10026-11-6::10,10026-11-6,2,True
pair::10026-11-6::119-53-9::t1,10026-11-6,119-53-9,sec::10026-11-6::2,10026-11-6,1,True
pair::10026-11-6::119-53-9::t1,10026-11-6,119-53-9,sec::119-53-9::10,119-53-9,,True
pair::10026-11-6::119-53-9::t1,10026-11-6,119-53-9,sec::119-53-9::2,119-53-9,,True
pair::10026-11-6::119-53-9::t2,10026-11-6,119-53-9,sec::10026-11-6::10,10026-11-6,2,True
pair::10026-11-6::119-53-9::t2,10026-11-6,119-53-9,sec::10026-11-6::2,10026-11-6,1,True
pair::10026-11-6::119-53-9::t2,10026-11-6,119-53-9,sec::119-53-9::10,119-53-9,,True
pair::10026-11-6::119-53-9::t2,10026-11-6,119-53-9,sec::119-53-9::2,119-53-9,,True
pair::10026-11-6::119-53-9::t3,10026-11-6,119-53-9,sec::10026-11-6::10,10026-11-6,1,True
pair::10026-11-6::119-53-9::t3,10026-11-6,119-53-9,sec::10026-11-6::2,10026-11-6,2,True
pair::10026-11-6::119-53-9::t3,10026-11-6,119-53-9,sec::119-53-9::10,119-53-9,,True
pair::10026-11-6::119-53-9::t3,10026-11-6,119-53-9,sec::119-53-9::2,119-53-9,,True
pair::10026-11-6::119-53-9::t4,10026-11-6,119-53-9,sec::10026-11-6::10,10026-11-6,1,True
pair::10026-11-6::119-53-9::t4,10026-11-6,119-53-9,sec::10026-11-6::2,10026-11-6,2,True
pair::10026-11-6::119-53-9::t4,10026-11-6,119-53-9,sec::119-53-9::10,119-53-9,5,True
pair::10026-11-6::119-53-9::t4,10026-11-6,119-53-9,sec::119-53-9::2,119-53-9,6,True
pair::10026-17-2::103-09-3::t0,10026-17-2,103-09-3,sec::10026-17-2::10,10026-17-2,1,True
pair::10026-17-2::103-09-3::t0,10026-17-2,103-09-3,sec::10026-17-2::2,10026-17-2,3,True
pair::10026-17-2::103-09-3::t0,10026-17-2,103-09-3,sec::103-09-3::10,103-09-3,2,True
pair::10026-17-2::103-09-3::t0,10026-17-2,103-09-3,sec::103-09-3::2,103-09-3,5,True
pair::10026-17-2::103-09-3::t1,10026-17-2,103-09-3,sec::10026-17-2::10,10026-17-2,2,True
pair::10026-17-2::103-09-3::t1,10026-17-2,103-09-3,sec::10026-17-2::2,10026-17-2,1,True
pair::10026-17-2::103-09-3::t1,10026-17-2,103-09-3,sec::103-09-3::10,103-09-3,3,True
pair::10026-17-2::103-09-3::t1,10026-17-2,103-09-3,sec::103-09-3::2,103-09-3,5,True
pair::10026-17-2::103-09-3::t2,10026-17-2,103-09-3,sec::10026-17-2::10,10026-17-2,1,True
pair::10026-17-2::103-09-3::t2,10026-17-2,103-09-3,sec::10026-17-2::2,10026-17-2,2,True
pair::10026-17-2::103-09-3::t2,10026-17-2,103-09-3,sec::103-09-3::10,103-09-3,3,True
pair::10026-17-2::103-09-3::t2,10026-17-2,103-09-3,sec::103-09-3::2,103-09-3,4,True
pair::10026-17-2::103-09-3::t3,10026-17-2,103-09-3,sec::10026-17-2::10,10026-17-2,1,True
pair::10026-17-2::103-09-3::t3,10026-17-2,103-09-3,sec::10026-17-2::2,10026-17-2,3,True
pair::10026-17-2::103-09-3::t3,10026-17-2,103-09-3,sec::103-09-3::10,103-09-3,2,True
pair::10026-17-2::103-09-3::t3,10026-17-2,103-09-3,sec::103-09-3::2,103-09-3,12,True
pair::10026-17-2::103-09-3::t4,10026-17-2,103-09-3,sec::10026-17-2::10,10026-17-2,2,True
pair::10026-17-2::103-09-3::t4,10026-17-2,103-09-3,sec::10026-17-2::2,10026-17-2,1,True
pair::10026-17-2::103-09-3::t4,10026-17-2,103-09-3,sec::103-09-3::10,103-09-3,4,True
pair::10026-17-2::103-09-3::t4,10026-17-2,103-09-3,sec::103-09-3::2,103-09-3,5,True
pair::117-39-5::1338-02-9::t0,117-39-5,1338-02-9,sec::117-39-5::10,117-39-5,1,True
pair::117-39-5::1338-02-9::t0,117-39-5,1338-02-9,sec::117-39-5::2,117-39-5,4,True
pair::117-39-5::1338-02-9::t0,117-39-5,1338-02-9,sec::1338-02-9::10,1338-02-9,2,True
pair::117-39-5::1338-02-9::t0,117-39-5,1338-02-9,sec::1338-02-9::2,1338-02-9,3,True
pair::117-39-5::1338-02-9::t1,117-39-5,1338-02-9,sec::117-39-5::10,117-39-5,1,True
pair::117-39-5::1338-02-9::t1,117-39-5,1338-02-9,sec::117-39-5::2,117-39-5,4,True
pair::117-39-5::1338-02-9::t1,117-39-5,1338-02-9,sec::1338-02-9::10,1338-02-9,3,True
pair::117-39-5::1338-02-9::t1,117-39-5,1338-02-9,sec::1338-02-9::2,1338-02-9,2,True
pair::117-39-5::1338-02-9::t2,117-39-5,1338-02-9,sec::117-39-5::10,117-39-5,1,True
pair::117-39-5::1338-02-9::t2,117-39-5,1338-02-9,sec::117-39-5::2,117-39-5,2,True
pair::117-39-5::1338-02-9::t2,117-39-5,1338-02-9,sec::1338-02-9::10,1338-02-9,3,True
pair::117-39-5::1338-02-9::t2,117-39-5,1338-02-9,sec::1338-02-9::2,1338-02-9,5,True
pair::117-39-5::1338-02-9::t3,117-39-5,1338-02-9,sec::117-39-5::10,117-39-5,1,True
pair::117-39-5::1338-02-9::t3,117-39-5,1338-02-9,sec::117-39-5::2,117-39-5,4,True
pair::117-39-5::1338-02-9::t3,117-39-5,1338-02-9,sec::1338-02-9::10,1338-02-9,2,True
pair::117-39-5::1338-02-9::t3,117-39-5,1338-02-9,sec::1338-02-9::2,1338-02-9,5,True
pair::117-39-5::1338-02-9::t4,117-39-5,1338-02-9,sec::117-39-5::10,117-39-5,2,True
pair::117-39-5::1338-02-9::t4,117-39-5,1338-02-9,sec::117-39-5::2,117-39-5,3,True
pair::117-39-5::1338-02-9::t4,117-39-5,1338-02-9,sec::1338-02-9::10,1338-02-9,4,True
pair::117-39-5::1338-02-9::t4,117-39-5,1338-02-9,sec::1338-02-9::2,1338-02-9,1,True
pair::105-79-3::1344-00-9::t0,105-79-3,1344-00-9,sec::105-79-3::10,105-79-3,4,True
pair::105-79-3::1344-00-9::t0,105-79-3,1344-00-9,sec::105-79-3::2,105-79-3,10,True
pair::105-79-3::1344-00-9::t0,105-79-3,1344-00-9,sec::1344-00-9::10,1344-00-9,1,True
pair::105-79-3::1344-00-9::t0,105-79-3,1344-00-9,sec::1344-00-9::2,1344-00-9,2,True
pair::105-79-3::1344-00-9::t1,105-79-3,1344-00-9,sec::105-79-3::10,105-79-3,4,True
pair::105-79-3::1344-00-9::t1,105-79-3,1344-00-9,sec::105-79-3::2,105-79-3,8,True
pair::105-79-3::1344-00-9::t1,105-79-3,1344-00-9,sec::1344-00-9::10,1344-00-9,2,True
pair::105-79-3::1344-00-9::t1,105-79-3,1344-00-9,sec::1344-00-9::2,1344-00-9,1,True
pair::105-79-3::1344-00-9::t2,105-79-3,1344-00-9,sec::105-79-3::10,105-79-3,4,True
pair::105-79-3::1344-00-9::t2,105-79-3,1344-00-9,sec::105-79-3::2,105-79-3,3,True
pair::105-79-3::1344-00-9::t2,105-79-3,1344-00-9,sec::1344-00-9::10,1344-00-9,2,True
pair::105-79-3::1344-00-9::t2,105-79-3,1344-00-9,sec::1344-00-9::2,1344-00-9,1,True
pair::105-79-3::1344-00-9::t3,105-79-3,1344-00-9,sec::105-79-3::10,105-79-3,2,True
pair::105-79-3::1344-00-9::t3,105-79-3,1344-00-9,sec::105-79-3::2,105-79-3,9,True
pair::105-79-3::1344-00-9::t3,105-79-3,1344-00-9,sec::1344-00-9::10,1344-00-9,1,True
pair::105-79-3::1344-00-9::t3,105-79-3,1344-00-9,sec::1344-00-9::2,1344-00-9,3,True
pair::105-79-3::1344-00-9::t4,105-79-3,1344-00-9,sec::105-79-3::10,105-79-3,8,True
pair::105-79-3::1344-00-9::t4,105-79-3,1344-00-9,sec::105-79-3::2,105-79-3,5,True
pair::105-79-3::1344-00-9::t4,105-79-3,1344-00-9,sec::1344-00-9::10,1344-00-9,2,True
pair::105-79-3::1344-00-9::t4,105-79-3,1344-00-9,sec::1344-00-9::2,1344-00-9,1,True
pair::114-49-8::471-34-1::t0,114-49-8,471-34-1,sec::114-49-8::10,114-49-8,1,True
pair::114-49-8::471-34-1::t0,114-49-8,471-34-1,sec::114-49-8::2,114-49-8,2,True
pair::114-49-8::471-34-1::t0,114-49-8,471-34-1,sec::471-34-1::10,471-34-1,3,True
pair::114-49-8::471-34-1::t0,114-49-8,471-34-1,sec::471-34-1::2,471-34-1,8,True
pair::114-49-8::471-34-1::t1,114-49-8,471-34-1,sec::114-49-8::10,114-49-8,2,True
pair::114-49-8::471-34-1::t1,114-49-8,471-34-1,sec::114-49-8::2,114-49-8,1,True
pair::114-49-8::471-34-1::t1,114-49-8,471-34-1,sec::471-34-1::10,471-34-1,3,True
pair::114-49-8::471-34-1::t1,114-49-8,471-34-1,sec::471-34-1::2,471-34-1,11,True
pair::114-49-8::471-34-1::t2,114-49-8,471-34-1,sec::114-49-8::10,114-49-8,2,True
pair::114-49-8::471-34-1::t2,114-49-8,471-34-1,sec::114-49-8::2,114-49-8,1,True
pair::114-49-8::471-34-1::t2,114-49-8,471-34-1,sec::471-34-1::10,471-34-1,4,True
pair::114-49-8::471-34-1::t2,114-49-8,471-34-1,sec::471-34-1::2,471-34-1,7,True
pair::114-49-8::471-34-1::t3,114-49-8,471-34-1,sec::114-49-8::10,114-49-8,1,True
pair::114-49-8::471-34-1::t3,114-49-8,471-34-1,sec::114-49-8::2,114-49-8,4,True
pair::114-49-8::471-34-1::t3,114-49-8,471-34-1,sec::471-34-1::10,471-34-1,2,True
pair::114-49-8::471-34-1::t3,114-49-8,471-34-1,sec::471-34-1::2,471-34-1,11,True
pair::114-49-8::471-34-1::t4,114-49-8,471-34-1,sec::114-49-8::10,114-49-8,2,True
pair::114-49-8::471-34-1::t4,114-49-8,471-34-1,sec::114-49-8::2,114-49-8,1,True
pair::114-49-8::471-34-1::t4,114-49-8,471-34-1,sec::471-34-1::10,471-34-1,3,True
pair::114-49-8::471-34-1::t4,114-49-8,471-34-1,sec::471-34-1::2,471-34-1,7,True
pair::110-13-4::7439-89-6::t0,110-13-4,7439-89-6,sec::110-13-4::10,110-13-4,3,False
pair::110-13-4::7439-89-6::t0,110-13-4,7439-89-6,sec::110-13-4::2,110-13-4,,False
pair::110-13-4::7439-89-6::t0,110-13-4,7439-89-6,sec::7439-89-6::10,7439-89-6,1,False
pair::110-13-4::7439-89-6::t0,110-13-4,7439-89-6,sec::7439-89-6::2,7439-89-6,15,False
pair::110-13-4::7439-89-6::t1,110-13-4,7439-89-6,sec::110-13-4::10,110-13-4,8,False
pair::110-13-4::7439-89-6::t1,110-13-4,7439-89-6,sec::110-13-4::2,110-13-4,10,False
pair::110-13-4::7439-89-6::t1,110-13-4,7439-89-6,sec::7439-89-6::10,7439-89-6,1,False
pair::110-13-4::7439-89-6::t1,110-13-4,7439-89-6,sec::7439-89-6::2,7439-89-6,5,False
pair::110-13-4::7439-89-6::t2,110-13-4,7439-89-6,sec::110-13-4::10,110-13-4,11,False
pair::110-13-4::7439-89-6::t2,110-13-4,7439-89-6,sec::110-13-4::2,110-13-4,7,False
pair::110-13-4::7439-89-6::t2,110-13-4,7439-89-6,sec::7439-89-6::10,7439-89-6,5,False
pair::110-13-4::7439-89-6::t2,110-13-4,7439-89-6,sec::7439-89-6::2,7439-89-6,,False
pair::110-13-4::7439-89-6::t3,110-13-4,7439-89-6,sec::110-13-4::10,110-13-4,5,False
pair::110-13-4::7439-89-6::t3,110-13-4,7439-89-6,sec::110-13-4::2,110-13-4,,False
pair::110-13-4::7439-89-6::t3,110-13-4,7439-89-6,sec::7439-89-6::10,7439-89-6,2,False
pair::110-13-4::7439-89-6::t3,110-13-4,7439-89-6,sec::7439-89-6::2,7439-89-6,,False
pair::110-13-4::7439-89-6::t4,110-13-4,7439-89-6,sec::110-13-4::10,110-13-4,9,False
pair::110-13-4::7439-89-6::t4,110-13-4,7439-89-6,sec::110-13-4::2,110-13-4,13,False
pair::110-13-4::7439-89-6::t4,110-13-4,7439-89-6,sec::7439-89-6::10,7439-89-6,1,False
pair::110-13-4::7439-89-6::t4,110-13-4,7439-89-6,sec::7439-89-6::2,7439-89-6,3,False
pair::100-51-6::1313-82-2::t0,100-51-6,1313-82-2,sec::100-51-6::10,100-51-6,2,True
pair::100-51-6::1313-82-2::t0,100-51-6,1313-82-2,sec::100-51-6::2,100-51-6,7,True
pair::100-51-6::1313-82-2::t0,100-51-6,1313-82-2,sec::1313-82-2::10,1313-82-2,1,True
pair::100-51-6::1313-82-2::t0,100-51-6,1313-82-2,sec::1313-82-2::2,1313-82-2,3,True
pair::100-51-6::1313-82-2::t1,100-51-6,1313-82-2,sec::100-51-6::10,100-51-6,7,True
pair::100-51-6::1313-82-2::t1,100-51-6,1313-82-2,sec::100-51-6::2,100-51-6,6,True
pair::100-51-6::1313-82-2::t1,100-51-6,1313-82-2,sec::1313-82-2::10,1313-82-2,1,True
pair::100-51-6::1313-82-2::t1,100-51-6,1313-82-2,sec::1313-82-2::2,1313-82-2,2,True
pair::100-51-6::1313-82-2::t2,100-51-6,1313-82-2,sec::100-51-6::10,100-51-6,7,True
pair::100-51-6::1313-82-2::t2,100-51-6,1313-82-2,sec::100-51-6::2,100-51-6,5,True
pair::100-51-6::1313-82-2::t2,100-51-6,1313-82-2,sec::1313-82-2::10,1313-82-2,1,True
pair::100-51-6::1313-82-2::t2,100-51-6,1313-82-2,sec::1313-82-2::2,1313-82-2,2,True
pair::100-51-6::1313-82-2::t3,100-51-6,1313-82-2,sec::100-51-6::10,100-51-6,6,True
pair::100-51-6::1313-82-2::t3,100-51-6,1313-82-2,sec::100-51-6::2,100-51-6,7,True
pair::100-51-6::1313-82-2::t3,100-51-6,1313-82-2,sec::1313-82-2::10,1313-82-2,1,True
pair::100-51-6::1313-82-2::t3,100-51-6,1313-82-2,sec::1313-82-2::2,1313-82-2,2,True
pair::100-51-6::1313-82-2::t4,100-51-6,1313-82-2,sec::100-51-6::10,100-51-6,7,True
pair::100-51-6::1313-82-2::t4,100-51-6,1313-82-2,sec::100-51-6::2,100-51-6,5,True
pair::100-51-6::1313-82-2::t4,100-51-6,1313-82-2,sec::1313-82-2::10,1313-82-2,2,True
pair::100-51-6::1313-82-2::t4,100-51-6,1313-82-2,sec::1313-82-2::2,1313-82-2,1,True
pair::10026-17-2::105-59-9::t0,10026-17-2,105-59-9,sec::10026-17-2::10,10026-17-2,1,True
pair::10026-17-2::105-59-9::t0,10026-17-2,105-59-9,sec::10026-17-2::2,10026-17-2,2,True
pair::10026-17-2::105-59-9::t0,10026-17-2,105-59-9,sec::105-59-9::10,105-59-9,4,True
pair::10026-17-2::105-59-9::t0,10026-17-2,105-59-9,sec::105-59-9::2,105-59-9,6,True
pair::10026-17-2::105-59-9::t1,10026-17-2,105-59-9,sec::10026-17-2::10,10026-17-2,2,True
pair::10026-17-2::105-59-9::t1,10026-17-2,105-59-9,sec::10026-17-2::2,10026-17-2,1,True
pair::10026-17-2::105-59-9::t1,10026-17-2,105-59-9,sec::105-59-9::10,105-59-9,3,True
pair::10026-17-2::105-59-9::t1,10026-17-2,105-59-9,sec::105-59-9::2,105-59-9,4,True
pair::10026-17-2::105-59-9::t2,10026-17-2,105-59-9,sec::10026-17-2::10,10026-17-2,1,True
pair::10026-17-2::105-59-9::t2,10026-17-2,105-59-9,sec::10026-17-2::2,10026-17-2,2,True
pair::10026-17-2::105-59-9::t2,10026-17-2,105-59-9,sec::105-59-9::10,105-59-9,10,True
pair::10026-17-2::105-59-9::t2,10026-17-2,105-59-9,sec::105-59-9::2,105-59-9,7,True
pair::10026-17-2::105-59-9::t3,10026-17-2,105-59-9,sec::10026-17-2::10,10026-17-2,1,True
pair::10026-17-2::105-59-9::t3,10026-17-2,105-59-9,sec::10026-17-2::2,10026-17-2,2,True
pair::10026-17-2::105-59-9::t3,10026-17-2,105-59-9,sec::105-59-9::10,105-59-9,3,True
pair::10026-17-2::105-59-9::t3,10026-17-2,105-59-9,sec::105-59-9::2,105-59-9,11,True
pair::10026-17-2::105-59-9::t4,10026-17-2,105-59-9,sec::10026-17-2::10,10026-17-2,2,True
pair::10026-17-2::105-59-9::t4,10026-17-2,105-59-9,sec::10026-17-2::2,10026-17-2,1,True
pair::10026-17-2::105-59-9::t4,10026-17-2,105-59-9,sec::105-59-9::10,105-59-9,5,True
pair::10026-17-2::105-59-9::t4,10026-17-2,105-59-9,sec::105-59-9::2,105-59-9,3,True
pair::100-64-1::10192-30-0::t0,100-64-1,10192-30-0,sec::100-64-1::10,100-64-1,2,True
pair::100-64-1::10192-30-0::t0,100-64-1,10192-30-0,sec::100-64-1::2,100-64-1,,True
pair::100-64-1::10192-30-0::t0,100-64-1,10192-30-0,sec::10192-30-0::10,10192-30-0,1,True
pair::100-64-1::10192-30-0::t0,100-64-1,10192-30-0,sec::10192-30-0::2,10192-30-0,3,True
pair::100-64-1::10192-30-0::t1,100-64-1,10192-30-0,sec::100-64-1::10,100-64-1,4,True
pair::100-64-1::10192-30-0::t1,100-64-1,10192-30-0,sec::100-64-1::2,100-64-1,8,True
pair::100-64-1::10192-30-0::t1,100-64-1,10192-30-0,sec::10192-30-0::10,10192-30-0,1,True
pair::100-64-1::10192-30-0::t1,100-64-1,10192-30-0,sec::10192-30-0::2,10192-30-0,2,True
pair::100-64-1::10192-30-0::t2,100-64-1,10192-30-0,sec::100-64-1::10,100-64-1,3,True
pair::100-64-1::10192-30-0::t2,100-64-1,10192-30-0,sec::100-64-1::2,100-64-1,5,True
pair::100-64-1::10192-30-0::t2,100-64-1,10192-30-0,sec::10192-30-0::10,10192-30-0,1,True
pair::100-64-1::10192-30-0::t2,100-64-1,10192-30-0,sec::10192-30-0::2,10192-30-0,2,True
pair::100-64-1::10192-30-0::t3,100-64-1,10192-30-0,sec::100-64-1::10,100-64-1,2,True
pair::100-64-1::10192-30-0::t3,100-64-1,10192-30-0,sec::100-64-1::2,100-64-1,,True
pair::100-64-1::10192-30-0::t3,100-64-1,10192-30-0,sec::10192-30-0::10,10192-30-0,1,True
pair::100-64-1::10192-30-0::t3,100-64-1,10192-30-0,sec::10192-30-0::2,10192-30-0,5,True
pair::100-64-1::10192-30-0::t4,100-64-1,10192-30-0,sec::100-64-1::10,100-64-1,3,True
pair::100-64-1::10192-30-0::t4,100-64-1,10192-30-0,sec::100-64-1::2,100-64-1,6,True
pair::100-64-1::10192-30-0::t4,100-64-1,10192-30-0,sec::10192-30-0::10,10192-30-0,2,True
pair::100-64-1::10192-30-0::t4,100-64-1,10192-30-0,sec::10192-30-0::2,10192-30-0,1,True
pair::109-52-4::1336-21-6::t0,109-52-4,1336-21-6,sec::109-52-4::10,109-52-4,1,True
pair::109-52-4::1336-21-6::t0,109-52-4,1336-21-6,sec::109-52-4::2,109-52-4,15,True
pair::109-52-4::1336-21-6::t0,109-52-4,1336-21-6,sec::1336-21-6::10,1336-21-6,2,True
pair::109-52-4::1336-21-6::t0,109-52-4,1336-21-6,sec::1336-21-6::2,1336-21-6,,True
pair::109-52-4::1336-21-6::t1,109-52-4,1336-21-6,sec::109-52-4::10,109-52-4,1,True
pair::109-52-4::1336-21-6::t1,109-52-4,1336-21-6,sec::109-52-4::2,109-52-4,2,True
pair::109-52-4::1336-21-6::t1,109-52-4,1336-21-6,sec::1336-21-6::10,1336-21-6,3,True
pair::109-52-4::1336-21-6::t1,109-52-4,1336-21-6,sec::1336-21-6::2,1336-21-6,5,True
pair::109-52-4::1336-21-6::t2,109-52-4,1336-21-6,sec::109-52-4::10,109-52-4,1,True
pair::109-52-4::1336-21-6::t2,109-52-4,1336-21-6,sec::109-52-4::2,109-52-4,2,True
pair::109-52-4::1336-21-6::t2,109-52-4,1336-21-6,sec::1336-21-6::10,1336-21-6,3,True
pair::109-52-4::1336-21-6::t2,109-52-4,1336-21-6,sec::1336-21-6::2,1336-21-6,5,True
pair::109-52-4::1336-21-6::t3,109-52-4,1336-21-6,sec::109-52-4::10,109-52-4,1,True
pair::109-52-4::1336-21-6::t3,109-52-4,1336-21-6,sec::109-52-4::2,109-52-4,4,True
pair::109-52-4::1336-21-6::t3,109-52-4,1336-21-6,sec::1336-21-6::10,1336-21-6,2,True
pair::109-52-4::1336-21-6::t3,109-52-4,1336-21-6,sec::1336-21-6::2,1336-21-6,,True
pair::109-52-4::1336-21-6::t4,109-52-4,1336-21-6,sec::109-52-4::10,109-52-4,1,True
pair::109-52-4::1336-21-6::t4,109-52-4,1336-21-6,sec::109-52-4::2,109-52-4,4,True
pair::109-52-4::1336-21-6::t4,109-52-4,1336-21-6,sec::1336-21-6::10,1336-21-6,2,True
pair::109-52-4::1336-21-6::t4,109-52-4,1336-21-6,sec::1336-21-6::2,1336-21-6,3,True
pair::105-56-6::7447-40-7::t0,105-56-6,7447-40-7,sec::105-56-6::10,105-56-6,1,True
pair::105-56-6::7447-40-7::t0,105-56-6,7447-40-7,sec::105-56-6::2,105-56-6,2,True
pair::105-56-6::7447-40-7::t0,105-56-6,7447-40-7,sec::7447-40-7::10,7447-40-7,9,True
pair::105-56-6::7447-40-7::t0,105-56-6,7447-40-7,sec::7447-40-7::2,7447-40-7,18,True
pair::105-56-6::7447-40-7::t1,105-56-6,7447-40-7,sec::105-56-6::10,105-56-6,1,True
pair::105-56-6::7447-40-7::t1,105-56-6,7447-40-7,sec::105-56-6::2,105-56-6,2,True
pair::105-56-6::7447-40-7::t1,105-56-6,7447-40-7,sec::7447-40-7::10,7447-40-7,4,True
pair::105-56-6::7447-40-7::t1,105-56-6,7447-40-7,sec::7447-40-7::2,7447-40-7,3,True
pair::105-56-6::7447-40-7::t2,105-56-6,7447-40-7,sec::105-56-6::10,105-56-6,2,True
pair::105-56-6::7447-40-7::t2,105-56-6,7447-40-7,sec::105-56-6::2,105-56-6,1,True
pair::105-56-6::7447-40-7::t2,105-56-6,7447-40-7,sec::7447-40-7::10,7447-40-7,5,True
pair::105-56-6::7447-40-7::t2,105-56-6,7447-40-7,sec::7447-40-7::2,7447-40-7,3,True
pair::105-56-6::7447-40-7::t3,105-56-6,7447-40-7,sec::105-56-6::10,105-56-6,1,True
pair::105-56-6::7447-40-7::t3,105-56-6,7447-40-7,sec::105-56-6::2,105-56-6,2,True
pair::105-56-6::7447-40-7::t3,105-56-6,7447-40-7,sec::7447-40-7::10,7447-40-7,3,True
pair::105-56-6::7447-40-7::t3,105-56-6,7447-40-7,sec::7447-40-7::2,7447-40-7,5,True
pair::105-56-6::7447-40-7::t4,105-56-6,7447-40-7,sec::105-56-6::10,105-56-6,3,True
pair::105-56-6::7447-40-7::t4,105-56-6,7447-40-7,sec::105-56-6::2,105-56-6,1,True
pair::105-56-6::7447-40-7::t4,105-56-6,7447-40-7,sec::7447-40-7::10,7447-40-7,5,True
pair::105-56-6::7447-40-7::t4,105-56-6,7447-40-7,sec::7447-40-7::2,7447-40-7,2,True
pair::10031-87-5::10361-37-2::t0,10031-87-5,10361-37-2,sec::10031-87-5::10,10031-87-5,1,True
pair::10031-87-5::10361-37-2::t0,10031-87-5,10361-37-2,sec::10031-87-5::2,10031-87-5,2,True
pair::10031-87-5::10361-37-2::t0,10031-87-5,10361-37-2,sec::10361-37-2::10,10361-37-2,4,True
pair::10031-87-5::10361-37-2::t0,10031-87-5,10361-37-2,sec::10361-37-2::2,10361-37-2,7,True
pair::10031-87-5::10361-37-2::t1,10031-87-5,10361-37-2,sec::10031-87-5::10,10031-87-5,1,True
pair::10031-87-5::10361-37-2::t1,10031-87-5,10361-37-2,sec::10031-87-5::2,10031-87-5,2,True
pair::10031-87-5::10361-37-2::t1,10031-87-5,10361-37-2,sec::10361-37-2::10,10361-37-2,4,True
pair::10031-87-5::10361-37-2::t1,10031-87-5,10361-37-2,sec::10361-37-2::2,10361-37-2,3,True
pair::10031-87-5::10361-37-2::t2,10031-87-5,10361-37-2,sec::10031-87-5::10,10031-87-5,1,True
pair::10031-87-5::10361-37-2::t2,10031-87-5,10361-37-2,sec::10031-87-5::2,10031-87-5,2,True
pair::10031-87-5::10361-37-2::t2,10031-87-5,10361-37-2,sec::10361-37-2::10,10361-37-2,4,True
pair::10031-87-5::10361-37-2::t2,10031-87-5,10361-37-2,sec::10361-37-2::2,10361-37-2,3,True
pair::10031-87-5::10361-37-2::t3,10031-87-5,10361-37-2,sec::10031-87-5::10,10031-87-5,1,True
pair::10031-87-5::10361-37-2::t3,10031-87-5,10361-37-2,sec::10031-87-5::2,10031-87-5,3,True
pair::10031-87-5::10361-37-2::t3,10031-87-5,10361-37-2,sec::10361-37-2::10,10361-37-2,2,True
pair::10031-87-5::10361-37-2::t3,10031-87-5,10361-37-2,sec::10361-37-2::2,10361-37-2,8,True
pair::10031-87-5::10361-37-2::t4,10031-87-5,10361-37-2,sec::10031-87-5::10,10031-87-5,2,True
pair::10031-87-5::10361-37-2::t4,10031-87-5,10361-37-2,sec::10031-87-5::2,10031-87-5,1,True
pair::10031-87-5::10361-37-2::t4,10031-87-5,10361-37-2,sec::10361-37-2::10,10361-37-2,5,True
pair::10031-87-5::10361-37-2::t4,10031-87-5,10361-37-2,sec::10361-37-2::2,10361-37-2,4,True
pair::102-71-6::10294-26-5::t0,102-71-6,10294-26-5,sec::102-71-6::10,102-71-6,2,True
pair::102-71-6::10294-26-5::t0,102-71-6,10294-26-5,sec::102-71-6::2,102-71-6,6,True
pair::102-71-6::10294-26-5::t0,102-71-6,10294-26-5,sec::10294-26-5::10,10294-26-5,1,True
pair::102-71-6::10294-26-5::t0,102-71-6,10294-26-5,sec::10294-26-5::2,10294-26-5,5,True
pair::102-71-6::10294-26-5::t1,102-71-6,10294-26-5,sec::102-71-6::10,102-71-6,9,True
pair::102-71-6::10294-26-5::t1,102-71-6,10294-26-5,sec::102-71-6::2,102-71-6,8,True
pair::102-71-6::10294-26-5::t1,102-71-6,10294-26-5,sec::10294-26-5::10,10294-26-5,1,True
pair::102-71-6::10294-26-5::t1,102-71-6,10294-26-5,sec::10294-26-5::2,10294-26-5,12,True
pair::102-71-6::10294-26-5::t2,102-71-6,10294-26-5,sec::102-71-6::10,102-71-6,9,True
pair::102-71-6::10294-26-5::t2,102-71-6,10294-26-5,sec::102-71-6::2,102-71-6,8,True
pair::102-71-6::10294-26-5::t2,102-71-6,10294-26-5,sec::10294-26-5::10,10294-26-5,3,True
pair::102-71-6::10294-26-5::t2,102-71-6,10294-26-5,sec::10294-26-5::2,10294-26-5,1,True
pair::102-71-6::10294-26-5::t3,102-71-6,10294-26-5,sec::102-71-6::10,102-71-6,7,True
pair::102-71-6::10294-26-5::t3,102-71-6,10294-26-5,sec::102-71-6::2,102-71-6,8,True
pair::102-71-6::10294-26-5::t3,102-71-6,10294-26-5,sec::10294-26-5::10,10294-26-5,1,True
pair::102-71-6::10294-26-5::t3,102-71-6,10294-26-5,sec::10294-26-5::2,10294-26-5,11,True
pair::102-71-6::10294-26-5::t4,102-71-6,10294-26-5,sec::102-71-6::10,102-71-6,9,True
pair::102-71-6::10294-26-5::t4,102-71-6,10294-26-5,sec::102-71-6::2,102-71-6,8,True
pair::102-71-6::10294-26-5::t4,102-71-6,10294-26-5,sec::10294-26-5::10,10294-26-5,1,True
pair::102-71-6::10294-26-5::t4,102-71-6,10294-26-5,sec::10294-26-5::2,10294-26-5,4,True
pair::10102-20-2::107-94-8::t0,10102-20-2,107-94-8,sec::10102-20-2::10,10102-20-2,1,True
pair::10102-20-2::107-94-8::t0,10102-20-2,107-94-8,sec::10102-20-2::2,10102-20-2,2,True
pair::10102-20-2::107-94-8::t0,10102-20-2,107-94-8,sec::107-94-8::10,107-94-8,5,True
pair::10102-20-2::107-94-8::t0,10102-20-2,107-94-8,sec::107-94-8::2,107-94-8,6,True
pair::10102-20-2::107-94-8::t1,10102-20-2,107-94-8,sec::10102-20-2::10,10102-20-2,2,True
pair::10102-20-2::107-94-8::t1,10102-20-2,107-94-8,sec::10102-20-2::2,10102-20-2,1,True
pair::10102-20-2::107-94-8::t1,10102-20-2,107-94-8,sec::107-94-8::10,107-94-8,4,True
pair::10102-20-2::107-94-8::t1,10102-20-2,107-94-8,sec::107-94-8::2,107-94-8,3,True
pair::10102-20-2::107-94-8::t2,10102-20-2,107-94-8,sec::10102-20-2::10,10102-20-2,1,True
pair::10102-20-2::107-94-8::t2,10102-20-2,107-94-8,sec::10102-20-2::2,10102-20-2,2,True
pair::10102-20-2::107-94-8::t2,10102-20-2,107-94-8,sec::107-94-8::10,107-94-8,7,True
pair::10102-20-2::107-94-8::t2,10102-20-2,107-94-8,sec::107-94-8::2,107-94-8,3,True
pair::10102-20-2::107-94-8::t3,10102-20-2,107-94-8,sec::10102-20-2::10,10102-20-2,1,True
pair::10102-20-2::107-94-8::t3,10102-20-2,107-94-8,sec::10102-20-2::2,10102-20-2,2,True
pair::10102-20-2::107-94-8::t3,10102-20-2,107-94-8,sec::107-94-8::10,107-94-8,3,True
pair::10102-20-2::107-94-8::t3,10102-20-2,107-94-8,sec::107-94-8::2,107-94-8,6,True
pair::10102-20-2::107-94-8::t4,10102-20-2,107-94-8,sec::10102-20-2::10,10102-20-2,2,True
pair::10102-20-2::107-94-8::t4,10102-20-2,107-94-8,sec::10102-20-2::2,10102-20-2,1,True
pair::10102-20-2::107-94-8::t4,10102-20-2,107-94-8,sec::107-94-8::10,107-94-8,8,True
pair::10102-20-2::107-94-8::t4,10102-20-2,107-94-8,sec::107-94-8::2,107-94-8,3,True
pair::10102-20-2::10361-37-2::t0,10102-20-2,10361-37-2,sec::10102-20-2::10,10102-20-2,1,True
pair::10102-20-2::10361-37-2::t0,10102-20-2,10361-37-2,sec::10102-20-2::2,10102-20-2,2,True
pair::10102-20-2::10361-37-2::t0,10102-20-2,10361-37-2,sec::10361-37-2::10,10361-37-2,6,True
pair::10102-20-2::10361-37-2::t0,10102-20-2,10361-37-2,sec::10361-37-2::2,10361-37-2,7,True
pair::10102-20-2::10361-37-2::t1,10102-20-2,10361-37-2,sec::10102-20-2::10,10102-20-2,1,True
pair::10102-20-2::10361-37-2::t1,10102-20-2,10361-37-2,sec::10102-20-2::2,10102-20-2,2,True
pair::10102-20-2::10361-37-2::t1,10102-20-2,10361-37-2,sec::10361-37-2::10,10361-37-2,6,True
pair::10102-20-2::10361-37-2::t1,10102-20-2,10361-37-2,sec::10361-37-2::2,10361-37-2,9,True
pair::10102-20-2::10361-37-2::t2,10102-20-2,10361-37-2,sec::10102-20-2::10,10102-20-2,1,True
pair::10102-20-2::10361-37-2::t2,10102-20-2,10361-37-2,sec::10102-20-2::2,10102-20-2,2,True
pair::10102-20-2::10361-37-2::t2,10102-20-2,10361-37-2,sec::10361-37-2::10,10361-37-2,7,True
pair::10102-20-2::10361-37-2::t2,10102-20-2,10361-37-2,sec::10361-37-2::2,10361-37-2,8,True
pair::10102-20-2::10361-37-2::t3,10102-20-2,10361-37-2,sec::10102-20-2::10,10102-20-2,1,True
pair::10102-20-2::10361-37-2::t3,10102-20-2,10361-37-2,sec::10102-20-2::2,10102-20-2,2,True
pair::10102-20-2::10361-37-2::t3,10102-20-2,10361-37-2,sec::10361-37-2::10,10361-37-2,5,True
pair::10102-20-2::10361-37-2::t3,10102-20-2,10361-37-2,sec::10361-37-2::2,10361-37-2,10,True
pair::10102-20-2::10361-37-2::t4,10102-20-2,10361-37-2,sec::10102-20-2::10,10102-20-2,2,True
pair::10102-20-2::10361-37-2::t4,10102-20-2,10361-37-2,sec::10102-20-2::2,10102-20-2,1,True
pair::10102-20-2::10361-37-2::t4,10102-20-2,10361-37-2,sec::10361-37-2::10,10361-37-2,8,True
pair::10102-20-2::10361-37-2::t4,10102-20-2,10361-37-2,sec::10361-37-2::2,10361-37-2,10,True
pair::12136-45-7::7553-56-2::t0,12136-45-7,7553-56-2,sec::12136-45-7::10,12136-45-7,1,True
pair::12136-45-7::7553-56-2::t0,12136-45-7,7553-56-2,sec::12136-45-7::2,12136-45-7,14,True
pair::12136-45-7::7553-56-2::t0,12136-45-7,7553-56-2,sec::7553-56-2::10,7553-56-2,9,True
pair::12136-45-7::7553-56-2::t0,12136-45-7,7553-56-2,sec::7553-56-2::2,7553-56-2,,True
pair::12136-45-7::7553-56-2::t1,12136-45-7,7553-56-2,sec::12136-45-7::10,12136-45-7,3,True
pair::12136-45-7::7553-56-2::t1,12136-45-7,7553-56-2,sec::12136-45-7::2,12136-45-7,1,True
pair::12136-45-7::7553-56-2::t1,12136-45-7,7553-56-2,sec::7553-56-2::10,7553-56-2,9,True
pair::12136-45-7::7553-56-2::t1,12136-45-7,7553-56-2,sec::7553-56-2::2,7553-56-2,,True
pair::12136-45-7::7553-56-2::t2,12136-45-7,7553-56-2,sec::12136-45-7::10,12136-45-7,1,True
pair::12136-45-7::7553-56-2::t2,12136-45-7,7553-56-2,sec::12136-45-7::2,12136-45-7,3,True
pair::12136-45-7::7553-56-2::t2,12136-45-7,7553-56-2,sec::7553-56-2::10,7553-56-2,10,True
pair::12136-45-7::7553-56-2::t2,12136-45-7,7553-56-2,sec::7553-56-2::2,7553-56-2,20,True
pair::12136-45-7::7553-56-2::t3,12136-45-7,7553-56-2,sec::12136-45-7::10,12136-45-7,1,True
pair::12136-45-7::7553-56-2::t3,12136-45-7,7553-56-2,sec::12136-45-7::2,12136-45-7,,True
pair::12136-45-7::7553-56-2::t3,12136-45-7,7553-56-2,sec::7553-56-2::10,7553-56-2,10,True
pair::12136-45-7::7553-56-2::t3,12136-45-7,7553-56-2,sec::7553-56-2::2,7553-56-2,,True
pair::12136-45-7::7553-56-2::t4,12136-45-7,7553-56-2,sec::12136-45-7::10,12136-45-7,4,True
pair::12136-45-7::7553-56-2::t4,12136-45-7,7553-56-2,sec::12136-45-7::2,12136-45-7,1,True
pair::12136-45-7::7553-56-2::t4,12136-45-7,7553-56-2,sec::7553-56-2::10,7553-56-2,6,True
pair::12136-45-7::7553-56-2::t4,12136-45-7,7553-56-2,sec::7553-56-2::2,7553-56-2,,True
pair::10101-63-0::103-80-0::t0,10101-63-0,103-80-0,sec::10101-63-0::10,10101-63-0,1,True
pair::10101-63-0::103-80-0::t0,10101-63-0,103-80-0,sec::10101-63-0::2,10101-63-0,9,True
pair::10101-63-0::103-80-0::t0,10101-63-0,103-80-0,sec::103-80-0::10,103-80-0,2,True
pair::10101-63-0::103-80-0::t0,10101-63-0,103-80-0,sec::103-80-0::2,103-80-0,4,True
pair::10101-63-0::103-80-0::t1,10101-63-0,103-80-0,sec::10101-63-0::10,10101-63-0,3,True
pair::10101-63-0::103-80-0::t1,10101-63-0,103-80-0,sec::10101-63-0::2,10101-63-0,9,True
pair::10101-63-0::103-80-0::t1,10101-63-0,103-80-0,sec::103-80-0::10,103-80-0,2,True
pair::10101-63-0::103-80-0::t1,10101-63-0,103-80-0,sec::103-80-0::2,103-80-0,1,True
pair::10101-63-0::103-80-0::t2,10101-63-0,103-80-0,sec::10101-63-0::10,10101-63-0,1,True
pair::10101-63-0::103-80-0::t2,10101-63-0,103-80-0,sec::10101-63-0::2,10101-63-0,4,True
pair::10101-63-0::103-80-0::t2,10101-63-0,103-80-0,sec::103-80-0::10,103-80-0,2,True
pair::10101-63-0::103-80-0::t2,10101-63-0,103-80-0,sec::103-80-0::2,103-80-0,6,True
pair::10101-63-0::103-80-0::t3,10101-63-0,103-80-0,sec::10101-63-0::10,10101-63-0,3,True
pair::10101-63-0::103-80-0::t3,10101-63-0,103-80-0,sec::10101-63-0::2,10101-63-0,14,True
pair::10101-63-0::103-80-0::t3,10101-63-0,103-80-0,sec::103-80-0::10,103-80-0,1,True
pair::10101-63-0::103-80-0::t3,10101-63-0,103-80-0,sec::103-80-0::2,103-80-0,2,True
pair::10101-63-0::103-80-0::t4,10101-63-0,103-80-0,sec::10101-63-0::10,10101-63-0,5,True
pair::10101-63-0::103-80-0::t4,10101-63-0,103-80-0,sec::10101-63-0::2,10101-63-0,6,True
pair::10101-63-0::103-80-0::t4,10101-63-0,103-80-0,sec::103-80-0::10,103-80-0,2,True
pair::10101-63-0::103-80-0::t4,10101-63-0,103-80-0,sec::103-80-0::2,103-80-0,1,True
pair::131-52-2::7220-79-3::t0,131-52-2,7220-79-3,sec::131-52-2::10,131-52-2,1,True
pair::131-52-2::7220-79-3::t0,131-52-2,7220-79-3,sec::131-52-2::2,131-52-2,2,True
pair::131-52-2::7220-79-3::t0,131-52-2,7220-79-3,sec::7220-79-3::10,7220-79-3,3,True
pair::131-52-2::7220-79-3::t0,131-52-2,7220-79-3,sec::7220-79-3::2,7220-79-3,4,True
pair::131-52-2::7220-79-3::t1,131-52-2,7220-79-3,sec::131-52-2::10,131-52-2,2,True
pair::131-52-2::7220-79-3::t1,131-52-2,7220-79-3,sec::131-52-2::2,131-52-2,4,True
pair::131-52-2::7220-79-3::t1,131-52-2,7220-79-3,sec::7220-79-3::10,7220-79-3,3,True
pair::131-52-2::7220-79-3::t1,131-52-2,7220-79-3,sec::7220-79-3::2,7220-79-3,1,True
pair::131-52-2::7220-79-3::t2,131-52-2,7220-79-3,sec::131-52-2::10,131-52-2,1,True
pair::131-52-2::7220-79-3::t2,131-52-2,7220-79-3,sec::131-52-2::2,131-52-2,2,True
pair::131-52-2::7220-79-3::t2,131-52-2,7220-79-3,sec::7220-79-3::10,7220-79-3,3,True
pair::131-52-2::7220-79-3::t2,131-52-2,7220-79-3,sec::7220-79-3::2,7220-79-3,4,True
pair::131-52-2::7220-79-3::t3,131-52-2,7220-79-3,sec::131-52-2::10,131-52-2,2,True
pair::131-52-2::7220-79-3::t3,131-52-2,7220-79-3,sec::131-52-2::2,131-52-2,3,True
pair::131-52-2::7220-79-3::t3,131-52-2,7220-79-3,sec::7220-79-3::10,7220-79-3,1,True
pair::131-52-2::7220-79-3::t3,131-52-2,7220-79-3,sec::7220-79-3::2,7220-79-3,4,True
pair::131-52-2::7220-79-3::t4,131-52-2,7220-79-3,sec::131-52-2::10,131-52-2,2,True
pair::131-52-2::7220-79-3::t4,131-52-2,7220-79-3,sec::131-52-2::2,131-52-2,3,True
pair::131-52-2::7220-79-3::t4,131-52-2,7220-79-3,sec::7220-79-3::10,7220-79-3,4,True
pair::131-52-2::7220-79-3::t4,131-52-2,7220-79-3,sec::7220-79-3::2,7220-79-3,1,True
pair::102-71-6::110-13-4::t0,102-71-6,110-13-4,sec::102-71-6::10,102-71-6,1,True
pair::102-71-6::110-13-4::t0,102-71-6,110-13-4,sec::102-71-6::2,102-71-6,5,True
pair::102-71-6::110-13-4::t0,102-71-6,110-13-4,sec::110-13-4::10,110-13-4,2,True
pair::102-71-6::110-13-4::t0,102-71-6,110-13-4,sec::110-13-4::2,110-13-4,,True
pair::102-71-6::110-13-4::t1,102-71-6,110-13-4,sec::102-71-6::10,102-71-6,4,True
pair::102-71-6::110-13-4::t1,102-71-6,110-13-4,sec::102-71-6::2,102-71-6,3,True
pair::102-71-6::110-13-4::t1,102-71-6,110-13-4,sec::110-13-4::10,110-13-4,1,True
pair::102-71-6::110-13-4::t1,102-71-6,110-13-4,sec::110-13-4::2,110-13-4,2,True
pair::102-71-6::110-13-4::t2,102-71-6,110-13-4,sec::102-71-6::10,102-71-6,3,True
pair::102-71-6::110-13-4::t2,102-71-6,110-13-4,sec::102-71-6::2,102-71-6,1,True
pair::102-71-6::110-13-4::t2,102-71-6,110-13-4,sec::110-13-4::10,110-13-4,11,True
pair::102-71-6::110-13-4::t2,102-71-6,110-13-4,sec::110-13-4::2,110-13-4,9,True
pair::102-71-6::110-13-4::t3,102-71-6,110-13-4,sec::102-71-6::10,102-71-6,2,True
pair::102-71-6::110-13-4::t3,102-71-6,110-13-4,sec::102-71-6::2,102-71-6,3,True
pair::102-71-6::110-13-4::t3,102-71-6,110-13-4,sec::110-13-4::10,110-13-4,1,True
pair::102-71-6::110-13-4::t3,102-71-6,110-13-4,sec::110-13-4::2,110-13-4,4,True
pair::102-71-6::110-13-4::t4,102-71-6,110-13-4,sec::102-71-6::10,102-71-6,5,True
pair::102-71-6::110-13-4::t4,102-71-6,110-13-4,sec::102-71-6::2,102-71-6,4,True
pair::102-71-6::110-13-4::t4,102-71-6,110-13-4,sec::110-13-4::10,110-13-4,1,True
pair::102-71-6::110-13-4::t4,102-71-6,110-13-4,sec::110-13-4::2,110-13-4,2,True
pair::10016-20-3::110-13-4::t0,10016-20-3,110-13-4,sec::10016-20-3::10,10016-20-3,1,False
pair::10016-20-3::110-13-4::t0,10016-20-3,110-13-4,sec::10016-20-3::2,10016-20-3,2,False
pair::10016-20-3::110-13-4::t0,10016-20-3,110-13-4,sec::110-13-4::10,110-13-4,4,False
pair::10016-20-3::110-13-4::t0,10016-20-3,110-13-4,sec::110-13-4::2,110-13-4,18,False
pair::10016-20-3::110-13-4::t1,10016-20-3,110-13-4,sec::10016-20-3::10,10016-20-3,1,False
pair::10016-20-3::110-13-4::t1,10016-20-3,110-13-4,sec::10016-20-3::2,10016-20-3,2,False
pair::10016-20-3::110-13-4::t1,10016-20-3,110-13-4,sec::110-13-4::10,110-13-4,4,False
pair::10016-20-3::110-13-4::t1,10016-20-3,110-13-4,sec::110-13-4::2,110-13-4,3,False
pair::10016-20-3::110-13-4::t2,10016-20-3,110-13-4,sec::10016-20-3::10,10016-20-3,1,False
pair::10016-20-3::110-13-4::t2,10016-20-3,110-13-4,sec::10016-20-3::2,10016-20-3,2,False
pair::10016-20-3::110-13-4::t2,10016-20-3,110-13-4,sec::110-13-4::10,110-13-4,,False
pair::10016-20-3::110-13-4::t2,10016-20-3,110-13-4,sec::110-13-4::2,110-13-4,4,False
pair::10016-20-3::110-13-4::t3,10016-20-3,110-13-4,sec::10016-20-3::10,10016-20-3,1,False
pair::10016-20-3::110-13-4::t3,10016-20-3,110-13-4,sec::10016-20-3::2,10016-20-3,2,False
pair::10016-20-3::110-13-4::t3,10016-20-3,110-13-4,sec::110-13-4::10,110-13-4,3,False
pair::10016-20-3::110-13-4::t3,10016-20-3,110-13-4,sec::110-13-4::2,110-13-4,5,False
pair::10016-20-3::110-13-4::t4,10016-20-3,110-13-4,sec::10016-20-3::10,10016-20-3,1,False
pair::10016-20-3::110-13-4::t4,10016-20-3,110-13-4,sec::10016-20-3::2,10016-20-3,2,False
pair::10016-20-3::110-13-4::t4,10016-20-3,110-13-4,sec::110-13-4::10,110-13-4,4,False
pair::10016-20-3::110-13-4::t4,10016-20-3,110-13-4,sec::110-13-4::2,110-13-4,3,False
pair::121-17-5::13983-17-0::t0,121-17-5,13983-17-0,sec::121-17-5::10,121-17-5,1,True
pair::121-17-5::13983-17-0::t0,121-17-5,13983-17-0,sec::121-17-5::2,121-17-5,2,True
pair::121-17-5::13983-17-0::t0,121-17-5,13983-17-0,sec::13983-17-0::10,13983-17-0,3,True
pair::121-17-5::13983-17-0::t0,121-17-5,13983-17-0,sec::13983-17-0::2,13983-17-0,5,True
pair::121-17-5::13983-17-0::t1,121-17-5,13983-17-0,sec::121-17-5::10,121-17-5,1,True
pair::121-17-5::13983-17-0::t1,121-17-5,13983-17-0,sec::121-17-5::2,121-17-5,2,True
pair::121-17-5::13983-17-0::t1,121-17-5,13983-17-0,sec::13983-17-0::10,13983-17-0,4,True
pair::121-17-5::13983-17-0::t1,121-17-5,13983-17-0,sec::13983-17-0::2,13983-17-0,3,True
pair::121-17-5::13983-17-0::t2,121-17-5,13983-17-0,sec::121-17-5::10,121-17-5,1,True
pair::121-17-5::13983-17-0::t2,121-17-5,13983-17-0,sec::121-17-5::2,121-17-5,2,True
pair::121-17-5::13983-17-0::t2,121-17-5,13983-17-0,sec::13983-17-0::10,13983-17-0,3,True
pair::121-17-5::13983-17-0::t2,121-17-5,13983-17-0,sec::13983-17-0::2,13983-17-0,4,True
pair::121-17-5::13983-17-0::t3,121-17-5,13983-17-0,sec::121-17-5::10,121-17-5,1,True
pair::121-17-5::13983-17-0::t3,121-17-5,13983-17-0,sec::121-17-5::2,121-17-5,3,True
pair::121-17-5::13983-17-0::t3,121-17-5,13983-17-0,sec::13983-17-0::10,13983-17-0,2,True
pair::121-17-5::13983-17-0::t3,121-17-5,13983-17-0,sec::13983-17-0::2,13983-17-0,7,True
pair::121-17-5::13983-17-0::t4,121-17-5,13983-17-0,sec::121-17-5::10,121-17-5,2,True
pair::121-17-5::13983-17-0::t4,121-17-5,13983-17-0,sec::121-17-5::2,121-17-5,1,True
pair::121-17-5::13983-17-0::t4,121-17-5,13983-17-0,sec::13983-17-0::10,13983-17-0,3,True
pair::121-17-5::13983-17-0::t4,121-17-5,13983-17-0,sec::13983-17-0::2,13983-17-0,4,True
pair::10026-17-2::104-85-8::t0,10026-17-2,104-85-8,sec::10026-17-2::10,10026-17-2,2,True
pair::10026-17-2::104-85-8::t0,10026-17-2,104-85-8,sec::10026-17-2::2,10026-17-2,1,True
pair::10026-17-2::104-85-8::t0,10026-17-2,104-85-8,sec::104-85-8::10,104-85-8,3,True
pair::10026-17-2::104-85-8::t0,10026-17-2,104-85-8,sec::104-85-8::2,104-85-8,5,True
pair::10026-17-2::104-85-8::t1,10026-17-2,104-85-8,sec::10026-17-2::10,10026-17-2,2,True
pair::10026-17-2::104-85-8::t1,10026-17-2,104-85-8,sec::10026-17-2::2,10026-17-2,1,True
pair::10026-17-2::104-85-8::t1,10026-17-2,104-85-8,sec::104-85-8::10,104-85-8,4,True
pair::10026-17-2::104-85-8::t1,10026-17-2,104-85-8,sec::104-85-8::2,104-85-8,3,True
pair::10026-17-2::104-85-8::t2,10026-17-2,104-85-8,sec::10026-17-2::10,10026-17-2,1,True
pair::10026-17-2::104-85-8::t2,10026-17-2,104-85-8,sec::10026-17-2::2,10026-17-2,2,True
pair::10026-17-2::104-85-8::t2,10026-17-2,104-85-8,sec::104-85-8::10,104-85-8,4,True
pair::10026-17-2::104-85-8::t2,10026-17-2,104-85-8,sec::104-85-8::2,104-85-8,3,True
pair::10026-17-2::104-85-8::t3,10026-17-2,104-85-8,sec::10026-17-2::10,10026-17-2,1,True
pair::10026-17-2::104-85-8::t3,10026-17-2,104-85-8,sec::10026-17-2::2,10026-17-2,2,True
pair::10026-17-2::104-85-8::t3,10026-17-2,104-85-8,sec::104-85-8::10,104-85-8,3,True
pair::10026-17-2::104-85-8::t3,10026-17-2,104-85-8,sec::104-85-8::2,104-85-8,4,True
pair::10026-17-2::104-85-8::t4,10026-17-2,104-85-8,sec::10026-17-2::10,10026-17-2,2,True
pair::10026-17-2::104-85-8::t4,10026-17-2,104-85-8,sec::10026-17-2::2,10026-17-2,1,True
pair::10026-17-2::104-85-8::t4,10026-17-2,104-85-8,sec::104-85-8::10,104-85-8,3,True
pair::10026-17-2::104-85-8::t4,10026-17-2,104-85-8,sec::104-85-8::2,104-85-8,4,True
pair::100-51-6::10102-20-2::t0,100-51-6,10102-20-2,sec::100-51-6::10,100-51-6,10,True
pair::100-51-6::10102-20-2::t0,100-51-6,10102-20-2,sec::100-51-6::2,100-51-6,9,True
pair::100-51-6::10102-20-2::t0,100-51-6,10102-20-2,sec::10102-20-2::10,10102-20-2,1,True
pair::100-51-6::10102-20-2::t0,100-51-6,10102-20-2,sec::10102-20-2::2,10102-20-2,2,True
pair::100-51-6::10102-20-2::t1,100-51-6,10102-20-2,sec::100-51-6::10,100-51-6,8,True
pair::100-51-6::10102-20-2::t1,100-51-6,10102-20-2,sec::100-51-6::2,100-51-6,7,True
pair::100-51-6::10102-20-2::t1,100-51-6,10102-20-2,sec::10102-20-2::10,10102-20-2,2,True
pair::100-51-6::10102-20-2::t1,100-51-6,10102-20-2,sec::10102-20-2::2,10102-20-2,1,True
pair::100-51-6::10102-20-2::t2,100-51-6,10102-20-2,sec::100-51-6::10,100-51-6,15,True
pair::100-51-6::10102-20-2::t2,100-51-6,10102-20-2,sec::100-51-6::2,100-51-6,8,True
pair::100-51-6::10102-20-2::t2,100-51-6,10102-20-2,sec::10102-20-2::10,10102-20-2,2,True
pair::100-51-6::10102-20-2::t2,100-51-6,10102-20-2,sec::10102-20-2::2,10102-20-2,1,True
pair::100-51-6::10102-20-2::t3,100-51-6,10102-20-2,sec::100-51-6::10,100-51-6,10,True
pair::100-51-6::10102-20-2::t3,100-51-6,10102-20-2,sec::100-51-6::2,100-51-6,9,True
pair::100-51-6::10102-20-2::t3,100-51-6,10102-20-2,sec::10102-20-2::10,10102-20-2,1,True
pair::100-51-6::10102-20-2::t3,100-51-6,10102-20-2,sec::10102-20-2::2,10102-20-2,2,True
pair::100-51-6::10102-20-2::t4,100-51-6,10102-20-2,sec::100-51-6::10,100-51-6,12,True
pair::100-51-6::10102-20-2::t4,100-51-6,10102-20-2,sec::100-51-6::2,100-51-6,5,True
pair::100-51-6::10102-20-2::t4,100-51-6,10102-20-2,sec::10102-20-2::10,10102-20-2,2,True
pair::100-51-6::10102-20-2::t4,100-51-6,10102-20-2,sec::10102-20-2::2,10102-20-2,1,True
pair::100-02-7::109-53-5::t0,100-02-7,109-53-5,sec::100-02-7::10,100-02-7,3,True
pair::100-02-7::109-53-5::t0,100-02-7,109-53-5,sec::100-02-7::2::p1,100-02-7,,True
pair::100-02-7::109-53-5::t0,100-02-7,109-53-5,sec::100-02-7::2::p2,100-02-7,,True
pair::100-02-7::109-53-5::t0,100-02-7,109-53-5,sec::109-53-5::10,109-53-5,2,True
pair::100-02-7::109-53-5::t0,100-02-7,109-53-5,sec::109-53-5::2,109-53-5,1,True
pair::100-02-7::109-53-5::t1,100-02-7,109-53-5,sec::100-02-7::10,100-02-7,3,True
pair::100-02-7::109-53-5::t1,100-02-7,109-53-5,sec::100-02-7::2::p1,100-02-7,15,True
pair::100-02-7::109-53-5::t1,100-02-7,109-53-5,sec::100-02-7::2::p2,100-02-7,,True
pair::100-02-7::109-53-5::t1,100-02-7,109-53-5,sec::109-53-5::10,109-53-5,2,True
pair::100-02-7::109-53-5::t1,100-02-7,109-53-5,sec::109-53-5::2,109-53-5,1,True
pair::100-02-7::109-53-5::t2,100-02-7,109-53-5,sec::100-02-7::10,100-02-7,3,True
pair::100-02-7::109-53-5::t2,100-02-7,109-53-5,sec::100-02-7::2::p1,100-02-7,5,True
pair::100-02-7::109-53-5::t2,100-02-7,109-53-5,sec::100-02-7::2::p2,100-02-7,,True
pair::100-02-7::109-53-5::t2,100-02-7,109-53-5,sec::109-53-5::10,109-53-5,2,True
pair::100-02-7::109-53-5::t2,100-02-7,109-53-5,sec::109-53-5::2,109-53-5,1,True
pair::100-02-7::109-53-5::t3,100-02-7,109-53-5,sec::100-02-7::10,100-02-7,3,True
pair::100-02-7::109-53-5::t3,100-02-7,109-53-5,sec::100-02-7::2::p1,100-02-7,9,True
pair::100-02-7::109-53-5::t3,100-02-7,109-53-5,sec::100-02-7::2::p2,100-02-7,,True
pair::100-02-7::109-53-5::t3,100-02-7,109-53-5,sec::109-53-5::10,109-53-5,2,True
pair::100-02-7::109-53-5::t3,100-02-7,109-53-5,sec::109-53-5::2,109-53-5,1,True
pair::100-02-7::109-53-5::t4,100-02-7,109-53-5,sec::100-02-7::10,100-02-7,4,True
pair::100-02-7::109-53-5::t4,100-02-7,109-53-5,sec::100-02-7::2::p1,100-02-7,,True
pair::100-02-7::109-53-5::t4,100-02-7,109-53-5,sec::100-02-7::2::p2,100-02-7,,True
pair::100-02-7::109-53-5::t4,100-02-7,109-53-5,sec::109-53-5::10,109-53-5,3,True
pair::100-02-7::109-53-5::t4,100-02-7,109-53-5,sec::109-53-5::2,109-53-5,1,True
pair::10026-06-9::7440-50-8::t0,10026-06-9,7440-50-8,sec::10026-06-9::10,10026-06-9,1,True
pair::10026-06-9::7440-50-8::t0,10026-06-9,7440-50-8,sec::10026-06-9::2,10026-06-9,2,True
pair::10026-06-9::7440-50-8::t0,10026-06-9,7440-50-8,sec::7440-50-8::10,7440-50-8,7,True
pair::10026-06-9::7440-50-8::t0,10026-06-9,7440-50-8,sec::7440-50-8::2,7440-50-8,,True
pair::10026-06-9::7440-50-8::t1,10026-06-9,7440-50-8,sec::10026-06-9::10,10026-06-9,1,True
pair::10026-06-9::7440-50-8::t1,10026-06-9,7440-50-8,sec::10026-06-9::2,10026-06-9,2,True
pair::10026-06-9::7440-50-8::t1,10026-06-9,7440-50-8,sec::7440-50-8::10,7440-50-8,6,True
pair::10026-06-9::7440-50-8::t1,10026-06-9,7440-50-8,sec::7440-50-8::2,7440-50-8,,True
pair::10026-06-9::7440-50-8::t2,10026-06-9,7440-50-8,sec::10026-06-9::10,10026-06-9,1,True
pair::10026-06-9::7440-50-8::t2,10026-06-9,7440-50-8,sec::10026-06-9::2,10026-06-9,2,True
pair::10026-06-9::7440-50-8::t2,10026-06-9,7440-50-8,sec::7440-50-8::10,7440-50-8,6,True
pair::10026-06-9::7440-50-8::t2,10026-06-9,7440-50-8,sec::7440-50-8::2,7440-50-8,,True
pair::10026-06-9::7440-50-8::t3,10026-06-9,7440-50-8,sec::10026-06-9::10,10026-06-9,1,True
pair::10026-06-9::7440-50-8::t3,10026-06-9,7440-50-8,sec::10026-06-9::2,10026-06-9,3,True
pair::10026-06-9::7440-50-8::t3,10026-06-9,7440-50-8,sec::7440-50-8::10,7440-50-8,4,True
pair::10026-06-9::7440-50-8::t3,10026-06-9,7440-50-8,sec::7440-50-8::2,7440-50-8,,True
pair::10026-06-9::7440-50-8::t4,10026-06-9,7440-50-8,sec::10026-06-9::10,10026-06-9,1,True
pair::10026-06-9::7440-50-8::t4,10026-06-9,7440-50-8,sec::10026-06-9::2,10026-06-9,2,True
pair::10026-06-9::7440-50-8::t4,10026-06-9,7440-50-8,sec::7440-50-8::10,7440-50-8,18,True
pair::10026-06-9::7440-50-8::t4,10026-06-9,7440-50-8,sec::7440-50-8::2,7440-50-8,,True
pair::102-08-9::1336-21-6::t0,102-08-9,1336-21-6,sec::102-08-9::10,102-08-9,1,True
pair::102-08-9::1336-21-6::t0,102-08-9,1336-21-6,sec::102-08-9::2,102-08-9,6,True
pair::102-08-9::1336-21-6::t0,102-08-9,1336-21-6,sec::1336-21-6::10,1336-21-6,2,True
pair::102-08-9::1336-21-6::t0,102-08-9,1336-21-6,sec::1336-21-6::2,1336-21-6,,True
pair::102-08-9::1336-21-6::t1,102-08-9,1336-21-6,sec::102-08-9::10,102-08-9,1,True
pair::102-08-9::1336-21-6::t1,102-08-9,1336-21-6,sec::102-08-9::2,102-08-9,2,True
pair::102-08-9::1336-21-6::t1,102-08-9,1336-21-6,sec::1336-21-6::10,1336-21-6,3,True
pair::102-08-9::1336-21-6::t1,102-08-9,1336-21-6,sec::1336-21-6::2,1336-21-6,4,True
pair::102-08-9::1336-21-6::t2,102-08-9,1336-21-6,sec::102-08-9::10,102-08-9,1,True
pair::102-08-9::1336-21-6::t2,102-08-9,1336-21-6,sec::102-08-9::2,102-08-9,2,True
pair::102-08-9::1336-21-6::t2,102-08-9,1336-21-6,sec::1336-21-6::10,1336-21-6,4,True
pair::102-08-9::1336-21-6::t2,102-08-9,1336-21-6,sec::1336-21-6::2,1336-21-6,3,True
pair::102-08-9::1336-21-6::t3,102-08-9,1336-21-6,sec::102-08-9::10,102-08-9,1,True
pair::102-08-9::1336-21-6::t3,102-08-9,1336-21-6,sec::102-08-9::2,102-08-9,4,True
pair::102-08-9::1336-21-6::t3,102-08-9,1336-21-6,sec::1336-21-6::10,1336-21-6,2,True
pair::102-08-9::1336-21-6::t3,102-08-9,1336-21-6,sec::1336-21-6::2,1336-21-6,,True
pair::102-08-9::1336-21-6::t4,102-08-9,1336-21-6,sec::102-08-9::10,102-08-9,3,True
pair::102-08-9::1336-21-6::t4,102-08-9,1336-21-6,sec::102-08-9::2,102-08-9,1,True
pair::102-08-9::1336-21-6::t4,102-08-9,1336-21-6,sec::1336-21-6::10,1336-21-6,2,True
pair::102-08-9::1336-21-6::t4,102-08-9,1336-21-6,sec::1336-21-6::2,1336-21-6,4,True
pair::101-27-9::143-33-9::t0,101-27-9,143-33-9,sec::101-27-9::10,101-27-9,2,True
pair::101-27-9::143-33-9::t0,101-27-9,143-33-9,sec::101-27-9::2,101-27-9,3,True
pair::101-27-9::143-33-9::t0,101-27-9,143-33-9,sec::143-33-9::10,143-33-9,1,True
pair::101-27-9::143-33-9::t0,101-27-9,143-33-9,sec::143-33-9::2,143-33-9,5,True
pair::101-27-9::143-33-9::t1,101-27-9,143-33-9,sec::101-27-9::10,101-27-9,4,True
pair::101-27-9::143-33-9::t1,101-27-9,143-33-9,sec::101-27-9::2,101-27-9,2,True
pair::101-27-9::143-33-9::t1,101-27-9,143-33-9,sec::143-33-9::10,143-33-9,1,True
pair::101-27-9::143-33-9::t1,101-27-9,143-33-9,sec::143-33-9::2,143-33-9,3,True
pair::101-27-9::143-33-9::t2,101-27-9,143-33-9,sec::101-27-9::10,101-27-9,2,True
pair::101-27-9::143-33-9::t2,101-27-9,143-33-9,sec::101-27-9::2,101-27-9,1,True
pair::101-27-9::143-33-9::t2,101-27-9,143-33-9,sec::143-33-9::10,143-33-9,5,True
pair::101-27-9::143-33-9::t2,101-27-9,143-33-9,sec::143-33-9::2,143-33-9,4,True
pair::101-27-9::143-33-9::t3,101-27-9,143-33-9,sec::101-27-9::10,101-27-9,2,True
pair::101-27-9::143-33-9::t3,101-27-9,143-33-9,sec::101-27-9::2,101-27-9,3,True
pair::101-27-9::143-33-9::t3,101-27-9,143-33-9,sec::143-33-9::10,143-33-9,1,True
pair::101-27-9::143-33-9::t3,101-27-9,143-33-9,sec::143-33-9::2,143-33-9,9,True
pair::101-27-9::143-33-9::t4,101-27-9,143-33-9,sec::101-27-9::10,101-27-9,4,True
pair::101-27-9::143-33-9::t4,101-27-9,143-33-9,sec::101-27-9::2,101-27-9,3,True
pair::101-27-9::143-33-9::t4,101-27-9,143-33-9,sec::143-33-9::10,143-33-9,1,True
pair::101-27-9::143-33-9::t4,101-27-9,143-33-9,sec::143-33-9::2,143-33-9,2,True
pair::109-53-5::144-55-8::t0,109-53-5,144-55-8,sec::109-53-5::10,109-53-5,1,True
pair::109-53-5::144-55-8::t0,109-53-5,144-55-8,sec::109-53-5::2,109-53-5,2,True
pair::109-53-5::144-55-8::t0,109-53-5,144-55-8,sec::144-55-8::10,144-55-8,4,True
pair::109-53-5::144-55-8::t0,109-53-5,144-55-8,sec::144-55-8::2,144-55-8,7,True
pair::109-53-5::144-55-8::t1,109-53-5,144-55-8,sec::109-53-5::10,109-53-5,2,True
pair::109-53-5::144-55-8::t1,109-53-5,144-55-8,sec::109-53-5::2,109-53-5,1,True
pair::109-53-5::144-55-8::t1,109-53-5,144-55-8,sec::144-55-8::10,144-55-8,3,True
pair::109-53-5::144-55-8::t1,109-53-5,144-55-8,sec::144-55-8::2,144-55-8,4,True
pair::109-53-5::144-55-8::t2,109-53-5,144-55-8,sec::109-53-5::10,109-53-5,2,True
pair::109-53-5::144-55-8::t2,109-53-5,144-55-8,sec::109-53-5::2,109-53-5,1,True
pair::109-53-5::144-55-8::t2,109-53-5,144-55-8,sec::144-55-8::10,144-55-8,3,True
pair::109-53-5::144-55-8::t2,109-53-5,144-55-8,sec::144-55-8::2,144-55-8,4,True
pair::109-53-5::144-55-8::t3,109-53-5,144-55-8,sec::109-53-5::10,109-53-5,1,True
pair::109-53-5::144-55-8::t3,109-53-5,144-55-8,sec::109-53-5::2,109-53-5,2,True
pair::109-53-5::144-55-8::t3,109-53-5,144-55-8,sec::144-55-8::10,144-55-8,3,True
pair::109-53-5::144-55-8::t3,109-53-5,144-55-8,sec::144-55-8::2,144-55-8,9,True
pair::109-53-5::144-55-8::t4,109-53-5,144-55-8,sec::109-53-5::10,109-53-5,2,True
pair::109-53-5::144-55-8::t4,109-53-5,144-55-8,sec::109-53-5::2,109-53-5,1,True
pair::109-53-5::144-55-8::t4,109-53-5,144-55-8,sec::144-55-8::10,144-55-8,3,True
pair::109-53-5::144-55-8::t4,109-53-5,144-55-8,sec::144-55-8::2,144-55-8,5,True
pair::42615-29-2::497-19-8::t0,42615-29-2,497-19-8,sec::42615-29-2::10,42615-29-2,1,False
pair::42615-29-2::497-19-8::t0,42615-29-2,497-19-8,sec::42615-29-2::2,42615-29-2,2,False
pair::42615-29-2::497-19-8::t0,42615-29-2,497-19-8,sec::497-19-8::10,497-19-8,,False
pair::42615-29-2::497-19-8::t0,42615-29-2,497-19-8,sec::497-19-8::2,497-19-8,,False
pair::42615-29-2::497-19-8::t1,42615-29-2,497-19-8,sec::42615-29-2::10,42615-29-2,1,False
pair::42615-29-2::497-19-8::t1,42615-29-2,497-19-8,sec::42615-29-2::2,42615-29-2,2,False
pair::42615-29-2::497-19-8::t1,42615-29-2,497-19-8,sec::497-19-8::10,497-19-8,,False
pair::42615-29-2::497-19-8::t1,42615-29-2,497-19-8,sec::497-19-8::2,497-19-8,,False
pair::42615-29-2::497-19-8::t2,42615-29-2,497-19-8,sec::42615-29-2::10,42615-29-2,1,False
pair::42615-29-2::497-19-8::t2,42615-29-2,497-19-8,sec::42615-29-2::2,42615-29-2,2,False
pair::42615-29-2::497-19-8::t2,42615-29-2,497-19-8,sec::497-19-8::10,497-19-8,,False
pair::42615-29-2::497-19-8::t2,42615-29-2,497-19-8,sec::497-19-8::2,497-19-8,,False
pair::42615-29-2::497-19-8::t3,42615-29-2,497-19-8,sec::42615-29-2::10,42615-29-2,1,False
pair::42615-29-2::497-19-8::t3,42615-29-2,497-19-8,sec::42615-29-2::2,42615-29-2,2,False
pair::42615-29-2::497-19-8::t3,42615-29-2,497-19-8,sec::497-19-8::10,497-19-8,,False
pair::42615-29-2::497-19-8::t3,42615-29-2,497-19-8,sec::497-19-8::2,497-19-8,,False
pair::42615-29-2::497-19-8::t4,42615-29-2,497-19-8,sec::42615-29-2::10,42615-29-2,2,False
pair::42615-29-2::497-19-8::t4,42615-29-2,497-19-8,sec::42615-29-2::2,42615-29-2,1,False
pair::42615-29-2::497-19-8::t4,42615-29-2,497-19-8,sec::497-19-8::10,497-19-8,,False
pair::42615-29-2::497-19-8::t4,42615-29-2,497-19-8,sec::497-19-8::2,497-19-8,,False
pair::151-21-3::7447-40-7::t0,151-21-3,7447-40-7,sec::151-21-3::10,151-21-3,1,True
pair::151-21-3::7447-40-7::t0,151-21-3,7447-40-7,sec::151-21-3::2,151-21-3,3,True
pair::151-21-3::7447-40-7::t0,151-21-3,7447-40-7,sec::7447-40-7::10,7447-40-7,7,True
pair::151-21-3::7447-40-7::t0,151-21-3,7447-40-7,sec::7447-40-7::2,7447-40-7,,True
pair::151-21-3::7447-40-7::t1,151-21-3,7447-40-7,sec::151-21-3::10,151-21-3,1,True
pair::151-21-3::7447-40-7::t1,151-21-3,7447-40-7,sec::151-21-3::2,151-21-3,5,True
pair::151-21-3::7447-40-7::t1,151-21-3,7447-40-7,sec::7447-40-7::10,7447-40-7,4,True
pair::151-21-3::7447-40-7::t1,151-21-3,7447-40-7,sec::7447-40-7::2,7447-40-7,2,True
pair::151-21-3::7447-40-7::t2,151-21-3,7447-40-7,sec::151-21-3::10,151-21-3,1,True
pair::151-21-3::7447-40-7::t2,151-21-3,7447-40-7,sec::151-21-3::2,151-21-3,2,True
pair::151-21-3::7447-40-7::t2,151-21-3,7447-40-7,sec::7447-40-7::10,7447-40-7,3,True
pair::151-21-3::7447-40-7::t2,151-21-3,7447-40-7,sec::7447-40-7::2,7447-40-7,7,True
pair::151-21-3::7447-40-7::t3,151-21-3,7447-40-7,sec::151-21-3::10,151-21-3,1,True
pair::151-21-3::7447-40-7::t3,151-21-3,7447-40-7,sec::151-21-3::2,151-21-3,6,True
pair::151-21-3::7447-40-7::t3,151-21-3,7447-40-7,sec::7447-40-7::10,7447-40-7,5,True
pair::151-21-3::7447-40-7::t3,151-21-3,7447-40-7,sec::7447-40-7::2,7447-40-7,,True
pair::151-21-3::7447-40-7::t4,151-21-3,7447-40-7,sec::151-21-3::10,151-21-3,1,True
pair::151-21-3::7447-40-7::t4,151-21-3,7447-40-7,sec::151-21-3::2,151-21-3,4,True
pair::151-21-3::7447-40-7::t4,151-21-3,7447-40-7,sec::7447-40-7::10,7447-40-7,3,True
pair::151-21-3::7447-40-7::t4,151-21-3,7447-40-7,sec::7447-40-7::2,7447-40-7,2,True
pair::10112-91-1::7758-98-7::t0,10112-91-1,7758-98-7,sec::10112-91-1::10,10112-91-1,3,True
pair::10112-91-1::7758-98-7::t0,10112-91-1,7758-98-7,sec::10112-91-1::2,10112-91-1,4,True
pair::10112-91-1::7758-98-7::t0,10112-91-1,7758-98-7,sec::7758-98-7::10,7758-98-7,2,True
pair::10112-91-1::7758-98-7::t0,10112-91-1,7758-98-7,sec::7758-98-7::2,7758-98-7,1,True
pair::10112-91-1::7758-98-7::t1,10112-91-1,7758-98-7,sec::10112-91-1::10,10112-91-1,3,True
pair::10112-91-1::7758-98-7::t1,10112-91-1,7758-98-7,sec::10112-91-1::2,10112-91-1,4,True
pair::10112-91-1::7758-98-7::t1,10112-91-1,7758-98-7,sec::7758-98-7::10,7758-98-7,2,True
pair::10112-91-1::7758-98-7::t1,10112-91-1,7758-98-7,sec::7758-98-7::2,7758-98-7,1,True
pair::10112-91-1::7758-98-7::t2,10112-91-1,7758-98-7,sec::10112-91-1::10,10112-91-1,3,True
pair::10112-91-1::7758-98-7::t2,10112-91-1,7758-98-7,sec::10112-91-1::2,10112-91-1,4,True
pair::10112-91-1::7758-98-7::t2,10112-91-1,7758-98-7,sec::7758-98-7::10,7758-98-7,2,True
pair::10112-91-1::7758-98-7::t2,10112-91-1,7758-98-7,sec::7758-98-7::2,7758-98-7,1,True
pair::10112-91-1::7758-98-7::t3,10112-91-1,7758-98-7,sec::10112-91-1::10,10112-91-1,2,True
pair::10112-91-1::7758-98-7::t3,10112-91-1,7758-98-7,sec::10112-91-1::2,10112-91-1,10,True
pair::10112-91-1::7758-98-7::t3,10112-91-1,7758-98-7,sec::7758-98-7::10,7758-98-7,1,True
pair::10112-91-1::7758-98-7::t3,10112-91-1,7758-98-7,sec::7758-98-7::2,7758-98-7,3,True
pair::10112-91-1::7758-98-7::t4,10112-91-1,7758-98-7,sec::10112-91-1::10,10112-91-1,4,True
pair::10112-91-1::7758-98-7::t4,10112-91-1,7758-98-7,sec::10112-91-1::2,10112-91-1,3,True
pair::10112-91-1::7758-98-7::t4,10112-91-1,7758-98-7,sec::7758-98-7::10,7758-98-7,2,True
pair::10112-91-1::7758-98-7::t4,10112-91-1,7758-98-7,sec::7758-98-7::2,7758-98-7,1,True
pair::109-52-4::109-53-5::t0,109-52-4,109-53-5,sec::109-52-4::10,109-52-4,4,True
pair::109-52-4::109-53-5::t0,109-52-4,109-53-5,sec::109-52-4::2,109-52-4,7,True
pair::109-52-4::109-53-5::t0,109-52-4,109-53-5,sec::109-53-5::10,109-53-5,1,True
pair::109-52-4::109-53-5::t0,109-52-4,109-53-5,sec::109-53-5::2,109-53-5,2,True
pair::109-52-4::109-53-5::t1,109-52-4,109-53-5,sec::109-52-4::10,109-52-4,4,True
pair::109-52-4::109-53-5::t1,109-52-4,109-53-5,sec::109-52-4::2,109-52-4,5,True
pair::109-52-4::109-53-5::t1,109-52-4,109-53-5,sec::109-53-5::10,109-53-5,2,True
pair::109-52-4::109-53-5::t1,109-52-4,109-53-5,sec::109-53-5::2,109-53-5,1,True
pair::109-52-4::109-53-5::t2,109-52-4,109-53-5,sec::109-52-4::10,109-52-4,5,True
pair::109-52-4::109-53-5::t2,109-52-4,109-53-5,sec::109-52-4::2,109-52-4,4,True
pair::109-52-4::109-53-5::t2,109-52-4,109-53-5,sec::109-53-5::10,109-53-5,1,True
pair::109-52-4::109-53-5::t2,109-52-4,109-53-5,sec::109-53-5::2,109-53-5,2,True
pair::109-52-4::109-53-5::t3,109-52-4,109-53-5,sec::109-52-4::10,109-52-4,3,True
pair::109-52-4::109-53-5::t3,109-52-4,109-53-5,sec::109-52-4::2,109-52-4,5,True
pair::109-52-4::109-53-5::t3,109-52-4,109-53-5,sec::109-53-5::10,109-53-5,1,True
pair::109-52-4::109-53-5::t3,109-52-4,109-53-5,sec::109-53-5::2,109-53-5,2,True
pair::109-52-4::109-53-5::t4,109-52-4,109-53-5,sec::109-52-4::10,109-52-4,3,True
pair::109-52-4::109-53-5::t4,109-52-4,109-53-5,sec::109-52-4::2,109-52-4,6,True
pair::109-52-4::109-53-5::t4,109-52-4,109-53-5,sec::109-53-5::10,109-53-5,2,True
pair::109-52-4::109-53-5::t4,109-52-4,109-53-5,sec::109-53-5::2,109-53-5,1,True
pair::100-57-2::151-21-3::t0,100-57-2,151-21-3,sec::100-57-2::10,100-57-2,1,True
pair::100-57-2::151-21-3::t0,100-57-2,151-21-3,sec::100-57-2::2,100-57-2,3,True
pair::100-57-2::151-21-3::t0,100-57-2,151-21-3,sec::151-21-3::10,151-21-3,2,True
pair::100-57-2::151-21-3::t0,100-57-2,151-21-3,sec::151-21-3::2,151-21-3,7,True
pair::100-57-2::151-21-3::t1,100-57-2,151-21-3,sec::100-57-2::10,100-57-2,1,True
pair::100-57-2::151-21-3::t1,100-57-2,151-21-3,sec::100-57-2::2,100-57-2,2,True
pair::100-57-2::151-21-3::t1,100-57-2,151-21-3,sec::151-21-3::10,151-21-3,3,True
pair::100-57-2::151-21-3::t1,100-57-2,151-21-3,sec::151-21-3::2,151-21-3,4,True
pair::100-57-2::151-21-3::t2,100-57-2,151-21-3,sec::100-57-2::10,100-57-2,1,True
pair::100-57-2::151-21-3::t2,100-57-2,151-21-3,sec::100-57-2::2,100-57-2,2,True
pair::100-57-2::151-21-3::t2,100-57-2,151-21-3,sec::151-21-3::10,151-21-3,4,True
pair::100-57-2::151-21-3::t2,100-57-2,151-21-3,sec::151-21-3::2,151-21-3,3,True
pair::100-57-2::151-21-3::t3,100-57-2,151-21-3,sec::100-57-2::10,100-57-2,1,True
pair::100-57-2::151-21-3::t3,100-57-2,151-21-3,sec::100-57-2::2,100-57-2,3,True
pair::100-57-2::151-21-3::t3,100-57-2,151-21-3,sec::151-21-3::10,151-21-3,2,True
pair::100-57-2::151-21-3::t3,100-57-2,151-21-3,sec::151-21-3::2,151-21-3,9,True
pair::100-57-2::151-21-3::t4,100-57-2,151-21-3,sec::100-57-2::10,100-57-2,1,True
pair::100-57-2::151-21-3::t4,100-57-2,151-21-3,sec::100-57-2::2,100-57-2,2,True
pair::100-57-2::151-21-3::t4,100-57-2,151-21-3,sec::151-21-3::10,151-21-3,3,True
pair::100-57-2::151-21-3::t4,100-57-2,151-21-3,sec::151-21-3::2,151-21-3,4,True
pair::101-27-9::1066-33-7::t0,101-27-9,1066-33-7,sec::101-27-9::10,101-27-9,3,True
pair::101-27-9::1066-33-7::t0,101-27-9,1066-33-7,sec::101-27-9::2,101-27-9,8,True
pair::101-27-9::1066-33-7::t0,101-27-9,1066-33-7,sec::1066-33-7::10,1066-33-7,1,True
pair::101-27-9::1066-33-7::t0,101-27-9,1066-33-7,sec::1066-33-7::2,1066-33-7,2,True
pair::101-27-9::1066-33-7::t1,101-27-9,1066-33-7,sec::101-27-9::10,101-27-9,5,True
pair::101-27-9::1066-33-7::t1,101-27-9,1066-33-7,sec::101-27-9::2,101-27-9,4,True
pair::101-27-9::1066-33-7::t1,101-27-9,1066-33-7,sec::1066-33-7::10,1066-33-7,1,True
pair::101-27-9::1066-33-7::t1,101-27-9,1066-33-7,sec::1066-33-7::2,1066-33-7,2,True
pair::101-27-9::1066-33-7::t2,101-27-9,1066-33-7,sec::101-27-9::10,101-27-9,4,True
pair::101-27-9::1066-33-7::t2,101-27-9,1066-33-7,sec::101-27-9::2,101-27-9,3,True
pair::101-27-9::1066-33-7::t2,101-27-9,1066-33-7,sec::1066-33-7::10,1066-33-7,1,True
pair::101-27-9::1066-33-7::t2,101-27-9,1066-33-7,sec::1066-33-7::2,1066-33-7,2,True
pair::101-27-9::1066-33-7::t3,101-27-9,1066-33-7,sec::101-27-9::10,101-27-9,2,True
pair::101-27-9::1066-33-7::t3,101-27-9,1066-33-7,sec::101-27-9::2,101-27-9,6,True
pair::101-27-9::1066-33-7::t3,101-27-9,1066-33-7,sec::1066-33-7::10,1066-33-7,1,True
pair::101-27-9::1066-33-7::t3,101-27-9,1066-33-7,sec::1066-33-7::2,1066-33-7,3,True
pair::101-27-9::1066-33-7::t4,101-27-9,1066-33-7,sec::101-27-9::10,101-27-9,8,True
pair::101-27-9::1066-33-7::t4,101-27-9,1066-33-7,sec::101-27-9::2,101-27-9,4,True
pair::101-27-9::1066-33-7::t4,101-27-9,1066-33-7,sec::1066-33-7::10,1066-33-7,1,True
pair::101-27-9::1066-33-7::t4,101-27-9,1066-33-7,sec::1066-33-7::2,1066-33-7,2,True
pair::107-35-7::7758-98-7::t0,107-35-7,7758-98-7,sec::107-35-7::10,107-35-7,4,True
pair::107-35-7::7758-98-7::t0,107-35-7,7758-98-7,sec::107-35-7::2,107-35-7,6,True
pair::107-35-7::7758-98-7::t0,107-35-7,7758-98-7,sec::7758-98-7::10,7758-98-7,1,True
pair::107-35-7::7758-98-7::t0,107-35-7,7758-98-7,sec::7758-98-7::2,7758-98-7,2,True
pair::107-35-7::7758-98-7::t1,107-35-7,7758-98-7,sec::107-35-7::10,107-35-7,4,True
pair::107-35-7::7758-98-7::t1,107-35-7,7758-98-7,sec::107-35-7::2,107-35-7,7,True
pair::107-35-7::7758-98-7::t1,107-35-7,7758-98-7,sec::7758-98-7::10,7758-98-7,1,True
pair::107-35-7::7758-98-7::t1,107-35-7,7758-98-7,sec::7758-98-7::2,7758-98-7,2,True
pair::107-35-7::7758-98-7::t2,107-35-7,7758-98-7,sec::107-35-7::10,107-35-7,9,True
pair::107-35-7::7758-98-7::t2,107-35-7,7758-98-7,sec::107-35-7::2,107-35-7,5,True
pair::107-35-7::7758-98-7::t2,107-35-7,7758-98-7,sec::7758-98-7::10,7758-98-7,1,True
pair::107-35-7::7758-98-7::t2,107-35-7,7758-98-7,sec::7758-98-7::2,7758-98-7,2,True
pair::107-35-7::7758-98-7::t3,107-35-7,7758-98-7,sec::107-35-7::10,107-35-7,5,True
pair::107-35-7::7758-98-7::t3,107-35-7,7758-98-7,sec::107-35-7::2,107-35-7,,True
pair::107-35-7::7758-98-7::t3,107-35-7,7758-98-7,sec::7758-98-7::10,7758-98-7,1,True
pair::107-35-7::7758-98-7::t3,107-35-7,7758-98-7,sec::7758-98-7::2,7758-98-7,2,True
pair::107-35-7::7758-98-7::t4,107-35-7,7758-98-7,sec::107-35-7::10,107-35-7,6,True
pair::107-35-7::7758-98-7::t4,107-35-7,7758-98-7,sec::107-35-7::2,107-35-7,,True
pair::107-35-7::7758-98-7::t4,107-35-7,7758-98-7,sec::7758-98-7::10,7758-98-7,2,True
pair::107-35-7::7758-98-7::t4,107-35-7,7758-98-7,sec::7758-98-7::2,7758-98-7,1,True
pair::100-00-5::105-48-6::t0,100-00-5,105-48-6,sec::100-00-5::10,100-00-5,1,True
pair::100-00-5::105-48-6::t0,100-00-5,105-48-6,sec::100-00-5::2::p1,100-00-5,7,True
pair::100-00-5::105-48-6::t0,100-00-5,105-48-6,sec::100-00-5::2::p2,100-00-5,,True
pair::100-00-5::105-48-6::t0,100-00-5,105-48-6,sec::105-48-6::10,105-48-6,2,True
pair::100-00-5::105-48-6::t0,100-00-5,105-48-6,sec::105-48-6::2,105-48-6,4,True
pair::100-00-5::105-48-6::t1,100-00-5,105-48-6,sec::100-00-5::10,100-00-5,5,True
pair::100-00-5::105-48-6::t1,100-00-5,105-48-6,sec::100-00-5::2::p1,100-00-5,8,True
pair::100-00-5::105-48-6::t1,100-00-5,105-48-6,sec::100-00-5::2::p2,100-00-5,,True
pair::100-00-5::105-48-6::t1,100-00-5,105-48-6,sec::105-48-6::10,105-48-6,6,True
pair::100-00-5::105-48-6::t1,100-00-5,105-48-6,sec::105-48-6::2,105-48-6,1,True
pair::100-00-5::105-48-6::t2,100-00-5,105-48-6,sec::100-00-5::10,100-00-5,3,True
pair::100-00-5::105-48-6::t2,100-00-5,105-48-6,sec::100-00-5::2::p1,100-00-5,4,True
pair::100-00-5::105-48-6::t2,100-00-5,105-48-6,sec::100-00-5::2::p2,100-00-5,,True
pair::100-00-5::105-48-6::t2,100-00-5,105-48-6,sec::105-48-6::10,105-48-6,2,True
pair::100-00-5::105-48-6::t2,100-00-5,105-48-6,sec::105-48-6::2,105-48-6,1,True
pair::100-00-5::105-48-6::t3,100-00-5,105-48-6,sec::100-00-5::10,100-00-5,3,True
pair::100-00-5::105-48-6::t3,100-00-5,105-48-6,sec::100-00-5::2::p1,100-00-5,4,True
pair::100-00-5::105-48-6::t3,100-00-5,105-48-6,sec::100-00-5::2::p2,100-00-5,,True
pair::100-00-5::105-48-6::t3,100-00-5,105-48-6,sec::105-48-6::10,105-48-6,1,True
pair::100-00-5::105-48-6::t3,100-00-5,105-48-6,sec::105-48-6::2,105-48-6,2,True
pair::100-00-5::105-48-6::t4,100-00-5,105-48-6,sec::100-00-5::10,100-00-5,3,True
pair::100-00-5::105-48-6::t4,100-00-5,105-48-6,sec::100-00-5::2::p1,100-00-5,12,True
pair::100-00-5::105-48-6::t4,100-00-5,105-48-6,sec::100-00-5::2::p2,100-00-5,,True
pair::100-00-5::105-48-6::t4,100-00-5,105-48-6,sec::105-48-6::10,105-48-6,4,True
pair::100-00-5::105-48-6::t4,100-00-5,105-48-6,sec::105-48-6::2,105-48-6,1,True
pair::107-97-1::144-55-8::t0,107-97-1,144-55-8,sec::107-97-1::10,107-97-1,7,True
pair::107-97-1::144-55-8::t0,107-97-1,144-55-8,sec::107-97-1::2,107-97-1,,True
pair::107-97-1::144-55-8::t0,107-97-1,144-55-8,sec::144-55-8::10,144-55-8,1,True
pair::107-97-1::144-55-8::t0,107-97-1,144-55-8,sec::144-55-8::2,144-55-8,4,True
pair::107-97-1::144-55-8::t1,107-97-1,144-55-8,sec::107-97-1::10,107-97-1,4,True
pair::107-97-1::144-55-8::t1,107-97-1,144-55-8,sec::107-97-1::2,107-97-1,,True
pair::107-97-1::144-55-8::t1,107-97-1,144-55-8,sec::144-55-8::10,144-55-8,1,True
pair::107-97-1::144-55-8::t1,107-97-1,144-55-8,sec::144-55-8::2,144-55-8,3,True
pair::107-97-1::144-55-8::t2,107-97-1,144-55-8,sec::107-97-1::10,107-97-1,14,True
pair::107-97-1::144-55-8::t2,107-97-1,144-55-8,sec::107-97-1::2,107-97-1,,True
pair::107-97-1::144-55-8::t2,107-97-1,144-55-8,sec::144-55-8::10,144-55-8,1,True
pair::107-97-1::144-55-8::t2,107-97-1,144-55-8,sec::144-55-8::2,144-55-8,7,True
pair::107-97-1::144-55-8::t3,107-97-1,144-55-8,sec::107-97-1::10,107-97-1,4,True
pair::107-97-1::144-55-8::t3,107-97-1,144-55-8,sec::107-97-1::2,107-97-1,,True
pair::107-97-1::144-55-8::t3,107-97-1,144-55-8,sec::144-55-8::10,144-55-8,1,True
pair::107-97-1::144-55-8::t3,107-97-1,144-55-8,sec::144-55-8::2,144-55-8,,True
pair::107-97-1::144-55-8::t4,107-97-1,144-55-8,sec::107-97-1::10,107-97-1,4,True
pair::107-97-1::144-55-8::t4,107-97-1,144-55-8,sec::107-97-1::2,107-97-1,,True
pair::107-97-1::144-55-8::t4,107-97-1,144-55-8,sec::144-55-8::10,144-55-8,1,True
pair::107-97-1::144-55-8::t4,107-97-1,144-55-8,sec::144-55-8::2,144-55-8,3,True
pair::10265-92-6::10361-37-2::t0,10265-92-6,10361-37-2,sec::10265-92-6::10,10265-92-6,1,True
pair::10265-92-6::10361-37-2::t0,10265-92-6,10361-37-2,sec::10265-92-6::2,10265-92-6,9,True
pair::10265-92-6::10361-37-2::t0,10265-92-6,10361-37-2,sec::10361-37-2::10,10361-37-2,2,True
pair::10265-92-6::10361-37-2::t0,10265-92-6,10361-37-2,sec::10361-37-2::2,10361-37-2,5,True
pair::10265-92-6::10361-37-2::t1,10265-92-6,10361-37-2,sec::10265-92-6::10,10265-92-6,1,True
pair::10265-92-6::10361-37-2::t1,10265-92-6,10361-37-2,sec::10265-92-6::2,10265-92-6,4,True
pair::10265-92-6::10361-37-2::t1,10265-92-6,10361-37-2,sec::10361-37-2::10,10361-37-2,2,True
pair::10265-92-6::10361-37-2::t1,10265-92-6,10361-37-2,sec::10361-37-2::2,10361-37-2,3,True
pair::10265-92-6::10361-37-2::t2,10265-92-6,10361-37-2,sec::10265-92-6::10,10265-92-6,2,True
pair::10265-92-6::10361-37-2::t2,10265-92-6,10361-37-2,sec::10265-92-6::2,10265-92-6,3,True
pair::10265-92-6::10361-37-2::t2,10265-92-6,10361-37-2,sec::10361-37-2::10,10361-37-2,1,True
pair::10265-92-6::10361-37-2::t2,10265-92-6,10361-37-2,sec::10361-37-2::2,10361-37-2,4,True
pair::10265-92-6::10361-37-2::t3,10265-92-6,10361-37-2,sec::10265-92-6::10,10265-92-6,2,True
pair::10265-92-6::10361-37-2::t3,10265-92-6,10361-37-2,sec::10265-92-6::2,10265-92-6,,True
pair::10265-92-6::10361-37-2::t3,10265-92-6,10361-37-2,sec::10361-37-2::10,10361-37-2,1,True
pair::10265-92-6::10361-37-2::t3,10265-92-6,10361-37-2,sec::10361-37-2::2,10361-37-2,,True
pair::10265-92-6::10361-37-2::t4,10265-92-6,10361-37-2,sec::10265-92-6::10,10265-92-6,1,True
pair::10265-92-6::10361-37-2::t4,10265-92-6,10361-37-2,sec::10265-92-6::2,10265-92-6,4,True
pair::10265-92-6::10361-37-2::t4,10265-92-6,10361-37-2,sec::10361-37-2::10,10361-37-2,2,True
pair::10265-92-6::10361-37-2::t4,10265-92-6,10361-37-2,sec::10361-37-2::2,10361-37-2,3,True
pair::13007-92-6::7772-98-7::t0,13007-92-6,7772-98-7,sec::13007-92-6::10,13007-92-6,3,True
pair::13007-92-6::7772-98-7::t0,13007-92-6,7772-98-7,sec::13007-92-6::2,13007-92-6,5,True
pair::13007-92-6::7772-98-7::t0,13007-92-6,7772-98-7,sec::7772-98-7::10,7772-98-7,1,True
pair::13007-92-6::7772-98-7::t0,13007-92-6,7772-98-7,sec::7772-98-7::2,7772-98-7,2,True
pair::13007-92-6::7772-98-7::t1,13007-92-6,7772-98-7,sec::13007-92-6::10,13007-92-6,3,True
pair::13007-92-6::7772-98-7::t1,13007-92-6,7772-98-7,sec::13007-92-6::2,13007-92-6,4,True
pair::13007-92-6::7772-98-7::t1,13007-92-6,7772-98-7,sec::7772-98-7::10,7772-98-7,1,True
pair::13007-92-6::7772-98-7::t1,13007-92-6,7772-98-7,sec::7772-98-7::2,7772-98-7,2,True
pair::13007-92-6::7772-98-7::t2,13007-92-6,7772-98-7,sec::13007-92-6::10,13007-92-6,2,True
pair::13007-92-6::7772-98-7::t2,13007-92-6,7772-98-7,sec::13007-92-6::2,13007-92-6,4,True
pair::13007-92-6::7772-98-7::t2,13007-92-6,7772-98-7,sec::7772-98-7::10,7772-98-7,1,True
pair::13007-92-6::7772-98-7::t2,13007-92-6,7772-98-7,sec::7772-98-7::2,7772-98-7,3,True
pair::13007-92-6::7772-98-7::t3,13007-92-6,7772-98-7,sec::13007-92-6::10,13007-92-6,1,True
pair::13007-92-6::7772-98-7::t3,13007-92-6,7772-98-7,sec::13007-92-6::2,13007-92-6,7,True
pair::13007-92-6::7772-98-7::t3,13007-92-6,7772-98-7,sec::7772-98-7::10,7772-98-7,2,True
pair::13007-92-6::7772-98-7::t3,13007-92-6,7772-98-7,sec::7772-98-7::2,7772-98-7,3,True
pair::13007-92-6::7772-98-7::t4,13007-92-6,7772-98-7,sec::13007-92-6::10,13007-92-6,4,True
pair::13007-92-6::7772-98-7::t4,13007-92-6,7772-98-7,sec::13007-92-6::2,13007-92-6,3,True
pair::13007-92-6::7772-98-7::t4,13007-92-6,7772-98-7,sec::7772-98-7::10,7772-98-7,2,True
pair::13007-92-6::7772-98-7::t4,13007-92-6,7772-98-7,sec::7772-98-7::2,7772-98-7,1,True
pair::103-75-3::106-87-6::t0,103-75-3,106-87-6,sec::103-75-3::10,103-75-3,2,True
pair::103-75-3::106-87-6::t0,103-75-3,106-87-6,sec::103-75-3::2,103-75-3,10,True
pair::103-75-3::106-87-6::t0,103-75-3,106-87-6,sec::106-87-6::10,106-87-6,1,True
pair::103-75-3::106-87-6::t0,103-75-3,106-87-6,sec::106-87-6::2,106-87-6,3,True
pair::103-75-3::106-87-6::t1,103-75-3,106-87-6,sec::103-75-3::10,103-75-3,3,True
pair::103-75-3::106-87-6::t1,103-75-3,106-87-6,sec::103-75-3::2,103-75-3,4,True
pair::103-75-3::106-87-6::t1,103-75-3,106-87-6,sec::106-87-6::10,106-87-6,1,True
pair::103-75-3::106-87-6::t1,103-75-3,106-87-6,sec::106-87-6::2,106-87-6,2,True
pair::103-75-3::106-87-6::t2,103-75-3,106-87-6,sec::103-75-3::10,103-75-3,3,True
pair::103-75-3::106-87-6::t2,103-75-3,106-87-6,sec::103-75-3::2,103-75-3,4,True
pair::103-75-3::106-87-6::t2,103-75-3,106-87-6,sec::106-87-6::10,106-87-6,1,True
pair::103-75-3::106-87-6::t2,103-75-3,106-87-6,sec::106-87-6::2,106-87-6,2,True
pair::103-75-3::106-87-6::t3,103-75-3,106-87-6,sec::103-75-3::10,103-75-3,2,True
pair::103-75-3::106-87-6::t3,103-75-3,106-87-6,sec::103-75-3::2,103-75-3,10,True
pair::103-75-3::106-87-6::t3,103-75-3,106-87-6,sec::106-87-6::10,106-87-6,1,True
pair::103-75-3::106-87-6::t3,103-75-3,106-87-6,sec::106-87-6::2,106-87-6,3,True
pair::103-75-3::106-87-6::t4,103-75-3,106-87-6,sec::103-75-3::10,103-75-3,3,True
pair::103-75-3::106-87-6::t4,103-75-3,106-87-6,sec::103-75-3::2,103-75-3,4,True
pair::103-75-3::106-87-6::t4,103-75-3,106-87-6,sec::106-87-6::10,106-87-6,1,True
pair::103-75-3::106-87-6::t4,103-75-3,106-87-6,sec::106-87-6::2,106-87-6,2,True
pair::114-49-8::1317-65-3::t0,114-49-8,1317-65-3,sec::114-49-8::10,114-49-8,1,True
pair::114-49-8::1317-65-3::t0,114-49-8,1317-65-3,sec::114-49-8::2,114-49-8,2,True
pair::114-49-8::1317-65-3::t0,114-49-8,1317-65-3,sec::1317-65-3::10,1317-65-3,3,True
pair::114-49-8::1317-65-3::t0,114-49-8,1317-65-3,sec::1317-65-3::2,1317-65-3,14,True
pair::114-49-8::1317-65-3::t1,114-49-8,1317-65-3,sec::114-49-8::10,114-49-8,1,True
pair::114-49-8::1317-65-3::t1,114-49-8,1317-65-3,sec::114-49-8::2,114-49-8,3,True
pair::114-49-8::1317-65-3::t1,114-49-8,1317-65-3,sec::1317-65-3::10,1317-65-3,2,True
pair::114-49-8::1317-65-3::t1,114-49-8,1317-65-3,sec::1317-65-3::2,1317-65-3,4,True
pair::114-49-8::1317-65-3::t2,114-49-8,1317-65-3,sec::114-49-8::10,114-49-8,1,True
pair::114-49-8::1317-65-3::t2,114-49-8,1317-65-3,sec::114-49-8::2,114-49-8,2,True
pair::114-49-8::1317-65-3::t2,114-49-8,1317-65-3,sec::1317-65-3::10,1317-65-3,3,True
pair::114-49-8::1317-65-3::t2,114-49-8,1317-65-3,sec::1317-65-3::2,1317-65-3,4,True
pair::114-49-8::1317-65-3::t3,114-49-8,1317-65-3,sec::114-49-8::10,114-49-8,1,True
pair::114-49-8::1317-65-3::t3,114-49-8,1317-65-3,sec::114-49-8::2,114-49-8,3,True
pair::114-49-8::1317-65-3::t3,114-49-8,1317-65-3,sec::1317-65-3::10,1317-65-3,2,True
pair::114-49-8::1317-65-3::t3,114-49-8,1317-65-3,sec::1317-65-3::2,1317-65-3,4,True
pair::114-49-8::1317-65-3::t4,114-49-8,1317-65-3,sec::114-49-8::10,114-49-8,2,True
pair::114-49-8::1317-65-3::t4,114-49-8,1317-65-3,sec::114-49-8::2,114-49-8,1,True
pair::114-49-8::1317-65-3::t4,114-49-8,1317-65-3,sec::1317-65-3::10,1317-65-3,3,True
pair::114-49-8::1317-65-3::t4,114-49-8,1317-65-3,sec::1317-65-3::2,1317-65-3,4,True
pair::471-34-1::64-19-7::t0,471-34-1,64-19-7,sec::471-34-1::10,471-34-1,1,True
pair::471-34-1::64-19-7::t0,471-34-1,64-19-7,sec::471-34-1::2,471-34-1,8,True
pair::471-34-1::64-19-7::t0,471-34-1,64-19-7,sec::64-19-7::10,64-19-7,6,True
pair::471-34-1::64-19-7::t0,471-34-1,64-19-7,sec::64-19-7::2,64-19-7,,True
pair::471-34-1::64-19-7::t1,471-34-1,64-19-7,sec::471-34-1::10,471-34-1,1,True
pair::471-34-1::64-19-7::t1,471-34-1,64-19-7,sec::471-34-1::2,471-34-1,2,True
pair::471-34-1::64-19-7::t1,471-34-1,64-19-7,sec::64-19-7::10,64-19-7,14,True
pair::471-34-1::64-19-7::t1,471-34-1,64-19-7,sec::64-19-7::2,64-19-7,,True
pair::471-34-1::64-19-7::t2,471-34-1,64-19-7,sec::471-34-1::10,471-34-1,1,True
pair::471-34-1::64-19-7::t2,471-34-1,64-19-7,sec::471-34-1::2,471-34-1,7,True
pair::471-34-1::64-19-7::t2,471-34-1,64-19-7,sec::64-19-7::10,64-19-7,9,True
pair::471-34-1::64-19-7::t2,471-34-1,64-19-7,sec::64-19-7::2,64-19-7,,True
pair::471-34-1::64-19-7::t3,471-34-1,64-19-7,sec::471-34-1::10,471-34-1,1,True
pair::471-34-1::64-19-7::t3,471-34-1,64-19-7,sec::471-34-1::2,471-34-1,14,True
pair::471-34-1::64-19-7::t3,471-34-1,64-19-7,sec::64-19-7::10,64-19-7,2,True
pair::471-34-1::64-19-7::t3,471-34-1,64-19-7,sec::64-19-7::2,64-19-7,,True
pair::471-34-1::64-19-7::t4,471-34-1,64-19-7,sec::471-34-1::10,471-34-1,1,True
pair::471-34-1::64-19-7::t4,471-34-1,64-19-7,sec::471-34-1::2,471-34-1,7,True
pair::471-34-1::64-19-7::t4,471-34-1,64-19-7,sec::64-19-7::10,64-19-7,12,True
pair::471-34-1::64-19-7::t4,471-34-1,64-19-7,sec::64-19-7::2,64-19-7,13,True
pair::10102-20-2::103-80-0::t0,10102-20-2,103-80-0,sec::10102-20-2::10,10102-20-2,1,True
pair::10102-20-2::103-80-0::t0,10102-20-2,103-80-0,sec::10102-20-2::2,10102-20-2,2,True
pair::10102-20-2::103-80-0::t0,10102-20-2,103-80-0,sec::103-80-0::10,103-80-0,3,True
pair::10102-20-2::103-80-0::t0,10102-20-2,103-80-0,sec::103-80-0::2,103-80-0,6,True
pair::10102-20-2::103-80-0::t1,10102-20-2,103-80-0,sec::10102-20-2::10,10102-20-2,1,True
pair::10102-20-2::103-80-0::t1,10102-20-2,103-80-0,sec::10102-20-2::2,10102-20-2,2,True
pair::10102-20-2::103-80-0::t1,10102-20-2,103-80-0,sec::103-80-0::10,103-80-0,3,True
pair::10102-20-2::103-80-0::t1,10102-20-2,103-80-0,sec::103-80-0::2,103-80-0,4,True
pair::10102-20-2::103-80-0::t2,10102-20-2,103-80-0,sec::10102-20-2::10,10102-20-2,2,True
pair::10102-20-2::103-80-0::t2,10102-20-2,103-80-0,sec::10102-20-2::2,10102-20-2,1,True
pair::10102-20-2::103-80-0::t2,10102-20-2,103-80-0,sec::103-80-0::10,103-80-0,4,True
pair::10102-20-2::103-80-0::t2,10102-20-2,103-80-0,sec::103-80-0::2,103-80-0,6,True
pair::10102-20-2::103-80-0::t3,10102-20-2,103-80-0,sec::10102-20-2::10,10102-20-2,1,True
pair::10102-20-2::103-80-0::t3,10102-20-2,103-80-0,sec::10102-20-2::2,10102-20-2,3,True
pair::10102-20-2::103-80-0::t3,10102-20-2,103-80-0,sec::103-80-0::10,103-80-0,2,True
pair::10102-20-2::103-80-0::t3,10102-20-2,103-80-0,sec::103-80-0::2,103-80-0,6,True
pair::10102-20-2::103-80-0::t4,10102-20-2,103-80-0,sec::10102-20-2::10,10102-20-2,1,True
pair::10102-20-2::103-80-0::t4,10102-20-2,103-80-0,sec::10102-20-2::2,10102-20-2,2,True
pair::10102-20-2::103-80-0::t4,10102-20-2,103-80-0,sec::103-80-0::10,103-80-0,4,True
pair::10102-20-2::103-80-0::t4,10102-20-2,103-80-0,sec::103-80-0::2,103-80-0,3,True
pair::10124-48-8::12136-45-7::t0,10124-48-8,12136-45-7,sec::10124-48-8::10,10124-48-8,1,True
pair::10124-48-8::12136-45-7::t0,10124-48-8,12136-45-7,sec::10124-48-8::2,10124-48-8,9,True
pair::10124-48-8::12136-45-7::t0,10124-48-8,12136-45-7,sec::12136-45-7::10,12136-45-7,7,True
pair::10124-48-8::12136-45-7::t0,10124-48-8,12136-45-7,sec::12136-45-7::2,12136-45-7,,True
pair::10124-48-8::12136-45-7::t1,10124-48-8,12136-45-7,sec::10124-48-8::10,10124-48-8,1,True
pair::10124-48-8::12136-45-7::t1,10124-48-8,12136-45-7,sec::10124-48-8::2,10124-48-8,2,True
pair::10124-48-8::12136-45-7::t1,10124-48-8,12136-45-7,sec::12136-45-7::10,12136-45-7,18,True
pair::10124-48-8::12136-45-7::t1,10124-48-8,12136-45-7,sec::12136-45-7::2,12136-45-7,6,True
pair::10124-48-8::12136-45-7::t2,10124-48-8,12136-45-7,sec::10124-48-8::10,10124-48-8,2,True
pair::10124-48-8::12136-45-7::t2,10124-48-8,12136-45-7,sec::10124-48-8::2,10124-48-8,1,True
pair::10124-48-8::12136-45-7::t2,10124-48-8,12136-45-7,sec::12136-45-7::10,12136-45-7,4,True
pair::10124-48-8::12136-45-7::t2,10124-48-8,12136-45-7,sec::12136-45-7::2,12136-45-7,7,True
pair::10124-48-8::12136-45-7::t3,10124-48-8,12136-45-7,sec::10124-48-8::10,10124-48-8,1,True
pair::10124-48-8::12136-45-7::t3,10124-48-8,12136-45-7,sec::10124-48-8::2,10124-48-8,2,True
pair::10124-48-8::12136-45-7::t3,10124-48-8,12136-45-7,sec::12136-45-7::10,12136-45-7,3,True
pair::10124-48-8::12136-45-7::t3,10124-48-8,12136-45-7,sec::12136-45-7::2,12136-45-7,,True
pair::10124-48-8::12136-45-7::t4,10124-48-8,12136-45-7,sec::10124-48-8::10,10124-48-8,2,True
pair::10124-48-8::12136-45-7::t4,10124-48-8,12136-45-7,sec::10124-48-8::2,10124-48-8,1,True
pair::10124-48-8::12136-45-7::t4,10124-48-8,12136-45-7,sec::12136-45-7::10,12136-45-7,,True
pair::10124-48-8::12136-45-7::t4,10124-48-8,12136-45-7,sec::12136-45-7::2,12136-45-7,3,True
pair::100-57-2::144-55-8::t0,100-57-2,144-55-8,sec::100-57-2::10,100-57-2,1,True
pair::100-57-2::144-55-8::t0,100-57-2,144-55-8,sec::100-57-2::2,100-57-2,5,True
pair::100-57-2::144-55-8::t0,100-57-2,144-55-8,sec::144-55-8::10,144-55-8,2,True
pair::100-57-2::144-55-8::t0,100-57-2,144-55-8,sec::144-55-8::2,144-55-8,8,True
pair::100-57-2::144-55-8::t1,100-57-2,144-55-8,sec::100-57-2::10,100-57-2,1,True
pair::100-57-2::144-55-8::t1,100-57-2,144-55-8,sec::100-57-2::2,100-57-2,4,True
pair::100-57-2::144-55-8::t1,100-57-2,144-55-8,sec::144-55-8::10,144-55-8,2,True
pair::100-57-2::144-55-8::t1,100-57-2,144-55-8,sec::144-55-8::2,144-55-8,8,True
pair::100-57-2::144-55-8::t2,100-57-2,144-55-8,sec::100-57-2::10,100-57-2,1,True
pair::100-57-2::144-55-8::t2,100-57-2,144-55-8,sec::100-57-2::2,100-57-2,2,True
pair::100-57-2::144-55-8::t2,100-57-2,144-55-8,sec::144-55-8::10,144-55-8,3,True
pair::100-57-2::144-55-8::t2,100-57-2,144-55-8,sec::144-55-8::2,144-55-8,6,True
pair::100-57-2::144-55-8::t3,100-57-2,144-55-8,sec::100-57-2::10,100-57-2,1,True
pair::100-57-2::144-55-8::t3,100-57-2,144-55-8,sec::100-57-2::2,100-57-2,5,True
pair::100-57-2::144-55-8::t3,100-57-2,144-55-8,sec::144-55-8::10,144-55-8,2,True
pair::100-57-2::144-55-8::t3,100-57-2,144-55-8,sec::144-55-8::2,144-55-8,,True
pair::100-57-2::144-55-8::t4,100-57-2,144-55-8,sec::100-57-2::10,100-57-2,1,True
pair::100-57-2::144-55-8::t4,100-57-2,144-55-8,sec::100-57-2::2,100-57-2,2,True
pair::100-57-2::144-55-8::t4,100-57-2,144-55-8,sec::144-55-8::10,144-55-8,3,True
pair::100-57-2::144-55-8::t4,100-57-2,144-55-8,sec::144-55-8::2,144-55-8,9,True
pair::100-64-1::1024-57-3::t0,100-64-1,1024-57-3,sec::100-64-1::10,100-64-1,2,True
pair::100-64-1::1024-57-3::t0,100-64-1,1024-57-3,sec::100-64-1::2,100-64-1,6,True
pair::100-64-1::1024-57-3::t0,100-64-1,1024-57-3,sec::1024-57-3::10,1024-57-3,1,True
pair::100-64-1::1024-57-3::t0,100-64-1,1024-57-3,sec::1024-57-3::2,1024-57-3,5,True
pair::100-64-1::1024-57-3::t1,100-64-1,1024-57-3,sec::100-64-1::10,100-64-1,5,True
pair::100-64-1::1024-57-3::t1,100-64-1,1024-57-3,sec::100-64-1::2,100-64-1,3,True
pair::100-64-1::1024-57-3::t1,100-64-1,1024-57-3,sec::1024-57-3::10,1024-57-3,1,True
pair::100-64-1::1024-57-3::t1,100-64-1,1024-57-3,sec::1024-57-3::2,1024-57-3,2,True
pair::100-64-1::1024-57-3::t2,100-64-1,1024-57-3,sec::100-64-1::10,100-64-1,5,True
pair::100-64-1::1024-57-3::t2,100-64-1,1024-57-3,sec::100-64-1::2,100-64-1,3,True
pair::100-64-1::1024-57-3::t2,100-64-1,1024-57-3,sec::1024-57-3::10,1024-57-3,1,True
pair::100-64-1::1024-57-3::t2,100-64-1,1024-57-3,sec::1024-57-3::2,1024-57-3,4,True
pair::100-64-1::1024-57-3::t3,100-64-1,1024-57-3,sec::100-64-1::10,100-64-1,2,True
pair::100-64-1::1024-57-3::t3,100-64-1,1024-57-3,sec::100-64-1::2,100-64-1,8,True
pair::100-64-1::1024-57-3::t3,100-64-1,1024-57-3,sec::1024-57-3::10,1024-57-3,1,True
pair::100-64-1::1024-57-3::t3,100-64-1,1024-57-3,sec::1024-57-3::2,1024-57-3,6,True
pair::100-64-1::1024-57-3::t4,100-64-1,1024-57-3,sec::100-64-1::10,100-64-1,2,True
pair::100-64-1::1024-57-3::t4,100-64-1,1024-57-3,sec::100-64-1::2,100-64-1,7,True
pair::100-64-1::1024-57-3::t4,100-64-1,1024-57-3,sec::1024-57-3::10,1024-57-3,1,True
pair::100-64-1::1024-57-3::t4,100-64-1,1024-57-3,sec::1024-57-3::2,1024-57-3,3,True
pair::104-46-1::110-16-7::t0,104-46-1,110-16-7,sec::104-46-1::10,104-46-1,2,True
pair::104-46-1::110-16-7::t0,104-46-1,110-16-7,sec::104-46-1::2,104-46-1,8,True
pair::104-46-1::110-16-7::t0,104-46-1,110-16-7,sec::110-16-7::10,110-16-7,1,True
pair::104-46-1::110-16-7::t0,104-46-1,110-16-7,sec::110-16-7::2,110-16-7,14,True
pair::104-46-1::110-16-7::t1,104-46-1,110-16-7,sec::104-46-1::10,104-46-1,2,True
pair::104-46-1::110-16-7::t1,104-46-1,110-16-7,sec::104-46-1::2,104-46-1,3,True
pair::104-46-1::110-16-7::t1,104-46-1,110-16-7,sec::110-16-7::10,110-16-7,1,True
pair::104-46-1::110-16-7::t1,104-46-1,110-16-7,sec::110-16-7::2,110-16-7,4,True
pair::104-46-1::110-16-7::t2,104-46-1,110-16-7,sec::104-46-1::10,104-46-1,3,True
pair::104-46-1::110-16-7::t2,104-46-1,110-16-7,sec::104-46-1::2,104-46-1,4,True
pair::104-46-1::110-16-7::t2,104-46-1,110-16-7,sec::110-16-7::10,110-16-7,2,True
pair::104-46-1::110-16-7::t2,104-46-1,110-16-7,sec::110-16-7::2,110-16-7,1,True
pair::104-46-1::110-16-7::t3,104-46-1,110-16-7,sec::104-46-1::10,104-46-1,2,True
pair::104-46-1::110-16-7::t3,104-46-1,110-16-7,sec::104-46-1::2,104-46-1,11,True
pair::104-46-1::110-16-7::t3,104-46-1,110-16-7,sec::110-16-7::10,110-16-7,1,True
pair::104-46-1::110-16-7::t3,104-46-1,110-16-7,sec::110-16-7::2,110-16-7,7,True
pair::104-46-1::110-16-7::t4,104-46-1,110-16-7,sec::104-46-1::10,104-46-1,2,True
pair::104-46-1::110-16-7::t4,104-46-1,110-16-7,sec::104-46-1::2,104-46-1,4,True
pair::104-46-1::110-16-7::t4,104-46-1,110-16-7,sec::110-16-7::10,110-16-7,1,True
pair::104-46-1::110-16-7::t4,104-46-1,110-16-7,sec::110-16-7::2,110-16-7,3,True
pair::100-57-2::12002-43-6::t0,100-57-2,12002-43-6,sec::100-57-2::10,100-57-2,1,True
pair::100-57-2::12002-43-6::t0,100-57-2,12002-43-6,sec::100-57-2::2,100-57-2,4,True
pair::100-57-2::12002-43-6::t0,100-57-2,12002-43-6,sec::12002-43-6::10,12002-43-6,2,True
pair::100-57-2::12002-43-6::t0,100-57-2,12002-43-6,sec::12002-43-6::2,12002-43-6,3,True
pair::100-57-2::12002-43-6::t1,100-57-2,12002-43-6,sec::100-57-2::10,100-57-2,1,True
pair::100-57-2::12002-43-6::t1,100-57-2,12002-43-6,sec::100-57-2::2,100-57-2,3,True
pair::100-57-2::12002-43-6::t1,100-57-2,12002-43-6,sec::12002-43-6::10,12002-43-6,2,True
pair::100-57-2::12002-43-6::t1,100-57-2,12002-43-6,sec::12002-43-6::2,12002-43-6,4,True
pair::100-57-2::12002-43-6::t2,100-57-2,12002-43-6,sec::100-57-2::10,100-57-2,1,True
pair::100-57-2::12002-43-6::t2,100-57-2,12002-43-6,sec::100-57-2::2,100-57-2,3,True
pair::100-57-2::12002-43-6::t2,100-57-2,12002-43-6,sec::12002-43-6::10,12002-43-6,2,True
pair::100-57-2::12002-43-6::t2,100-57-2,12002-43-6,sec::12002-43-6::2,12002-43-6,4,True
pair::100-57-2::12002-43-6::t3,100-57-2,12002-43-6,sec::100-57-2::10,100-57-2,1,True
pair::100-57-2::12002-43-6::t3,100-57-2,12002-43-6,sec::100-57-2::2,100-57-2,3,True
pair::100-57-2::12002-43-6::t3,100-57-2,12002-43-6,sec::12002-43-6::10,12002-43-6,2,True
pair::100-57-2::12002-43-6::t3,100-57-2,12002-43-6,sec::12002-43-6::2,12002-43-6,4,True
pair::100-57-2::12002-43-6::t4,100-57-2,12002-43-6,sec::100-57-2::10,100-57-2,1,True
pair::100-57-2::12002-43-6::t4,100-57-2,12002-43-6,sec::100-57-2::2,100-57-2,2,True
pair::100-57-2::12002-43-6::t4,100-57-2,12002-43-6,sec::12002-43-6::10,12002-43-6,3,True
pair::100-57-2::12002-43-6::t4,100-57-2,12002-43-6,sec::12002-43-6::2,12002-43-6,4,True
pair::100-51-6::10026-17-2::t0,100-51-6,10026-17-2,sec::100-51-6::10,100-51-6,3,True
pair::100-51-6::10026-17-2::t0,100-51-6,10026-17-2,sec::100-51-6::2,100-51-6,7,True
pair::100-51-6::10026-17-2::t0,100-51-6,10026-17-2,sec::10026-17-2::10,10026-17-2,1,True
pair::100-51-6::10026-17-2::t0,100-51-6,10026-17-2,sec::10026-17-2::2,10026-17-2,2,True
pair::100-51-6::10026-17-2::t1,100-51-6,10026-17-2,sec::100-51-6::10,100-51-6,10,True
pair::100-51-6::10026-17-2::t1,100-51-6,10026-17-2,sec::100-51-6::2,100-51-6,8,True
pair::100-51-6::10026-17-2::t1,100-51-6,10026-17-2,sec::10026-17-2::10,10026-17-2,1,True
pair::100-51-6::10026-17-2::t1,100-51-6,10026-17-2,sec::10026-17-2::2,10026-17-2,2,True
pair::100-51-6::10026-17-2::t2,100-51-6,10026-17-2,sec::100-51-6::10,100-51-6,12,True
pair::100-51-6::10026-17-2::t2,100-51-6,10026-17-2,sec::100-51-6::2,100-51-6,8,True
pair::100-51-6::10026-17-2::t2,100-51-6,10026-17-2,sec::10026-17-2::10,10026-17-2,1,True
pair::100-51-6::10026-17-2::t2,100-51-6,10026-17-2,sec::10026-17-2::2,10026-17-2,2,True
pair::100-51-6::10026-17-2::t3,100-51-6,10026-17-2,sec::100-51-6::10,100-51-6,6,True
pair::100-51-6::10026-17-2::t3,100-51-6,10026-17-2,sec::100-51-6::2,100-51-6,7,True
pair::100-51-6::10026-17-2::t3,100-51-6,10026-17-2,sec::10026-17-2::10,10026-17-2,1,True
pair::100-51-6::10026-17-2::t3,100-51-6,10026-17-2,sec::10026-17-2::2,10026-17-2,2,True
pair::100-51-6::10026-17-2::t4,100-51-6,10026-17-2,sec::100-51-6::10,100-51-6,9,True
pair::100-51-6::10026-17-2::t4,100-51-6,10026-17-2,sec::100-51-6::2,100-51-6,5,True
pair::100-51-6::10026-17-2::t4,100-51-6,10026-17-2,sec::10026-17-2::10,10026-17-2,2,True
pair::100-51-6::10026-17-2::t4,100-51-6,10026-17-2,sec::10026-17-2::2,10026-17-2,1,True
pair::13718-59-7::64-19-7::t0,13718-59-7,64-19-7,sec::13718-59-7::10,13718-59-7,1,True
pair::13718-59-7::64-19-7::t0,13718-59-7,64-19-7,sec::13718-59-7::2,13718-59-7,2,True
pair::13718-59-7::64-19-7::t0,13718-59-7,64-19-7,sec::64-19-7::10,64-19-7,20,True
pair::13718-59-7::64-19-7::t0,13718-59-7,64-19-7,sec::64-19-7::2,64-19-7,,True
pair::13718-59-7::64-19-7::t1,13718-59-7,64-19-7,sec::13718-59-7::10,13718-59-7,1,True
pair::13718-59-7::64-19-7::t1,13718-59-7,64-19-7,sec::13718-59-7::2,13718-59-7,2,True
pair::13718-59-7::64-19-7::t1,13718-59-7,64-19-7,sec::64-19-7::10,64-19-7,19,True
pair::13718-59-7::64-19-7::t1,13718-59-7,64-19-7,sec::64-19-7::2,64-19-7,,True
pair::13718-59-7::64-19-7::t2,13718-59-7,64-19-7,sec::13718-59-7::10,13718-59-7,1,True
pair::13718-59-7::64-19-7::t2,13718-59-7,64-19-7,sec::13718-59-7::2,13718-59-7,2,True
pair::13718-59-7::64-19-7::t2,13718-59-7,64-19-7,sec::64-19-7::10,64-19-7,14,True
pair::13718-59-7::64-19-7::t2,13718-59-7,64-19-7,sec::64-19-7::2,64-19-7,,True
pair::13718-59-7::64-19-7::t3,13718-59-7,64-19-7,sec::13718-59-7::10,13718-59-7,1,True
pair::13718-59-7::64-19-7::t3,13718-59-7,64-19-7,sec::13718-59-7::2,13718-59-7,2,True
pair::13718-59-7::64-19-7::t3,13718-59-7,64-19-7,sec::64-19-7::10,64-19-7,14,True
pair::13718-59-7::64-19-7::t3,13718-59-7,64-19-7,sec::64-19-7::2,64-19-7,,True
pair::13718-59-7::64-19-7::t4,13718-59-7,64-19-7,sec::13718-59-7::10,13718-59-7,2,True
pair::13718-59-7::64-19-7::t4,13718-59-7,64-19-7,sec::13718-59-7::2,13718-59-7,1,True
pair::13718-59-7::64-19-7::t4,13718-59-7,64-19-7,sec::64-19-7::10,64-19-7,16,True
pair::13718-59-7::64-19-7::t4,13718-59-7,64-19-7,sec::64-19-7::2,64-19-7,,True
pair::101-21-3::10192-30-0::t0,101-21-3,10192-30-0,sec::101-21-3::10,101-21-3,5,True
pair::101-21-3::10192-30-0::t0,101-21-3,10192-30-0,sec::101-21-3::2::p1,101-21-3,,True
pair::101-21-3::10192-30-0::t0,101-21-3,10192-30-0,sec::101-21-3::2::p2,101-21-3,,True
pair::101-21-3::10192-30-0::t0,101-21-3,10192-30-0,sec::10192-30-0::10,10192-30-0,1,True
pair::101-21-3::10192-30-0::t0,101-21-3,10192-30-0,sec::10192-30-0::2,10192-30-0,2,True
pair::101-21-3::10192-30-0::t1,101-21-3,10192-30-0,sec::101-21-3::10,101-21-3,13,True
pair::101-21-3::10192-30-0::t1,101-21-3,10192-30-0,sec::101-21-3::2::p1,101-21-3,,True
pair::101-21-3::10192-30-0::t1,101-21-3,10192-30-0,sec::101-21-3::2::p2,101-21-3,,True
pair::101-21-3::10192-30-0::t1,101-21-3,10192-30-0,sec::10192-30-0::10,10192-30-0,1,True
pair::101-21-3::10192-30-0::t1,101-21-3,10192-30-0,sec::10192-30-0::2,10192-30-0,2,True
pair::101-21-3::10192-30-0::t2,101-21-3,10192-30-0,sec::101-21-3::10,101-21-3,8,True
pair::101-21-3::10192-30-0::t2,101-21-3,10192-30-0,sec::101-21-3::2::p1,101-21-3,9,True
pair::101-21-3::10192-30-0::t2,101-21-3,10192-30-0,sec::101-21-3::2::p2,101-21-3,,True
pair::101-21-3::10192-30-0::t2,101-21-3,10192-30-0,sec::10192-30-0::10,10192-30-0,1,True
pair::101-21-3::10192-30-0::t2,101-21-3,10192-30-0,sec::10192-30-0::2,10192-30-0,2,True
pair::101-21-3::10192-30-0::t3,101-21-3,10192-30-0,sec::101-21-3::10,101-21-3,11,True
pair::101-21-3::10192-30-0::t3,101-21-3,10192-30-0,sec::101-21-3::2::p1,101-21-3,,True
pair::101-21-3::10192-30-0::t3,101-21-3,10192-30-0,sec::101-21-3::2::p2,101-21-3,,True
pair::101-21-3::10192-30-0::t3,101-21-3,10192-30-0,sec::10192-30-0::10,10192-30-0,1,True
pair::101-21-3::10192-30-0::t3,101-21-3,10192-30-0,sec::10192-30-0::2,10192-30-0,3,True
pair::101-21-3::10192-30-0::t4,101-21-3,10192-30-0,sec::101-21-3::10,101-21-3,14,True
pair::101-21-3::10192-30-0::t4,101-21-3,10192-30-0,sec::101-21-3::2::p1,101-21-3,,True
pair::101-21-3::10192-30-0::t4,101-21-3,10192-30-0,sec::101-21-3::2::p2,101-21-3,,True
pair::101-21-3::10192-30-0::t4,101-21-3,10192-30-0,sec::10192-30-0::10,10192-30-0,2,True
pair::101-21-3::10192-30-0::t4,101-21-3,10192-30-0,sec::10192-30-0::2,10192-30-0,1,True
pair::100-57-2::1066-33-7::t0,100-57-2,1066-33-7,sec::100-57-2::10,100-57-2,1,True
pair::100-57-2::1066-33-7::t0,100-57-2,1066-33-7,sec::100-57-2::2,100-57-2,4,True
pair::100-57-2::1066-33-7::t0,100-57-2,1066-33-7,sec::1066-33-7::10,1066-33-7,2,True
pair::100-57-2::1066-33-7::t0,100-57-2,1066-33-7,sec::1066-33-7::2,1066-33-7,3,True
pair::100-57-2::1066-33-7::t1,100-57-2,1066-33-7,sec::100-57-2::10,100-57-2,1,True
pair::100-57-2::1066-33-7::t1,100-57-2,1066-33-7,sec::100-57-2::2,100-57-2,3,True
pair::100-57-2::1066-33-7::t1,100-57-2,1066-33-7,sec::1066-33-7::10,1066-33-7,2,True
pair::100-57-2::1066-33-7::t1,100-57-2,1066-33-7,sec::1066-33-7::2,1066-33-7,4,True
pair::100-57-2::1066-33-7::t2,100-57-2,1066-33-7,sec::100-57-2::10,100-57-2,1,True
pair::100-57-2::1066-33-7::t2,100-57-2,1066-33-7,sec::100-57-2::2,100-57-2,3,True
pair::100-57-2::1066-33-7::t2,100-57-2,1066-33-7,sec::1066-33-7::10,1066-33-7,4,True
pair::100-57-2::1066-33-7::t2,100-57-2,1066-33-7,sec::1066-33-7::2,1066-33-7,2,True
pair::100-57-2::1066-33-7::t3,100-57-2,1066-33-7,sec::100-57-2::10,100-57-2,1,True
pair::100-57-2::1066-33-7::t3,100-57-2,1066-33-7,sec::100-57-2::2,100-57-2,3,True
pair::100-57-2::1066-33-7::t3,100-57-2,1066-33-7,sec::1066-33-7::10,1066-33-7,2,True
pair::100-57-2::1066-33-7::t3,100-57-2,1066-33-7,sec::1066-33-7::2,1066-33-7,4,True
pair::100-57-2::1066-33-7::t4,100-57-2,1066-33-7,sec::100-57-2::10,100-57-2,1,True
pair::100-57-2::1066-33-7::t4,100-57-2,1066-33-7,sec::100-57-2::2,100-57-2,2,True
pair::100-57-2::1066-33-7::t4,100-57-2,1066-33-7,sec::1066-33-7::10,1066-33-7,6,True
pair::100-57-2::1066-33-7::t4,100-57-2,1066-33-7,sec::1066-33-7::2,1066-33-7,3,True
pair::1002-89-7::104-88-1::t0,1002-89-7,104-88-1,sec::1002-89-7::10,1002-89-7,1,True
pair::1002-89-7::104-88-1::t0,1002-89-7,104-88-1,sec::1002-89-7::2,1002-89-7,2,True
pair::1002-89-7::104-88-1::t0,1002-89-7,104-88-1,sec::104-88-1::10,104-88-1,3,True
pair::1002-89-7::104-88-1::t0,1002-89-7,104-88-1,sec::104-88-1::2,104-88-1,7,True
pair::1002-89-7::104-88-1::t1,1002-89-7,104-88-1,sec::1002-89-7::10,1002-89-7,1,True
pair::1002-89-7::104-88-1::t1,1002-89-7,104-88-1,sec::1002-89-7::2,1002-89-7,2,True
pair::1002-89-7::104-88-1::t1,1002-89-7,104-88-1,sec::104-88-1::10,104-88-1,4,True
pair::1002-89-7::104-88-1::t1,1002-89-7,104-88-1,sec::104-88-1::2,104-88-1,7,True
pair::1002-89-7::104-88-1::t2,1002-89-7,104-88-1,sec::1002-89-7::10,1002-89-7,1,True
pair::1002-89-7::104-88-1::t2,1002-89-7,104-88-1,sec::1002-89-7::2,1002-89-7,2,True
pair::1002-89-7::104-88-1::t2,1002-89-7,104-88-1,sec::104-88-1::10,104-88-1,4,True
pair::1002-89-7::104-88-1::t2,1002-89-7,104-88-1,sec::104-88-1::2,104-88-1,5,True
pair::1002-89-7::104-88-1::t3,1002-89-7,104-88-1,sec::1002-89-7::10,1002-89-7,1,True
pair::1002-89-7::104-88-1::t3,1002-89-7,104-88-1,sec::1002-89-7::2,1002-89-7,2,True
pair::1002-89-7::104-88-1::t3,1002-89-7,104-88-1,sec::104-88-1::10,104-88-1,3,True
pair::1002-89-7::104-88-1::t3,1002-89-7,104-88-1,sec::104-88-1::2,104-88-1,17,True
pair::1002-89-7::104-88-1::t4,1002-89-7,104-88-1,sec::1002-89-7::10,1002-89-7,1,True
pair::1002-89-7::104-88-1::t4,1002-89-7,104-88-1,sec::1002-89-7::2,1002-89-7,2,True
pair::1002-89-7::104-88-1::t4,1002-89-7,104-88-1,sec::104-88-1::10,104-88-1,4,True
pair::1002-89-7::104-88-1::t4,1002-89-7,104-88-1,sec::104-88-1::2,104-88-1,5,True
pair::102-08-9::1185-81-5::t0,102-08-9,1185-81-5,sec::102-08-9::10,102-08-9,4,True
pair::102-08-9::1185-81-5::t0,102-08-9,1185-81-5,sec::102-08-9::2,102-08-9,7,True
pair::102-08-9::1185-81-5::t0,102-08-9,1185-81-5,sec::1185-81-5::10,1185-81-5,2,True
pair::102-08-9::1185-81-5::t0,102-08-9,1185-81-5,sec::1185-81-5::2,1185-81-5,1,True
pair::102-08-9::1185-81-5::t1,102-08-9,1185-81-5,sec::102-08-9::10,102-08-9,3,True
pair::102-08-9::1185-81-5::t1,102-08-9,1185-81-5,sec::102-08-9::2,102-08-9,4,True
pair::102-08-9::1185-81-5::t1,102-08-9,1185-81-5,sec::1185-81-5::10,1185-81-5,2,True
pair::102-08-9::1185-81-5::t1,102-08-9,1185-81-5,sec::1185-81-5::2,1185-81-5,1,True
pair::102-08-9::1185-81-5::t2,102-08-9,1185-81-5,sec::102-08-9::10,102-08-9,3,True
pair::102-08-9::1185-81-5::t2,102-08-9,1185-81-5,sec::102-08-9::2,102-08-9,4,True
pair::102-08-9::1185-81-5::t2,102-08-9,1185-81-5,sec::1185-81-5::10,1185-81-5,2,True
pair::102-08-9::1185-81-5::t2,102-08-9,1185-81-5,sec::1185-81-5::2,1185-81-5,1,True
pair::102-08-9::1185-81-5::t3,102-08-9,1185-81-5,sec::102-08-9::10,102-08-9,3,True
pair::102-08-9::1185-81-5::t3,102-08-9,1185-81-5,sec::102-08-9::2,102-08-9,5,True
pair::102-08-9::1185-81-5::t3,102-08-9,1185-81-5,sec::1185-81-5::10,1185-81-5,2,True
pair::102-08-9::1185-81-5::t3,102-08-9,1185-81-5,sec::1185-81-5::2,1185-81-5,1,True
pair::102-08-9::1185-81-5::t4,102-08-9,1185-81-5,sec::102-08-9::10,102-08-9,3,True
pair::102-08-9::1185-81-5::t4,102-08-9,1185-81-5,sec::102-08-9::2,102-08-9,4,True
pair::102-08-9::1185-81-5::t4,102-08-9,1185-81-5,sec::1185-81-5::10,1185-81-5,2,True
pair::102-08-9::1185-81-5::t4,102-08-9,1185-81-5,sec::1185-81-5::2,1185-81-5,1,True
pair::109-52-4::471-34-1::t0,109-52-4,471-34-1,sec::109-52-4::10,109-52-4,1,True
pair::109-52-4::471-34-1::t0,109-52-4,471-34-1,sec::109-52-4::2,109-52-4,10,True
pair::109-52-4::471-34-1::t0,109-52-4,471-34-1,sec::471-34-1::10,471-34-1,9,True
pair::109-52-4::471-34-1::t0,109-52-4,471-34-1,sec::471-34-1::2,471-34-1,11,True
pair::109-52-4::471-34-1::t1,109-52-4,471-34-1,sec::109-52-4::10,109-52-4,1,True
pair::109-52-4::471-34-1::t1,109-52-4,471-34-1,sec::109-52-4::2,109-52-4,2,True
pair::109-52-4::471-34-1::t1,109-52-4,471-34-1,sec::471-34-1::10,471-34-1,4,True
pair::109-52-4::471-34-1::t1,109-52-4,471-34-1,sec::471-34-1::2,471-34-1,8,True
pair::109-52-4::471-34-1::t2,109-52-4,471-34-1,sec::109-52-4::10,109-52-4,1,True
pair::109-52-4::471-34-1::t2,109-52-4,471-34-1,sec::109-52-4::2,109-52-4,2,True
pair::109-52-4::471-34-1::t2,109-52-4,471-34-1,sec::471-34-1::10,471-34-1,8,True
pair::109-52-4::471-34-1::t2,109-52-4,471-34-1,sec::471-34-1::2,471-34-1,7,True
pair::109-52-4::471-34-1::t3,109-52-4,471-34-1,sec::109-52-4::10,109-52-4,1,True
pair::109-52-4::471-34-1::t3,109-52-4,471-34-1,sec::109-52-4::2,109-52-4,,True
pair::109-52-4::471-34-1::t3,109-52-4,471-34-1,sec::471-34-1::10,471-34-1,7,True
pair::109-52-4::471-34-1::t3,109-52-4,471-34-1,sec::471-34-1::2,471-34-1,12,True
pair::109-52-4::471-34-1::t4,109-52-4,471-34-1,sec::109-52-4::10,109-52-4,1,True
pair::109-52-4::471-34-1::t4,109-52-4,471-34-1,sec::109-52-4::2,109-52-4,7,True
pair::109-52-4::471-34-1::t4,109-52-4,471-34-1,sec::471-34-1::10,471-34-1,6,True
pair::109-52-4::471-34-1::t4,109-52-4,471-34-1,sec::471-34-1::2,471-34-1,8,True
pair::10043-01-3::7647-01-0::t0,10043-01-3,7647-01-0,sec::10043-01-3::10,10043-01-3,1,True
pair::10043-01-3::7647-01-0::t0,10043-01-3,7647-01-0,sec::10043-01-3::2,10043-01-3,9,True
pair::10043-01-3::7647-01-0::t0,10043-01-3,7647-01-0,sec::7647-01-0::10,7647-01-0,8,True
pair::10043-01-3::7647-01-0::t0,10043-01-3,7647-01-0,sec::7647-01-0::2,7647-01-0,,True
pair::10043-01-3::7647-01-0::t1,10043-01-3,7647-01-0,sec::10043-01-3::10,10043-01-3,1,True
pair::10043-01-3::7647-01-0::t1,10043-01-3,7647-01-0,sec::10043-01-3::2,10043-01-3,2,True
pair::10043-01-3::7647-01-0::t1,10043-01-3,7647-01-0,sec::7647-01-0::10,7647-01-0,7,True
pair::10043-01-3::7647-01-0::t1,10043-01-3,7647-01-0,sec::7647-01-0::2,7647-01-0,5,True
pair::10043-01-3::7647-01-0::t2,10043-01-3,7647-01-0,sec::10043-01-3::10,10043-01-3,2,True
pair::10043-01-3::7647-01-0::t2,10043-01-3,7647-01-0,sec::10043-01-3::2,10043-01-3,1,True
pair::10043-01-3::7647-01-0::t2,10043-01-3,7647-01-0,sec::7647-01-0::10,7647-01-0,4,True
pair::10043-01-3::7647-01-0::t2,10043-01-3,7647-01-0,sec::7647-01-0::2,7647-01-0,8,True
pair::10043-01-3::7647-01-0::t3,10043-01-3,7647-01-0,sec::10043-01-3::10,10043-01-3,1,True
pair::10043-01-3::7647-01-0::t3,10043-01-3,7647-01-0,sec::10043-01-3::2,10043-01-3,,True
pair::10043-01-3::7647-01-0::t3,10043-01-3,7647-01-0,sec::7647-01-0::10,7647-01-0,5,True
pair::10043-01-3::7647-01-0::t3,10043-01-3,7647-01-0,sec::7647-01-0::2,7647-01-0,,True
pair::10043-01-3::7647-01-0::t4,10043-01-3,7647-01-0,sec::10043-01-3::10,10043-01-3,2,True
pair::10043-01-3::7647-01-0::t4,10043-01-3,7647-01-0,sec::10043-01-3::2,10043-01-3,1,True
pair::10043-01-3::7647-01-0::t4,10043-01-3,7647-01-0,sec::7647-01-0::10,7647-01-0,4,True
pair::10043-01-3::7647-01-0::t4,10043-01-3,7647-01-0,sec::7647-01-0::2,7647-01-0,3,True
pair::102-54-5::471-34-1::t0,102-54-5,471-34-1,sec::102-54-5::10,102-54-5,1,True
pair::102-54-5::471-34-1::t0,102-54-5,471-34-1,sec::102-54-5::2,102-54-5,13,True
pair::102-54-5::471-34-1::t0,102-54-5,471-34-1,sec::471-34-1::10,471-34-1,8,True
pair::102-54-5::471-34-1::t0,102-54-5,471-34-1,sec::471-34-1::2,471-34-1,10,True
pair::102-54-5::471-34-1::t1,102-54-5,471-34-1,sec::102-54-5::10,102-54-5,1,True
pair::102-54-5::471-34-1::t1,102-54-5,471-34-1,sec::102-54-5::2,102-54-5,2,True
pair::102-54-5::471-34-1::t1,102-54-5,471-34-1,sec::471-34-1::10,471-34-1,3,True
pair::102-54-5::471-34-1::t1,102-54-5,471-34-1,sec::471-34-1::2,471-34-1,11,True
pair::102-54-5::471-34-1::t2,102-54-5,471-34-1,sec::102-54-5::10,102-54-5,1,True
pair::102-54-5::471-34-1::t2,102-54-5,471-34-1,sec::102-54-5::2,102-54-5,2,True
pair::102-54-5::471-34-1::t2,102-54-5,471-34-1,sec::471-34-1::10,471-34-1,7,True
pair::102-54-5::471-34-1::t2,102-54-5,471-34-1,sec::471-34-1::2,471-34-1,5,True
pair::102-54-5::471-34-1::t3,102-54-5,471-34-1,sec::102-54-5::10,102-54-5,1,True
pair::102-54-5::471-34-1::t3,102-54-5,471-34-1,sec::102-54-5::2,102-54-5,,True
pair::102-54-5::471-34-1::t3,102-54-5,471-34-1,sec::471-34-1::10,471-34-1,5,True
pair::102-54-5::471-34-1::t3,102-54-5,471-34-1,sec::471-34-1::2,471-34-1,18,True
pair::102-54-5::471-34-1::t4,102-54-5,471-34-1,sec::102-54-5::10,102-54-5,1,True
pair::102-54-5::471-34-1::t4,102-54-5,471-34-1,sec::102-54-5::2,102-54-5,2,True
pair::102-54-5::471-34-1::t4,102-54-5,471-34-1,sec::471-34-1::10,471-34-1,3,True
pair::102-54-5::471-34-1::t4,102-54-5,471-34-1,sec::471-34-1::2,471-34-1,8,True
pair::100-21-0::108-24-7::t0,100-21-0,108-24-7,sec::100-21-0::10,100-21-0,1,True
pair::100-21-0::108-24-7::t0,100-21-0,108-24-7,sec::100-21-0::2,100-21-0,4,True
pair::100-21-0::108-24-7::t0,100-21-0,108-24-7,sec::108-24-7::10,108-24-7,2,True
pair::100-21-0::108-24-7::t0,100-21-0,108-24-7,sec::108-24-7::2,108-24-7,7,True
pair::100-21-0::108-24-7::t1,100-21-0,108-24-7,sec::100-21-0::10,100-21-0,2,True
pair::100-21-0::108-24-7::t1,100-21-0,108-24-7,sec::100-21-0::2,100-21-0,1,True
pair::100-21-0::108-24-7::t1,100-21-0,108-24-7,sec::108-24-7::10,108-24-7,4,True
pair::100-21-0::108-24-7::t1,100-21-0,108-24-7,sec::108-24-7::2,108-24-7,3,True
pair::100-21-0::108-24-7::t2,100-21-0,108-24-7,sec::100-21-0::10,100-21-0,2,True
pair::100-21-0::108-24-7::t2,100-21-0,108-24-7,sec::100-21-0::2,100-21-0,1,True
pair::100-21-0::108-24-7::t2,100-21-0,108-24-7,sec::108-24-7::10,108-24-7,4,True
pair::100-21-0::108-24-7::t2,100-21-0,108-24-7,sec::108-24-7::2,108-24-7,6,True
pair::100-21-0::108-24-7::t3,100-21-0,108-24-7,sec::100-21-0::10,100-21-0,1,True
pair::100-21-0::108-24-7::t3,100-21-0,108-24-7,sec::100-21-0::2,100-21-0,4,True
pair::100-21-0::108-24-7::t3,100-21-0,108-24-7,sec::108-24-7::10,108-24-7,2,True
pair::100-21-0::108-24-7::t3,100-21-0,108-24-7,sec::108-24-7::2,108-24-7,11,True
pair::100-21-0::108-24-7::t4,100-21-0,108-24-7,sec::100-21-0::10,100-21-0,1,True
pair::100-21-0::108-24-7::t4,100-21-0,108-24-7,sec::100-21-0::2,100-21-0,4,True
pair::100-21-0::108-24-7::t4,100-21-0,108-24-7,sec::108-24-7::10,108-24-7,3,True
pair::100-21-0::108-24-7::t4,100-21-0,108-24-7,sec::108-24-7::2,108-24-7,2,True
pair::1002-89-7::108-24-7::t0,1002-89-7,108-24-7,sec::1002-89-7::10,1002-89-7,1,True
pair::1002-89-7::108-24-7::t0,1002-89-7,108-24-7,sec::1002-89-7::2,1002-89-7,2,True
pair::1002-89-7::108-24-7::t0,1002-89-7,108-24-7,sec::108-24-7::10,108-24-7,10,True
pair::1002-89-7::108-24-7::t0,1002-89-7,108-24-7,sec::108-24-7::2,108-24-7,12,True
pair::1002-89-7::108-24-7::t1,1002-89-7,108-24-7,sec::1002-89-7::10,1002-89-7,1,True
pair::1002-89-7::108-24-7::t1,1002-89-7,108-24-7,sec::1002-89-7::2,1002-89-7,2,True
pair::1002-89-7::108-24-7::t1,1002-89-7,108-24-7,sec::108-24-7::10,108-24-7,7,True
pair::1002-89-7::108-24-7::t1,1002-89-7,108-24-7,sec::108-24-7::2,108-24-7,12,True
pair::1002-89-7::108-24-7::t2,1002-89-7,108-24-7,sec::1002-89-7::10,1002-89-7,1,True
pair::1002-89-7::108-24-7::t2,1002-89-7,108-24-7,sec::1002-89-7::2,1002-89-7,2,True
pair::1002-89-7::108-24-7::t2,1002-89-7,108-24-7,sec::108-24-7::10,108-24-7,8,True
pair::1002-89-7::108-24-7::t2,1002-89-7,108-24-7,sec::108-24-7::2,108-24-7,9,True
pair::1002-89-7::108-24-7::t3,1002-89-7,108-24-7,sec::1002-89-7::10,1002-89-7,1,True
pair::1002-89-7::108-24-7::t3,1002-89-7,108-24-7,sec::1002-89-7::2,1002-89-7,2,True
pair::1002-89-7::108-24-7::t3,1002-89-7,108-24-7,sec::108-24-7::10,108-24-7,4,True
pair::1002-89-7::108-24-7::t3,1002-89-7,108-24-7,sec::108-24-7::2,108-24-7,,True
pair::1002-89-7::108-24-7::t4,1002-89-7,108-24-7,sec::1002-89-7::10,1002-89-7,2,True
pair::1002-89-7::108-24-7::t4,1002-89-7,108-24-7,sec::1002-89-7::2,1002-89-7,1,True
pair::1002-89-7::108-24-7::t4,1002-89-7,108-24-7,sec::108-24-7::10,108-24-7,4,True
pair::1002-89-7::108-24-7::t4,1002-89-7,108-24-7,sec::108-24-7::2,108-24-7,6,True
pair::112-02-7::12057-74-8::t0,112-02-7,12057-74-8,sec::112-02-7::10,112-02-7,1,True
pair::112-02-7::12057-74-8::t0,112-02-7,12057-74-8,sec::112-02-7::2,112-02-7,2,True
pair::112-02-7::12057-74-8::t0,112-02-7,12057-74-8,sec::12057-74-8::10,12057-74-8,10,True
pair::112-02-7::12057-74-8::t0,112-02-7,12057-74-8,sec::12057-74-8::2,12057-74-8,4,True
pair::112-02-7::12057-74-8::t1,112-02-7,12057-74-8,sec::112-02-7::10,112-02-7,2,True
pair::112-02-7::12057-74-8::t1,112-02-7,12057-74-8,sec::112-02-7::2,112-02-7,1,True
pair::112-02-7::12057-74-8::t1,112-02-7,12057-74-8,sec::12057-74-8::10,12057-74-8,12,True
pair::112-02-7::12057-74-8::t1,112-02-7,12057-74-8,sec::12057-74-8::2,12057-74-8,3,True
pair::112-02-7::12057-74-8::t2,112-02-7,12057-74-8,sec::112-02-7::10,112-02-7,2,True
pair::112-02-7::12057-74-8::t2,112-02-7,12057-74-8,sec::112-02-7::2,112-02-7,1,True
pair::112-02-7::12057-74-8::t2,112-02-7,12057-74-8,sec::12057-74-8::10,12057-74-8,7,True
pair::112-02-7::12057-74-8::t2,112-02-7,12057-74-8,sec::12057-74-8::2,12057-74-8,4,True
pair::112-02-7::12057-74-8::t3,112-02-7,12057-74-8,sec::112-02-7::10,112-02-7,1,True
pair::112-02-7::12057-74-8::t3,112-02-7,12057-74-8,sec::112-02-7::2,112-02-7,2,True
pair::112-02-7::12057-74-8::t3,112-02-7,12057-74-8,sec::12057-74-8::10,12057-74-8,4,True
pair::112-02-7::12057-74-8::t3,112-02-7,12057-74-8,sec::12057-74-8::2,12057-74-8,14,True
pair::112-02-7::12057-74-8::t4,112-02-7,12057-74-8,sec::112-02-7::10,112-02-7,2,True
pair::112-02-7::12057-74-8::t4,112-02-7,12057-74-8,sec::112-02-7::2,112-02-7,1,True
pair::112-02-7::12057-74-8::t4,112-02-7,12057-74-8,sec::12057-74-8::10,12057-74-8,11,True
pair::112-02-7::12057-74-8::t4,112-02-7,12057-74-8,sec::12057-74-8::2,12057-74-8,3,True
pair::104-85-8::110-16-7::t0,104-85-8,110-16-7,sec::104-85-8::10,104-85-8,1,True
pair::104-85-8::110-16-7::t0,104-85-8,110-16-7,sec::104-85-8::2,104-85-8,6,True
pair::104-85-8::110-16-7::t0,104-85-8,110-16-7,sec::110-16-7::10,110-16-7,5,True
pair::104-85-8::110-16-7::t0,104-85-8,110-16-7,sec::110-16-7::2,110-16-7,7,True
pair::104-85-8::110-16-7::t1,104-85-8,110-16-7,sec::104-85-8::10,104-85-8,1,True
pair::104-85-8::110-16-7::t1,104-85-8,110-16-7,sec::104-85-8::2,104-85-8,2,True
pair::104-85-8::110-16-7::t1,104-85-8,110-16-7,sec::110-16-7::10,110-16-7,4,True
pair::104-85-8::110-16-7::t1,104-85-8,110-16-7,sec::110-16-7::2,110-16-7,3,True
pair::104-85-8::110-16-7::t2,104-85-8,110-16-7,sec::104-85-8::10,104-85-8,3,True
pair::104-85-8::110-16-7::t2,104-85-8,110-16-7,sec::104-85-8::2,104-85-8,2,True
pair::104-85-8::110-16-7::t2,104-85-8,110-16-7,sec::110-16-7::10,110-16-7,4,True
pair::104-85-8::110-16-7::t2,104-85-8,110-16-7,sec::110-16-7::2,110-16-7,1,True
pair::104-85-8::110-16-7::t3,104-85-8,110-16-7,sec::104-85-8::10,104-85-8,1,True
pair::104-85-8::110-16-7::t3,104-85-8,110-16-7,sec::104-85-8::2,104-85-8,7,True
pair::104-85-8::110-16-7::t3,104-85-8,110-16-7,sec::110-16-7::10,110-16-7,2,True
pair::104-85-8::110-16-7::t3,104-85-8,110-16-7,sec::110-16-7::2,110-16-7,9,True
pair::104-85-8::110-16-7::t4,104-85-8,110-16-7,sec::104-85-8::10,104-85-8,1,True
pair::104-85-8::110-16-7::t4,104-85-8,110-16-7,sec::104-85-8::2,104-85-8,2,True
pair::104-85-8::110-16-7::t4,104-85-8,110-16-7,sec::110-16-7::10,110-16-7,4,True
pair::104-85-8::110-16-7::t4,104-85-8,110-16-7,sec::110-16-7::2,110-16-7,3,True
pair::1024-57-3::471-34-1::t0,1024-57-3,471-34-1,sec::1024-57-3::10,1024-57-3,1,True
pair::1024-57-3::471-34-1::t0,1024-57-3,471-34-1,sec::1024-57-3::2,1024-57-3,5,True
pair::1024-57-3::471-34-1::t0,1024-57-3,471-34-1,sec::471-34-1::10,471-34-1,2,True
pair::1024-57-3::471-34-1::t0,1024-57-3,471-34-1,sec::471-34-1::2,471-34-1,8,True
pair::1024-57-3::471-34-1::t1,1024-57-3,471-34-1,sec::1024-57-3::10,1024-57-3,1,True
pair::1024-57-3::471-34-1::t1,1024-57-3,471-34-1,sec::1024-57-3::2,1024-57-3,2,True
pair::1024-57-3::471-34-1::t1,1024-57-3,471-34-1,sec::471-34-1::10,471-34-1,3,True
pair::1024-57-3::471-34-1::t1,1024-57-3,471-34-1,sec::471-34-1::2,471-34-1,8,True
pair::1024-57-3::471-34-1::t2,1024-57-3,471-34-1,sec::1024-57-3::10,1024-57-3,1,True
pair::1024-57-3::471-34-1::t2,1024-57-3,471-34-1,sec::1024-57-3::2,1024-57-3,2,True
pair::1024-57-3::471-34-1::t2,1024-57-3,471-34-1,sec::471-34-1::10,471-34-1,3,True
pair::1024-57-3::471-34-1::t2,1024-57-3,471-34-1,sec::471-34-1::2,471-34-1,6,True
pair::1024-57-3::471-34-1::t3,1024-57-3,471-34-1,sec::1024-57-3::10,1024-57-3,1,True
pair::1024-57-3::471-34-1::t3,1024-57-3,471-34-1,sec::1024-57-3::2,1024-57-3,3,True
pair::1024-57-3::471-34-1::t3,1024-57-3,471-34-1,sec::471-34-1::10,471-34-1,2,True
pair::1024-57-3::471-34-1::t3,1024-57-3,471-34-1,sec::471-34-1::2,471-34-1,10,True
pair::1024-57-3::471-34-1::t4,1024-57-3,471-34-1,sec::1024-57-3::10,1024-57-3,1,True
pair::1024-57-3::471-34-1::t4,1024-57-3,471-34-1,sec::1024-57-3::2,1024-57-3,2,True
pair::1024-57-3::471-34-1::t4,1024-57-3,471-34-1,sec::471-34-1::10,471-34-1,3,True
pair::1024-57-3::471-34-1::t4,1024-57-3,471-34-1,sec::471-34-1::2,471-34-1,6,True
pair::10102-50-8::105-74-8::t0,10102-50-8,105-74-8,sec::10102-50-8::10,10102-50-8,2,False
pair::10102-50-8::105-74-8::t0,10102-50-8,105-74-8,sec::10102-50-8::2,10102-50-8,4,False
pair::10102-50-8::105-74-8::t0,10102-50-8,105-74-8,sec::105-74-8::10,105-74-8,1,False
pair::10102-50-8::105-74-8::t0,10102-50-8,105-74-8,sec::105-74-8::2,105-74-8,3,False
pair::10102-50-8::105-74-8::t1,10102-50-8,105-74-8,sec::10102-50-8::10,10102-50-8,3,False
pair::10102-50-8::105-74-8::t1,10102-50-8,105-74-8,sec::10102-50-8::2,10102-50-8,4,False
pair::10102-50-8::105-74-8::t1,10102-50-8,105-74-8,sec::105-74-8::10,105-74-8,1,False
pair::10102-50-8::105-74-8::t1,10102-50-8,105-74-8,sec::105-74-8::2,105-74-8,2,False
pair::10102-50-8::105-74-8::t2,10102-50-8,105-74-8,sec::10102-50-8::10,10102-50-8,3,False
pair::10102-50-8::105-74-8::t2,10102-50-8,105-74-8,sec::10102-50-8::2,10102-50-8,4,False
pair::10102-50-8::105-74-8::t2,10102-50-8,105-74-8,sec::105-74-8::10,105-74-8,1,False
pair::10102-50-8::105-74-8::t2,10102-50-8,105-74-8,sec::105-74-8::2,105-74-8,2,False
pair::10102-50-8::105-74-8::t3,10102-50-8,105-74-8,sec::10102-50-8::10,10102-50-8,2,False
pair::10102-50-8::105-74-8::t3,10102-50-8,105-74-8,sec::10102-50-8::2,10102-50-8,4,False
pair::10102-50-8::105-74-8::t3,10102-50-8,105-74-8,sec::105-74-8::10,105-74-8,1,False
pair::10102-50-8::105-74-8::t3,10102-50-8,105-74-8,sec::105-74-8::2,105-74-8,3,False
pair::10102-50-8::105-74-8::t4,10102-50-8,105-74-8,sec::10102-50-8::10,10102-50-8,3,False
pair::10102-50-8::105-74-8::t4,10102-50-8,105-74-8,sec::10102-50-8::2,10102-50-8,4,False
pair::10102-50-8::105-74-8::t4,10102-50-8,105-74-8,sec::105-74-8::10,105-74-8,1,False
pair::10102-50-8::105-74-8::t4,10102-50-8,105-74-8,sec::105-74-8::2,105-74-8,2,False
pair::104-72-3::105-16-8::t0,104-72-3,105-16-8,sec::104-72-3::10,104-72-3,2,True
pair::104-72-3::105-16-8::t0,104-72-3,105-16-8,sec::104-72-3::2,104-72-3,3,True
pair::104-72-3::105-16-8::t0,104-72-3,105-16-8,sec::105-16-8::10,105-16-8,1,True
pair::104-72-3::105-16-8::t0,104-72-3,105-16-8,sec::105-16-8::2::p1,105-16-8,5,True
pair::104-72-3::105-16-8::t0,104-72-3,105-16-8,sec::105-16-8::2::p2,105-16-8,,True
pair::104-72-3::105-16-8::t1,104-72-3,105-16-8,sec::104-72-3::10,104-72-3,3,True
pair::104-72-3::105-16-8::t1,104-72-3,105-16-8,sec::104-72-3::2,104-72-3,1,True
pair::104-72-3::105-16-8::t1,104-72-3,105-16-8,sec::105-16-8::10,105-16-8,2,True
pair::104-72-3::105-16-8::t1,104-72-3,105-16-8,sec::105-16-8::2::p1,105-16-8,6,True
pair::104-72-3::105-16-8::t1,104-72-3,105-16-8,sec::105-16-8::2::p2,105-16-8,,True
pair::104-72-3::105-16-8::t2,104-72-3,105-16-8,sec::104-72-3::10,104-72-3,4,True
pair::104-72-3::105-16-8::t2,104-72-3,105-16-8,sec::104-72-3::2,104-72-3,1,True
pair::104-72-3::105-16-8::t2,104-72-3,105-16-8,sec::105-16-8::10,105-16-8,2,True
pair::104-72-3::105-16-8::t2,104-72-3,105-16-8,sec::105-16-8::2::p1,105-16-8,3,True
pair::104-72-3::105-16-8::t2,104-72-3,105-16-8,sec::105-16-8::2::p2,105-16-8,,True
pair::104-72-3::105-16-8::t3,104-72-3,105-16-8,sec::104-72-3::10,104-72-3,2,True
pair::104-72-3::105-16-8::t3,104-72-3,105-16-8,sec::104-72-3::2,104-72-3,4,True
pair::104-72-3::105-16-8::t3,104-72-3,105-16-8,sec::105-16-8::10,105-16-8,1,True
pair::104-72-3::105-16-8::t3,104-72-3,105-16-8,sec::105-16-8::2::p1,105-16-8,3,True
pair::104-72-3::105-16-8::t3,104-72-3,105-16-8,sec::105-16-8::2::p2,105-16-8,,True
pair::104-72-3::105-16-8::t4,104-72-3,105-16-8,sec::104-72-3::10,104-72-3,3,True
pair::104-72-3::105-16-8::t4,104-72-3,105-16-8,sec::104-72-3::2,104-72-3,1,True
pair::104-72-3::105-16-8::t4,104-72-3,105-16-8,sec::105-16-8::10,105-16-8,2,True
pair::104-72-3::105-16-8::t4,104-72-3,105-16-8,sec::105-16-8::2::p1,105-16-8,5,True
pair::104-72-3::105-16-8::t4,104-72-3,105-16-8,sec::105-16-8::2::p2,105-16-8,,True
pair::102-16-9::105-60-2::t0,102-16-9,105-60-2,sec::102-16-9::10,102-16-9,2,True
pair::102-16-9::105-60-2::t0,102-16-9,105-60-2,sec::102-16-9::2,102-16-9,3,True
pair::102-16-9::105-60-2::t0,102-16-9,105-60-2,sec::105-60-2::10,105-60-2,1,True
pair::102-16-9::105-60-2::t0,102-16-9,105-60-2,sec::105-60-2::2::p1,105-60-2,,True
pair::102-16-9::105-60-2::t0,102-16-9,105-60-2,sec::105-60-2::2::p2,105-60-2,,True
pair::102-16-9::105-60-2::t1,102-16-9,105-60-2,sec::102-16-9::10,102-16-9,1,True
pair::102-16-9::105-60-2::t1,102-16-9,105-60-2,sec::102-16-9::2,102-16-9,2,True
pair::102-16-9::105-60-2::t1,102-16-9,105-60-2,sec::105-60-2::10,105-60-2,6,True
pair::102-16-9::105-60-2::t1,102-16-9,105-60-2,sec::105-60-2::2::p1,105-60-2,,True
pair::102-16-9::105-60-2::t1,102-16-9,105-60-2,sec::105-60-2::2::p2,105-60-2,,True
pair::102-16-9::105-60-2::t2,102-16-9,105-60-2,sec::102-16-9::10,102-16-9,1,True
pair::102-16-9::105-60-2::t2,102-16-9,105-60-2,sec::102-16-9::2,102-16-9,2,True
pair::102-16-9::105-60-2::t2,102-16-9,105-60-2,sec::105-60-2::10,105-60-2,4,True
pair::102-16-9::105-60-2::t2,102-16-9,105-60-2,sec::105-60-2::2::p1,105-60-2,8,True
pair::102-16-9::105-60-2::t2,102-16-9,105-60-2,sec::105-60-2::2::p2,105-60-2,,True
pair::102-16-9::105-60-2::t3,102-16-9,105-60-2,sec::102-16-9::10,102-16-9,1,True
pair::102-16-9::105-60-2::t3,102-16-9,105-60-2,sec::102-16-9::2,102-16-9,3,True
pair::102-16-9::105-60-2::t3,102-16-9,105-60-2,sec::105-60-2::10,105-60-2,2,True
pair::102-16-9::105-60-2::t3,102-16-9,105-60-2,sec::105-60-2::2::p1,105-60-2,,True
pair::102-16-9::105-60-2::t3,102-16-9,105-60-2,sec::105-60-2::2::p2,105-60-2,,True
pair::102-16-9::105-60-2::t4,102-16-9,105-60-2,sec::102-16-9::10,102-16-9,2,True
pair::102-16-9::105-60-2::t4,102-16-9,105-60-2,sec::102-16-9::2,102-16-9,1,True
pair::102-16-9::105-60-2::t4,102-16-9,105-60-2,sec::105-60-2::10,105-60-2,8,True
pair::102-16-9::105-60-2::t4,102-16-9,105-60-2,sec::105-60-2::2::p1,105-60-2,,True
pair::102-16-9::105-60-2::t4,102-16-9,105-60-2,sec::105-60-2::2::p2,105-60-2,,True
pair::10265-92-6::105-16-8::t0,10265-92-6,105-16-8,sec::10265-92-6::10,10265-92-6,2,True
pair::10265-92-6::105-16-8::t0,10265-92-6,105-16-8,sec::10265-92-6::2,10265-92-6,10,True
pair::10265-92-6::105-16-8::t0,10265-92-6,105-16-8,sec::105-16-8::10,105-16-8,1,True
pair::10265-92-6::105-16-8::t0,10265-92-6,105-16-8,sec::105-16-8::2::p1,105-16-8,3,True
pair::10265-92-6::105-16-8::t0,10265-92-6,105-16-8,sec::105-16-8::2::p2,105-16-8,,True
pair::10265-92-6::105-16-8::t1,10265-92-6,105-16-8,sec::10265-92-6::10,10265-92-6,2,True
pair::10265-92-6::105-16-8::t1,10265-92-6,105-16-8,sec::10265-92-6::2,10265-92-6,4,True
pair::10265-92-6::105-16-8::t1,10265-92-6,105-16-8,sec::105-16-8::10,105-16-8,1,True
pair::10265-92-6::105-16-8::t1,10265-92-6,105-16-8,sec::105-16-8::2::p1,105-16-8,3,True
pair::10265-92-6::105-16-8::t1,10265-92-6,105-16-8,sec::105-16-8::2::p2,105-16-8,,True
pair::10265-92-6::105-16-8::t2,10265-92-6,105-16-8,sec::10265-92-6::10,10265-92-6,3,True
pair::10265-92-6::105-16-8::t2,10265-92-6,105-16-8,sec::10265-92-6::2,10265-92-6,4,True
pair::10265-92-6::105-16-8::t2,10265-92-6,105-16-8,sec::105-16-8::10,105-16-8,2,True
pair::10265-92-6::105-16-8::t2,10265-92-6,105-16-8,sec::105-16-8::2::p1,105-16-8,1,True
pair::10265-92-6::105-16-8::t2,10265-92-6,105-16-8,sec::105-16-8::2::p2,105-16-8,,True
pair::10265-92-6::105-16-8::t3,10265-92-6,105-16-8,sec::10265-92-6::10,10265-92-6,2,True
pair::10265-92-6::105-16-8::t3,10265-92-6,105-16-8,sec::10265-92-6::2,10265-92-6,7,True
pair::10265-92-6::105-16-8::t3,10265-92-6,105-16-8,sec::105-16-8::10,105-16-8,1,True
pair::10265-92-6::105-16-8::t3,10265-92-6,105-16-8,sec::105-16-8::2::p1,105-16-8,3,True
pair::10265-92-6::105-16-8::t3,10265-92-6,105-16-8,sec::105-16-8::2::p2,105-16-8,,True
pair::10265-92-6::105-16-8::t4,10265-92-6,105-16-8,sec::10265-92-6::10,10265-92-6,2,True
pair::10265-92-6::105-16-8::t4,10265-92-6,105-16-8,sec::10265-92-6::2,10265-92-6,4,True
pair::10265-92-6::105-16-8::t4,10265-92-6,105-16-8,sec::105-16-8::10,105-16-8,1,True
pair::10265-92-6::105-16-8::t4,10265-92-6,105-16-8,sec::105-16-8::2::p1,105-16-8,3,True
pair::10265-92-6::105-16-8::t4,10265-92-6,105-16-8,sec::105-16-8::2::p2,105-16-8,,True
pair::108-24-7::115-19-5::t0,108-24-7,115-19-5,sec::108-24-7::10,108-24-7,4,True
pair::108-24-7::115-19-5::t0,108-24-7,115-19-5,sec::108-24-7::2,108-24-7,6,True
pair::108-24-7::115-19-5::t0,108-24-7,115-19-5,sec::115-19-5::10,115-19-5,1,True
pair::108-24-7::115-19-5::t0,108-24-7,115-19-5,sec::115-19-5::2,115-19-5,2,True
pair::108-24-7::115-19-5::t1,108-24-7,115-19-5,sec::108-24-7::10,108-24-7,5,True
pair::108-24-7::115-19-5::t1,108-24-7,115-19-5,sec::108-24-7::2,108-24-7,3,True
pair::108-24-7::115-19-5::t1,108-24-7,115-19-5,sec::115-19-5::10,115-19-5,1,True
pair::108-24-7::115-19-5::t1,108-24-7,115-19-5,sec::115-19-5::2,115-19-5,2,True
pair::108-24-7::115-19-5::t2,108-24-7,115-19-5,sec::108-24-7::10,108-24-7,6,True
pair::108-24-7::115-19-5::t2,108-24-7,115-19-5,sec::108-24-7::2,108-24-7,5,True
pair::108-24-7::115-19-5::t2,108-24-7,115-19-5,sec::115-19-5::10,115-19-5,2,True
pair::108-24-7::115-19-5::t2,108-24-7,115-19-5,sec::115-19-5::2,115-19-5,1,True
pair::108-24-7::115-19-5::t3,108-24-7,115-19-5,sec::108-24-7::10,108-24-7,10,True
pair::108-24-7::115-19-5::t3,108-24-7,115-19-5,sec::108-24-7::2,108-24-7,11,True
pair::108-24-7::115-19-5::t3,108-24-7,115-19-5,sec::115-19-5::10,115-19-5,1,True
pair::108-24-7::115-19-5::t3,108-24-7,115-19-5,sec::115-19-5::2,115-19-5,2,True
pair::108-24-7::115-19-5::t4,108-24-7,115-19-5,sec::108-24-7::10,108-24-7,5,True
pair::108-24-7::115-19-5::t4,108-24-7,115-19-5,sec::108-24-7::2,108-24-7,3,True
pair::108-24-7::115-19-5::t4,108-24-7,115-19-5,sec::115-19-5::10,115-19-5,1,True
pair::108-24-7::115-19-5::t4,108-24-7,115-19-5,sec::115-19-5::2,115-19-5,2,True
pair::10099-74-8::104-72-3::t0,10099-74-8,104-72-3,sec::10099-74-8::10,10099-74-8,1,True
pair::10099-74-8::104-72-3::t0,10099-74-8,104-72-3,sec::10099-74-8::2,10099-74-8,5,True
pair::10099-74-8::104-72-3::t0,10099-74-8,104-72-3,sec::104-72-3::10,104-72-3,2,True
pair::10099-74-8::104-72-3::t0,10099-74-8,104-72-3,sec::104-72-3::2,104-72-3,7,True
pair::10099-74-8::104-72-3::t1,10099-74-8,104-72-3,sec::10099-74-8::10,10099-74-8,1,True
pair::10099-74-8::104-72-3::t1,10099-74-8,104-72-3,sec::10099-74-8::2,10099-74-8,3,True
pair::10099-74-8::104-72-3::t1,10099-74-8,104-72-3,sec::104-72-3::10,104-72-3,4,True
pair::10099-74-8::104-72-3::t1,10099-74-8,104-72-3,sec::104-72-3::2,104-72-3,2,True
pair::10099-74-8::104-72-3::t2,10099-74-8,104-72-3,sec::10099-74-8::10,10099-74-8,1,True
pair::10099-74-8::104-72-3::t2,10099-74-8,104-72-3,sec::10099-74-8::2,10099-74-8,2,True
pair::10099-74-8::104-72-3::t2,10099-74-8,104-72-3,sec::104-72-3::10,104-72-3,9,True
pair::10099-74-8::104-72-3::t2,10099-74-8,104-72-3,sec::104-72-3::2,104-72-3,3,True
pair::10099-74-8::104-72-3::t3,10099-74-8,104-72-3,sec::10099-74-8::10,10099-74-8,1,True
pair::10099-74-8::104-72-3::t3,10099-74-8,104-72-3,sec::10099-74-8::2,10099-74-8,4,True
pair::10099-74-8::104-72-3::t3,10099-74-8,104-72-3,sec::104-72-3::10,104-72-3,2,True
pair::10099-74-8::104-72-3::t3,10099-74-8,104-72-3,sec::104-72-3::2,104-72-3,3,True
pair::10099-74-8::104-72-3::t4,10099-74-8,104-72-3,sec::10099-74-8::10,10099-74-8,1,True
pair::10099-74-8::104-72-3::t4,10099-74-8,104-72-3,sec::10099-74-8::2,10099-74-8,4,True
pair::10099-74-8::104-72-3::t4,10099-74-8,104-72-3,sec::104-72-3::10,104-72-3,3,True
pair::10099-74-8::104-72-3::t4,10099-74-8,104-72-3,sec::104-72-3::2,104-72-3,2,True
pair::10311-84-9::1344-00-9::t0,10311-84-9,1344-00-9,sec::10311-84-9::10,10311-84-9,4,True
pair::10311-84-9::1344-00-9::t0,10311-84-9,1344-00-9,sec::10311-84-9::2::p1,10311-84-9,,True
pair::10311-84-9::1344-00-9::t0,10311-84-9,1344-00-9,sec::10311-84-9::2::p2,10311-84-9,,True
pair::10311-84-9::1344-00-9::t0,10311-84-9,1344-00-9,sec::1344-00-9::10,1344-00-9,1,True
pair::10311-84-9::1344-00-9::t0,10311-84-9,1344-00-9,sec::1344-00-9::2,1344-00-9,2,True
pair::10311-84-9::1344-00-9::t1,10311-84-9,1344-00-9,sec::10311-84-9::10,10311-84-9,3,True
pair::10311-84-9::1344-00-9::t1,10311-84-9,1344-00-9,sec::10311-84-9::2::p1,10311-84-9,20,True
pair::10311-84-9::1344-00-9::t1,10311-84-9,1344-00-9,sec::10311-84-9::2::p2,10311-84-9,,True
pair::10311-84-9::1344-00-9::t1,10311-84-9,1344-00-9,sec::1344-00-9::10,1344-00-9,1,True
pair::10311-84-9::1344-00-9::t1,10311-84-9,1344-00-9,sec::1344-00-9::2,1344-00-9,2,True
pair::10311-84-9::1344-00-9::t2,10311-84-9,1344-00-9,sec::10311-84-9::10,10311-84-9,4,True
pair::10311-84-9::1344-00-9::t2,10311-84-9,1344-00-9,sec::10311-84-9::2::p1,10311-84-9,5,True
pair::10311-84-9::1344-00-9::t2,10311-84-9,1344-00-9,sec::10311-84-9::2::p2,10311-84-9,,True
pair::10311-84-9::1344-00-9::t2,10311-84-9,1344-00-9,sec::1344-00-9::10,1344-00-9,1,True
pair::10311-84-9::1344-00-9::t2,10311-84-9,1344-00-9,sec::1344-00-9::2,1344-00-9,2,True
pair::10311-84-9::1344-00-9::t3,10311-84-9,1344-00-9,sec::10311-84-9::10,10311-84-9,2,True
pair::10311-84-9::1344-00-9::t3,10311-84-9,1344-00-9,sec::10311-84-9::2::p1,10311-84-9,18,True
pair::10311-84-9::1344-00-9::t3,10311-84-9,1344-00-9,sec::10311-84-9::2::p2,10311-84-9,,True
pair::10311-84-9::1344-00-9::t3,10311-84-9,1344-00-9,sec::1344-00-9::10,1344-00-9,1,True
pair::10311-84-9::1344-00-9::t3,10311-84-9,1344-00-9,sec::1344-00-9::2,1344-00-9,3,True
pair::10311-84-9::1344-00-9::t4,10311-84-9,1344-00-9,sec::10311-84-9::10,10311-84-9,3,True
pair::10311-84-9::1344-00-9::t4,10311-84-9,1344-00-9,sec::10311-84-9::2::p1,10311-84-9,,True
pair::10311-84-9::1344-00-9::t4,10311-84-9,1344-00-9,sec::10311-84-9::2::p2,10311-84-9,,True
pair::10311-84-9::1344-00-9::t4,10311-84-9,1344-00-9,sec::1344-00-9::10,1344-00-9,1,True
pair::10311-84-9::1344-00-9::t4,10311-84-9,1344-00-9,sec::1344-00-9::2,1344-00-9,2,True
pair::1304-82-1::1310-73-2::t0,1304-82-1,1310-73-2,sec::1304-82-1::10,1304-82-1,2,True
pair::1304-82-1::1310-73-2::t0,1304-82-1,1310-73-2,sec::1304-82-1::2,1304-82-1,4,True
pair::1304-82-1::1310-73-2::t0,1304-82-1,1310-73-2,sec::1310-73-2::10,1310-73-2,3,True
pair::1304-82-1::1310-73-2::t0,1304-82-1,1310-73-2,sec::1310-73-2::2,1310-73-2,10,True
pair::1304-82-1::1310-73-2::t1,1304-82-1,1310-73-2,sec::1304-82-1::10,1304-82-1,2,True
pair::1304-82-1::1310-73-2::t1,1304-82-1,1310-73-2,sec::1304-82-1::2,1304-82-1,1,True
pair::1304-82-1::1310-73-2::t1,1304-82-1,1310-73-2,sec::1310-73-2::10,1310-73-2,4,True
pair::1304-82-1::1310-73-2::t1,1304-82-1,1310-73-2,sec::1310-73-2::2,1310-73-2,3,True
pair::1304-82-1::1310-73-2::t2,1304-82-1,1310-73-2,sec::1304-82-1::10,1304-82-1,2,True
pair::1304-82-1::1310-73-2::t2,1304-82-1,1310-73-2,sec::1304-82-1::2,1304-82-1,1,True
pair::1304-82-1::1310-73-2::t2,1304-82-1,1310-73-2,sec::1310-73-2::10,1310-73-2,3,True
pair::1304-82-1::1310-73-2::t2,1304-82-1,1310-73-2,sec::1310-73-2::2,1310-73-2,4,True
pair::1304-82-1::1310-73-2::t3,1304-82-1,1310-73-2,sec::1304-82-1::10,1304-82-1,1,True
pair::1304-82-1::1310-73-2::t3,1304-82-1,1310-73-2,sec::1304-82-1::2,1304-82-1,2,True
pair::1304-82-1::1310-73-2::t3,1304-82-1,1310-73-2,sec::1310-73-2::10,1310-73-2,3,True
pair::1304-82-1::1310-73-2::t3,1304-82-1,1310-73-2,sec::1310-73-2::2,1310-73-2,15,True
pair::1304-82-1::1310-73-2::t4,1304-82-1,1310-73-2,sec::1304-82-1::10,1304-82-1,3,True
pair::1304-82-1::1310-73-2::t4,1304-82-1,1310-73-2,sec::1304-82-1::2,1304-82-1,1,True
pair::1304-82-1::1310-73-2::t4,1304-82-1,1310-73-2,sec::1310-73-2::10,1310-73-2,5,True
pair::1304-82-1::1310-73-2::t4,1304-82-1,1310-73-2,sec::1310-73-2::2,1310-73-2,2,True
pair::10016-20-3::10048-95-0::t0,10016-20-3,10048-95-0,sec::10016-20-3::10,10016-20-3,2,False
pair::10016-20-3::10048-95-0::t0,10016-20-3,10048-95-0,sec::10016-20-3::2,10016-20-3,4,False
pair::10016-20-3::10048-95-0::t0,10016-20-3,10048-95-0,sec::10048-95-0::10,10048-95-0,1,False
pair::10016-20-3::10048-95-0::t0,10016-20-3,10048-95-0,sec::10048-95-0::2,10048-95-0,3,False
pair::10016-20-3::10048-95-0::t1,10016-20-3,10048-95-0,sec::10016-20-3::10,10016-20-3,4,False
pair::10016-20-3::10048-95-0::t1,10016-20-3,10048-95-0,sec::10016-20-3::2,10016-20-3,2,False
pair::10016-20-3::10048-95-0::t1,10016-20-3,10048-95-0,sec::10048-95-0::10,10048-95-0,3,False
pair::10016-20-3::10048-95-0::t1,10016-20-3,10048-95-0,sec::10048-95-0::2,10048-95-0,1,False
pair::10016-20-3::10048-95-0::t2,10016-20-3,10048-95-0,sec::10016-20-3::10,10016-20-3,4,False
pair::10016-20-3::10048-95-0::t2,10016-20-3,10048-95-0,sec::10016-20-3::2,10016-20-3,2,False
pair::10016-20-3::10048-95-0::t2,10016-20-3,10048-95-0,sec::10048-95-0::10,10048-95-0,3,False
pair::10016-20-3::10048-95-0::t2,10016-20-3,10048-95-0,sec::10048-95-0::2,10048-95-0,1,False
pair::10016-20-3::10048-95-0::t3,10016-20-3,10048-95-0,sec::10016-20-3::10,10016-20-3,1,False
pair::10016-20-3::10048-95-0::t3,10016-20-3,10048-95-0,sec::10016-20-3::2,10016-20-3,3,False
pair::10016-20-3::10048-95-0::t3,10016-20-3,10048-95-0,sec::10048-95-0::10,10048-95-0,2,False
pair::10016-20-3::10048-95-0::t3,10016-20-3,10048-95-0,sec::10048-95-0::2,10048-95-0,4,False
pair::10016-20-3::10048-95-0::t4,10016-20-3,10048-95-0,sec::10016-20-3::10,10016-20-3,1,False
pair::10016-20-3::10048-95-0::t4,10016-20-3,10048-95-0,sec::10016-20-3::2,10016-20-3,4,False
pair::10016-20-3::10048-95-0::t4,10016-20-3,10048-95-0,sec::10048-95-0::10,10048-95-0,3,False
pair::10016-20-3::10048-95-0::t4,10016-20-3,10048-95-0,sec::10048-95-0::2,10048-95-0,2,False
pair::100-01-6::1191-80-6::t0,100-01-6,1191-80-6,sec::100-01-6::10,100-01-6,1,True
pair::100-01-6::1191-80-6::t0,100-01-6,1191-80-6,sec::100-01-6::2,100-01-6,7,True
pair::100-01-6::1191-80-6::t0,100-01-6,1191-80-6,sec::1191-80-6::10,1191-80-6,2,True
pair::100-01-6::1191-80-6::t0,100-01-6,1191-80-6,sec::1191-80-6::2,1191-80-6,3,True
pair::100-01-6::1191-80-6::t1,100-01-6,1191-80-6,sec::100-01-6::10,100-01-6,6,True
pair::100-01-6::1191-80-6::t1,100-01-6,1191-80-6,sec::100-01-6::2,100-01-6,7,True
pair::100-01-6::1191-80-6::t1,100-01-6,1191-80-6,sec::1191-80-6::10,1191-80-6,1,True
pair::100-01-6::1191-80-6::t1,100-01-6,1191-80-6,sec::1191-80-6::2,1191-80-6,2,True
pair::100-01-6::1191-80-6::t2,100-01-6,1191-80-6,sec::100-01-6::10,100-01-6,5,True
pair::100-01-6::1191-80-6::t2,100-01-6,1191-80-6,sec::100-01-6::2,100-01-6,6,True
pair::100-01-6::1191-80-6::t2,100-01-6,1191-80-6,sec::1191-80-6::10,1191-80-6,1,True
pair::100-01-6::1191-80-6::t2,100-01-6,1191-80-6,sec::1191-80-6::2,1191-80-6,2,True
pair::100-01-6::1191-80-6::t3,100-01-6,1191-80-6,sec::100-01-6::10,100-01-6,4,True
pair::100-01-6::1191-80-6::t3,100-01-6,1191-80-6,sec::100-01-6::2,100-01-6,5,True
pair::100-01-6::1191-80-6::t3,100-01-6,1191-80-6,sec::1191-80-6::10,1191-80-6,1,True
pair::100-01-6::1191-80-6::t3,100-01-6,1191-80-6,sec::1191-80-6::2,1191-80-6,2,True
pair::100-01-6::1191-80-6::t4,100-01-6,1191-80-6,sec::100-01-6::10,100-01-6,4,True
pair::100-01-6::1191-80-6::t4,100-01-6,1191-80-6,sec::100-01-6::2,100-01-6,2,True
pair::100-01-6::1191-80-6::t4,100-01-6,1191-80-6,sec::1191-80-6::10,1191-80-6,3,True
pair::100-01-6::1191-80-6::t4,100-01-6,1191-80-6,sec::1191-80-6::2,1191-80-6,1,True
pair::1304-82-1::506-87-6::t0,1304-82-1,506-87-6,sec::1304-82-1::10,1304-82-1,1,True
pair::1304-82-1::506-87-6::t0,1304-82-1,506-87-6,sec::1304-82-1::2,1304-82-1,3,True
pair::1304-82-1::506-87-6::t0,1304-82-1,506-87-6,sec::506-87-6::10,506-87-6,2,True
pair::1304-82-1::506-87-6::t0,1304-82-1,506-87-6,sec::506-87-6::2,506-87-6,4,True
pair::1304-82-1::506-87-6::t1,1304-82-1,506-87-6,sec::1304-82-1::10,1304-82-1,2,True
pair::1304-82-1::506-87-6::t1,1304-82-1,506-87-6,sec::1304-82-1::2,1304-82-1,4,True
pair::1304-82-1::506-87-6::t1,1304-82-1,506-87-6,sec::506-87-6::10,506-87-6,1,True
pair::1304-82-1::506-87-6::t1,1304-82-1,506-87-6,sec::506-87-6::2,506-87-6,3,True
pair::1304-82-1::506-87-6::t2,1304-82-1,506-87-6,sec::1304-82-1::10,1304-82-1,3,True
pair::1304-82-1::506-87-6::t2,1304-82-1,506-87-6,sec::1304-82-1::2,1304-82-1,4,True
pair::1304-82-1::506-87-6::t2,1304-82-1,506-87-6,sec::506-87-6::10,506-87-6,1,True
pair::1304-82-1::506-87-6::t2,1304-82-1,506-87-6,sec::506-87-6::2,506-87-6,2,True
pair::1304-82-1::506-87-6::t3,1304-82-1,506-87-6,sec::1304-82-1::10,1304-82-1,2,True
pair::1304-82-1::506-87-6::t3,1304-82-1,506-87-6,sec::1304-82-1::2,1304-82-1,8,True
pair::1304-82-1::506-87-6::t3,1304-82-1,506-87-6,sec::506-87-6::10,506-87-6,1,True
pair::1304-82-1::506-87-6::t3,1304-82-1,506-87-6,sec::506-87-6::2,506-87-6,5,True
pair::1304-82-1::506-87-6::t4,1304-82-1,506-87-6,sec::1304-82-1::10,1304-82-1,3,True
pair::1304-82-1::506-87-6::t4,1304-82-1,506-87-6,sec::1304-82-1::2,1304-82-1,4,True
pair::1304-82-1::506-87-6::t4,1304-82-1,506-87-6,sec::506-87-6::10,506-87-6,2,True
pair::1304-82-1::506-87-6::t4,1304-82-1,506-87-6,sec::506-87-6::2,506-87-6,1,True
pair::10026-17-2::115-19-5::t0,10026-17-2,115-19-5,sec::10026-17-2::10,10026-17-2,1,True
pair::10026-17-2::115-19-5::t0,10026-17-2,115-19-5,sec::10026-17-2::2,10026-17-2,2,True
pair::10026-17-2::115-19-5::t0,10026-17-2,115-19-5,sec::115-19-5::10,115-19-5,3,True
pair::10026-17-2::115-19-5::t0,10026-17-2,115-19-5,sec::115-19-5::2,115-19-5,4,True
pair::10026-17-2::115-19-5::t1,10026-17-2,115-19-5,sec::10026-17-2::10,10026-17-2,2,True
pair::10026-17-2::115-19-5::t1,10026-17-2,115-19-5,sec::10026-17-2::2,10026-17-2,1,True
pair::10026-17-2::115-19-5::t1,10026-17-2,115-19-5,sec::115-19-5::10,115-19-5,3,True
pair::10026-17-2::115-19-5::t1,10026-17-2,115-19-5,sec::115-19-5::2,115-19-5,4,True
pair::10026-17-2::115-19-5::t2,10026-17-2,115-19-5,sec::10026-17-2::10,10026-17-2,1,True
pair::10026-17-2::115-19-5::t2,10026-17-2,115-19-5,sec::10026-17-2::2,10026-17-2,2,True
pair::10026-17-2::115-19-5::t2,10026-17-2,115-19-5,sec::115-19-5::10,115-19-5,3,True
pair::10026-17-2::115-19-5::t2,10026-17-2,115-19-5,sec::115-19-5::2,115-19-5,4,True
pair::10026-17-2::115-19-5::t3,10026-17-2,115-19-5,sec::10026-17-2::10,10026-17-2,1,True
pair::10026-17-2::115-19-5::t3,10026-17-2,115-19-5,sec::10026-17-2::2,10026-17-2,3,True
pair::10026-17-2::115-19-5::t3,10026-17-2,115-19-5,sec::115-19-5::10,115-19-5,2,True
pair::10026-17-2::115-19-5::t3,10026-17-2,115-19-5,sec::115-19-5::2,115-19-5,4,True
pair::10026-17-2::115-19-5::t4,10026-17-2,115-19-5,sec::10026-17-2::10,10026-17-2,2,True
pair::10026-17-2::115-19-5::t4,10026-17-2,115-19-5,sec::10026-17-2::2,10026-17-2,1,True
pair::10026-17-2::115-19-5::t4,10026-17-2,115-19-5,sec::115-19-5::10,115-19-5,4,True
pair::10026-17-2::115-19-5::t4,10026-17-2,115-19-5,sec::115-19-5::2,115-19-5,3,True
pair::10016-20-3::102-01-2::t0,10016-20-3,102-01-2,sec::10016-20-3::10,10016-20-3,1,True
pair::10016-20-3::102-01-2::t0,10016-20-3,102-01-2,sec::10016-20-3::2,10016-20-3,2,True
pair::10016-20-3::102-01-2::t0,10016-20-3,102-01-2,sec::102-01-2::10,102-01-2,3,True
pair::10016-20-3::102-01-2::t0,10016-20-3,102-01-2,sec::102-01-2::2,102-01-2,10,True
pair::10016-20-3::102-01-2::t1,10016-20-3,102-01-2,sec::10016-20-3::10,10016-20-3,1,True
pair::10016-20-3::102-01-2::t1,10016-20-3,102-01-2,sec::10016-20-3::2,10016-20-3,2,True
pair::10016-20-3::102-01-2::t1,10016-20-3,102-01-2,sec::102-01-2::10,102-01-2,4,True
pair::10016-20-3::102-01-2::t1,10016-20-3,102-01-2,sec::102-01-2::2,102-01-2,3,True
pair::10016-20-3::102-01-2::t2,10016-20-3,102-01-2,sec::10016-20-3::10,10016-20-3,1,True
pair::10016-20-3::102-01-2::t2,10016-20-3,102-01-2,sec::10016-20-3::2,10016-20-3,2,True
pair::10016-20-3::102-01-2::t2,10016-20-3,102-01-2,sec::102-01-2::10,102-01-2,4,True
pair::10016-20-3::102-01-2::t2,10016-20-3,102-01-2,sec::102-01-2::2,102-01-2,3,True
pair::10016-20-3::102-01-2::t3,10016-20-3,102-01-2,sec::10016-20-3::10,10016-20-3,1,True
pair::10016-20-3::102-01-2::t3,10016-20-3,102-01-2,sec::10016-20-3::2,10016-20-3,2,True
pair::10016-20-3::102-01-2::t3,10016-20-3,102-01-2,sec::102-01-2::10,102-01-2,3,True
pair::10016-20-3::102-01-2::t3,10016-20-3,102-01-2,sec::102-01-2::2,102-01-2,4,True
pair::10016-20-3::102-01-2::t4,10016-20-3,102-01-2,sec::10016-20-3::10,10016-20-3,2,True
pair::10016-20-3::102-01-2::t4,10016-20-3,102-01-2,sec::10016-20-3::2,10016-20-3,1,True
pair::10016-20-3::102-01-2::t4,10016-20-3,102-01-2,sec::102-01-2::10,102-01-2,4,True
pair::10016-20-3::102-01-2::t4,10016-20-3,102-01-2,sec::102-01-2::2,102-01-2,3,True
pair::10112-91-1::60-00-4::t0,10112-91-1,60-00-4,sec::10112-91-1::10,10112-91-1,1,True
pair::10112-91-1::60-00-4::t0,10112-91-1,60-00-4,sec::10112-91-1::2,10112-91-1,4,True
pair::10112-91-1::60-00-4::t0,10112-91-1,60-00-4,sec::60-00-4::10,60-00-4,2,True
pair::10112-91-1::60-00-4::t0,10112-91-1,60-00-4,sec::60-00-4::2,60-00-4,20,True
pair::10112-91-1::60-00-4::t1,10112-91-1,60-00-4,sec::10112-91-1::10,10112-91-1,1,True
pair::10112-91-1::60-00-4::t1,10112-91-1,60-00-4,sec::10112-91-1::2,10112-91-1,2,True
pair::10112-91-1::60-00-4::t1,10112-91-1,60-00-4,sec::60-00-4::10,60-00-4,7,True
pair::10112-91-1::60-00-4::t1,10112-91-1,60-00-4,sec::60-00-4::2,60-00-4,12,True
pair::10112-91-1::60-00-4::t2,10112-91-1,60-00-4,sec::10112-91-1::10,10112-91-1,1,True
pair::10112-91-1::60-00-4::t2,10112-91-1,60-00-4,sec::10112-91-1::2,10112-91-1,2,True
pair::10112-91-1::60-00-4::t2,10112-91-1,60-00-4,sec::60-00-4::10,60-00-4,9,True
pair::10112-91-1::60-00-4::t2,10112-91-1,60-00-4,sec::60-00-4::2,60-00-4,7,True
pair::10112-91-1::60-00-4::t3,10112-91-1,60-00-4,sec::10112-91-1::10,10112-91-1,1,True
pair::10112-91-1::60-00-4::t3,10112-91-1,60-00-4,sec::10112-91-1::2,10112-91-1,4,True
pair::10112-91-1::60-00-4::t3,10112-91-1,60-00-4,sec::60-00-4::10,60-00-4,2,True
pair::10112-91-1::60-00-4::t3,10112-91-1,60-00-4,sec::60-00-4::2,60-00-4,,True
pair::10112-91-1::60-00-4::t4,10112-91-1,60-00-4,sec::10112-91-1::10,10112-91-1,2,True
pair::10112-91-1::60-00-4::t4,10112-91-1,60-00-4,sec::10112-91-1::2,10112-91-1,1,True
pair::10112-91-1::60-00-4::t4,10112-91-1,60-00-4,sec::60-00-4::10,60-00-4,,True
pair::10112-91-1::60-00-4::t4,10112-91-1,60-00-4,sec::60-00-4::2,60-00-4,7,True
pair::10099-74-8::12002-43-6::t0,10099-74-8,12002-43-6,sec::10099-74-8::10,10099-74-8,3,True
pair::10099-74-8::12002-43-6::t0,10099-74-8,12002-43-6,sec::10099-74-8::2,10099-74-8,4,True
pair::10099-74-8::12002-43-6::t0,10099-74-8,12002-43-6,sec::12002-43-6::10,12002-43-6,1,True
pair::10099-74-8::12002-43-6::t0,10099-74-8,12002-43-6,sec::12002-43-6::2,12002-43-6,2,True
pair::10099-74-8::12002-43-6::t1,10099-74-8,12002-43-6,sec::10099-74-8::10,10099-74-8,1,True
pair::10099-74-8::12002-43-6::t1,10099-74-8,12002-43-6,sec::10099-74-8::2,10099-74-8,3,True
pair::10099-74-8::12002-43-6::t1,10099-74-8,12002-43-6,sec::12002-43-6::10,12002-43-6,2,True
pair::10099-74-8::12002-43-6::t1,10099-74-8,12002-43-6,sec::12002-43-6::2,12002-43-6,4,True
pair::10099-74-8::12002-43-6::t2,10099-74-8,12002-43-6,sec::10099-74-8::10,10099-74-8,3,True
pair::10099-74-8::12002-43-6::t2,10099-74-8,12002-43-6,sec::10099-74-8::2,10099-74-8,1,True
pair::10099-74-8::12002-43-6::t2,10099-74-8,12002-43-6,sec::12002-43-6::10,12002-43-6,4,True
pair::10099-74-8::12002-43-6::t2,10099-74-8,12002-43-6,sec::12002-43-6::2,12002-43-6,2,True
pair::10099-74-8::12002-43-6::t3,10099-74-8,12002-43-6,sec::10099-74-8::10,10099-74-8,2,True
pair::10099-74-8::12002-43-6::t3,10099-74-8,12002-43-6,sec::10099-74-8::2,10099-74-8,4,True
pair::10099-74-8::12002-43-6::t3,10099-74-8,12002-43-6,sec::12002-43-6::10,12002-43-6,1,True
pair::10099-74-8::12002-43-6::t3,10099-74-8,12002-43-6,sec::12002-43-6::2,12002-43-6,3,True
pair::10099-74-8::12002-43-6::t4,10099-74-8,12002-43-6,sec::10099-74-8::10,10099-74-8,2,True
pair::10099-74-8::12002-43-6::t4,10099-74-8,12002-43-6,sec::10099-74-8::2,10099-74-8,4,True
pair::10099-74-8::12002-43-6::t4,10099-74-8,12002-43-6,sec::12002-43-6::10,12002-43-6,1,True
pair::10099-74-8::12002-43-6::t4,10099-74-8,12002-43-6,sec::12002-43-6::2,12002-43-6,3,True
pair::1002-89-7::107-94-8::t0,1002-89-7,107-94-8,sec::1002-89-7::10,1002-89-7,1,True
pair::1002-89-7::107-94-8::t0,1002-89-7,107-94-8,sec::1002-89-7::2,1002-89-7,2,True
pair::1002-89-7::107-94-8::t0,1002-89-7,107-94-8,sec::107-94-8::10,107-94-8,3,True
pair::1002-89-7::107-94-8::t0,1002-89-7,107-94-8,sec::107-94-8::2,107-94-8,14,True
pair::1002-89-7::107-94-8::t1,1002-89-7,107-94-8,sec::1002-89-7::10,1002-89-7,1,True
pair::1002-89-7::107-94-8::t1,1002-89-7,107-94-8,sec::1002-89-7::2,1002-89-7,2,True
pair::1002-89-7::107-94-8::t1,1002-89-7,107-94-8,sec::107-94-8::10,107-94-8,3,True
pair::1002-89-7::107-94-8::t1,1002-89-7,107-94-8,sec::107-94-8::2,107-94-8,4,True
pair::1002-89-7::107-94-8::t2,1002-89-7,107-94-8,sec::1002-89-7::10,1002-89-7,1,True
pair::1002-89-7::107-94-8::t2,1002-89-7,107-94-8,sec::1002-89-7::2,1002-89-7,2,True
pair::1002-89-7::107-94-8::t2,1002-89-7,107-94-8,sec::107-94-8::10,107-94-8,3,True
pair::1002-89-7::107-94-8::t2,1002-89-7,107-94-8,sec::107-94-8::2,107-94-8,4,True
pair::1002-89-7::107-94-8::t3,1002-89-7,107-94-8,sec::1002-89-7::10,1002-89-7,1,True
pair::1002-89-7::107-94-8::t3,1002-89-7,107-94-8,sec::1002-89-7::2,1002-89-7,2,True
pair::1002-89-7::107-94-8::t3,1002-89-7,107-94-8,sec::107-94-8::10,107-94-8,3,True
pair::1002-89-7::107-94-8::t3,1002-89-7,107-94-8,sec::107-94-8::2,107-94-8,20,True
pair::1002-89-7::107-94-8::t4,1002-89-7,107-94-8,sec::1002-89-7::10,1002-89-7,1,True
pair::1002-89-7::107-94-8::t4,1002-89-7,107-94-8,sec::1002-89-7::2,1002-89-7,2,True
pair::1002-89-7::107-94-8::t4,1002-89-7,107-94-8,sec::107-94-8::10,107-94-8,3,True
pair::1002-89-7::107-94-8::t4,1002-89-7,107-94-8,sec::107-94-8::2,107-94-8,4,True
pair::103-09-3::107-81-3::t0,103-09-3,107-81-3,sec::103-09-3::10,103-09-3,1,False
pair::103-09-3::107-81-3::t0,103-09-3,107-81-3,sec::103-09-3::2,103-09-3,4,False
pair::103-09-3::107-81-3::t0,103-09-3,107-81-3,sec::107-81-3::10,107-81-3,3,False
pair::103-09-3::107-81-3::t0,103-09-3,107-81-3,sec::107-81-3::2,107-81-3,7,False
pair::103-09-3::107-81-3::t1,103-09-3,107-81-3,sec::103-09-3::10,103-09-3,3,False
pair::103-09-3::107-81-3::t1,103-09-3,107-81-3,sec::103-09-3::2,103-09-3,4,False
pair::103-09-3::107-81-3::t1,103-09-3,107-81-3,sec::107-81-3::10,107-81-3,2,False
pair::103-09-3::107-81-3::t1,103-09-3,107-81-3,sec::107-81-3::2,107-81-3,1,False
pair::103-09-3::107-81-3::t2,103-09-3,107-81-3,sec::103-09-3::10,103-09-3,1,False
pair::103-09-3::107-81-3::t2,103-09-3,107-81-3,sec::103-09-3::2,103-09-3,4,False
pair::103-09-3::107-81-3::t2,103-09-3,107-81-3,sec::107-81-3::10,107-81-3,2,False
pair::103-09-3::107-81-3::t2,103-09-3,107-81-3,sec::107-81-3::2,107-81-3,3,False
pair::103-09-3::107-81-3::t3,103-09-3,107-81-3,sec::103-09-3::10,103-09-3,1,False
pair::103-09-3::107-81-3::t3,103-09-3,107-81-3,sec::103-09-3::2,103-09-3,8,False
pair::103-09-3::107-81-3::t3,103-09-3,107-81-3,sec::107-81-3::10,107-81-3,2,False
pair::103-09-3::107-81-3::t3,103-09-3,107-81-3,sec::107-81-3::2,107-81-3,4,False
pair::103-09-3::107-81-3::t4,103-09-3,107-81-3,sec::103-09-3::10,103-09-3,4,False
pair::103-09-3::107-81-3::t4,103-09-3,107-81-3,sec::103-09-3::2,103-09-3,3,False
pair::103-09-3::107-81-3::t4,103-09-3,107-81-3,sec::107-81-3::10,107-81-3,2,False
pair::103-09-3::107-81-3::t4,103-09-3,107-81-3,sec::107-81-3::2,107-81-3,1,False
pair::107-04-0::1304-82-1::t0,107-04-0,1304-82-1,sec::107-04-0::10,107-04-0,1,True
pair::107-04-0::1304-82-1::t0,107-04-0,1304-82-1,sec::107-04-0::2,107-04-0,2,True
pair::107-04-0::1304-82-1::t0,107-04-0,1304-82-1,sec::1304-82-1::10,1304-82-1,4,True
pair::107-04-0::1304-82-1::t0,107-04-0,1304-82-1,sec::1304-82-1::2,1304-82-1,3,True
pair::107-04-0::1304-82-1::t1,107-04-0,1304-82-1,sec::107-04-0::10,107-04-0,2,True
pair::107-04-0::1304-82-1::t1,107-04-0,1304-82-1,sec::107-04-0::2,107-04-0,1,True
pair::107-04-0::1304-82-1::t1,107-04-0,1304-82-1,sec::1304-82-1::10,1304-82-1,3,True
pair::107-04-0::1304-82-1::t1,107-04-0,1304-82-1,sec::1304-82-1::2,1304-82-1,4,True
pair::107-04-0::1304-82-1::t2,107-04-0,1304-82-1,sec::107-04-0::10,107-04-0,2,True
pair::107-04-0::1304-82-1::t2,107-04-0,1304-82-1,sec::107-04-0::2,107-04-0,3,True
pair::107-04-0::1304-82-1::t2,107-04-0,1304-82-1,sec::1304-82-1::10,1304-82-1,4,True
pair::107-04-0::1304-82-1::t2,107-04-0,1304-82-1,sec::1304-82-1::2,1304-82-1,1,True
pair::107-04-0::1304-82-1::t3,107-04-0,1304-82-1,sec::107-04-0::10,107-04-0,1,True
pair::107-04-0::1304-82-1::t3,107-04-0,1304-82-1,sec::107-04-0::2,107-04-0,4,True
pair::107-04-0::1304-82-1::t3,107-04-0,1304-82-1,sec::1304-82-1::10,1304-82-1,2,True
pair::107-04-0::1304-82-1::t3,107-04-0,1304-82-1,sec::1304-82-1::2,1304-82-1,3,True
pair::107-04-0::1304-82-1::t4,107-04-0,1304-82-1,sec::107-04-0::10,107-04-0,3,True
pair::107-04-0::1304-82-1::t4,107-04-0,1304-82-1,sec::107-04-0::2,107-04-0,1,True
pair::107-04-0::1304-82-1::t4,107-04-0,1304-82-1,sec::1304-82-1::10,1304-82-1,4,True
pair::107-04-0::1304-82-1::t4,107-04-0,1304-82-1,sec::1304-82-1::2,1304-82-1,2,True
pair::10361-37-2::12125-01-8::t0,10361-37-2,12125-01-8,sec::10361-37-2::10,10361-37-2,3,True
pair::10361-37-2::12125-01-8::t0,10361-37-2,12125-01-8,sec::10361-37-2::2,10361-37-2,13,True
pair::10361-37-2::12125-01-8::t0,10361-37-2,12125-01-8,sec::12125-01-8::10,12125-01-8,1,True
pair::10361-37-2::12125-01-8::t0,10361-37-2,12125-01-8,sec::12125-01-8::2,12125-01-8,4,True
pair::10361-37-2::12125-01-8::t1,10361-37-2,12125-01-8,sec::10361-37-2::10,10361-37-2,4,True
pair::10361-37-2::12125-01-8::t1,10361-37-2,12125-01-8,sec::10361-37-2::2,10361-37-2,5,True
pair::10361-37-2::12125-01-8::t1,10361-37-2,12125-01-8,sec::12125-01-8::10,12125-01-8,1,True
pair::10361-37-2::12125-01-8::t1,10361-37-2,12125-01-8,sec::12125-01-8::2,12125-01-8,2,True
pair::10361-37-2::12125-01-8::t2,10361-37-2,12125-01-8,sec::10361-37-2::10,10361-37-2,3,True
pair::10361-37-2::12125-01-8::t2,10361-37-2,12125-01-8,sec::10361-37-2::2,10361-37-2,5,True
pair::10361-37-2::12125-01-8::t2,10361-37-2,12125-01-8,sec::12125-01-8::10,12125-01-8,1,True
pair::10361-37-2::12125-01-8::t2,10361-37-2,12125-01-8,sec::12125-01-8::2,12125-01-8,2,True
pair::10361-37-2::12125-01-8::t3,10361-37-2,12125-01-8,sec::10361-37-2::10,10361-37-2,2,True
pair::10361-37-2::12125-01-8::t3,10361-37-2,12125-01-8,sec::10361-37-2::2,10361-37-2,,True
pair::10361-37-2::12125-01-8::t3,10361-37-2,12125-01-8,sec::12125-01-8::10,12125-01-8,1,True
pair::10361-37-2::12125-01-8::t3,10361-37-2,12125-01-8,sec::12125-01-8::2,12125-01-8,16,True
pair::10361-37-2::12125-01-8::t4,10361-37-2,12125-01-8,sec::10361-37-2::10,10361-37-2,9,True
pair::10361-37-2::12125-01-8::t4,10361-37-2,12125-01-8,sec::10361-37-2::2,10361-37-2,6,True
pair::10361-37-2::12125-01-8::t4,10361-37-2,12125-01-8,sec::12125-01-8::10,12125-01-8,2,True
pair::10361-37-2::12125-01-8::t4,10361-37-2,12125-01-8,sec::12125-01-8::2,12125-01-8,1,True
pair::115-19-5::497-19-8::t0,115-19-5,497-19-8,sec::115-19-5::10,115-19-5,1,True
pair::115-19-5::497-19-8::t0,115-19-5,497-19-8,sec::115-19-5::2,115-19-5,2,True
pair::115-19-5::497-19-8::t0,115-19-5,497-19-8,sec::497-19-8::10,497-19-8,,True
pair::115-19-5::497-19-8::t0,115-19-5,497-19-8,sec::497-19-8::2,497-19-8,,True
pair::115-19-5::497-19-8::t1,115-19-5,497-19-8,sec::115-19-5::10,115-19-5,1,True
pair::115-19-5::497-19-8::t1,115-19-5,497-19-8,sec::115-19-5::2,115-19-5,2,True
pair::115-19-5::497-19-8::t1,115-19-5,497-19-8,sec::497-19-8::10,497-19-8,,True
pair::115-19-5::497-19-8::t1,115-19-5,497-19-8,sec::497-19-8::2,497-19-8,,True
pair::115-19-5::497-19-8::t2,115-19-5,497-19-8,sec::115-19-5::10,115-19-5,1,True
pair::115-19-5::497-19-8::t2,115-19-5,497-19-8,sec::115-19-5::2,115-19-5,2,True
pair::115-19-5::497-19-8::t2,115-19-5,497-19-8,sec::497-19-8::10,497-19-8,,True
pair::115-19-5::497-19-8::t2,115-19-5,497-19-8,sec::497-19-8::2,497-19-8,,True
pair::115-19-5::497-19-8::t3,115-19-5,497-19-8,sec::115-19-5::10,115-19-5,1,True
pair::115-19-5::497-19-8::t3,115-19-5,497-19-8,sec::115-19-5::2,115-19-5,2,True
pair::115-19-5::497-19-8::t3,115-19-5,497-19-8,sec::497-19-8::10,497-19-8,,True
pair::115-19-5::497-19-8::t3,115-19-5,497-19-8,sec::497-19-8::2,497-19-8,,True
pair::115-19-5::497-19-8::t4,115-19-5,497-19-8,sec::115-19-5::10,115-19-5,2,True
pair::115-19-5::497-19-8::t4,115-19-5,497-19-8,sec::115-19-5::2,115-19-5,1,True
pair::115-19-5::497-19-8::t4,115-19-5,497-19-8,sec::497-19-8::10,497-19-8,,True
pair::115-19-5::497-19-8::t4,115-19-5,497-19-8,sec::497-19-8::2,497-19-8,,True
pair::104-72-3::11138-49-1::t0,104-72-3,11138-49-1,sec::104-72-3::10,104-72-3,1,True
pair::104-72-3::11138-49-1::t0,104-72-3,11138-49-1,sec::104-72-3::2,104-72-3,5,True
pair::104-72-3::11138-49-1::t0,104-72-3,11138-49-1,sec::11138-49-1::10,11138-49-1,2,True
pair::104-72-3::11138-49-1::t0,104-72-3,11138-49-1,sec::11138-49-1::2,11138-49-1,3,True
pair::104-72-3::11138-49-1::t1,104-72-3,11138-49-1,sec::104-72-3::10,104-72-3,3,True
pair::104-72-3::11138-49-1::t1,104-72-3,11138-49-1,sec::104-72-3::2,104-72-3,1,True
pair::104-72-3::11138-49-1::t1,104-72-3,11138-49-1,sec::11138-49-1::10,11138-49-1,2,True
pair::104-72-3::11138-49-1::t1,104-72-3,11138-49-1,sec::11138-49-1::2,11138-49-1,4,True
pair::104-72-3::11138-49-1::t2,104-72-3,11138-49-1,sec::104-72-3::10,104-72-3,3,True
pair::104-72-3::11138-49-1::t2,104-72-3,11138-49-1,sec::104-72-3::2,104-72-3,1,True
pair::104-72-3::11138-49-1::t2,104-72-3,11138-49-1,sec::11138-49-1::10,11138-49-1,4,True
pair::104-72-3::11138-49-1::t2,104-72-3,11138-49-1,sec::11138-49-1::2,11138-49-1,2,True
pair::104-72-3::11138-49-1::t3,104-72-3,11138-49-1,sec::104-72-3::10,104-72-3,1,True
pair::104-72-3::11138-49-1::t3,104-72-3,11138-49-1,sec::104-72-3::2,104-72-3,14,True
pair::104-72-3::11138-49-1::t3,104-72-3,11138-49-1,sec::11138-49-1::10,11138-49-1,2,True
pair::104-72-3::11138-49-1::t3,104-72-3,11138-49-1,sec::11138-49-1::2,11138-49-1,9,True
pair::104-72-3::11138-49-1::t4,104-72-3,11138-49-1,sec::104-72-3::10,104-72-3,4,True
pair::104-72-3::11138-49-1::t4,104-72-3,11138-49-1,sec::104-72-3::2,104-72-3,1,True
pair::104-72-3::11138-49-1::t4,104-72-3,11138-49-1,sec::11138-49-1::10,11138-49-1,2,True
pair::104-72-3::11138-49-1::t4,104-72-3,11138-49-1,sec::11138-49-1::2,11138-49-1,3,True
pair::100-02-7::102-08-9::t0,100-02-7,102-08-9,sec::100-02-7::10,100-02-7,1,True
pair::100-02-7::102-08-9::t0,100-02-7,102-08-9,sec::100-02-7::2::p1,100-02-7,20,True
pair::100-02-7::102-08-9::t0,100-02-7,102-08-9,sec::100-02-7::2::p2,100-02-7,,True
pair::100-02-7::102-08-9::t0,100-02-7,102-08-9,sec::102-08-9::10,102-08-9,3,True
pair::100-02-7::102-08-9::t0,100-02-7,102-08-9,sec::102-08-9::2,102-08-9,9,True
pair::100-02-7::102-08-9::t1,100-02-7,102-08-9,sec::100-02-7::10,100-02-7,1,True
pair::100-02-7::102-08-9::t1,100-02-7,102-08-9,sec::100-02-7::2::p1,100-02-7,10,True
pair::100-02-7::102-08-9::t1,100-02-7,102-08-9,sec::100-02-7::2::p2,100-02-7,,True
pair::100-02-7::102-08-9::t1,100-02-7,102-08-9,sec::102-08-9::10,102-08-9,3,True
pair::100-02-7::102-08-9::t1,100-02-7,102-08-9,sec::102-08-9::2,102-08-9,2,True
pair::100-02-7::102-08-9::t2,100-02-7,102-08-9,sec::100-02-7::10,100-02-7,3,True
pair::100-02-7::102-08-9::t2,100-02-7,102-08-9,sec::100-02-7::2::p1,100-02-7,5,True
pair::100-02-7::102-08-9::t2,100-02-7,102-08-9,sec::100-02-7::2::p2,100-02-7,,True
pair::100-02-7::102-08-9::t2,100-02-7,102-08-9,sec::102-08-9::10,102-08-9,2,True
pair::100-02-7::102-08-9::t2,100-02-7,102-08-9,sec::102-08-9::2,102-08-9,1,True
pair::100-02-7::102-08-9::t3,100-02-7,102-08-9,sec::100-02-7::10,100-02-7,4,True
pair::100-02-7::102-08-9::t3,100-02-7,102-08-9,sec::100-02-7::2::p1,100-02-7,10,True
pair::100-02-7::102-08-9::t3,100-02-7,102-08-9,sec::100-02-7::2::p2,100-02-7,,True
pair::100-02-7::102-08-9::t3,100-02-7,102-08-9,sec::102-08-9::10,102-08-9,1,True
pair::100-02-7::102-08-9::t3,100-02-7,102-08-9,sec::102-08-9::2,102-08-9,2,True
pair::100-02-7::102-08-9::t4,100-02-7,102-08-9,sec::100-02-7::10,100-02-7,9,True
pair::100-02-7::102-08-9::t4,100-02-7,102-08-9,sec::100-02-7::2::p1,100-02-7,,True
pair::100-02-7::102-08-9::t4,100-02-7,102-08-9,sec::100-02-7::2::p2,100-02-7,,True
pair::100-02-7::102-08-9::t4,100-02-7,102-08-9,sec::102-08-9::10,102-08-9,3,True
pair::100-02-7::102-08-9::t4,100-02-7,102-08-9,sec::102-08-9::2,102-08-9,1,True
pair::104-72-3::104-88-1::t0,104-72-3,104-88-1,sec::104-72-3::10,104-72-3,3,True
pair::104-72-3::104-88-1::t0,104-72-3,104-88-1,sec::104-72-3::2,104-72-3,2,True
pair::104-72-3::104-88-1::t0,104-72-3,104-88-1,sec::104-88-1::10,104-88-1,1,True
pair::104-72-3::104-88-1::t0,104-72-3,104-88-1,sec::104-88-1::2,104-88-1,4,True
pair::104-72-3::104-88-1::t1,104-72-3,104-88-1,sec::104-72-3::10,104-72-3,4,True
pair::104-72-3::104-88-1::t1,104-72-3,104-88-1,sec::104-72-3::2,104-72-3,3,True
pair::104-72-3::104-88-1::t1,104-72-3,104-88-1,sec::104-88-1::10,104-88-1,1,True
pair::104-72-3::104-88-1::t1,104-72-3,104-88-1,sec::104-88-1::2,104-88-1,2,True
pair::104-72-3::104-88-1::t2,104-72-3,104-88-1,sec::104-72-3::10,104-72-3,4,True
pair::104-72-3::104-88-1::t2,104-72-3,104-88-1,sec::104-72-3::2,104-72-3,1,True
pair::104-72-3::104-88-1::t2,104-72-3,104-88-1,sec::104-88-1::10,104-88-1,3,True
pair::104-72-3::104-88-1::t2,104-72-3,104-88-1,sec::104-88-1::2,104-88-1,2,True
pair::104-72-3::104-88-1::t3,104-72-3,104-88-1,sec::104-72-3::10,104-72-3,2,True
pair::104-72-3::104-88-1::t3,104-72-3,104-88-1,sec::104-72-3::2,104-72-3,3,True
pair::104-72-3::104-88-1::t3,104-72-3,104-88-1,sec::104-88-1::10,104-88-1,1,True
pair::104-72-3::104-88-1::t3,104-72-3,104-88-1,sec::104-88-1::2,104-88-1,5,True
pair::104-72-3::104-88-1::t4,104-72-3,104-88-1,sec::104-72-3::10,104-72-3,4,True
pair::104-72-3::104-88-1::t4,104-72-3,104-88-1,sec::104-72-3::2,104-72-3,1,True
pair::104-72-3::104-88-1::t4,104-72-3,104-88-1,sec::104-88-1::10,104-88-1,2,True
pair::104-72-3::104-88-1::t4,104-72-3,104-88-1,sec::104-88-1::2,104-88-1,3,True
pair::10031-87-5::107-97-1::t0,10031-87-5,107-97-1,sec::10031-87-5::10,10031-87-5,1,True
pair::10031-87-5::107-97-1::t0,10031-87-5,107-97-1,sec::10031-87-5::2,10031-87-5,2,True
pair::10031-87-5::107-97-1::t0,10031-87-5,107-97-1,sec::107-97-1::10,107-97-1,4,True
pair::10031-87-5::107-97-1::t0,10031-87-5,107-97-1,sec::107-97-1::2,107-97-1,,True
pair::10031-87-5::107-97-1::t1,10031-87-5,107-97-1,sec::10031-87-5::10,10031-87-5,2,True
pair::10031-87-5::107-97-1::t1,10031-87-5,107-97-1,sec::10031-87-5::2,10031-87-5,1,True
pair::10031-87-5::107-97-1::t1,10031-87-5,107-97-1,sec::107-97-1::10,107-97-1,3,True
pair::10031-87-5::107-97-1::t1,10031-87-5,107-97-1,sec::107-97-1::2,107-97-1,6,True
pair::10031-87-5::107-97-1::t2,10031-87-5,107-97-1,sec::10031-87-5::10,10031-87-5,1,True
pair::10031-87-5::107-97-1::t2,10031-87-5,107-97-1,sec::10031-87-5::2,10031-87-5,2,True
pair::10031-87-5::107-97-1::t2,10031-87-5,107-97-1,sec::107-97-1::10,107-97-1,5,True
pair::10031-87-5::107-97-1::t2,10031-87-5,107-97-1,sec::107-97-1::2,107-97-1,6,True
pair::10031-87-5::107-97-1::t3,10031-87-5,107-97-1,sec::10031-87-5::10,10031-87-5,1,True
pair::10031-87-5::107-97-1::t3,10031-87-5,107-97-1,sec::10031-87-5::2,10031-87-5,2,True
pair::10031-87-5::107-97-1::t3,10031-87-5,107-97-1,sec::107-97-1::10,107-97-1,4,True
pair::10031-87-5::107-97-1::t3,10031-87-5,107-97-1,sec::107-97-1::2,107-97-1,,True
pair::10031-87-5::107-97-1::t4,10031-87-5,107-97-1,sec::10031-87-5::10,10031-87-5,2,True
pair::10031-87-5::107-97-1::t4,10031-87-5,107-97-1,sec::10031-87-5::2,10031-87-5,1,True
pair::10031-87-5::107-97-1::t4,10031-87-5,107-97-1,sec::107-97-1::10,107-97-1,4,True
pair::10031-87-5::107-97-1::t4,10031-87-5,107-97-1,sec::107-97-1::2,107-97-1,19,True
pair::103-50-4::13718-59-7::t0,103-50-4,13718-59-7,sec::103-50-4::10,103-50-4,5,True
pair::103-50-4::13718-59-7::t0,103-50-4,13718-59-7,sec::103-50-4::2,103-50-4,,True
pair::103-50-4::13718-59-7::t0,103-50-4,13718-59-7,sec::13718-59-7::10,13718-59-7,1,True
pair::103-50-4::13718-59-7::t0,103-50-4,13718-59-7,sec::13718-59-7::2,13718-59-7,3,True
pair::103-50-4::13718-59-7::t1,103-50-4,13718-59-7,sec::103-50-4::10,103-50-4,5,True
pair::103-50-4::13718-59-7::t1,103-50-4,13718-59-7,sec::103-50-4::2,103-50-4,16,True
pair::103-50-4::13718-59-7::t1,103-50-4,13718-59-7,sec::13718-59-7::10,13718-59-7,1,True
pair::103-50-4::13718-59-7::t1,103-50-4,13718-59-7,sec::13718-59-7::2,13718-59-7,2,True
pair::103-50-4::13718-59-7::t2,103-50-4,13718-59-7,sec::103-50-4::10,103-50-4,5,True
pair::103-50-4::13718-59-7::t2,103-50-4,13718-59-7,sec::103-50-4::2,103-50-4,14,True
pair::103-50-4::13718-59-7::t2,103-50-4,13718-59-7,sec::13718-59-7::10,13718-59-7,1,True
pair::103-50-4::13718-59-7::t2,103-50-4,13718-59-7,sec::13718-59-7::2,13718-59-7,2,True
pair::103-50-4::13718-59-7::t3,103-50-4,13718-59-7,sec::103-50-4::10,103-50-4,5,True
pair::103-50-4::13718-59-7::t3,103-50-4,13718-59-7,sec::103-50-4::2,103-50-4,,True
pair::103-50-4::13718-59-7::t3,103-50-4,13718-59-7,sec::13718-59-7::10,13718-59-7,1,True
pair::103-50-4::13718-59-7::t3,103-50-4,13718-59-7,sec::13718-59-7::2,13718-59-7,4,True
pair::103-50-4::13718-59-7::t4,103-50-4,13718-59-7,sec::103-50-4::10,103-50-4,13,True
pair::103-50-4::13718-59-7::t4,103-50-4,13718-59-7,sec::103-50-4::2,103-50-4,6,True
pair::103-50-4::13718-59-7::t4,103-50-4,13718-59-7,sec::13718-59-7::10,13718-59-7,1,True
pair::103-50-4::13718-59-7::t4,103-50-4,13718-59-7,sec::13718-59-7::2,13718-59-7,2,True
pair::10048-95-0::151-21-3::t0,10048-95-0,151-21-3,sec::10048-95-0::10,10048-95-0,1,True
pair::10048-95-0::151-21-3::t0,10048-95-0,151-21-3,sec::10048-95-0::2,10048-95-0,2,True
pair::10048-95-0::151-21-3::t0,10048-95-0,151-21-3,sec::151-21-3::10,151-21-3,3,True
pair::10048-95-0::151-21-3::t0,10048-95-0,151-21-3,sec::151-21-3::2,151-21-3,8,True
pair::10048-95-0::151-21-3::t1,10048-95-0,151-21-3,sec::10048-95-0::10,10048-95-0,1,True
pair::10048-95-0::151-21-3::t1,10048-95-0,151-21-3,sec::10048-95-0::2,10048-95-0,2,True
pair::10048-95-0::151-21-3::t1,10048-95-0,151-21-3,sec::151-21-3::10,151-21-3,3,True
pair::10048-95-0::151-21-3::t1,10048-95-0,151-21-3,sec::151-21-3::2,151-21-3,4,True
pair::10048-95-0::151-21-3::t2,10048-95-0,151-21-3,sec::10048-95-0::10,10048-95-0,1,True
pair::10048-95-0::151-21-3::t2,10048-95-0,151-21-3,sec::10048-95-0::2,10048-95-0,2,True
pair::10048-95-0::151-21-3::t2,10048-95-0,151-21-3,sec::151-21-3::10,151-21-3,3,True
pair::10048-95-0::151-21-3::t2,10048-95-0,151-21-3,sec::151-21-3::2,151-21-3,4,True
pair::10048-95-0::151-21-3::t3,10048-95-0,151-21-3,sec::10048-95-0::10,10048-95-0,1,True
pair::10048-95-0::151-21-3::t3,10048-95-0,151-21-3,sec::10048-95-0::2,10048-95-0,3,True
pair::10048-95-0::151-21-3::t3,10048-95-0,151-21-3,sec::151-21-3::10,151-21-3,2,True
pair::10048-95-0::151-21-3::t3,10048-95-0,151-21-3,sec::151-21-3::2,151-21-3,7,True
pair::10048-95-0::151-21-3::t4,10048-95-0,151-21-3,sec::10048-95-0::10,10048-95-0,2,True
pair::10048-95-0::151-21-3::t4,10048-95-0,151-21-3,sec::10048-95-0::2,10048-95-0,1,True
pair::10048-95-0::151-21-3::t4,10048-95-0,151-21-3,sec::151-21-3::10,151-21-3,3,True
pair::10048-95-0::151-21-3::t4,10048-95-0,151-21-3,sec::151-21-3::2,151-21-3,4,True
pair::101-39-3::115-86-6::t0,101-39-3,115-86-6,sec::101-39-3::10,101-39-3,1,True
pair::101-39-3::115-86-6::t0,101-39-3,115-86-6,sec::101-39-3::2,101-39-3,3,True
pair::101-39-3::115-86-6::t0,101-39-3,115-86-6,sec::115-86-6::10,115-86-6,2,True
pair::101-39-3::115-86-6::t0,101-39-3,115-86-6,sec::115-86-6::2,115-86-6,10,True
pair::101-39-3::115-86-6::t1,101-39-3,115-86-6,sec::101-39-3::10,101-39-3,1,True
pair::101-39-3::115-86-6::t1,101-39-3,115-86-6,sec::101-39-3::2,101-39-3,3,True
pair::101-39-3::115-86-6::t1,101-39-3,115-86-6,sec::115-86-6::10,115-86-6,2,True
pair::101-39-3::115-86-6::t1,101-39-3,115-86-6,sec::115-86-6::2,115-86-6,4,True
pair::101-39-3::115-86-6::t2,101-39-3,115-86-6,sec::101-39-3::10,101-39-3,1,True
pair::101-39-3::115-86-6::t2,101-39-3,115-86-6,sec::101-39-3::2,101-39-3,2,True
pair::101-39-3::115-86-6::t2,101-39-3,115-86-6,sec::115-86-6::10,115-86-6,3,True
pair::101-39-3::115-86-6::t2,101-39-3,115-86-6,sec::115-86-6::2,115-86-6,6,True
pair::101-39-3::115-86-6::t3,101-39-3,115-86-6,sec::101-39-3::10,101-39-3,1,True
pair::101-39-3::115-86-6::t3,101-39-3,115-86-6,sec::101-39-3::2,101-39-3,4,True
pair::101-39-3::115-86-6::t3,101-39-3,115-86-6,sec::115-86-6::10,115-86-6,2,True
pair::101-39-3::115-86-6::t3,101-39-3,115-86-6,sec::115-86-6::2,115-86-6,13,True
pair::101-39-3::115-86-6::t4,101-39-3,115-86-6,sec::101-39-3::10,101-39-3,1,True
pair::101-39-3::115-86-6::t4,101-39-3,115-86-6,sec::101-39-3::2,101-39-3,3,True
pair::101-39-3::115-86-6::t4,101-39-3,115-86-6,sec::115-86-6::10,115-86-6,2,True
pair::101-39-3::115-86-6::t4,101-39-3,115-86-6,sec::115-86-6::2,115-86-6,4,True
pair::103-75-3::13983-17-0::t0,103-75-3,13983-17-0,sec::103-75-3::10,103-75-3,1,True
pair::103-75-3::13983-17-0::t0,103-75-3,13983-17-0,sec::103-75-3::2,103-75-3,14,True
pair::103-75-3::13983-17-0::t0,103-75-3,13983-17-0,sec::13983-17-0::10,13983-17-0,2,True
pair::103-75-3::13983-17-0::t0,103-75-3,13983-17-0,sec::13983-17-0::2,13983-17-0,4,True
pair::103-75-3::13983-17-0::t1,103-75-3,13983-17-0,sec::103-75-3::10,103-75-3,1,True
pair::103-75-3::13983-17-0::t1,103-75-3,13983-17-0,sec::103-75-3::2,103-75-3,3,True
pair::103-75-3::13983-17-0::t1,103-75-3,13983-17-0,sec::13983-17-0::10,13983-17-0,2,True
pair::103-75-3::13983-17-0::t1,103-75-3,13983-17-0,sec::13983-17-0::2,13983-17-0,4,True
pair::103-75-3::13983-17-0::t2,103-75-3,13983-17-0,sec::103-75-3::10,103-75-3,1,True
pair::103-75-3::13983-17-0::t2,103-75-3,13983-17-0,sec::103-75-3::2,103-75-3,3,True
pair::103-75-3::13983-17-0::t2,103-75-3,13983-17-0,sec::13983-17-0::10,13983-17-0,2,True
pair::103-75-3::13983-17-0::t2,103-75-3,13983-17-0,sec::13983-17-0::2,13983-17-0,4,True
pair::103-75-3::13983-17-0::t3,103-75-3,13983-17-0,sec::103-75-3::10,103-75-3,1,True
pair::103-75-3::13983-17-0::t3,103-75-3,13983-17-0,sec::103-75-3::2,103-75-3,,True
pair::103-75-3::13983-17-0::t3,103-75-3,13983-17-0,sec::13983-17-0::10,13983-17-0,2,True
pair::103-75-3::13983-17-0::t3,103-75-3,13983-17-0,sec::13983-17-0::2,13983-17-0,9,True
pair::103-75-3::13983-17-0::t4,103-75-3,13983-17-0,sec::103-75-3::10,103-75-3,1,True
pair::103-75-3::13983-17-0::t4,103-75-3,13983-17-0,sec::103-75-3::2,103-75-3,2,True
pair::103-75-3::13983-17-0::t4,103-75-3,13983-17-0,sec::13983-17-0::10,13983-17-0,3,True
pair::103-75-3::13983-17-0::t4,103-75-3,13983-17-0,sec::13983-17-0::2,13983-17-0,4,True
pair::10361-37-2::104-01-8::t0,10361-37-2,104-01-8,sec::10361-37-2::10,10361-37-2,2,True
pair::10361-37-2::104-01-8::t0,10361-37-2,104-01-8,sec::10361-37-2::2,10361-37-2,13,True
pair::10361-37-2::104-01-8::t0,10361-37-2,104-01-8,sec::104-01-8::10,104-01-8,1,True
pair::10361-37-2::104-01-8::t0,10361-37-2,104-01-8,sec::104-01-8::2,104-01-8,3,True
pair::10361-37-2::104-01-8::t1,10361-37-2,104-01-8,sec::10361-37-2::10,10361-37-2,4,True
pair::10361-37-2::104-01-8::t1,10361-37-2,104-01-8,sec::10361-37-2::2,10361-37-2,3,True
pair::10361-37-2::104-01-8::t1,10361-37-2,104-01-8,sec::104-01-8::10,104-01-8,1,True
pair::10361-37-2::104-01-8::t1,10361-37-2,104-01-8,sec::104-01-8::2,104-01-8,2,True
pair::10361-37-2::104-01-8::t2,10361-37-2,104-01-8,sec::10361-37-2::10,10361-37-2,3,True
pair::10361-37-2::104-01-8::t2,10361-37-2,104-01-8,sec::10361-37-2::2,10361-37-2,4,True
pair::10361-37-2::104-01-8::t2,10361-37-2,104-01-8,sec::104-01-8::10,104-01-8,1,True
pair::10361-37-2::104-01-8::t2,10361-37-2,104-01-8,sec::104-01-8::2,104-01-8,2,True
pair::10361-37-2::104-01-8::t3,10361-37-2,104-01-8,sec::10361-37-2::10,10361-37-2,2,True
pair::10361-37-2::104-01-8::t3,10361-37-2,104-01-8,sec::10361-37-2::2,10361-37-2,,True
pair::10361-37-2::104-01-8::t3,10361-37-2,104-01-8,sec::104-01-8::10,104-01-8,1,True
pair::10361-37-2::104-01-8::t3,10361-37-2,104-01-8,sec::104-01-8::2,104-01-8,5,True
pair::10361-37-2::104-01-8::t4,10361-37-2,104-01-8,sec::10361-37-2::10,10361-37-2,4,True
pair::10361-37-2::104-01-8::t4,10361-37-2,104-01-8,sec::10361-37-2::2,10361-37-2,3,True
pair::10361-37-2::104-01-8::t4,10361-37-2,104-01-8,sec::104-01-8::10,104-01-8,1,True
pair::10361-37-2::104-01-8::t4,10361-37-2,104-01-8,sec::104-01-8::2,104-01-8,2,True
pair::102-08-9::497-19-8::t0,102-08-9,497-19-8,sec::102-08-9::10,102-08-9,1,True
pair::102-08-9::497-19-8::t0,102-08-9,497-19-8,sec::102-08-9::2,102-08-9,6,True
pair::102-08-9::497-19-8::t0,102-08-9,497-19-8,sec::497-19-8::10,497-19-8,,True
pair::102-08-9::497-19-8::t0,102-08-9,497-19-8,sec::497-19-8::2,497-19-8,,True
pair::102-08-9::497-19-8::t1,102-08-9,497-19-8,sec::102-08-9::10,102-08-9,1,True
pair::102-08-9::497-19-8::t1,102-08-9,497-19-8,sec::102-08-9::2,102-08-9,3,True
pair::102-08-9::497-19-8::t1,102-08-9,497-19-8,sec::497-19-8::10,497-19-8,,True
pair::102-08-9::497-19-8::t1,102-08-9,497-19-8,sec::497-19-8::2,497-19-8,,True
pair::102-08-9::497-19-8::t2,102-08-9,497-19-8,sec::102-08-9::10,102-08-9,1,True
pair::102-08-9::497-19-8::t2,102-08-9,497-19-8,sec::102-08-9::2,102-08-9,2,True
pair::102-08-9::497-19-8::t2,102-08-9,497-19-8,sec::497-19-8::10,497-19-8,,True
pair::102-08-9::497-19-8::t2,102-08-9,497-19-8,sec::497-19-8::2,497-19-8,,True
pair::102-08-9::497-19-8::t3,102-08-9,497-19-8,sec::102-08-9::10,102-08-9,1,True
pair::102-08-9::497-19-8::t3,102-08-9,497-19-8,sec::102-08-9::2,102-08-9,3,True
pair::102-08-9::497-19-8::t3,102-08-9,497-19-8,sec::497-19-8::10,497-19-8,,True
pair::102-08-9::497-19-8::t3,102-08-9,497-19-8,sec::497-19-8::2,497-19-8,,True
pair::102-08-9::497-19-8::t4,102-08-9,497-19-8,sec::102-08-9::10,102-08-9,2,True
pair::102-08-9::497-19-8::t4,102-08-9,497-19-8,sec::102-08-9::2,102-08-9,3,True
pair::102-08-9::497-19-8::t4,102-08-9,497-19-8,sec::497-19-8::10,497-19-8,,True
pair::102-08-9::497-19-8::t4,102-08-9,497-19-8,sec::497-19-8::2,497-19-8,,True
pair::105-79-3::13718-59-7::t0,105-79-3,13718-59-7,sec::105-79-3::10,105-79-3,4,True
pair::105-79-3::13718-59-7::t0,105-79-3,13718-59-7,sec::105-79-3::2,105-79-3,7,True
pair::105-79-3::13718-59-7::t0,105-79-3,13718-59-7,sec::13718-59-7::10,13718-59-7,1,True
pair::105-79-3::13718-59-7::t0,105-79-3,13718-59-7,sec::13718-59-7::2,13718-59-7,2,True
pair::105-79-3::13718-59-7::t1,105-79-3,13718-59-7,sec::105-79-3::10,105-79-3,4,True
pair::105-79-3::13718-59-7::t1,105-79-3,13718-59-7,sec::105-79-3::2,105-79-3,11,True
pair::105-79-3::13718-59-7::t1,105-79-3,13718-59-7,sec::13718-59-7::10,13718-59-7,2,True
pair::105-79-3::13718-59-7::t1,105-79-3,13718-59-7,sec::13718-59-7::2,13718-59-7,1,True
pair::105-79-3::13718-59-7::t2,105-79-3,13718-59-7,sec::105-79-3::10,105-79-3,7,True
pair::105-79-3::13718-59-7::t2,105-79-3,13718-59-7,sec::105-79-3::2,105-79-3,4,True
pair::105-79-3::13718-59-7::t2,105-79-3,13718-59-7,sec::13718-59-7::10,13718-59-7,1,True
pair::105-79-3::13718-59-7::t2,105-79-3,13718-59-7,sec::13718-59-7::2,13718-59-7,2,True
pair::105-79-3::13718-59-7::t3,105-79-3,13718-59-7,sec::105-79-3::10,105-79-3,4,True
pair::105-79-3::13718-59-7::t3,105-79-3,13718-59-7,sec::105-79-3::2,105-79-3,6,True
pair::105-79-3::13718-59-7::t3,105-79-3,13718-59-7,sec::13718-59-7::10,13718-59-7,1,True
pair::105-79-3::13718-59-7::t3,105-79-3,13718-59-7,sec::13718-59-7::2,13718-59-7,2,True
pair::105-79-3::13718-59-7::t4,105-79-3,13718-59-7,sec::105-79-3::10,105-79-3,6,True
pair::105-79-3::13718-59-7::t4,105-79-3,13718-59-7,sec::105-79-3::2,105-79-3,7,True
pair::105-79-3::13718-59-7::t4,105-79-3,13718-59-7,sec::13718-59-7::10,13718-59-7,2,True
pair::105-79-3::13718-59-7::t4,105-79-3,13718-59-7,sec::13718-59-7::2,13718-59-7,1,True
pair::102-01-2::105-87-3::t0,102-01-2,105-87-3,sec::102-01-2::10,102-01-2,2,True
pair::102-01-2::105-87-3::t0,102-01-2,105-87-3,sec::102-01-2::2,102-01-2,13,True
pair::102-01-2::105-87-3::t0,102-01-2,105-87-3,sec::105-87-3::10,105-87-3,1,True
pair::102-01-2::105-87-3::t0,102-01-2,105-87-3,sec::105-87-3::2,105-87-3,3,True
pair::102-01-2::105-87-3::t1,102-01-2,105-87-3,sec::102-01-2::10,102-01-2,4,True
pair::102-01-2::105-87-3::t1,102-01-2,105-87-3,sec::102-01-2::2,102-01-2,3,True
pair::102-01-2::105-87-3::t1,102-01-2,105-87-3,sec::105-87-3::10,105-87-3,1,True
pair::102-01-2::105-87-3::t1,102-01-2,105-87-3,sec::105-87-3::2,105-87-3,2,True
pair::102-01-2::105-87-3::t2,102-01-2,105-87-3,sec::102-01-2::10,102-01-2,4,True
pair::102-01-2::105-87-3::t2,102-01-2,105-87-3,sec::102-01-2::2,102-01-2,2,True
pair::102-01-2::105-87-3::t2,102-01-2,105-87-3,sec::105-87-3::10,105-87-3,1,True
pair::102-01-2::105-87-3::t2,102-01-2,105-87-3,sec::105-87-3::2,105-87-3,3,True
pair::102-01-2::105-87-3::t3,102-01-2,105-87-3,sec::102-01-2::10,102-01-2,2,True
pair::102-01-2::105-87-3::t3,102-01-2,105-87-3,sec::102-01-2::2,102-01-2,6,True
pair::102-01-2::105-87-3::t3,102-01-2,105-87-3,sec::105-87-3::10,105-87-3,1,True
pair::102-01-2::105-87-3::t3,102-01-2,105-87-3,sec::105-87-3::2,105-87-3,4,True
pair::102-01-2::105-87-3::t4,102-01-2,105-87-3,sec::102-01-2::10,102-01-2,4,True
pair::102-01-2::105-87-3::t4,102-01-2,105-87-3,sec::102-01-2::2,102-01-2,3,True
pair::102-01-2::105-87-3::t4,102-01-2,105-87-3,sec::105-87-3::10,105-87-3,2,True
pair::102-01-2::105-87-3::t4,102-01-2,105-87-3,sec::105-87-3::2,105-87-3,1,True
pair::506-87-6::64-17-5::t0,506-87-6,64-17-5,sec::506-87-6::10,506-87-6,1,True
pair::506-87-6::64-17-5::t0,506-87-6,64-17-5,sec::506-87-6::2,506-87-6,2,True
pair::506-87-6::64-17-5::t0,506-87-6,64-17-5,sec::64-17-5::10,64-17-5,5,True
pair::506-87-6::64-17-5::t0,506-87-6,64-17-5,sec::64-17-5::2,64-17-5,,True
pair::506-87-6::64-17-5::t1,506-87-6,64-17-5,sec::506-87-6::10,506-87-6,1,True
pair::506-87-6::64-17-5::t1,506-87-6,64-17-5,sec::506-87-6::2,506-87-6,2,True
pair::506-87-6::64-17-5::t1,506-87-6,64-17-5,sec::64-17-5::10,64-17-5,11,True
pair::506-87-6::64-17-5::t1,506-87-6,64-17-5,sec::64-17-5::2,64-17-5,5,True
pair::506-87-6::64-17-5::t2,506-87-6,64-17-5,sec::506-87-6::10,506-87-6,2,True
pair::506-87-6::64-17-5::t2,506-87-6,64-17-5,sec::506-87-6::2,506-87-6,1,True
pair::506-87-6::64-17-5::t2,506-87-6,64-17-5,sec::64-17-5::10,64-17-5,,True
pair::506-87-6::64-17-5::t2,506-87-6,64-17-5,sec::64-17-5::2,64-17-5,14,True
pair::506-87-6::64-17-5::t3,506-87-6,64-17-5,sec::506-87-6::10,506-87-6,1,True
pair::506-87-6::64-17-5::t3,506-87-6,64-17-5,sec::506-87-6::2,506-87-6,3,True
pair::506-87-6::64-17-5::t3,506-87-6,64-17-5,sec::64-17-5::10,64-17-5,6,True
pair::506-87-6::64-17-5::t3,506-87-6,64-17-5,sec::64-17-5::2,64-17-5,,True
pair::506-87-6::64-17-5::t4,506-87-6,64-17-5,sec::506-87-6::10,506-87-6,2,True
pair::506-87-6::64-17-5::t4,506-87-6,64-17-5,sec::506-87-6::2,506-87-6,1,True
pair::506-87-6::64-17-5::t4,506-87-6,64-17-5,sec::64-17-5::10,64-17-5,11,True
pair::506-87-6::64-17-5::t4,506-87-6,64-17-5,sec::64-17-5::2,64-17-5,10,True
pair::1333-86-4::7447-40-7::t0,1333-86-4,7447-40-7,sec::1333-86-4::10,1333-86-4,2,True
pair::1333-86-4::7447-40-7::t0,1333-86-4,7447-40-7,sec::1333-86-4::2,1333-86-4,1,True
pair::1333-86-4::7447-40-7::t0,1333-86-4,7447-40-7,sec::7447-40-7::10,7447-40-7,3,True
pair::1333-86-4::7447-40-7::t0,1333-86-4,7447-40-7,sec::7447-40-7::2,7447-40-7,11,True
pair::1333-86-4::7447-40-7::t1,1333-86-4,7447-40-7,sec::1333-86-4::10,1333-86-4,10,True
pair::1333-86-4::7447-40-7::t1,1333-86-4,7447-40-7,sec::1333-86-4::2,1333-86-4,2,True
pair::1333-86-4::7447-40-7::t1,1333-86-4,7447-40-7,sec::7447-40-7::10,7447-40-7,3,True
pair::1333-86-4::7447-40-7::t1,1333-86-4,7447-40-7,sec::7447-40-7::2,7447-40-7,1,True
pair::1333-86-4::7447-40-7::t2,1333-86-4,7447-40-7,sec::1333-86-4::10,1333-86-4,3,True
pair::1333-86-4::7447-40-7::t2,1333-86-4,7447-40-7,sec::1333-86-4::2,1333-86-4,4,True
pair::1333-86-4::7447-40-7::t2,1333-86-4,7447-40-7,sec::7447-40-7::10,7447-40-7,2,True
pair::1333-86-4::7447-40-7::t2,1333-86-4,7447-40-7,sec::7447-40-7::2,7447-40-7,1,True
pair::1333-86-4::7447-40-7::t3,1333-86-4,7447-40-7,sec::1333-86-4::10,1333-86-4,2,True
pair::1333-86-4::7447-40-7::t3,1333-86-4,7447-40-7,sec::1333-86-4::2,1333-86-4,3,True
pair::1333-86-4::7447-40-7::t3,1333-86-4,7447-40-7,sec::7447-40-7::10,7447-40-7,1,True
pair::1333-86-4::7447-40-7::t3,1333-86-4,7447-40-7,sec::7447-40-7::2,7447-40-7,4,True
pair::1333-86-4::7447-40-7::t4,1333-86-4,7447-40-7,sec::1333-86-4::10,1333-86-4,,True
pair::1333-86-4::7447-40-7::t4,1333-86-4,7447-40-7,sec::1333-86-4::2,1333-86-4,4,True
pair::1333-86-4::7447-40-7::t4,1333-86-4,7447-40-7,sec::7447-40-7::10,7447-40-7,2,True
pair::1333-86-4::7447-40-7::t4,1333-86-4,7447-40-7,sec::7447-40-7::2,7447-40-7,1,True
pair::103-23-1::105-48-6::t0,103-23-1,105-48-6,sec::103-23-1::10,103-23-1,2,True
pair::103-23-1::105-48-6::t0,103-23-1,105-48-6,sec::103-23-1::2,103-23-1,4,True
pair::103-23-1::105-48-6::t0,103-23-1,105-48-6,sec::105-48-6::10,105-48-6,1,True
pair::103-23-1::105-48-6::t0,103-23-1,105-48-6,sec::105-48-6::2,105-48-6,7,True
pair::103-23-1::105-48-6::t1,103-23-1,105-48-6,sec::103-23-1::10,103-23-1,1,True
pair::103-23-1::105-48-6::t1,103-23-1,105-48-6,sec::103-23-1::2,103-23-1,3,True
pair::103-23-1::105-48-6::t1,103-23-1,105-48-6,sec::105-48-6::10,105-48-6,2,True
pair::103-23-1::105-48-6::t1,103-23-1,105-48-6,sec::105-48-6::2,105-48-6,4,True
pair::103-23-1::105-48-6::t2,103-23-1,105-48-6,sec::103-23-1::10,103-23-1,1,True
pair::103-23-1::105-48-6::t2,103-23-1,105-48-6,sec::103-23-1::2,103-23-1,3,True
pair::103-23-1::105-48-6::t2,103-23-1,105-48-6,sec::105-48-6::10,105-48-6,2,True
pair::103-23-1::105-48-6::t2,103-23-1,105-48-6,sec::105-48-6::2,105-48-6,4,True
pair::103-23-1::105-48-6::t3,103-23-1,105-48-6,sec::103-23-1::10,103-23-1,1,True
pair::103-23-1::105-48-6::t3,103-23-1,105-48-6,sec::103-23-1::2,103-23-1,3,True
pair::103-23-1::105-48-6::t3,103-23-1,105-48-6,sec::105-48-6::10,105-48-6,2,True
pair::103-23-1::105-48-6::t3,103-23-1,105-48-6,sec::105-48-6::2,105-48-6,5,True
pair::103-23-1::105-48-6::t4,103-23-1,105-48-6,sec::103-23-1::10,103-23-1,1,True
pair::103-23-1::105-48-6::t4,103-23-1,105-48-6,sec::103-23-1::2,103-23-1,3,True
pair::103-23-1::105-48-6::t4,103-23-1,105-48-6,sec::105-48-6::10,105-48-6,4,True
pair::103-23-1::105-48-6::t4,103-23-1,105-48-6,sec::105-48-6::2,105-48-6,2,True
pair::100-64-1::1305-62-0::t0,100-64-1,1305-62-0,sec::100-64-1::10,100-64-1,1,True
pair::100-64-1::1305-62-0::t0,100-64-1,1305-62-0,sec::100-64-1::2,100-64-1,4,True
pair::100-64-1::1305-62-0::t0,100-64-1,1305-62-0,sec::1305-62-0::10,1305-62-0,3,True
pair::100-64-1::1305-62-0::t0,100-64-1,1305-62-0,sec::1305-62-0::2,1305-62-0,,True
pair::100-64-1::1305-62-0::t1,100-64-1,1305-62-0,sec::100-64-1::10,100-64-1,5,True
pair::100-64-1::1305-62-0::t1,100-64-1,1305-62-0,sec::100-64-1::2,100-64-1,3,True
pair::100-64-1::1305-62-0::t1,100-64-1,1305-62-0,sec::1305-62-0::10,1305-62-0,1,True
pair::100-64-1::1305-62-0::t1,100-64-1,1305-62-0,sec::1305-62-0::2,1305-62-0,7,True
pair::100-64-1::1305-62-0::t2,100-64-1,1305-62-0,sec::100-64-1::10,100-64-1,6,True
pair::100-64-1::1305-62-0::t2,100-64-1,1305-62-0,sec::100-64-1::2,100-64-1,2,True
pair::100-64-1::1305-62-0::t2,100-64-1,1305-62-0,sec::1305-62-0::10,1305-62-0,5,True
pair::100-64-1::1305-62-0::t2,100-64-1,1305-62-0,sec::1305-62-0::2,1305-62-0,7,True
pair::100-64-1::1305-62-0::t3,100-64-1,1305-62-0,sec::100-64-1::10,100-64-1,2,True
pair::100-64-1::1305-62-0::t3,100-64-1,1305-62-0,sec::100-64-1::2,100-64-1,7,True
pair::100-64-1::1305-62-0::t3,100-64-1,1305-62-0,sec::1305-62-0::10,1305-62-0,1,True
pair::100-64-1::1305-62-0::t3,100-64-1,1305-62-0,sec::1305-62-0::2,1305-62-0,,True
pair::100-64-1::1305-62-0::t4,100-64-1,1305-62-0,sec::100-64-1::10,100-64-1,1,True
pair::100-64-1::1305-62-0::t4,100-64-1,1305-62-0,sec::100-64-1::2,100-64-1,5,True
pair::100-64-1::1305-62-0::t4,100-64-1,1305-62-0,sec::1305-62-0::10,1305-62-0,2,True
pair::100-64-1::1305-62-0::t4,100-64-1,1305-62-0,sec::1305-62-0::2,1305-62-0,4,True
pair::111-54-6::131-52-2::t0,111-54-6,131-52-2,sec::111-54-6::10,111-54-6,4,True
pair::111-54-6::131-52-2::t0,111-54-6,131-52-2,sec::111-54-6::2,111-54-6,7,True
pair::111-54-6::131-52-2::t0,111-54-6,131-52-2,sec::131-52-2::10,131-52-2,2,True
pair::111-54-6::131-52-2::t0,111-54-6,131-52-2,sec::131-52-2::2,131-52-2,1,True
pair::111-54-6::131-52-2::t1,111-54-6,131-52-2,sec::111-54-6::10,111-54-6,9,True
pair::111-54-6::131-52-2::t1,111-54-6,131-52-2,sec::111-54-6::2,111-54-6,3,True
pair::111-54-6::131-52-2::t1,111-54-6,131-52-2,sec::131-52-2::10,131-52-2,2,True
pair::111-54-6::131-52-2::t1,111-54-6,131-52-2,sec::131-52-2::2,131-52-2,1,True
pair::111-54-6::131-52-2::t2,111-54-6,131-52-2,sec::111-54-6::10,111-54-6,10,True
pair::111-54-6::131-52-2::t2,111-54-6,131-52-2,sec::111-54-6::2,111-54-6,5,True
pair::111-54-6::131-52-2::t2,111-54-6,131-52-2,sec::131-52-2::10,131-52-2,1,True
pair::111-54-6::131-52-2::t2,111-54-6,131-52-2,sec::131-52-2::2,131-52-2,2,True
pair::111-54-6::131-52-2::t3,111-54-6,131-52-2,sec::111-54-6::10,111-54-6,10,True
pair::111-54-6::131-52-2::t3,111-54-6,131-52-2,sec::111-54-6::2,111-54-6,8,True
pair::111-54-6::131-52-2::t3,111-54-6,131-52-2,sec::131-52-2::10,131-52-2,2,True
pair::111-54-6::131-52-2::t3,111-54-6,131-52-2,sec::131-52-2::2,131-52-2,1,True
pair::111-54-6::131-52-2::t4,111-54-6,131-52-2,sec::111-54-6::10,111-54-6,,True
pair::111-54-6::131-52-2::t4,111-54-6,131-52-2,sec::111-54-6::2,111-54-6,3,True
pair::111-54-6::131-52-2::t4,111-54-6,131-52-2,sec::131-52-2::10,131-52-2,2,True
pair::111-54-6::131-52-2::t4,111-54-6,131-52-2,sec::131-52-2::2,131-52-2,1,True
pair::100-64-1::10102-49-5::t0,100-64-1,10102-49-5,sec::100-64-1::10,100-64-1,1,True
pair::100-64-1::10102-49-5::t0,100-64-1,10102-49-5,sec::100-64-1::2,100-64-1,9,True
pair::100-64-1::10102-49-5::t0,100-64-1,10102-49-5,sec::10102-49-5::10,10102-49-5,2,True
pair::100-64-1::10102-49-5::t0,100-64-1,10102-49-5,sec::10102-49-5::2,10102-49-5,15,True
pair::100-64-1::10102-49-5::t1,100-64-1,10102-49-5,sec::100-64-1::10,100-64-1,3,True
pair::100-64-1::10102-49-5::t1,100-64-1,10102-49-5,sec::100-64-1::2,100-64-1,2,True
pair::100-64-1::10102-49-5::t1,100-64-1,10102-49-5,sec::10102-49-5::10,10102-49-5,1,True
pair::100-64-1::10102-49-5::t1,100-64-1,10102-49-5,sec::10102-49-5::2,10102-49-5,5,True
pair::100-64-1::10102-49-5::t2,100-64-1,10102-49-5,sec::100-64-1::10,100-64-1,3,True
pair::100-64-1::10102-49-5::t2,100-64-1,10102-49-5,sec::100-64-1::2,100-64-1,1,True
pair::100-64-1::10102-49-5::t2,100-64-1,10102-49-5,sec::10102-49-5::10,10102-49-5,2,True
pair::100-64-1::10102-49-5::t2,100-64-1,10102-49-5,sec::10102-49-5::2,10102-49-5,5,True
pair::100-64-1::10102-49-5::t3,100-64-1,10102-49-5,sec::100-64-1::10,100-64-1,1,True
pair::100-64-1::10102-49-5::t3,100-64-1,10102-49-5,sec::100-64-1::2,100-64-1,11,True
pair::100-64-1::10102-49-5::t3,100-64-1,10102-49-5,sec::10102-49-5::10,10102-49-5,2,True
pair::100-64-1::10102-49-5::t3,100-64-1,10102-49-5,sec::10102-49-5::2,10102-49-5,,True
pair::100-64-1::10102-49-5::t4,100-64-1,10102-49-5,sec::100-64-1::10,100-64-1,2,True
pair::100-64-1::10102-49-5::t4,100-64-1,10102-49-5,sec::100-64-1::2,100-64-1,1,True
pair::100-64-1::10102-49-5::t4,100-64-1,10102-49-5,sec::10102-49-5::10,10102-49-5,3,True
pair::100-64-1::10102-49-5::t4,100-64-1,10102-49-5,sec::10102-49-5::2,10102-49-5,4,True
pair::100-00-5::131-52-2::t0,100-00-5,131-52-2,sec::100-00-5::10,100-00-5,3,True
pair::100-00-5::131-52-2::t0,100-00-5,131-52-2,sec::100-00-5::2::p1,100-00-5,7,True
pair::100-00-5::131-52-2::t0,100-00-5,131-52-2,sec::100-00-5::2::p2,100-00-5,,True
pair::100-00-5::131-52-2::t0,100-00-5,131-52-2,sec::131-52-2::10,131-52-2,1,True
pair::100-00-5::131-52-2::t0,100-00-5,131-52-2,sec::131-52-2::2,131-52-2,2,True
pair::100-00-5::131-52-2::t1,100-00-5,131-52-2,sec::100-00-5::10,100-00-5,3,True
pair::100-00-5::131-52-2::t1,100-00-5,131-52-2,sec::100-00-5::2::p1,100-00-5,5,True
pair::100-00-5::131-52-2::t1,100-00-5,131-52-2,sec::100-00-5::2::p2,100-00-5,,True
pair::100-00-5::131-52-2::t1,100-00-5,131-52-2,sec::131-52-2::10,131-52-2,1,True
pair::100-00-5::131-52-2::t1,100-00-5,131-52-2,sec::131-52-2::2,131-52-2,2,True
pair::100-00-5::131-52-2::t2,100-00-5,131-52-2,sec::100-00-5::10,100-00-5,3,True
pair::100-00-5::131-52-2::t2,100-00-5,131-52-2,sec::100-00-5::2::p1,100-00-5,4,True
pair::100-00-5::131-52-2::t2,100-00-5,131-52-2,sec::100-00-5::2::p2,100-00-5,,True
pair::100-00-5::131-52-2::t2,100-00-5,131-52-2,sec::131-52-2::10,131-52-2,2,True
pair::100-00-5::131-52-2::t2,100-00-5,131-52-2,sec::131-52-2::2,131-52-2,1,True
pair::100-00-5::131-52-2::t3,100-00-5,131-52-2,sec::100-00-5::10,100-00-5,4,True
pair::100-00-5::131-52-2::t3,100-00-5,131-52-2,sec::100-00-5::2::p1,100-00-5,5,True
pair::100-00-5::131-52-2::t3,100-00-5,131-52-2,sec::100-00-5::2::p2,100-00-5,,True
pair::100-00-5::131-52-2::t3,100-00-5,131-52-2,sec::131-52-2::10,131-52-2,1,True
pair::100-00-5::131-52-2::t3,100-00-5,131-52-2,sec::131-52-2::2,131-52-2,2,True
pair::100-00-5::131-52-2::t4,100-00-5,131-52-2,sec::100-00-5::10,100-00-5,3,True
pair::100-00-5::131-52-2::t4,100-00-5,131-52-2,sec::100-00-5::2::p1,100-00-5,,True
pair::100-00-5::131-52-2::t4,100-00-5,131-52-2,sec::100-00-5::2::p2,100-00-5,,True
pair::100-00-5::131-52-2::t4,100-00-5,131-52-2,sec::131-52-2::10,131-52-2,2,True
pair::100-00-5::131-52-2::t4,100-00-5,131-52-2,sec::131-52-2::2,131-52-2,1,True
pair::105-56-6::131-52-2::t0,105-56-6,131-52-2,sec::105-56-6::10,105-56-6,3,True
pair::105-56-6::131-52-2::t0,105-56-6,131-52-2,sec::105-56-6::2,105-56-6,4,True
pair::105-56-6::131-52-2::t0,105-56-6,131-52-2,sec::131-52-2::10,131-52-2,2,True
pair::105-56-6::131-52-2::t0,105-56-6,131-52-2,sec::131-52-2::2,131-52-2,1,True
pair::105-56-6::131-52-2::t1,105-56-6,131-52-2,sec::105-56-6::10,105-56-6,3,True
pair::105-56-6::131-52-2::t1,105-56-6,131-52-2,sec::105-56-6::2,105-56-6,6,True
pair::105-56-6::131-52-2::t1,105-56-6,131-52-2,sec::131-52-2::10,131-52-2,2,True
pair::105-56-6::131-52-2::t1,105-56-6,131-52-2,sec::131-52-2::2,131-52-2,1,True
pair::105-56-6::131-52-2::t2,105-56-6,131-52-2,sec::105-56-6::10,105-56-6,5,True
pair::105-56-6::131-52-2::t2,105-56-6,131-52-2,sec::105-56-6::2,105-56-6,3,True
pair::105-56-6::131-52-2::t2,105-56-6,131-52-2,sec::131-52-2::10,131-52-2,1,True
pair::105-56-6::131-52-2::t2,105-56-6,131-52-2,sec::131-52-2::2,131-52-2,2,True
pair::105-56-6::131-52-2::t3,105-56-6,131-52-2,sec::105-56-6::10,105-56-6,3,True
pair::105-56-6::131-52-2::t3,105-56-6,131-52-2,sec::105-56-6::2,105-56-6,8,True
pair::105-56-6::131-52-2::t3,105-56-6,131-52-2,sec::131-52-2::10,131-52-2,1,True
pair::105-56-6::131-52-2::t3,105-56-6,131-52-2,sec::131-52-2::2,131-52-2,2,True
pair::105-56-6::131-52-2::t4,105-56-6,131-52-2,sec::105-56-6::10,105-56-6,,True
pair::105-56-6::131-52-2::t4,105-56-6,131-52-2,sec::105-56-6::2,105-56-6,4,True
pair::105-56-6::131-52-2::t4,105-56-6,131-52-2,sec::131-52-2::10,131-52-2,2,True
pair::105-56-6::131-52-2::t4,105-56-6,131-52-2,sec::131-52-2::2,131-52-2,1,True
pair::103-50-4::12035-72-2::t0,103-50-4,12035-72-2,sec::103-50-4::10,103-50-4,1,True
pair::103-50-4::12035-72-2::t0,103-50-4,12035-72-2,sec::103-50-4::2,103-50-4,4,True
pair::103-50-4::12035-72-2::t0,103-50-4,12035-72-2,sec::12035-72-2::10,12035-72-2,2,True
pair::103-50-4::12035-72-2::t0,103-50-4,12035-72-2,sec::12035-72-2::2,12035-72-2,8,True
pair::103-50-4::12035-72-2::t1,103-50-4,12035-72-2,sec::103-50-4::10,103-50-4,2,True
pair::103-50-4::12035-72-2::t1,103-50-4,12035-72-2,sec::103-50-4::2,103-50-4,4,True
pair::103-50-4::12035-72-2::t1,103-50-4,12035-72-2,sec::12035-72-2::10,12035-72-2,1,True
pair::103-50-4::12035-72-2::t1,103-50-4,12035-72-2,sec::12035-72-2::2,12035-72-2,3,True
pair::103-50-4::12035-72-2::t2,103-50-4,12035-72-2,sec::103-50-4::10,103-50-4,1,True
pair::103-50-4::12035-72-2::t2,103-50-4,12035-72-2,sec::103-50-4::2,103-50-4,2,True
pair::103-50-4::12035-72-2::t2,103-50-4,12035-72-2,sec::12035-72-2::10,12035-72-2,3,True
pair::103-50-4::12035-72-2::t2,103-50-4,12035-72-2,sec::12035-72-2::2,12035-72-2,4,True
pair::103-50-4::12035-72-2::t3,103-50-4,12035-72-2,sec::103-50-4::10,103-50-4,1,True
pair::103-50-4::12035-72-2::t3,103-50-4,12035-72-2,sec::103-50-4::2,103-50-4,5,True
pair::103-50-4::12035-72-2::t3,103-50-4,12035-72-2,sec::12035-72-2::10,12035-72-2,2,True
pair::103-50-4::12035-72-2::t3,103-50-4,12035-72-2,sec::12035-72-2::2,12035-72-2,3,True
pair::103-50-4::12035-72-2::t4,103-50-4,12035-72-2,sec::103-50-4::10,103-50-4,2,True
pair::103-50-4::12035-72-2::t4,103-50-4,12035-72-2,sec::103-50-4::2,103-50-4,3,True
pair::103-50-4::12035-72-2::t4,103-50-4,12035-72-2,sec::12035-72-2::10,12035-72-2,1,True
pair::103-50-4::12035-72-2::t4,103-50-4,12035-72-2,sec::12035-72-2::2,12035-72-2,4,True
pair::101-80-4::12057-74-8::t0,101-80-4,12057-74-8,sec::101-80-4::10,101-80-4,1,True
pair::101-80-4::12057-74-8::t0,101-80-4,12057-74-8,sec::101-80-4::2,101-80-4,7,True
pair::101-80-4::12057-74-8::t0,101-80-4,12057-74-8,sec::12057-74-8::10,12057-74-8,4,True
pair::101-80-4::12057-74-8::t0,101-80-4,12057-74-8,sec::12057-74-8::2,12057-74-8,3,True
pair::101-80-4::12057-74-8::t1,101-80-4,12057-74-8,sec::101-80-4::10,101-80-4,2,True
pair::101-80-4::12057-74-8::t1,101-80-4,12057-74-8,sec::101-80-4::2,101-80-4,8,True
pair::101-80-4::12057-74-8::t1,101-80-4,12057-74-8,sec::12057-74-8::10,12057-74-8,3,True
pair::101-80-4::12057-74-8::t1,101-80-4,12057-74-8,sec::12057-74-8::2,12057-74-8,1,True
pair::101-80-4::12057-74-8::t2,101-80-4,12057-74-8,sec::101-80-4::10,101-80-4,6,True
pair::101-80-4::12057-74-8::t2,101-80-4,12057-74-8,sec::101-80-4::2,101-80-4,5,True
pair::101-80-4::12057-74-8::t2,101-80-4,12057-74-8,sec::12057-74-8::10,12057-74-8,1,True
pair::101-80-4::12057-74-8::t2,101-80-4,12057-74-8,sec::12057-74-8::2,12057-74-8,3,True
pair::101-80-4::12057-74-8::t3,101-80-4,12057-74-8,sec::101-80-4::10,101-80-4,3,True
pair::101-80-4::12057-74-8::t3,101-80-4,12057-74-8,sec::101-80-4::2,101-80-4,10,True
pair::101-80-4::12057-74-8::t3,101-80-4,12057-74-8,sec::12057-74-8::10,12057-74-8,2,True
pair::101-80-4::12057-74-8::t3,101-80-4,12057-74-8,sec::12057-74-8::2,12057-74-8,5,True
pair::101-80-4::12057-74-8::t4,101-80-4,12057-74-8,sec::101-80-4::10,101-80-4,6,True
pair::101-80-4::12057-74-8::t4,101-80-4,12057-74-8,sec::101-80-4::2,101-80-4,7,True
pair::101-80-4::12057-74-8::t4,101-80-4,12057-74-8,sec::12057-74-8::10,12057-74-8,8,True
pair::101-80-4::12057-74-8::t4,101-80-4,12057-74-8,sec::12057-74-8::2,12057-74-8,1,True
pair::115-86-6::7786-81-4::t0,115-86-6,7786-81-4,sec::115-86-6::10,115-86-6,1,True
pair::115-86-6::7786-81-4::t0,115-86-6,7786-81-4,sec::115-86-6::2,115-86-6,3,True
pair::115-86-6::7786-81-4::t0,115-86-6,7786-81-4,sec::7786-81-4::10,7786-81-4,2,True
pair::115-86-6::7786-81-4::t0,115-86-6,7786-81-4,sec::7786-81-4::2::p1,7786-81-4,19,True
pair::115-86-6::7786-81-4::t0,115-86-6,7786-81-4,sec::7786-81-4::2::p2,7786-81-4,,True
pair::115-86-6::7786-81-4::t1,115-86-6,7786-81-4,sec::115-86-6::10,115-86-6,1,True
pair::115-86-6::7786-81-4::t1,115-86-6,7786-81-4,sec::115-86-6::2,115-86-6,3,True
pair::115-86-6::7786-81-4::t1,115-86-6,7786-81-4,sec::7786-81-4::10,7786-81-4,2,True
pair::115-86-6::7786-81-4::t1,115-86-6,7786-81-4,sec::7786-81-4::2::p1,7786-81-4,4,True
pair::115-86-6::7786-81-4::t1,115-86-6,7786-81-4,sec::7786-81-4::2::p2,7786-81-4,,True
pair::115-86-6::7786-81-4::t2,115-86-6,7786-81-4,sec::115-86-6::10,115-86-6,1,True
pair::115-86-6::7786-81-4::t2,115-86-6,7786-81-4,sec::115-86-6::2,115-86-6,3,True
pair::115-86-6::7786-81-4::t2,115-86-6,7786-81-4,sec::7786-81-4::10,7786-81-4,2,True
pair::115-86-6::7786-81-4::t2,115-86-6,7786-81-4,sec::7786-81-4::2::p1,7786-81-4,4,True
pair::115-86-6::7786-81-4::t2,115-86-6,7786-81-4,sec::7786-81-4::2::p2,7786-81-4,,True
pair::115-86-6::7786-81-4::t3,115-86-6,7786-81-4,sec::115-86-6::10,115-86-6,1,True
pair::115-86-6::7786-81-4::t3,115-86-6,7786-81-4,sec::115-86-6::2,115-86-6,5,True
pair::115-86-6::7786-81-4::t3,115-86-6,7786-81-4,sec::7786-81-4::10,7786-81-4,2,True
pair::115-86-6::7786-81-4::t3,115-86-6,7786-81-4,sec::7786-81-4::2::p1,7786-81-4,3,True
pair::115-86-6::7786-81-4::t3,115-86-6,7786-81-4,sec::7786-81-4::2::p2,7786-81-4,,True
pair::115-86-6::7786-81-4::t4,115-86-6,7786-81-4,sec::115-86-6::10,115-86-6,2,True
pair::115-86-6::7786-81-4::t4,115-86-6,7786-81-4,sec::115-86-6::2,115-86-6,1,True
pair::115-86-6::7786-81-4::t4,115-86-6,7786-81-4,sec::7786-81-4::10,7786-81-4,3,True
pair::115-86-6::7786-81-4::t4,115-86-6,7786-81-4,sec::7786-81-4::2::p1,7786-81-4,4,True
pair::115-86-6::7786-81-4::t4,115-86-6,7786-81-4,sec::7786-81-4::2::p2,7786-81-4,,True
pair::100-02-7::109-59-1::t0,100-02-7,109-59-1,sec::100-02-7::10,100-02-7,1,True
pair::100-02-7::109-59-1::t0,100-02-7,109-59-1,sec::100-02-7::2::p1,100-02-7,16,True
pair::100-02-7::109-59-1::t0,100-02-7,109-59-1,sec::100-02-7::2::p2,100-02-7,,True
pair::100-02-7::109-59-1::t0,100-02-7,109-59-1,sec::109-59-1::10,109-59-1,2,True
pair::100-02-7::109-59-1::t0,100-02-7,109-59-1,sec::109-59-1::2,109-59-1,10,True
pair::100-02-7::109-59-1::t1,100-02-7,109-59-1,sec::100-02-7::10,100-02-7,8,True
pair::100-02-7::109-59-1::t1,100-02-7,109-59-1,sec::100-02-7::2::p1,100-02-7,,True
pair::100-02-7::109-59-1::t1,100-02-7,109-59-1,sec::100-02-7::2::p2,100-02-7,,True
pair::100-02-7::109-59-1::t1,100-02-7,109-59-1,sec::109-59-1::10,109-59-1,2,True
pair::100-02-7::109-59-1::t1,100-02-7,109-59-1,sec::109-59-1::2,109-59-1,1,True
pair::100-02-7::109-59-1::t2,100-02-7,109-59-1,sec::100-02-7::10,100-02-7,1,True
pair::100-02-7::109-59-1::t2,100-02-7,109-59-1,sec::100-02-7::2::p1,100-02-7,3,True
pair::100-02-7::109-59-1::t2,100-02-7,109-59-1,sec::100-02-7::2::p2,100-02-7,,True
pair::100-02-7::109-59-1::t2,100-02-7,109-59-1,sec::109-59-1::10,109-59-1,11,True
pair::100-02-7::109-59-1::t2,100-02-7,109-59-1,sec::109-59-1::2,109-59-1,5,True
pair::100-02-7::109-59-1::t3,100-02-7,109-59-1,sec::100-02-7::10,100-02-7,3,True
pair::100-02-7::109-59-1::t3,100-02-7,109-59-1,sec::100-02-7::2::p1,100-02-7,6,True
pair::100-02-7::109-59-1::t3,100-02-7,109-59-1,sec::100-02-7::2::p2,100-02-7,,True
pair::100-02-7::109-59-1::t3,100-02-7,109-59-1,sec::109-59-1::10,109-59-1,1,True
pair::100-02-7::109-59-1::t3,100-02-7,109-59-1,sec::109-59-1::2,109-59-1,12,True
pair::100-02-7::109-59-1::t4,100-02-7,109-59-1,sec::100-02-7::10,100-02-7,6,True
pair::100-02-7::109-59-1::t4,100-02-7,109-59-1,sec::100-02-7::2::p1,100-02-7,,True
pair::100-02-7::109-59-1::t4,100-02-7,109-59-1,sec::100-02-7::2::p2,100-02-7,,True
pair::100-02-7::109-59-1::t4,100-02-7,109-59-1,sec::109-59-1::10,109-59-1,5,True
pair::100-02-7::109-59-1::t4,100-02-7,109-59-1,sec::109-59-1::2,109-59-1,1,True
pair::10043-01-3::117-39-5::t0,10043-01-3,117-39-5,sec::10043-01-3::10,10043-01-3,2,True
pair::10043-01-3::117-39-5::t0,10043-01-3,117-39-5,sec::10043-01-3::2,10043-01-3,8,True
pair::10043-01-3::117-39-5::t0,10043-01-3,117-39-5,sec::117-39-5::10,117-39-5,1,True
pair::10043-01-3::117-39-5::t0,10043-01-3,117-39-5,sec::117-39-5::2,117-39-5,3,True
pair::10043-01-3::117-39-5::t1,10043-01-3,117-39-5,sec::10043-01-3::10,10043-01-3,2,True
pair::10043-01-3::117-39-5::t1,10043-01-3,117-39-5,sec::10043-01-3::2,10043-01-3,4,True
pair::10043-01-3::117-39-5::t1,10043-01-3,117-39-5,sec::117-39-5::10,117-39-5,1,True
pair::10043-01-3::117-39-5::t1,10043-01-3,117-39-5,sec::117-39-5::2,117-39-5,3,True
pair::10043-01-3::117-39-5::t2,10043-01-3,117-39-5,sec::10043-01-3::10,10043-01-3,4,True
pair::10043-01-3::117-39-5::t2,10043-01-3,117-39-5,sec::10043-01-3::2,10043-01-3,3,True
pair::10043-01-3::117-39-5::t2,10043-01-3,117-39-5,sec::117-39-5::10,117-39-5,1,True
pair::10043-01-3::117-39-5::t2,10043-01-3,117-39-5,sec::117-39-5::2,117-39-5,2,True
pair::10043-01-3::117-39-5::t3,10043-01-3,117-39-5,sec::10043-01-3::10,10043-01-3,2,True
pair::10043-01-3::117-39-5::t3,10043-01-3,117-39-5,sec::10043-01-3::2,10043-01-3,,True
pair::10043-01-3::117-39-5::t3,10043-01-3,117-39-5,sec::117-39-5::10,117-39-5,1,True
pair::10043-01-3::117-39-5::t3,10043-01-3,117-39-5,sec::117-39-5::2,117-39-5,3,True
pair::10043-01-3::117-39-5::t4,10043-01-3,117-39-5,sec::10043-01-3::10,10043-01-3,4,True
pair::10043-01-3::117-39-5::t4,10043-01-3,117-39-5,sec::10043-01-3::2,10043-01-3,2,True
pair::10043-01-3::117-39-5::t4,10043-01-3,117-39-5,sec::117-39-5::10,117-39-5,1,True
pair::10043-01-3::117-39-5::t4,10043-01-3,117-39-5,sec::117-39-5::2,117-39-5,3,True
pair::10025-73-7::10112-91-1::t0,10025-73-7,10112-91-1,sec::10025-73-7::10,10025-73-7,2,True
pair::10025-73-7::10112-91-1::t0,10025-73-7,10112-91-1,sec::10025-73-7::2,10025-73-7,7,True
pair::10025-73-7::10112-91-1::t0,10025-73-7,10112-91-1,sec::10112-91-1::10,10112-91-1,1,True
pair::10025-73-7::10112-91-1::t0,10025-73-7,10112-91-1,sec::10112-91-1::2,10112-91-1,3,True
pair::10025-73-7::10112-91-1::t1,10025-73-7,10112-91-1,sec::10025-73-7::10,10025-73-7,3,True
pair::10025-73-7::10112-91-1::t1,10025-73-7,10112-91-1,sec::10025-73-7::2,10025-73-7,4,True
pair::10025-73-7::10112-91-1::t1,10025-73-7,10112-91-1,sec::10112-91-1::10,10112-91-1,1,True
pair::10025-73-7::10112-91-1::t1,10025-73-7,10112-91-1,sec::10112-91-1::2,10112-91-1,2,True
pair::10025-73-7::10112-91-1::t2,10025-73-7,10112-91-1,sec::10025-73-7::10,10025-73-7,3,True
pair::10025-73-7::10112-91-1::t2,10025-73-7,10112-91-1,sec::10025-73-7::2,10025-73-7,4,True
pair::10025-73-7::10112-91-1::t2,10025-73-7,10112-91-1,sec::10112-91-1::10,10112-91-1,1,True
pair::10025-73-7::10112-91-1::t2,10025-73-7,10112-91-1,sec::10112-91-1::2,10112-91-1,2,True
pair::10025-73-7::10112-91-1::t3,10025-73-7,10112-91-1,sec::10025-73-7::10,10025-73-7,2,True
pair::10025-73-7::10112-91-1::t3,10025-73-7,10112-91-1,sec::10025-73-7::2,10025-73-7,8,True
pair::10025-73-7::10112-91-1::t3,10025-73-7,10112-91-1,sec::10112-91-1::10,10112-91-1,1,True
pair::10025-73-7::10112-91-1::t3,10025-73-7,10112-91-1,sec::10112-91-1::2,10112-91-1,6,True
pair::10025-73-7::10112-91-1::t4,10025-73-7,10112-91-1,sec::10025-73-7::10,10025-73-7,3,True
pair::10025-73-7::10112-91-1::t4,10025-73-7,10112-91-1,sec::10025-73-7::2,10025-73-7,5,True
pair::10025-73-7::10112-91-1::t4,10025-73-7,10112-91-1,sec::10112-91-1::10,10112-91-1,1,True
pair::10025-73-7::10112-91-1::t4,10025-73-7,10112-91-1,sec::10112-91-1::2,10112-91-1,2,True
pair::101-27-9::103-75-3::t0,101-27-9,103-75-3,sec::101-27-9::10,101-27-9,2,True
pair::101-27-9::103-75-3::t0,101-27-9,103-75-3,sec::101-27-9::2,101-27-9,7,True
pair::101-27-9::103-75-3::t0,101-27-9,103-75-3,sec::103-75-3::10,103-75-3,1,True
pair::101-27-9::103-75-3::t0,101-27-9,103-75-3,sec::103-75-3::2,103-75-3,9,True
pair::101-27-9::103-75-3::t1,101-27-9,103-75-3,sec::101-27-9::10,101-27-9,4,True
pair::101-27-9::103-75-3::t1,101-27-9,103-75-3,sec::101-27-9::2,101-27-9,2,True
pair::101-27-9::103-75-3::t1,101-27-9,103-75-3,sec::103-75-3::10,103-75-3,1,True
pair::101-27-9::103-75-3::t1,101-27-9,103-75-3,sec::103-75-3::2,103-75-3,3,True
pair::101-27-9::103-75-3::t2,101-27-9,103-75-3,sec::101-27-9::10,101-27-9,2,True
pair::101-27-9::103-75-3::t2,101-27-9,103-75-3,sec::101-27-9::2,101-27-9,1,True
pair::101-27-9::103-75-3::t2,101-27-9,103-75-3,sec::103-75-3::10,103-75-3,3,True
pair::101-27-9::103-75-3::t2,101-27-9,103-75-3,sec::103-75-3::2,103-75-3,5,True
pair::101-27-9::103-75-3::t3,101-27-9,103-75-3,sec::101-27-9::10,101-27-9,2,True
pair::101-27-9::103-75-3::t3,101-27-9,103-75-3,sec::101-27-9::2,101-27-9,3,True
pair::101-27-9::103-75-3::t3,101-27-9,103-75-3,sec::103-75-3::10,103-75-3,1,True
pair::101-27-9::103-75-3::t3,101-27-9,103-75-3,sec::103-75-3::2,103-75-3,5,True
pair::101-27-9::103-75-3::t4,101-27-9,103-75-3,sec::101-27-9::10,101-27-9,4,True
pair::101-27-9::103-75-3::t4,101-27-9,103-75-3,sec::101-27-9::2,101-27-9,3,True
pair::101-27-9::103-75-3::t4,101-27-9,103-75-3,sec::103-75-3::10,103-75-3,1,True
pair::101-27-9::103-75-3::t4,101-27-9,103-75-3,sec::103-75-3::2,103-75-3,2,True
pair::100-51-6::105-79-3::t0,100-51-6,105-79-3,sec::100-51-6::10,100-51-6,3,True
pair::100-51-6::105-79-3::t0,100-51-6,105-79-3,sec::100-51-6::2,100-51-6,6,True
pair::100-51-6::105-79-3::t0,100-51-6,105-79-3,sec::105-79-3::10,105-79-3,1,True
pair::100-51-6::105-79-3::t0,100-51-6,105-79-3,sec::105-79-3::2,105-79-3,2,True
pair::100-51-6::105-79-3::t1,100-51-6,105-79-3,sec::100-51-6::10,100-51-6,7,True
pair::100-51-6::105-79-3::t1,100-51-6,105-79-3,sec::100-51-6::2,100-51-6,6,True
pair::100-51-6::105-79-3::t1,100-51-6,105-79-3,sec::105-79-3::10,105-79-3,1,True
pair::100-51-6::105-79-3::t1,100-51-6,105-79-3,sec::105-79-3::2,105-79-3,2,True
pair::100-51-6::105-79-3::t2,100-51-6,105-79-3,sec::100-51-6::10,100-51-6,6,True
pair::100-51-6::105-79-3::t2,100-51-6,105-79-3,sec::100-51-6::2,100-51-6,5,True
pair::100-51-6::105-79-3::t2,100-51-6,105-79-3,sec::105-79-3::10,105-79-3,2,True
pair::100-51-6::105-79-3::t2,100-51-6,105-79-3,sec::105-79-3::2,105-79-3,1,True
pair::100-51-6::105-79-3::t3,100-51-6,105-79-3,sec::100-51-6::10,100-51-6,6,True
pair::100-51-6::105-79-3::t3,100-51-6,105-79-3,sec::100-51-6::2,100-51-6,5,True
pair::100-51-6::105-79-3::t3,100-51-6,105-79-3,sec::105-79-3::10,105-79-3,1,True
pair::100-51-6::105-79-3::t3,100-51-6,105-79-3,sec::105-79-3::2,105-79-3,2,True
pair::100-51-6::105-79-3::t4,100-51-6,105-79-3,sec::100-51-6::10,100-51-6,6,True
pair::100-51-6::105-79-3::t4,100-51-6,105-79-3,sec::100-51-6::2,100-51-6,5,True
pair::100-51-6::105-79-3::t4,100-51-6,105-79-3,sec::105-79-3::10,105-79-3,2,True
pair::100-51-6::105-79-3::t4,100-51-6,105-79-3,sec::105-79-3::2,105-79-3,1,True
pair::107-04-0::112-95-8::t0,107-04-0,112-95-8,sec::107-04-0::10,107-04-0,1,True
pair::107-04-0::112-95-8::t0,107-04-0,112-95-8,sec::107-04-0::2,107-04-0,2,True
pair::107-04-0::112-95-8::t0,107-04-0,112-95-8,sec::112-95-8::10,112-95-8,3,True
pair::107-04-0::112-95-8::t0,107-04-0,112-95-8,sec::112-95-8::2,112-95-8,4,True
pair::107-04-0::112-95-8::t1,107-04-0,112-95-8,sec::107-04-0::10,107-04-0,2,True
pair::107-04-0::112-95-8::t1,107-04-0,112-95-8,sec::107-04-0::2,107-04-0,1,True
pair::107-04-0::112-95-8::t1,107-04-0,112-95-8,sec::112-95-8::10,112-95-8,7,True
pair::107-04-0::112-95-8::t1,107-04-0,112-95-8,sec::112-95-8::2,112-95-8,5,True
pair::107-04-0::112-95-8::t2,107-04-0,112-95-8,sec::107-04-0::10,107-04-0,1,True
pair::107-04-0::112-95-8::t2,107-04-0,112-95-8,sec::107-04-0::2,107-04-0,2,True
pair::107-04-0::112-95-8::t2,107-04-0,112-95-8,sec::112-95-8::10,112-95-8,6,True
pair::107-04-0::112-95-8::t2,107-04-0,112-95-8,sec::112-95-8::2,112-95-8,5,True
pair::107-04-0::112-95-8::t3,107-04-0,112-95-8,sec::107-04-0::10,107-04-0,1,True
pair::107-04-0::112-95-8::t3,107-04-0,112-95-8,sec::107-04-0::2,107-04-0,4,True
pair::107-04-0::112-95-8::t3,107-04-0,112-95-8,sec::112-95-8::10,112-95-8,6,True
pair::107-04-0::112-95-8::t3,107-04-0,112-95-8,sec::112-95-8::2,112-95-8,7,True
pair::107-04-0::112-95-8::t4,107-04-0,112-95-8,sec::107-04-0::10,107-04-0,2,True
pair::107-04-0::112-95-8::t4,107-04-0,112-95-8,sec::107-04-0::2,107-04-0,1,True
pair::107-04-0::112-95-8::t4,107-04-0,112-95-8,sec::112-95-8::10,112-95-8,7,True
pair::107-04-0::112-95-8::t4,107-04-0,112-95-8,sec::112-95-8::2,112-95-8,3,True
pair::101-21-3::7772-98-7::t0,101-21-3,7772-98-7,sec::101-21-3::10,101-21-3,3,True
pair::101-21-3::7772-98-7::t0,101-21-3,7772-98-7,sec::101-21-3::2::p1,101-21-3,13,True
pair::101-21-3::7772-98-7::t0,101-21-3,7772-98-7,sec::101-21-3::2::p2,101-21-3,,True
pair::101-21-3::7772-98-7::t0,101-21-3,7772-98-7,sec::7772-98-7::10,7772-98-7,1,True
pair::101-21-3::7772-98-7::t0,101-21-3,7772-98-7,sec::7772-98-7::2,7772-98-7,2,True
pair::101-21-3::7772-98-7::t1,101-21-3,7772-98-7,sec::101-21-3::10,101-21-3,9,True
pair::101-21-3::7772-98-7::t1,101-21-3,7772-98-7,sec::101-21-3::2::p1,101-21-3,13,True
pair::101-21-3::7772-98-7::t1,101-21-3,7772-98-7,sec::101-21-3::2::p2,101-21-3,,True
pair::101-21-3::7772-98-7::t1,101-21-3,7772-98-7,sec::7772-98-7::10,7772-98-7,1,True
pair::101-21-3::7772-98-7::t1,101-21-3,7772-98-7,sec::7772-98-7::2,7772-98-7,2,True
pair::101-21-3::7772-98-7::t2,101-21-3,7772-98-7,sec::101-21-3::10,101-21-3,6,True
pair::101-21-3::7772-98-7::t2,101-21-3,7772-98-7,sec::101-21-3::2::p1,101-21-3,8,True
pair::101-21-3::7772-98-7::t2,101-21-3,7772-98-7,sec::101-21-3::2::p2,101-21-3,,True
pair::101-21-3::7772-98-7::t2,101-21-3,7772-98-7,sec::7772-98-7::10,7772-98-7,2,True
pair::101-21-3::7772-98-7::t2,101-21-3,7772-98-7,sec::7772-98-7::2,7772-98-7,1,True
pair::101-21-3::7772-98-7::t3,101-21-3,7772-98-7,sec::101-21-3::10,101-21-3,7,True
pair::101-21-3::7772-98-7::t3,101-21-3,7772-98-7,sec::101-21-3::2::p1,101-21-3,10,True
pair::101-21-3::7772-98-7::t3,101-21-3,7772-98-7,sec::101-21-3::2::p2,101-21-3,,True
pair::101-21-3::7772-98-7::t3,101-21-3,7772-98-7,sec::7772-98-7::10,7772-98-7,1,True
pair::101-21-3::7772-98-7::t3,101-21-3,7772-98-7,sec::7772-98-7::2,7772-98-7,2,True
pair::101-21-3::7772-98-7::t4,101-21-3,7772-98-7,sec::101-21-3::10,101-21-3,10,True
pair::101-21-3::7772-98-7::t4,101-21-3,7772-98-7,sec::101-21-3::2::p1,101-21-3,15,True
pair::101-21-3::7772-98-7::t4,101-21-3,7772-98-7,sec::101-21-3::2::p2,101-21-3,,True
pair::101-21-3::7772-98-7::t4,101-21-3,7772-98-7,sec::7772-98-7::10,7772-98-7,2,True
pair::101-21-3::7772-98-7::t4,101-21-3,7772-98-7,sec::7772-98-7::2,7772-98-7,1,True
pair::112-95-8::12057-74-8::t0,112-95-8,12057-74-8,sec::112-95-8::10,112-95-8,3,True
pair::112-95-8::12057-74-8::t0,112-95-8,12057-74-8,sec::112-95-8::2,112-95-8,20,True
pair::112-95-8::12057-74-8::t0,112-95-8,12057-74-8,sec::12057-74-8::10,12057-74-8,2,True
pair::112-95-8::12057-74-8::t0,112-95-8,12057-74-8,sec::12057-74-8::2,12057-74-8,1,True
pair::112-95-8::12057-74-8::t1,112-95-8,12057-74-8,sec::112-95-8::10,112-95-8,6,True
pair::112-95-8::12057-74-8::t1,112-95-8,12057-74-8,sec::112-95-8::2,112-95-8,16,True
pair::112-95-8::12057-74-8::t1,112-95-8,12057-74-8,sec::12057-74-8::10,12057-74-8,2,True
pair::112-95-8::12057-74-8::t1,112-95-8,12057-74-8,sec::12057-74-8::2,12057-74-8,1,True
pair::112-95-8::12057-74-8::t2,112-95-8,12057-74-8,sec::112-95-8::10,112-95-8,8,True
pair::112-95-8::12057-74-8::t2,112-95-8,12057-74-8,sec::112-95-8::2,112-95-8,,True
pair::112-95-8::12057-74-8::t2,112-95-8,12057-74-8,sec::12057-74-8::10,12057-74-8,1,True
pair::112-95-8::12057-74-8::t2,112-95-8,12057-74-8,sec::12057-74-8::2,12057-74-8,2,True
pair::112-95-8::12057-74-8::t3,112-95-8,12057-74-8,sec::112-95-8::10,112-95-8,4,True
pair::112-95-8::12057-74-8::t3,112-95-8,12057-74-8,sec::112-95-8::2,112-95-8,,True
pair::112-95-8::12057-74-8::t3,112-95-8,12057-74-8,sec::12057-74-8::10,12057-74-8,1,True
pair::112-95-8::12057-74-8::t3,112-95-8,12057-74-8,sec::12057-74-8::2,12057-74-8,2,True
pair::112-95-8::12057-74-8::t4,112-95-8,12057-74-8,sec::112-95-8::10,112-95-8,6,True
pair::112-95-8::12057-74-8::t4,112-95-8,12057-74-8,sec::112-95-8::2,112-95-8,,True
pair::112-95-8::12057-74-8::t4,112-95-8,12057-74-8,sec::12057-74-8::10,12057-74-8,2,True
pair::112-95-8::12057-74-8::t4,112-95-8,12057-74-8,sec::12057-74-8::2,12057-74-8,1,True
pair::104-72-3::67-64-1::t0,104-72-3,67-64-1,sec::104-72-3::10,104-72-3,1,True
pair::104-72-3::67-64-1::t0,104-72-3,67-64-1,sec::104-72-3::2,104-72-3,5,True
pair::104-72-3::67-64-1::t0,104-72-3,67-64-1,sec::67-64-1::10,67-64-1,2,True
pair::104-72-3::67-64-1::t0,104-72-3,67-64-1,sec::67-64-1::2,67-64-1,,True
pair::104-72-3::67-64-1::t1,104-72-3,67-64-1,sec::104-72-3::10,104-72-3,9,True
pair::104-72-3::67-64-1::t1,104-72-3,67-64-1,sec::104-72-3::2,104-72-3,2,True
pair::104-72-3::67-64-1::t1,104-72-3,67-64-1,sec::67-64-1::10,67-64-1,3,True
pair::104-72-3::67-64-1::t1,104-72-3,67-64-1,sec::67-64-1::2,67-64-1,1,True
pair::104-72-3::67-64-1::t2,104-72-3,67-64-1,sec::104-72-3::10,104-72-3,11,True
pair::104-72-3::67-64-1::t2,104-72-3,67-64-1,sec::104-72-3::2,104-72-3,1,True
pair::104-72-3::67-64-1::t2,104-72-3,67-64-1,sec::67-64-1::10,67-64-1,,True
pair::104-72-3::67-64-1::t2,104-72-3,67-64-1,sec::67-64-1::2,67-64-1,17,True
pair::104-72-3::67-64-1::t3,104-72-3,67-64-1,sec::104-72-3::10,104-72-3,2,True
pair::104-72-3::67-64-1::t3,104-72-3,67-64-1,sec::104-72-3::2,104-72-3,13,True
pair::104-72-3::67-64-1::t3,104-72-3,67-64-1,sec::67-64-1::10,67-64-1,1,True
pair::104-72-3::67-64-1::t3,104-72-3,67-64-1,sec::67-64-1::2,67-64-1,,True
pair::104-72-3::67-64-1::t4,104-72-3,67-64-1,sec::104-72-3::10,104-72-3,2,True
pair::104-72-3::67-64-1::t4,104-72-3,67-64-1,sec::104-72-3::2,104-72-3,5,True
pair::104-72-3::67-64-1::t4,104-72-3,67-64-1,sec::67-64-1::10,67-64-1,6,True
pair::104-72-3::67-64-1::t4,104-72-3,67-64-1,sec::67-64-1::2,67-64-1,1,True
pair::1066-33-7::1191-80-6::t0,1066-33-7,1191-80-6,sec::1066-33-7::10,1066-33-7,1,True
pair::1066-33-7::1191-80-6::t0,1066-33-7,1191-80-6,sec::1066-33-7::2,1066-33-7,3,True
pair::1066-33-7::1191-80-6::t0,1066-33-7,1191-80-6,sec::1191-80-6::10,1191-80-6,2,True
pair::1066-33-7::1191-80-6::t0,1066-33-7,1191-80-6,sec::1191-80-6::2,1191-80-6,9,True
pair::1066-33-7::1191-80-6::t1,1066-33-7,1191-80-6,sec::1066-33-7::10,1066-33-7,1,True
pair::1066-33-7::1191-80-6::t1,1066-33-7,1191-80-6,sec::1066-33-7::2,1066-33-7,3,True
pair::1066-33-7::1191-80-6::t1,1066-33-7,1191-80-6,sec::1191-80-6::10,1191-80-6,2,True
pair::1066-33-7::1191-80-6::t1,1066-33-7,1191-80-6,sec::1191-80-6::2,1191-80-6,5,True
pair::1066-33-7::1191-80-6::t2,1066-33-7,1191-80-6,sec::1066-33-7::10,1066-33-7,2,True
pair::1066-33-7::1191-80-6::t2,1066-33-7,1191-80-6,sec::1066-33-7::2,1066-33-7,1,True
pair::1066-33-7::1191-80-6::t2,1066-33-7,1191-80-6,sec::1191-80-6::10,1191-80-6,3,True
pair::1066-33-7::1191-80-6::t2,1066-33-7,1191-80-6,sec::1191-80-6::2,1191-80-6,10,True
pair::1066-33-7::1191-80-6::t3,1066-33-7,1191-80-6,sec::1066-33-7::10,1066-33-7,1,True
pair::1066-33-7::1191-80-6::t3,1066-33-7,1191-80-6,sec::1066-33-7::2,1066-33-7,4,True
pair::1066-33-7::1191-80-6::t3,1066-33-7,1191-80-6,sec::1191-80-6::10,1191-80-6,2,True
pair::1066-33-7::1191-80-6::t3,1066-33-7,1191-80-6,sec::1191-80-6::2,1191-80-6,15,True
pair::1066-33-7::1191-80-6::t4,1066-33-7,1191-80-6,sec::1066-33-7::10,1066-33-7,1,True
pair::1066-33-7::1191-80-6::t4,1066-33-7,1191-80-6,sec::1066-33-7::2,1066-33-7,2,True
pair::1066-33-7::1191-80-6::t4,1066-33-7,1191-80-6,sec::1191-80-6::10,1191-80-6,3,True
pair::1066-33-7::1191-80-6::t4,1066-33-7,1191-80-6,sec::1191-80-6::2,1191-80-6,6,True
pair::100-51-6::13983-17-0::t0,100-51-6,13983-17-0,sec::100-51-6::10,100-51-6,2,True
pair::100-51-6::13983-17-0::t0,100-51-6,13983-17-0,sec::100-51-6::2,100-51-6,11,True
pair::100-51-6::13983-17-0::t0,100-51-6,13983-17-0,sec::13983-17-0::10,13983-17-0,1,True
pair::100-51-6::13983-17-0::t0,100-51-6,13983-17-0,sec::13983-17-0::2,13983-17-0,3,True
pair::100-51-6::13983-17-0::t1,100-51-6,13983-17-0,sec::100-51-6::10,100-51-6,5,True
pair::100-51-6::13983-17-0::t1,100-51-6,13983-17-0,sec::100-51-6::2,100-51-6,4,True
pair::100-51-6::13983-17-0::t1,100-51-6,13983-17-0,sec::13983-17-0::10,13983-17-0,1,True
pair::100-51-6::13983-17-0::t1,100-51-6,13983-17-0,sec::13983-17-0::2,13983-17-0,2,True
pair::100-51-6::13983-17-0::t2,100-51-6,13983-17-0,sec::100-51-6::10,100-51-6,6,True
pair::100-51-6::13983-17-0::t2,100-51-6,13983-17-0,sec::100-51-6::2,100-51-6,4,True
pair::100-51-6::13983-17-0::t2,100-51-6,13983-17-0,sec::13983-17-0::10,13983-17-0,2,True
pair::100-51-6::13983-17-0::t2,100-51-6,13983-17-0,sec::13983-17-0::2,13983-17-0,1,True
pair::100-51-6::13983-17-0::t3,100-51-6,13983-17-0,sec::100-51-6::10,100-51-6,5,True
pair::100-51-6::13983-17-0::t3,100-51-6,13983-17-0,sec::100-51-6::2,100-51-6,6,True
pair::100-51-6::13983-17-0::t3,100-51-6,13983-17-0,sec::13983-17-0::10,13983-17-0,1,True
pair::100-51-6::13983-17-0::t3,100-51-6,13983-17-0,sec::13983-17-0::2,13983-17-0,3,True
pair::100-51-6::13983-17-0::t4,100-51-6,13983-17-0,sec::100-51-6::10,100-51-6,7,True
pair::100-51-6::13983-17-0::t4,100-51-6,13983-17-0,sec::100-51-6::2,100-51-6,6,True
pair::100-51-6::13983-17-0::t4,100-51-6,13983-17-0,sec::13983-17-0::10,13983-17-0,1,True
pair::100-51-6::13983-17-0::t4,100-51-6,13983-17-0,sec::13983-17-0::2,13983-17-0,3,True
pair::106-51-4::108-88-3::t0,106-51-4,108-88-3,sec::106-51-4::10,106-51-4,3,True
pair::106-51-4::108-88-3::t0,106-51-4,108-88-3,sec::106-51-4::2::p1,106-51-4,,True
pair::106-51-4::108-88-3::t0,106-51-4,108-88-3,sec::106-51-4::2::p2,106-51-4,,True
pair::106-51-4::108-88-3::t0,106-51-4,108-88-3,sec::108-88-3::10,108-88-3,2,True
pair::106-51-4::108-88-3::t0,106-51-4,108-88-3,sec::108-88-3::2::p1,108-88-3,19,True
pair::106-51-4::108-88-3::t0,106-51-4,108-88-3,sec::108-88-3::2::p2,108-88-3,,True
pair::106-51-4::108-88-3::t1,106-51-4,108-88-3,sec::106-51-4::10,106-51-4,2,True
pair::106-51-4::108-88-3::t1,106-51-4,108-88-3,sec::106-51-4::2::p1,106-51-4,12,True
pair::106-51-4::108-88-3::t1,106-51-4,108-88-3,sec::106-51-4::2::p2,106-51-4,,True
pair::106-51-4::108-88-3::t1,106-51-4,108-88-3,sec::108-88-3::10,108-88-3,3,True
pair::106-51-4::108-88-3::t1,106-51-4,108-88-3,sec::108-88-3::2::p1,108-88-3,4,True
pair::106-51-4::108-88-3::t1,106-51-4,108-88-3,sec::108-88-3::2::p2,108-88-3,,True
pair::106-51-4::108-88-3::t2,106-51-4,108-88-3,sec::106-51-4::10,106-51-4,3,True
pair::106-51-4::108-88-3::t2,106-51-4,108-88-3,sec::106-51-4::2::p1,106-51-4,6,True
pair::106-51-4::108-88-3::t2,106-51-4,108-88-3,sec::106-51-4::2::p2,106-51-4,,True
pair::106-51-4::108-88-3::t2,106-51-4,108-88-3,sec::108-88-3::10,108-88-3,2,True
pair::106-51-4::108-88-3::t2,106-51-4,108-88-3,sec::108-88-3::2::p1,108-88-3,4,True
pair::106-51-4::108-88-3::t2,106-51-4,108-88-3,sec::108-88-3::2::p2,108-88-3,,True
pair::106-51-4::108-88-3::t3,106-51-4,108-88-3,sec::106-51-4::10,106-51-4,2,True
pair::106-51-4::108-88-3::t3,106-51-4,108-88-3,sec::106-51-4::2::p1,106-51-4,,True
pair::106-51-4::108-88-3::t3,106-51-4,108-88-3,sec::106-51-4::2::p2,106-51-4,,True
pair::106-51-4::108-88-3::t3,106-51-4,108-88-3,sec::108-88-3::10,108-88-3,3,True
pair::106-51-4::108-88-3::t3,106-51-4,108-88-3,sec::108-88-3::2::p1,108-88-3,14,True
pair::106-51-4::108-88-3::t3,106-51-4,108-88-3,sec::108-88-3::2::p2,108-88-3,,True
pair::106-51-4::108-88-3::t4,106-51-4,108-88-3,sec::106-51-4::10,106-51-4,3,True
pair::106-51-4::108-88-3::t4,106-51-4,108-88-3,sec::106-51-4::2::p1,106-51-4,,True
pair::106-51-4::108-88-3::t4,106-51-4,108-88-3,sec::106-51-4::2::p2,106-51-4,,True
pair::106-51-4::108-88-3::t4,106-51-4,108-88-3,sec::108-88-3::10,108-88-3,2,True
pair::106-51-4::108-88-3::t4,106-51-4,108-88-3,sec::108-88-3::2::p1,108-88-3,,True
pair::106-51-4::108-88-3::t4,106-51-4,108-88-3,sec::108-88-3::2::p2,108-88-3,,True
pair::102-08-9::1333-86-4::t0,102-08-9,1333-86-4,sec::102-08-9::10,102-08-9,1,True
pair::102-08-9::1333-86-4::t0,102-08-9,1333-86-4,sec::102-08-9::2,102-08-9,5,True
pair::102-08-9::1333-86-4::t0,102-08-9,1333-86-4,sec::1333-86-4::10,1333-86-4,3,True
pair::102-08-9::1333-86-4::t0,102-08-9,1333-86-4,sec::1333-86-4::2,1333-86-4,2,True
pair::102-08-9::1333-86-4::t1,102-08-9,1333-86-4,sec::102-08-9::10,102-08-9,2,True
pair::102-08-9::1333-86-4::t1,102-08-9,1333-86-4,sec::102-08-9::2,102-08-9,1,True
pair::102-08-9::1333-86-4::t1,102-08-9,1333-86-4,sec::1333-86-4::10,1333-86-4,13,True
pair::102-08-9::1333-86-4::t1,102-08-9,1333-86-4,sec::1333-86-4::2,1333-86-4,3,True
pair::102-08-9::1333-86-4::t2,102-08-9,1333-86-4,sec::102-08-9::10,102-08-9,2,True
pair::102-08-9::1333-86-4::t2,102-08-9,1333-86-4,sec::102-08-9::2,102-08-9,1,True
pair::102-08-9::1333-86-4::t2,102-08-9,1333-86-4,sec::1333-86-4::10,1333-86-4,5,True
pair::102-08-9::1333-86-4::t2,102-08-9,1333-86-4,sec::1333-86-4::2,1333-86-4,7,True
pair::102-08-9::1333-86-4::t3,102-08-9,1333-86-4,sec::102-08-9::10,102-08-9,1,True
pair::102-08-9::1333-86-4::t3,102-08-9,1333-86-4,sec::102-08-9::2,102-08-9,3,True
pair::102-08-9::1333-86-4::t3,102-08-9,1333-86-4,sec::1333-86-4::10,1333-86-4,2,True
pair::102-08-9::1333-86-4::t3,102-08-9,1333-86-4,sec::1333-86-4::2,1333-86-4,4,True
pair::102-08-9::1333-86-4::t4,102-08-9,1333-86-4,sec::102-08-9::10,102-08-9,2,True
pair::102-08-9::1333-86-4::t4,102-08-9,1333-86-4,sec::102-08-9::2,102-08-9,3,True
pair::102-08-9::1333-86-4::t4,102-08-9,1333-86-4,sec::1333-86-4::10,1333-86-4,6,True
pair::102-08-9::1333-86-4::t4,102-08-9,1333-86-4,sec::1333-86-4::2,1333-86-4,1,True
pair::10031-87-5::106-31-0::t0,10031-87-5,106-31-0,sec::10031-87-5::10,10031-87-5,1,False
pair::10031-87-5::106-31-0::t0,10031-87-5,106-31-0,sec::10031-87-5::2,10031-87-5,2,False
pair::10031-87-5::106-31-0::t0,10031-87-5,106-31-0,sec::106-31-0::10,106-31-0,3,False
pair::10031-87-5::106-31-0::t0,10031-87-5,106-31-0,sec::106-31-0::2,106-31-0,5,False
pair::10031-87-5::106-31-0::t1,10031-87-5,106-31-0,sec::10031-87-5::10,10031-87-5,2,False
pair::10031-87-5::106-31-0::t1,10031-87-5,106-31-0,sec::10031-87-5::2,10031-87-5,1,False
pair::10031-87-5::106-31-0::t1,10031-87-5,106-31-0,sec::106-31-0::10,106-31-0,5,False
pair::10031-87-5::106-31-0::t1,10031-87-5,106-31-0,sec::106-31-0::2,106-31-0,3,False
pair::10031-87-5::106-31-0::t2,10031-87-5,106-31-0,sec::10031-87-5::10,10031-87-5,1,False
pair::10031-87-5::106-31-0::t2,10031-87-5,106-31-0,sec::10031-87-5::2,10031-87-5,2,False
pair::10031-87-5::106-31-0::t2,10031-87-5,106-31-0,sec::106-31-0::10,106-31-0,4,False
pair::10031-87-5::106-31-0::t2,10031-87-5,106-31-0,sec::106-31-0::2,106-31-0,5,False
pair::10031-87-5::106-31-0::t3,10031-87-5,106-31-0,sec::10031-87-5::10,10031-87-5,1,False
pair::10031-87-5::106-31-0::t3,10031-87-5,106-31-0,sec::10031-87-5::2,10031-87-5,2,False
pair::10031-87-5::106-31-0::t3,10031-87-5,106-31-0,sec::106-31-0::10,106-31-0,4,False
pair::10031-87-5::106-31-0::t3,10031-87-5,106-31-0,sec::106-31-0::2,106-31-0,5,False
pair::10031-87-5::106-31-0::t4,10031-87-5,106-31-0,sec::10031-87-5::10,10031-87-5,2,False
pair::10031-87-5::106-31-0::t4,10031-87-5,106-31-0,sec::10031-87-5::2,10031-87-5,1,False
pair::10031-87-5::106-31-0::t4,10031-87-5,106-31-0,sec::106-31-0::10,106-31-0,5,False
pair::10031-87-5::106-31-0::t4,10031-87-5,106-31-0,sec::106-31-0::2,106-31-0,4,False
pair::106-24-1::7786-81-4::t0,106-24-1,7786-81-4,sec::106-24-1::10,106-24-1,2,True
pair::106-24-1::7786-81-4::t0,106-24-1,7786-81-4,sec::106-24-1::2,106-24-1,11,True
pair::106-24-1::7786-81-4::t0,106-24-1,7786-81-4,sec::7786-81-4::10,7786-81-4,1,True
pair::106-24-1::7786-81-4::t0,106-24-1,7786-81-4,sec::7786-81-4::2::p1,7786-81-4,10,True
pair::106-24-1::7786-81-4::t0,106-24-1,7786-81-4,sec::7786-81-4::2::p2,7786-81-4,,True
pair::106-24-1::7786-81-4::t1,106-24-1,7786-81-4,sec::106-24-1::10,106-24-1,14,True
pair::106-24-1::7786-81-4::t1,106-24-1,7786-81-4,sec::106-24-1::2,106-24-1,6,True
pair::106-24-1::7786-81-4::t1,106-24-1,7786-81-4,sec::7786-81-4::10,7786-81-4,1,True
pair::106-24-1::7786-81-4::t1,106-24-1,7786-81-4,sec::7786-81-4::2::p1,7786-81-4,2,True
pair::106-24-1::7786-81-4::t1,106-24-1,7786-81-4,sec::7786-81-4::2::p2,7786-81-4,,True
pair::106-24-1::7786-81-4::t2,106-24-1,7786-81-4,sec::106-24-1::10,106-24-1,15,True
pair::106-24-1::7786-81-4::t2,106-24-1,7786-81-4,sec::106-24-1::2,106-24-1,5,True
pair::106-24-1::7786-81-4::t2,106-24-1,7786-81-4,sec::7786-81-4::10,7786-81-4,1,True
pair::106-24-1::7786-81-4::t2,106-24-1,7786-81-4,sec::7786-81-4::2::p1,7786-81-4,2,True
pair::106-24-1::7786-81-4::t2,106-24-1,7786-81-4,sec::7786-81-4::2::p2,7786-81-4,,True
pair::106-24-1::7786-81-4::t3,106-24-1,7786-81-4,sec::106-24-1::10,106-24-1,7,True
pair::106-24-1::7786-81-4::t3,106-24-1,7786-81-4,sec::106-24-1::2,106-24-1,15,True
pair::106-24-1::7786-81-4::t3,106-24-1,7786-81-4,sec::7786-81-4::10,7786-81-4,1,True
pair::106-24-1::7786-81-4::t3,106-24-1,7786-81-4,sec::7786-81-4::2::p1,7786-81-4,2,True
pair::106-24-1::7786-81-4::t3,106-24-1,7786-81-4,sec::7786-81-4::2::p2,7786-81-4,,True
pair::106-24-1::7786-81-4::t4,106-24-1,7786-81-4,sec::106-24-1::10,106-24-1,16,True
pair::106-24-1::7786-81-4::t4,106-24-1,7786-81-4,sec::106-24-1::2,106-24-1,3,True
pair::106-24-1::7786-81-4::t4,106-24-1,7786-81-4,sec::7786-81-4::10,7786-81-4,1,True
pair::106-24-1::7786-81-4::t4,106-24-1,7786-81-4,sec::7786-81-4::2::p1,7786-81-4,2,True
pair::106-24-1::7786-81-4::t4,106-24-1,7786-81-4,sec::7786-81-4::2::p2,7786-81-4,,True
pair::109-59-1::7772-98-7::t0,109-59-1,7772-98-7,sec::109-59-1::10,109-59-1,3,True
pair::109-59-1::7772-98-7::t0,109-59-1,7772-98-7,sec::109-59-1::2,109-59-1,11,True
pair::109-59-1::7772-98-7::t0,109-59-1,7772-98-7,sec::7772-98-7::10,7772-98-7,1,True
pair::109-59-1::7772-98-7::t0,109-59-1,7772-98-7,sec::7772-98-7::2,7772-98-7,2,True
pair::109-59-1::7772-98-7::t1,109-59-1,7772-98-7,sec::109-59-1::10,109-59-1,7,True
pair::109-59-1::7772-98-7::t1,109-59-1,7772-98-7,sec::109-59-1::2,109-59-1,13,True
pair::109-59-1::7772-98-7::t1,109-59-1,7772-98-7,sec::7772-98-7::10,7772-98-7,1,True
pair::109-59-1::7772-98-7::t1,109-59-1,7772-98-7,sec::7772-98-7::2,7772-98-7,2,True
pair::109-59-1::7772-98-7::t2,109-59-1,7772-98-7,sec::109-59-1::10,109-59-1,7,True
pair::109-59-1::7772-98-7::t2,109-59-1,7772-98-7,sec::109-59-1::2,109-59-1,9,True
pair::109-59-1::7772-98-7::t2,109-59-1,7772-98-7,sec::7772-98-7::10,7772-98-7,2,True
pair::109-59-1::7772-98-7::t2,109-59-1,7772-98-7,sec::7772-98-7::2,7772-98-7,1,True
pair::109-59-1::7772-98-7::t3,109-59-1,7772-98-7,sec::109-59-1::10,109-59-1,6,True
pair::109-59-1::7772-98-7::t3,109-59-1,7772-98-7,sec::109-59-1::2,109-59-1,,True
pair::109-59-1::7772-98-7::t3,109-59-1,7772-98-7,sec::7772-98-7::10,7772-98-7,1,True
pair::109-59-1::7772-98-7::t3,109-59-1,7772-98-7,sec::7772-98-7::2,7772-98-7,2,True
pair::109-59-1::7772-98-7::t4,109-59-1,7772-98-7,sec::109-59-1::10,109-59-1,15,True
pair::109-59-1::7772-98-7::t4,109-59-1,7772-98-7,sec::109-59-1::2,109-59-1,7,True
pair::109-59-1::7772-98-7::t4,109-59-1,7772-98-7,sec::7772-98-7::10,7772-98-7,2,True
pair::109-59-1::7772-98-7::t4,109-59-1,7772-98-7,sec::7772-98-7::2,7772-98-7,1,True
pair::101-80-4::1344-00-9::t0,101-80-4,1344-00-9,sec::101-80-4::10,101-80-4,1,True
pair::101-80-4::1344-00-9::t0,101-80-4,1344-00-9,sec::101-80-4::2,101-80-4,8,True
pair::101-80-4::1344-00-9::t0,101-80-4,1344-00-9,sec::1344-00-9::10,1344-00-9,2,True
pair::101-80-4::1344-00-9::t0,101-80-4,1344-00-9,sec::1344-00-9::2,1344-00-9,3,True
pair::101-80-4::1344-00-9::t1,101-80-4,1344-00-9,sec::101-80-4::10,101-80-4,5,True
pair::101-80-4::1344-00-9::t1,101-80-4,1344-00-9,sec::101-80-4::2,101-80-4,6,True
pair::101-80-4::1344-00-9::t1,101-80-4,1344-00-9,sec::1344-00-9::10,1344-00-9,1,True
pair::101-80-4::1344-00-9::t1,101-80-4,1344-00-9,sec::1344-00-9::2,1344-00-9,2,True
pair::101-80-4::1344-00-9::t2,101-80-4,1344-00-9,sec::101-80-4::10,101-80-4,6,True
pair::101-80-4::1344-00-9::t2,101-80-4,1344-00-9,sec::101-80-4::2,101-80-4,7,True
pair::101-80-4::1344-00-9::t2,101-80-4,1344-00-9,sec::1344-00-9::10,1344-00-9,1,True
pair::101-80-4::1344-00-9::t2,101-80-4,1344-00-9,sec::1344-00-9::2,1344-00-9,2,True
pair::101-80-4::1344-00-9::t3,101-80-4,1344-00-9,sec::101-80-4::10,101-80-4,7,True
pair::101-80-4::1344-00-9::t3,101-80-4,1344-00-9,sec::101-80-4::2,101-80-4,8,True
pair::101-80-4::1344-00-9::t3,101-80-4,1344-00-9,sec::1344-00-9::10,1344-00-9,1,True
pair::101-80-4::1344-00-9::t3,101-80-4,1344-00-9,sec::1344-00-9::2,1344-00-9,2,True
pair::101-80-4::1344-00-9::t4,101-80-4,1344-00-9,sec::101-80-4::10,101-80-4,7,True
pair::101-80-4::1344-00-9::t4,101-80-4,1344-00-9,sec::101-80-4::2,101-80-4,9,True
pair::101-80-4::1344-00-9::t4,101-80-4,1344-00-9,sec::1344-00-9::10,1344-00-9,1,True
pair::101-80-4::1344-00-9::t4,101-80-4,1344-00-9,sec::1344-00-9::2,1344-00-9,2,True
pair::10102-20-2::1317-65-3::t0,10102-20-2,1317-65-3,sec::10102-20-2::10,10102-20-2,1,True
pair::10102-20-2::1317-65-3::t0,10102-20-2,1317-65-3,sec::10102-20-2::2,10102-20-2,2,True
pair::10102-20-2::1317-65-3::t0,10102-20-2,1317-65-3,sec::1317-65-3::10,1317-65-3,6,True
pair::10102-20-2::1317-65-3::t0,10102-20-2,1317-65-3,sec::1317-65-3::2,1317-65-3,9,True
pair::10102-20-2::1317-65-3::t1,10102-20-2,1317-65-3,sec::10102-20-2::10,10102-20-2,1,True
pair::10102-20-2::1317-65-3::t1,10102-20-2,1317-65-3,sec::10102-20-2::2,10102-20-2,2,True
pair::10102-20-2::1317-65-3::t1,10102-20-2,1317-65-3,sec::1317-65-3::10,1317-65-3,4,True
pair::10102-20-2::1317-65-3::t1,10102-20-2,1317-65-3,sec::1317-65-3::2,1317-65-3,7,True
pair::10102-20-2::1317-65-3::t2,10102-20-2,1317-65-3,sec::10102-20-2::10,10102-20-2,1,True
pair::10102-20-2::1317-65-3::t2,10102-20-2,1317-65-3,sec::10102-20-2::2,10102-20-2,2,True
pair::10102-20-2::1317-65-3::t2,10102-20-2,1317-65-3,sec::1317-65-3::10,1317-65-3,4,True
pair::10102-20-2::1317-65-3::t2,10102-20-2,1317-65-3,sec::1317-65-3::2,1317-65-3,3,True
pair::10102-20-2::1317-65-3::t3,10102-20-2,1317-65-3,sec::10102-20-2::10,10102-20-2,1,True
pair::10102-20-2::1317-65-3::t3,10102-20-2,1317-65-3,sec::10102-20-2::2,10102-20-2,2,True
pair::10102-20-2::1317-65-3::t3,10102-20-2,1317-65-3,sec::1317-65-3::10,1317-65-3,3,True
pair::10102-20-2::1317-65-3::t3,10102-20-2,1317-65-3,sec::1317-65-3::2,1317-65-3,15,True
pair::10102-20-2::1317-65-3::t4,10102-20-2,1317-65-3,sec::10102-20-2::10,10102-20-2,2,True
pair::10102-20-2::1317-65-3::t4,10102-20-2,1317-65-3,sec::10102-20-2::2,10102-20-2,1,True
pair::10102-20-2::1317-65-3::t4,10102-20-2,1317-65-3,sec::1317-65-3::10,1317-65-3,3,True
pair::10102-20-2::1317-65-3::t4,10102-20-2,1317-65-3,sec::1317-65-3::2,1317-65-3,7,True
pair::110-16-7::115-86-6::t0,110-16-7,115-86-6,sec::110-16-7::10,110-16-7,5,True
pair::110-16-7::115-86-6::t0,110-16-7,115-86-6,sec::110-16-7::2,110-16-7,,True
pair::110-16-7::115-86-6::t0,110-16-7,115-86-6,sec::115-86-6::10,115-86-6,1,True
pair::110-16-7::115-86-6::t0,110-16-7,115-86-6,sec::115-86-6::2,115-86-6,4,True
pair::110-16-7::115-86-6::t1,110-16-7,115-86-6,sec::110-16-7::10,110-16-7,3,True
pair::110-16-7::115-86-6::t1,110-16-7,115-86-6,sec::110-16-7::2,110-16-7,5,True
pair::110-16-7::115-86-6::t1,110-16-7,115-86-6,sec::115-86-6::10,115-86-6,1,True
pair::110-16-7::115-86-6::t1,110-16-7,115-86-6,sec::115-86-6::2,115-86-6,2,True
pair::110-16-7::115-86-6::t2,110-16-7,115-86-6,sec::110-16-7::10,110-16-7,6,True
pair::110-16-7::115-86-6::t2,110-16-7,115-86-6,sec::110-16-7::2,110-16-7,3,True
pair::110-16-7::115-86-6::t2,110-16-7,115-86-6,sec::115-86-6::10,115-86-6,1,True
pair::110-16-7::115-86-6::t2,110-16-7,115-86-6,sec::115-86-6::2,115-86-6,5,True
pair::110-16-7::115-86-6::t3,110-16-7,115-86-6,sec::110-16-7::10,110-16-7,3,True
pair::110-16-7::115-86-6::t3,110-16-7,115-86-6,sec::110-16-7::2,110-16-7,,True
pair::110-16-7::115-86-6::t3,110-16-7,115-86-6,sec::115-86-6::10,115-86-6,1,True
pair::110-16-7::115-86-6::t3,110-16-7,115-86-6,sec::115-86-6::2,115-86-6,6,True
pair::110-16-7::115-86-6::t4,110-16-7,115-86-6,sec::110-16-7::10,110-16-7,3,True
pair::110-16-7::115-86-6::t4,110-16-7,115-86-6,sec::110-16-7::2,110-16-7,5,True
pair::110-16-7::115-86-6::t4,110-16-7,115-86-6,sec::115-86-6::10,115-86-6,1,True
pair::110-16-7::115-86-6::t4,110-16-7,115-86-6,sec::115-86-6::2,115-86-6,2,True
pair::100-22-1::10016-20-3::t0,100-22-1,10016-20-3,sec::100-22-1::10,100-22-1,1,True
pair::100-22-1::10016-20-3::t0,100-22-1,10016-20-3,sec::100-22-1::2,100-22-1,2,True
pair::100-22-1::10016-20-3::t0,100-22-1,10016-20-3,sec::10016-20-3::10,10016-20-3,3,True
pair::100-22-1::10016-20-3::t0,100-22-1,10016-20-3,sec::10016-20-3::2,10016-20-3,6,True
pair::100-22-1::10016-20-3::t1,100-22-1,10016-20-3,sec::100-22-1::10,100-22-1,2,True
pair::100-22-1::10016-20-3::t1,100-22-1,10016-20-3,sec::100-22-1::2,100-22-1,1,True
pair::100-22-1::10016-20-3::t1,100-22-1,10016-20-3,sec::10016-20-3::10,10016-20-3,3,True
pair::100-22-1::10016-20-3::t1,100-22-1,10016-20-3,sec::10016-20-3::2,10016-20-3,4,True
pair::100-22-1::10016-20-3::t2,100-22-1,10016-20-3,sec::100-22-1::10,100-22-1,1,True
pair::100-22-1::10016-20-3::t2,100-22-1,10016-20-3,sec::100-22-1::2,100-22-1,2,True
pair::100-22-1::10016-20-3::t2,100-22-1,10016-20-3,sec::10016-20-3::10,10016-20-3,5,True
pair::100-22-1::10016-20-3::t2,100-22-1,10016-20-3,sec::10016-20-3::2,10016-20-3,7,True
pair::100-22-1::10016-20-3::t3,100-22-1,10016-20-3,sec::100-22-1::10,100-22-1,1,True
pair::100-22-1::10016-20-3::t3,100-22-1,10016-20-3,sec::100-22-1::2,100-22-1,2,True
pair::100-22-1::10016-20-3::t3,100-22-1,10016-20-3,sec::10016-20-3::10,10016-20-3,3,True
pair::100-22-1::10016-20-3::t3,100-22-1,10016-20-3,sec::10016-20-3::2,10016-20-3,5,True
pair::100-22-1::10016-20-3::t4,100-22-1,10016-20-3,sec::100-22-1::10,100-22-1,2,True
pair::100-22-1::10016-20-3::t4,100-22-1,10016-20-3,sec::100-22-1::2,100-22-1,1,True
pair::100-22-1::10016-20-3::t4,100-22-1,10016-20-3,sec::10016-20-3::10,10016-20-3,3,True
pair::100-22-1::10016-20-3::t4,100-22-1,10016-20-3,sec::10016-20-3::2,10016-20-3,5,True
pair::10102-49-5::1066-33-7::t0,10102-49-5,1066-33-7,sec::10102-49-5::10,10102-49-5,2,True
pair::10102-49-5::1066-33-7::t0,10102-49-5,1066-33-7,sec::10102-49-5::2,10102-49-5,6,True
pair::10102-49-5::1066-33-7::t0,10102-49-5,1066-33-7,sec::1066-33-7::10,1066-33-7,1,True
pair::10102-49-5::1066-33-7::t0,10102-49-5,1066-33-7,sec::1066-33-7::2,1066-33-7,3,True
pair::10102-49-5::1066-33-7::t1,10102-49-5,1066-33-7,sec::10102-49-5::10,10102-49-5,2,True
pair::10102-49-5::1066-33-7::t1,10102-49-5,1066-33-7,sec::10102-49-5::2,10102-49-5,3,True
pair::10102-49-5::1066-33-7::t1,10102-49-5,1066-33-7,sec::1066-33-7::10,1066-33-7,1,True
pair::10102-49-5::1066-33-7::t1,10102-49-5,1066-33-7,sec::1066-33-7::2,1066-33-7,4,True
pair::10102-49-5::1066-33-7::t2,10102-49-5,1066-33-7,sec::10102-49-5::10,10102-49-5,1,True
pair::10102-49-5::1066-33-7::t2,10102-49-5,1066-33-7,sec::10102-49-5::2,10102-49-5,3,True
pair::10102-49-5::1066-33-7::t2,10102-49-5,1066-33-7,sec::1066-33-7::10,1066-33-7,4,True
pair::10102-49-5::1066-33-7::t2,10102-49-5,1066-33-7,sec::1066-33-7::2,1066-33-7,2,True
pair::10102-49-5::1066-33-7::t3,10102-49-5,1066-33-7,sec::10102-49-5::10,10102-49-5,1,True
pair::10102-49-5::1066-33-7::t3,10102-49-5,1066-33-7,sec::10102-49-5::2,10102-49-5,,True
pair::10102-49-5::1066-33-7::t3,10102-49-5,1066-33-7,sec::1066-33-7::10,1066-33-7,2,True
pair::10102-49-5::1066-33-7::t3,10102-49-5,1066-33-7,sec::1066-33-7::2,1066-33-7,5,True
pair::10102-49-5::1066-33-7::t4,10102-49-5,1066-33-7,sec::10102-49-5::10,10102-49-5,2,True
pair::10102-49-5::1066-33-7::t4,10102-49-5,1066-33-7,sec::10102-49-5::2,10102-49-5,1,True
pair::10102-49-5::1066-33-7::t4,10102-49-5,1066-33-7,sec::1066-33-7::10,1066-33-7,4,True
pair::10102-49-5::1066-33-7::t4,10102-49-5,1066-33-7,sec::1066-33-7::2,1066-33-7,3,True
pair::103-09-3::13718-59-7::t0,103-09-3,13718-59-7,sec::103-09-3::10,103-09-3,3,True
pair::103-09-3::13718-59-7::t0,103-09-3,13718-59-7,sec::103-09-3::2,103-09-3,7,True
pair::103-09-3::13718-59-7::t0,103-09-3,13718-59-7,sec::13718-59-7::10,13718-59-7,1,True
pair::103-09-3::13718-59-7::t0,103-09-3,13718-59-7,sec::13718-59-7::2,13718-59-7,2,True
pair::103-09-3::13718-59-7::t1,103-09-3,13718-59-7,sec::103-09-3::10,103-09-3,5,True
pair::103-09-3::13718-59-7::t1,103-09-3,13718-59-7,sec::103-09-3::2,103-09-3,6,True
pair::103-09-3::13718-59-7::t1,103-09-3,13718-59-7,sec::13718-59-7::10,13718-59-7,1,True
pair::103-09-3::13718-59-7::t1,103-09-3,13718-59-7,sec::13718-59-7::2,13718-59-7,2,True
pair::103-09-3::13718-59-7::t2,103-09-3,13718-59-7,sec::103-09-3::10,103-09-3,5,True
pair::103-09-3::13718-59-7::t2,103-09-3,13718-59-7,sec::103-09-3::2,103-09-3,6,True
pair::103-09-3::13718-59-7::t2,103-09-3,13718-59-7,sec::13718-59-7::10,13718-59-7,1,True
pair::103-09-3::13718-59-7::t2,103-09-3,13718-59-7,sec::13718-59-7::2,13718-59-7,2,True
pair::103-09-3::13718-59-7::t3,103-09-3,13718-59-7,sec::103-09-3::10,103-09-3,3,True
pair::103-09-3::13718-59-7::t3,103-09-3,13718-59-7,sec::103-09-3::2,103-09-3,8,True
pair::103-09-3::13718-59-7::t3,103-09-3,13718-59-7,sec::13718-59-7::10,13718-59-7,1,True
pair::103-09-3::13718-59-7::t3,103-09-3,13718-59-7,sec::13718-59-7::2,13718-59-7,2,True
pair::103-09-3::13718-59-7::t4,103-09-3,13718-59-7,sec::103-09-3::10,103-09-3,7,True
pair::103-09-3::13718-59-7::t4,103-09-3,13718-59-7,sec::103-09-3::2,103-09-3,6,True
pair::103-09-3::13718-59-7::t4,103-09-3,13718-59-7,sec::13718-59-7::10,13718-59-7,2,True
pair::103-09-3::13718-59-7::t4,103-09-3,13718-59-7,sec::13718-59-7::2,13718-59-7,1,True
pair::101-80-4::102-71-6::t0,101-80-4,102-71-6,sec::101-80-4::10,101-80-4,1,True
pair::101-80-4::102-71-6::t0,101-80-4,102-71-6,sec::101-80-4::2,101-80-4,6,True
pair::101-80-4::102-71-6::t0,101-80-4,102-71-6,sec::102-71-6::10,102-71-6,2,True
pair::101-80-4::102-71-6::t0,101-80-4,102-71-6,sec::102-71-6::2,102-71-6,11,True
pair::101-80-4::102-71-6::t1,101-80-4,102-71-6,sec::101-80-4::10,101-80-4,4,True
pair::101-80-4::102-71-6::t1,101-80-4,102-71-6,sec::101-80-4::2,101-80-4,7,True
pair::101-80-4::102-71-6::t1,101-80-4,102-71-6,sec::102-71-6::10,102-71-6,1,True
pair::101-80-4::102-71-6::t1,101-80-4,102-71-6,sec::102-71-6::2,102-71-6,2,True
pair::101-80-4::102-71-6::t2,101-80-4,102-71-6,sec::101-80-4::10,101-80-4,4,True
pair::101-80-4::102-71-6::t2,101-80-4,102-71-6,sec::101-80-4::2,101-80-4,3,True
pair::101-80-4::102-71-6::t2,101-80-4,102-71-6,sec::102-71-6::10,102-71-6,16,True
pair::101-80-4::102-71-6::t2,101-80-4,102-71-6,sec::102-71-6::2,102-71-6,6,True
pair::101-80-4::102-71-6::t3,101-80-4,102-71-6,sec::101-80-4::10,101-80-4,4,True
pair::101-80-4::102-71-6::t3,101-80-4,102-71-6,sec::101-80-4::2,101-80-4,9,True
pair::101-80-4::102-71-6::t3,101-80-4,102-71-6,sec::102-71-6::10,102-71-6,1,True
pair::101-80-4::102-71-6::t3,101-80-4,102-71-6,sec::102-71-6::2,102-71-6,6,True
pair::101-80-4::102-71-6::t4,101-80-4,102-71-6,sec::101-80-4::10,101-80-4,4,True
pair::101-80-4::102-71-6::t4,101-80-4,102-71-6,sec::101-80-4::2,101-80-4,6,True
pair::101-80-4::102-71-6::t4,101-80-4,102-71-6,sec::102-71-6::10,102-71-6,3,True
pair::101-80-4::102-71-6::t4,101-80-4,102-71-6,sec::102-71-6::2,102-71-6,1,True
pair::107-94-8::117-39-5::t0,107-94-8,117-39-5,sec::107-94-8::10,107-94-8,2,True
pair::107-94-8::117-39-5::t0,107-94-8,117-39-5,sec::107-94-8::2,107-94-8,3,True
pair::107-94-8::117-39-5::t0,107-94-8,117-39-5,sec::117-39-5::10,117-39-5,1,True
pair::107-94-8::117-39-5::t0,107-94-8,117-39-5,sec::117-39-5::2,117-39-5,4,True
pair::107-94-8::117-39-5::t1,107-94-8,117-39-5,sec::107-94-8::10,107-94-8,2,True
pair::107-94-8::117-39-5::t1,107-94-8,117-39-5,sec::107-94-8::2,107-94-8,4,True
pair::107-94-8::117-39-5::t1,107-94-8,117-39-5,sec::117-39-5::10,117-39-5,1,True
pair::107-94-8::117-39-5::t1,107-94-8,117-39-5,sec::117-39-5::2,117-39-5,3,True
pair::107-94-8::117-39-5::t2,107-94-8,117-39-5,sec::107-94-8::10,107-94-8,4,True
pair::107-94-8::117-39-5::t2,107-94-8,117-39-5,sec::107-94-8::2,107-94-8,2,True
pair::107-94-8::117-39-5::t2,107-94-8,117-39-5,sec::117-39-5::10,117-39-5,1,True
pair::107-94-8::117-39-5::t2,107-94-8,117-39-5,sec::117-39-5::2,117-39-5,3,True
pair::107-94-8::117-39-5::t3,107-94-8,117-39-5,sec::107-94-8::10,107-94-8,2,True
pair::107-94-8::117-39-5::t3,107-94-8,117-39-5,sec::107-94-8::2,107-94-8,3,True
pair::107-94-8::117-39-5::t3,107-94-8,117-39-5,sec::117-39-5::10,117-39-5,1,True
pair::107-94-8::117-39-5::t3,107-94-8,117-39-5,sec::117-39-5::2,117-39-5,4,True
pair::107-94-8::117-39-5::t4,107-94-8,117-39-5,sec::107-94-8::10,107-94-8,4,True
pair::107-94-8::117-39-5::t4,107-94-8,117-39-5,sec::107-94-8::2,107-94-8,1,True
pair::107-94-8::117-39-5::t4,107-94-8,117-39-5,sec::117-39-5::10,117-39-5,2,True
pair::107-94-8::117-39-5::t4,107-94-8,117-39-5,sec::117-39-5::2,117-39-5,3,True
pair::100-51-6::131-52-2::t0,100-51-6,131-52-2,sec::100-51-6::10,100-51-6,3,True
pair::100-51-6::131-52-2::t0,100-51-6,131-52-2,sec::100-51-6::2,100-51-6,5,True
pair::100-51-6::131-52-2::t0,100-51-6,131-52-2,sec::131-52-2::10,131-52-2,2,True
pair::100-51-6::131-52-2::t0,100-51-6,131-52-2,sec::131-52-2::2,131-52-2,1,True
pair::100-51-6::131-52-2::t1,100-51-6,131-52-2,sec::100-51-6::10,100-51-6,,True
pair::100-51-6::131-52-2::t1,100-51-6,131-52-2,sec::100-51-6::2,100-51-6,3,True
pair::100-51-6::131-52-2::t1,100-51-6,131-52-2,sec::131-52-2::10,131-52-2,2,True
pair::100-51-6::131-52-2::t1,100-51-6,131-52-2,sec::131-52-2::2,131-52-2,1,True
pair::100-51-6::131-52-2::t2,100-51-6,131-52-2,sec::100-51-6::10,100-51-6,,True
pair::100-51-6::131-52-2::t2,100-51-6,131-52-2,sec::100-51-6::2,100-51-6,4,True
pair::100-51-6::131-52-2::t2,100-51-6,131-52-2,sec::131-52-2::10,131-52-2,2,True
pair::100-51-6::131-52-2::t2,100-51-6,131-52-2,sec::131-52-2::2,131-52-2,1,True
pair::100-51-6::131-52-2::t3,100-51-6,131-52-2,sec::100-51-6::10,100-51-6,9,True
pair::100-51-6::131-52-2::t3,100-51-6,131-52-2,sec::100-51-6::2,100-51-6,6,True
pair::100-51-6::131-52-2::t3,100-51-6,131-52-2,sec::131-52-2::10,131-52-2,1,True
pair::100-51-6::131-52-2::t3,100-51-6,131-52-2,sec::131-52-2::2,131-52-2,2,True
pair::100-51-6::131-52-2::t4,100-51-6,131-52-2,sec::100-51-6::10,100-51-6,,True
pair::100-51-6::131-52-2::t4,100-51-6,131-52-2,sec::100-51-6::2,100-51-6,4,True
pair::100-51-6::131-52-2::t4,100-51-6,131-52-2,sec::131-52-2::10,131-52-2,2,True
pair::100-51-6::131-52-2::t4,100-51-6,131-52-2,sec::131-52-2::2,131-52-2,1,True
pair::1304-82-1::144-55-8::t0,1304-82-1,144-55-8,sec::1304-82-1::10,1304-82-1,7,False
pair::1304-82-1::144-55-8::t0,1304-82-1,144-55-8,sec::1304-82-1::2,1304-82-1,14,False
pair::1304-82-1::144-55-8::t0,1304-82-1,144-55-8,sec::144-55-8::10,144-55-8,1,False
pair::1304-82-1::144-55-8::t0,1304-82-1,144-55-8,sec::144-55-8::2,144-55-8,4,False
pair::1304-82-1::144-55-8::t1,1304-82-1,144-55-8,sec::1304-82-1::10,1304-82-1,5,False
pair::1304-82-1::144-55-8::t1,1304-82-1,144-55-8,sec::1304-82-1::2,1304-82-1,9,False
pair::1304-82-1::144-55-8::t1,1304-82-1,144-55-8,sec::144-55-8::10,144-55-8,1,False
pair::1304-82-1::144-55-8::t1,1304-82-1,144-55-8,sec::144-55-8::2,144-55-8,3,False
pair::1304-82-1::144-55-8::t2,1304-82-1,144-55-8,sec::1304-82-1::10,1304-82-1,6,False
pair::1304-82-1::144-55-8::t2,1304-82-1,144-55-8,sec::1304-82-1::2,1304-82-1,7,False
pair::1304-82-1::144-55-8::t2,1304-82-1,144-55-8,sec::144-55-8::10,144-55-8,4,False
pair::1304-82-1::144-55-8::t2,1304-82-1,144-55-8,sec::144-55-8::2,144-55-8,8,False
pair::1304-82-1::144-55-8::t3,1304-82-1,144-55-8,sec::1304-82-1::10,1304-82-1,1,False
pair::1304-82-1::144-55-8::t3,1304-82-1,144-55-8,sec::1304-82-1::2,1304-82-1,10,False
pair::1304-82-1::144-55-8::t3,1304-82-1,144-55-8,sec::144-55-8::10,144-55-8,2,False
pair::1304-82-1::144-55-8::t3,1304-82-1,144-55-8,sec::144-55-8::2,144-55-8,,False
pair::1304-82-1::144-55-8::t4,1304-82-1,144-55-8,sec::1304-82-1::10,1304-82-1,4,False
pair::1304-82-1::144-55-8::t4,1304-82-1,144-55-8,sec::1304-82-1::2,1304-82-1,10,False
pair::1304-82-1::144-55-8::t4,1304-82-1,144-55-8,sec::144-55-8::10,144-55-8,2,False
pair::1304-82-1::144-55-8::t4,1304-82-1,144-55-8,sec::144-55-8::2,144-55-8,5,False
pair::102-67-0::151-21-3::t0,102-67-0,151-21-3,sec::102-67-0::10,102-67-0,1,True
pair::102-67-0::151-21-3::t0,102-67-0,151-21-3,sec::102-67-0::2,102-67-0,8,True
pair::102-67-0::151-21-3::t0,102-67-0,151-21-3,sec::151-21-3::10,151-21-3,2,True
pair::102-67-0::151-21-3::t0,102-67-0,151-21-3,sec::151-21-3::2,151-21-3,10,True
pair::102-67-0::151-21-3::t1,102-67-0,151-21-3,sec::102-67-0::10,102-67-0,3,True
pair::102-67-0::151-21-3::t1,102-67-0,151-21-3,sec::102-67-0::2,102-67-0,4,True
pair::102-67-0::151-21-3::t1,102-67-0,151-21-3,sec::151-21-3::10,151-21-3,1,True
pair::102-67-0::151-21-3::t1,102-67-0,151-21-3,sec::151-21-3::2,151-21-3,2,True
pair::102-67-0::151-21-3::t2,102-67-0,151-21-3,sec::102-67-0::10,102-67-0,3,True
pair::102-67-0::151-21-3::t2,102-67-0,151-21-3,sec::102-67-0::2,102-67-0,7,True
pair::102-67-0::151-21-3::t2,102-67-0,151-21-3,sec::151-21-3::10,151-21-3,2,True
pair::102-67-0::151-21-3::t2,102-67-0,151-21-3,sec::151-21-3::2,151-21-3,1,True
pair::102-67-0::151-21-3::t3,102-67-0,151-21-3,sec::102-67-0::10,102-67-0,2,True
pair::102-67-0::151-21-3::t3,102-67-0,151-21-3,sec::102-67-0::2,102-67-0,,True
pair::102-67-0::151-21-3::t3,102-67-0,151-21-3,sec::151-21-3::10,151-21-3,1,True
pair::102-67-0::151-21-3::t3,102-67-0,151-21-3,sec::151-21-3::2,151-21-3,12,True
pair::102-67-0::151-21-3::t4,102-67-0,151-21-3,sec::102-67-0::10,102-67-0,3,True
pair::102-67-0::151-21-3::t4,102-67-0,151-21-3,sec::102-67-0::2,102-67-0,5,True
pair::102-67-0::151-21-3::t4,102-67-0,151-21-3,sec::151-21-3::10,151-21-3,1,True
pair::102-67-0::151-21-3::t4,102-67-0,151-21-3,sec::151-21-3::2,151-21-3,2,True
pair::10196-04-0::104-72-3::t0,10196-04-0,104-72-3,sec::10196-04-0::10,10196-04-0,1,True
pair::10196-04-0::104-72-3::t0,10196-04-0,104-72-3,sec::10196-04-0::2,10196-04-0,2,True
pair::10196-04-0::104-72-3::t0,10196-04-0,104-72-3,sec::104-72-3::10,104-72-3,8,True
pair::10196-04-0::104-72-3::t0,10196-04-0,104-72-3,sec::104-72-3::2,104-72-3,19,True
pair::10196-04-0::104-72-3::t1,10196-04-0,104-72-3,sec::10196-04-0::10,10196-04-0,1,True
pair::10196-04-0::104-72-3::t1,10196-04-0,104-72-3,sec::10196-04-0::2,10196-04-0,2,True
pair::10196-04-0::104-72-3::t1,10196-04-0,104-72-3,sec::104-72-3::10,104-72-3,10,True
pair::10196-04-0::104-72-3::t1,10196-04-0,104-72-3,sec::104-72-3::2,104-72-3,6,True
pair::10196-04-0::104-72-3::t2,10196-04-0,104-72-3,sec::10196-04-0::10,10196-04-0,2,True
pair::10196-04-0::104-72-3::t2,10196-04-0,104-72-3,sec::10196-04-0::2,10196-04-0,3,True
pair::10196-04-0::104-72-3::t2,10196-04-0,104-72-3,sec::104-72-3::10,104-72-3,,True
pair::10196-04-0::104-72-3::t2,10196-04-0,104-72-3,sec::104-72-3::2,104-72-3,13,True
pair::10196-04-0::104-72-3::t3,10196-04-0,104-72-3,sec::10196-04-0::10,10196-04-0,1,True
pair::10196-04-0::104-72-3::t3,10196-04-0,104-72-3,sec::10196-04-0::2,10196-04-0,3,True
pair::10196-04-0::104-72-3::t3,10196-04-0,104-72-3,sec::104-72-3::10,104-72-3,7,True
pair::10196-04-0::104-72-3::t3,10196-04-0,104-72-3,sec::104-72-3::2,104-72-3,,True
pair::10196-04-0::104-72-3::t4,10196-04-0,104-72-3,sec::10196-04-0::10,10196-04-0,1,True
pair::10196-04-0::104-72-3::t4,10196-04-0,104-72-3,sec::10196-04-0::2,10196-04-0,3,True
pair::10196-04-0::104-72-3::t4,10196-04-0,104-72-3,sec::104-72-3::10,104-72-3,9,True
pair::10196-04-0::104-72-3::t4,10196-04-0,104-72-3,sec::104-72-3::2,104-72-3,5,True
pair::12124-99-1::13718-59-7::t0,12124-99-1,13718-59-7,sec::12124-99-1::10,12124-99-1,8,True
pair::12124-99-1::13718-59-7::t0,12124-99-1,13718-59-7,sec::12124-99-1::2,12124-99-1,12,True
pair::12124-99-1::13718-59-7::t0,12124-99-1,13718-59-7,sec::13718-59-7::10,13718-59-7,1,True
pair::12124-99-1::13718-59-7::t0,12124-99-1,13718-59-7,sec::13718-59-7::2,13718-59-7,2,True
pair::12124-99-1::13718-59-7::t1,12124-99-1,13718-59-7,sec::12124-99-1::10,12124-99-1,3,True
pair::12124-99-1::13718-59-7::t1,12124-99-1,13718-59-7,sec::12124-99-1::2,12124-99-1,4,True
pair::12124-99-1::13718-59-7::t1,12124-99-1,13718-59-7,sec::13718-59-7::10,13718-59-7,1,True
pair::12124-99-1::13718-59-7::t1,12124-99-1,13718-59-7,sec::13718-59-7::2,13718-59-7,2,True
pair::12124-99-1::13718-59-7::t2,12124-99-1,13718-59-7,sec::12124-99-1::10,12124-99-1,2,True
pair::12124-99-1::13718-59-7::t2,12124-99-1,13718-59-7,sec::12124-99-1::2,12124-99-1,4,True
pair::12124-99-1::13718-59-7::t2,12124-99-1,13718-59-7,sec::13718-59-7::10,13718-59-7,1,True
pair::12124-99-1::13718-59-7::t2,12124-99-1,13718-59-7,sec::13718-59-7::2,13718-59-7,3,True
pair::12124-99-1::13718-59-7::t3,12124-99-1,13718-59-7,sec::12124-99-1::10,12124-99-1,2,True
pair::12124-99-1::13718-59-7::t3,12124-99-1,13718-59-7,sec::12124-99-1::2,12124-99-1,5,True
pair::12124-99-1::13718-59-7::t3,12124-99-1,13718-59-7,sec::13718-59-7::10,13718-59-7,1,True
pair::12124-99-1::13718-59-7::t3,12124-99-1,13718-59-7,sec::13718-59-7::2,13718-59-7,4,True
pair::12124-99-1::13718-59-7::t4,12124-99-1,13718-59-7,sec::12124-99-1::10,12124-99-1,3,True
pair::12124-99-1::13718-59-7::t4,12124-99-1,13718-59-7,sec::12124-99-1::2,12124-99-1,4,True
pair::12124-99-1::13718-59-7::t4,12124-99-1,13718-59-7,sec::13718-59-7::10,13718-59-7,1,True
pair::12124-99-1::13718-59-7::t4,12124-99-1,13718-59-7,sec::13718-59-7::2,13718-59-7,2,True
pair::106-24-1::107-35-7::t0,106-24-1,107-35-7,sec::106-24-1::10,106-24-1,3,True
pair::106-24-1::107-35-7::t0,106-24-1,107-35-7,sec::106-24-1::2,106-24-1,12,True
pair::106-24-1::107-35-7::t0,106-24-1,107-35-7,sec::107-35-7::10,107-35-7,1,True
pair::106-24-1::107-35-7::t0,106-24-1,107-35-7,sec::107-35-7::2,107-35-7,7,True
pair::106-24-1::107-35-7::t1,106-24-1,107-35-7,sec::106-24-1::10,106-24-1,4,True
pair::106-24-1::107-35-7::t1,106-24-1,107-35-7,sec::106-24-1::2,106-24-1,5,True
pair::106-24-1::107-35-7::t1,106-24-1,107-35-7,sec::107-35-7::10,107-35-7,1,True
pair::106-24-1::107-35-7::t1,106-24-1,107-35-7,sec::107-35-7::2,107-35-7,2,True
pair::106-24-1::107-35-7::t2,106-24-1,107-35-7,sec::106-24-1::10,106-24-1,4,True
pair::106-24-1::107-35-7::t2,106-24-1,107-35-7,sec::106-24-1::2,106-24-1,2,True
pair::106-24-1::107-35-7::t2,106-24-1,107-35-7,sec::107-35-7::10,107-35-7,1,True
pair::106-24-1::107-35-7::t2,106-24-1,107-35-7,sec::107-35-7::2,107-35-7,3,True
pair::106-24-1::107-35-7::t3,106-24-1,107-35-7,sec::106-24-1::10,106-24-1,3,True
pair::106-24-1::107-35-7::t3,106-24-1,107-35-7,sec::106-24-1::2,106-24-1,11,True
pair::106-24-1::107-35-7::t3,106-24-1,107-35-7,sec::107-35-7::10,107-35-7,1,True
pair::106-24-1::107-35-7::t3,106-24-1,107-35-7,sec::107-35-7::2,107-35-7,4,True
pair::106-24-1::107-35-7::t4,106-24-1,107-35-7,sec::106-24-1::10,106-24-1,10,True
pair::106-24-1::107-35-7::t4,106-24-1,107-35-7,sec::106-24-1::2,106-24-1,8,True
pair::106-24-1::107-35-7::t4,106-24-1,107-35-7,sec::107-35-7::10,107-35-7,1,True
pair::106-24-1::107-35-7::t4,106-24-1,107-35-7,sec::107-35-7::2,107-35-7,2,True
pair::104-72-3::1310-61-8::t0,104-72-3,1310-61-8,sec::104-72-3::10,104-72-3,3,True
pair::104-72-3::1310-61-8::t0,104-72-3,1310-61-8,sec::104-72-3::2,104-72-3,6,True
pair::104-72-3::1310-61-8::t0,104-72-3,1310-61-8,sec::1310-61-8::10,1310-61-8,1,True
pair::104-72-3::1310-61-8::t0,104-72-3,1310-61-8,sec::1310-61-8::2,1310-61-8,2,True
pair::104-72-3::1310-61-8::t1,104-72-3,1310-61-8,sec::104-72-3::10,104-72-3,4,True
pair::104-72-3::1310-61-8::t1,104-72-3,1310-61-8,sec::104-72-3::2,104-72-3,3,True
pair::104-72-3::1310-61-8::t1,104-72-3,1310-61-8,sec::1310-61-8::10,1310-61-8,2,True
pair::104-72-3::1310-61-8::t1,104-72-3,1310-61-8,sec::1310-61-8::2,1310-61-8,1,True
pair::104-72-3::1310-61-8::t2,104-72-3,1310-61-8,sec::104-72-3::10,104-72-3,2,True
pair::104-72-3::1310-61-8::t2,104-72-3,1310-61-8,sec::104-72-3::2,104-72-3,1,True
pair::104-72-3::1310-61-8::t2,104-72-3,1310-61-8,sec::1310-61-8::10,1310-61-8,3,True
pair::104-72-3::1310-61-8::t2,104-72-3,1310-61-8,sec::1310-61-8::2,1310-61-8,4,True
pair::104-72-3::1310-61-8::t3,104-72-3,1310-61-8,sec::104-72-3::10,104-72-3,2,True
pair::104-72-3::1310-61-8::t3,104-72-3,1310-61-8,sec::104-72-3::2,104-72-3,4,True
pair::104-72-3::1310-61-8::t3,104-72-3,1310-61-8,sec::1310-61-8::10,1310-61-8,1,True
pair::104-72-3::1310-61-8::t3,104-72-3,1310-61-8,sec::1310-61-8::2,1310-61-8,3,True
pair::104-72-3::1310-61-8::t4,104-72-3,1310-61-8,sec::104-72-3::10,104-72-3,4,True
pair::104-72-3::1310-61-8::t4,104-72-3,1310-61-8,sec::104-72-3::2,104-72-3,2,True
pair::104-72-3::1310-61-8::t4,104-72-3,1310-61-8,sec::1310-61-8::10,1310-61-8,3,True
pair::104-72-3::1310-61-8::t4,104-72-3,1310-61-8,sec::1310-61-8::2,1310-61-8,1,True
pair::102-71-6::103-75-3::t0,102-71-6,103-75-3,sec::102-71-6::10,102-71-6,2,True
pair::102-71-6::103-75-3::t0,102-71-6,103-75-3,sec::102-71-6::2,102-71-6,7,True
pair::102-71-6::103-75-3::t0,102-71-6,103-75-3,sec::103-75-3::10,103-75-3,1,True
pair::102-71-6::103-75-3::t0,102-71-6,103-75-3,sec::103-75-3::2,103-75-3,13,True
pair::102-71-6::103-75-3::t1,102-71-6,103-75-3,sec::102-71-6::10,102-71-6,5,True
pair::102-71-6::103-75-3::t1,102-71-6,103-75-3,sec::102-71-6::2,102-71-6,3,True
pair::102-71-6::103-75-3::t1,102-71-6,103-75-3,sec::103-75-3::10,103-75-3,1,True
pair::102-71-6::103-75-3::t1,102-71-6,103-75-3,sec::103-75-3::2,103-75-3,2,True
pair::102-71-6::103-75-3::t2,102-71-6,103-75-3,sec::102-71-6::10,102-71-6,5,True
pair::102-71-6::103-75-3::t2,102-71-6,103-75-3,sec::102-71-6::2,102-71-6,1,True
pair::102-71-6::103-75-3::t2,102-71-6,103-75-3,sec::103-75-3::10,103-75-3,3,True
pair::102-71-6::103-75-3::t2,102-71-6,103-75-3,sec::103-75-3::2,103-75-3,7,True
pair::102-71-6::103-75-3::t3,102-71-6,103-75-3,sec::102-71-6::10,102-71-6,4,True
pair::102-71-6::103-75-3::t3,102-71-6,103-75-3,sec::102-71-6::2,102-71-6,2,True
pair::102-71-6::103-75-3::t3,102-71-6,103-75-3,sec::103-75-3::10,103-75-3,1,True
pair::102-71-6::103-75-3::t3,102-71-6,103-75-3,sec::103-75-3::2,103-75-3,,True
pair::102-71-6::103-75-3::t4,102-71-6,103-75-3,sec::102-71-6::10,102-71-6,8,True
pair::102-71-6::103-75-3::t4,102-71-6,103-75-3,sec::102-71-6::2,102-71-6,4,True
pair::102-71-6::103-75-3::t4,102-71-6,103-75-3,sec::103-75-3::10,103-75-3,1,True
pair::102-71-6::103-75-3::t4,102-71-6,103-75-3,sec::103-75-3::2,103-75-3,2,True
pair::100-21-0::131-52-2::t0,100-21-0,131-52-2,sec::100-21-0::10,100-21-0,3,True
pair::100-21-0::131-52-2::t0,100-21-0,131-52-2,sec::100-21-0::2,100-21-0,5,True
pair::100-21-0::131-52-2::t0,100-21-0,131-52-2,sec::131-52-2::10,131-52-2,2,True
pair::100-21-0::131-52-2::t0,100-21-0,131-52-2,sec::131-52-2::2,131-52-2,1,True
pair::100-21-0::131-52-2::t1,100-21-0,131-52-2,sec::100-21-0::10,100-21-0,3,True
pair::100-21-0::131-52-2::t1,100-21-0,131-52-2,sec::100-21-0::2,100-21-0,4,True
pair::100-21-0::131-52-2::t1,100-21-0,131-52-2,sec::131-52-2::10,131-52-2,2,True
pair::100-21-0::131-52-2::t1,100-21-0,131-52-2,sec::131-52-2::2,131-52-2,1,True
pair::100-21-0::131-52-2::t2,100-21-0,131-52-2,sec::100-21-0::10,100-21-0,11,True
pair::100-21-0::131-52-2::t2,100-21-0,131-52-2,sec::100-21-0::2,100-21-0,3,True
pair::100-21-0::131-52-2::t2,100-21-0,131-52-2,sec::131-52-2::10,131-52-2,2,True
pair::100-21-0::131-52-2::t2,100-21-0,131-52-2,sec::131-52-2::2,131-52-2,1,True
pair::100-21-0::131-52-2::t3,100-21-0,131-52-2,sec::100-21-0::10,100-21-0,3,True
pair::100-21-0::131-52-2::t3,100-21-0,131-52-2,sec::100-21-0::2,100-21-0,6,True
pair::100-21-0::131-52-2::t3,100-21-0,131-52-2,sec::131-52-2::10,131-52-2,1,True
pair::100-21-0::131-52-2::t3,100-21-0,131-52-2,sec::131-52-2::2,131-52-2,2,True
pair::100-21-0::131-52-2::t4,100-21-0,131-52-2,sec::100-21-0::10,100-21-0,3,True
pair::100-21-0::131-52-2::t4,100-21-0,131-52-2,sec::100-21-0::2,100-21-0,4,True
pair::100-21-0::131-52-2::t4,100-21-0,131-52-2,sec::131-52-2::10,131-52-2,2,True
pair::100-21-0::131-52-2::t4,100-21-0,131-52-2,sec::131-52-2::2,131-52-2,1,True
pair::10124-48-8::10361-37-2::t0,10124-48-8,10361-37-2,sec::10124-48-8::10,10124-48-8,2,True
pair::10124-48-8::10361-37-2::t0,10124-48-8,10361-37-2,sec::10124-48-8::2,10124-48-8,10,True
pair::10124-48-8::10361-37-2::t0,10124-48-8,10361-37-2,sec::10361-37-2::10,10361-37-2,5,True
pair::10124-48-8::10361-37-2::t0,10124-48-8,10361-37-2,sec::10361-37-2::2,10361-37-2,18,True
pair::10124-48-8::10361-37-2::t1,10124-48-8,10361-37-2,sec::10124-48-8::10,10124-48-8,1,True
pair::10124-48-8::10361-37-2::t1,10124-48-8,10361-37-2,sec::10124-48-8::2,10124-48-8,2,True
pair::10124-48-8::10361-37-2::t1,10124-48-8,10361-37-2,sec::10361-37-2::10,10361-37-2,3,True
pair::10124-48-8::10361-37-2::t1,10124-48-8,10361-37-2,sec::10361-37-2::2,10361-37-2,5,True
pair::10124-48-8::10361-37-2::t2,10124-48-8,10361-37-2,sec::10124-48-8::10,10124-48-8,1,True
pair::10124-48-8::10361-37-2::t2,10124-48-8,10361-37-2,sec::10124-48-8::2,10124-48-8,2,True
pair::10124-48-8::10361-37-2::t2,10124-48-8,10361-37-2,sec::10361-37-2::10,10361-37-2,3,True
pair::10124-48-8::10361-37-2::t2,10124-48-8,10361-37-2,sec::10361-37-2::2,10361-37-2,4,True
pair::10124-48-8::10361-37-2::t3,10124-48-8,10361-37-2,sec::10124-48-8::10,10124-48-8,1,True
pair::10124-48-8::10361-37-2::t3,10124-48-8,10361-37-2,sec::10124-48-8::2,10124-48-8,2,True
pair::10124-48-8::10361-37-2::t3,10124-48-8,10361-37-2,sec::10361-37-2::10,10361-37-2,3,True
pair::10124-48-8::10361-37-2::t3,10124-48-8,10361-37-2,sec::10361-37-2::2,10361-37-2,,True
pair::10124-48-8::10361-37-2::t4,10124-48-8,10361-37-2,sec::10124-48-8::10,10124-48-8,2,True
pair::10124-48-8::10361-37-2::t4,10124-48-8,10361-37-2,sec::10124-48-8::2,10124-48-8,1,True
pair::10124-48-8::10361-37-2::t4,10124-48-8,10361-37-2,sec::10361-37-2::10,10361-37-2,4,True
pair::10124-48-8::10361-37-2::t4,10124-48-8,10361-37-2,sec::10361-37-2::2,10361-37-2,3,True
pair::105-48-6::109-52-4::t0,105-48-6,109-52-4,sec::105-48-6::10,105-48-6,1,True
pair::105-48-6::109-52-4::t0,105-48-6,109-52-4,sec::105-48-6::2,105-48-6,3,True
pair::105-48-6::109-52-4::t0,105-48-6,109-52-4,sec::109-52-4::10,109-52-4,2,True
pair::105-48-6::109-52-4::t0,105-48-6,109-52-4,sec::109-52-4::2,109-52-4,5,True
pair::105-48-6::109-52-4::t1,105-48-6,109-52-4,sec::105-48-6::10,105-48-6,1,True
pair::105-48-6::109-52-4::t1,105-48-6,109-52-4,sec::105-48-6::2,105-48-6,4,True
pair::105-48-6::109-52-4::t1,105-48-6,109-52-4,sec::109-52-4::10,109-52-4,3,True
pair::105-48-6::109-52-4::t1,105-48-6,109-52-4,sec::109-52-4::2,109-52-4,2,True
pair::105-48-6::109-52-4::t2,105-48-6,109-52-4,sec::105-48-6::10,105-48-6,1,True
pair::105-48-6::109-52-4::t2,105-48-6,109-52-4,sec::105-48-6::2,105-48-6,3,True
pair::105-48-6::109-52-4::t2,105-48-6,109-52-4,sec::109-52-4::10,109-52-4,4,True
pair::105-48-6::109-52-4::t2,105-48-6,109-52-4,sec::109-52-4::2,109-52-4,2,True
pair::105-48-6::109-52-4::t3,105-48-6,109-52-4,sec::105-48-6::10,105-48-6,1,True
pair::105-48-6::109-52-4::t3,105-48-6,109-52-4,sec::105-48-6::2,105-48-6,3,True
pair::105-48-6::109-52-4::t3,105-48-6,109-52-4,sec::109-52-4::10,109-52-4,2,True
pair::105-48-6::109-52-4::t3,105-48-6,109-52-4,sec::109-52-4::2,109-52-4,4,True
pair::105-48-6::109-52-4::t4,105-48-6,109-52-4,sec::105-48-6::10,105-48-6,1,True
pair::105-48-6::109-52-4::t4,105-48-6,109-52-4,sec::105-48-6::2,105-48-6,4,True
pair::105-48-6::109-52-4::t4,105-48-6,109-52-4,sec::109-52-4::10,109-52-4,3,True
pair::105-48-6::109-52-4::t4,105-48-6,109-52-4,sec::109-52-4::2,109-52-4,2,True
pair::10311-84-9::105-79-3::t0,10311-84-9,105-79-3,sec::10311-84-9::10,10311-84-9,3,True
pair::10311-84-9::105-79-3::t0,10311-84-9,105-79-3,sec::10311-84-9::2::p1,10311-84-9,6,True
pair::10311-84-9::105-79-3::t0,10311-84-9,105-79-3,sec::10311-84-9::2::p2,10311-84-9,,True
pair::10311-84-9::105-79-3::t0,10311-84-9,105-79-3,sec::105-79-3::10,105-79-3,2,True
pair::10311-84-9::105-79-3::t0,10311-84-9,105-79-3,sec::105-79-3::2,105-79-3,1,True
pair::10311-84-9::105-79-3::t1,10311-84-9,105-79-3,sec::10311-84-9::10,10311-84-9,3,True
pair::10311-84-9::105-79-3::t1,10311-84-9,105-79-3,sec::10311-84-9::2::p1,10311-84-9,4,True
pair::10311-84-9::105-79-3::t1,10311-84-9,105-79-3,sec::10311-84-9::2::p2,10311-84-9,,True
pair::10311-84-9::105-79-3::t1,10311-84-9,105-79-3,sec::105-79-3::10,105-79-3,1,True
pair::10311-84-9::105-79-3::t1,10311-84-9,105-79-3,sec::105-79-3::2,105-79-3,2,True
pair::10311-84-9::105-79-3::t2,10311-84-9,105-79-3,sec::10311-84-9::10,10311-84-9,4,True
pair::10311-84-9::105-79-3::t2,10311-84-9,105-79-3,sec::10311-84-9::2::p1,10311-84-9,2,True
pair::10311-84-9::105-79-3::t2,10311-84-9,105-79-3,sec::10311-84-9::2::p2,10311-84-9,,True
pair::10311-84-9::105-79-3::t2,10311-84-9,105-79-3,sec::105-79-3::10,105-79-3,3,True
pair::10311-84-9::105-79-3::t2,10311-84-9,105-79-3,sec::105-79-3::2,105-79-3,1,True
pair::10311-84-9::105-79-3::t3,10311-84-9,105-79-3,sec::10311-84-9::10,10311-84-9,3,True
pair::10311-84-9::105-79-3::t3,10311-84-9,105-79-3,sec::10311-84-9::2::p1,10311-84-9,4,True
pair::10311-84-9::105-79-3::t3,10311-84-9,105-79-3,sec::10311-84-9::2::p2,10311-84-9,,True
pair::10311-84-9::105-79-3::t3,10311-84-9,105-79-3,sec::105-79-3::10,105-79-3,1,True
pair::10311-84-9::105-79-3::t3,10311-84-9,105-79-3,sec::105-79-3::2,105-79-3,2,True
pair::10311-84-9::105-79-3::t4,10311-84-9,105-79-3,sec::10311-84-9::10,10311-84-9,2,True
pair::10311-84-9::105-79-3::t4,10311-84-9,105-79-3,sec::10311-84-9::2::p1,10311-84-9,3,True
pair::10311-84-9::105-79-3::t4,10311-84-9,105-79-3,sec::10311-84-9::2::p2,10311-84-9,,True
pair::10311-84-9::105-79-3::t4,10311-84-9,105-79-3,sec::105-79-3::10,105-79-3,5,True
pair::10311-84-9::105-79-3::t4,10311-84-9,105-79-3,sec::105-79-3::2,105-79-3,1,True
pair::10311-84-9::106-51-4::t0,10311-84-9,106-51-4,sec::10311-84-9::10,10311-84-9,1,True
pair::10311-84-9::106-51-4::t0,10311-84-9,106-51-4,sec::10311-84-9::2::p1,10311-84-9,13,True
pair::10311-84-9::106-51-4::t0,10311-84-9,106-51-4,sec::10311-84-9::2::p2,10311-84-9,,True
pair::10311-84-9::106-51-4::t0,10311-84-9,106-51-4,sec::106-51-4::10,106-51-4,2,True
pair::10311-84-9::106-51-4::t0,10311-84-9,106-51-4,sec::106-51-4::2::p1,106-51-4,,True
pair::10311-84-9::106-51-4::t0,10311-84-9,106-51-4,sec::106-51-4::2::p2,106-51-4,,True
pair::10311-84-9::106-51-4::t1,10311-84-9,106-51-4,sec::10311-84-9::10,10311-84-9,1,True
pair::10311-84-9::106-51-4::t1,10311-84-9,106-51-4,sec::10311-84-9::2::p1,10311-84-9,3,True
pair::10311-84-9::106-51-4::t1,10311-84-9,106-51-4,sec::10311-84-9::2::p2,10311-84-9,,True
pair::10311-84-9::106-51-4::t1,10311-84-9,106-51-4,sec::106-51-4::10,106-51-4,2,True
pair::10311-84-9::106-51-4::t1,10311-84-9,106-51-4,sec::106-51-4::2::p1,106-51-4,4,True
pair::10311-84-9::106-51-4::t1,10311-84-9,106-51-4,sec::106-51-4::2::p2,106-51-4,,True
pair::10311-84-9::106-51-4::t2,10311-84-9,106-51-4,sec::10311-84-9::10,10311-84-9,1,True
pair::10311-84-9::106-51-4::t2,10311-84-9,106-51-4,sec::10311-84-9::2::p1,10311-84-9,3,True
pair::10311-84-9::106-51-4::t2,10311-84-9,106-51-4,sec::10311-84-9::2::p2,10311-84-9,,True
pair::10311-84-9::106-51-4::t2,10311-84-9,106-51-4,sec::106-51-4::10,106-51-4,2,True
pair::10311-84-9::106-51-4::t2,10311-84-9,106-51-4,sec::106-51-4::2::p1,106-51-4,4,True
pair::10311-84-9::106-51-4::t2,10311-84-9,106-51-4,sec::106-51-4::2::p2,106-51-4,,True
pair::10311-84-9::106-51-4::t3,10311-84-9,106-51-4,sec::10311-84-9::10,10311-84-9,1,True
pair::10311-84-9::106-51-4::t3,10311-84-9,106-51-4,sec::10311-84-9::2::p1,10311-84-9,4,True
pair::10311-84-9::106-51-4::t3,10311-84-9,106-51-4,sec::10311-84-9::2::p2,10311-84-9,,True
pair::10311-84-9::106-51-4::t3,10311-84-9,106-51-4,sec::106-51-4::10,106-51-4,2,True
pair::10311-84-9::106-51-4::t3,10311-84-9,106-51-4,sec::106-51-4::2::p1,106-51-4,3,True
pair::10311-84-9::106-51-4::t3,10311-84-9,106-51-4,sec::106-51-4::2::p2,106-51-4,,True
pair::10311-84-9::106-51-4::t4,10311-84-9,106-51-4,sec::10311-84-9::10,10311-84-9,1,True
pair::10311-84-9::106-51-4::t4,10311-84-9,106-51-4,sec::10311-84-9::2::p1,10311-84-9,3,True
pair::10311-84-9::106-51-4::t4,10311-84-9,106-51-4,sec::10311-84-9::2::p2,10311-84-9,,True
pair::10311-84-9::106-51-4::t4,10311-84-9,106-51-4,sec::106-51-4::10,106-51-4,2,True
pair::10311-84-9::106-51-4::t4,10311-84-9,106-51-4,sec::106-51-4::2::p1,106-51-4,6,True
pair::10311-84-9::106-51-4::t4,10311-84-9,106-51-4,sec::106-51-4::2::p2,106-51-4,,True
pair::106-24-1::131-52-2::t0,106-24-1,131-52-2,sec::106-24-1::10,106-24-1,3,True
pair::106-24-1::131-52-2::t0,106-24-1,131-52-2,sec::106-24-1::2,106-24-1,4,True
pair::106-24-1::131-52-2::t0,106-24-1,131-52-2,sec::131-52-2::10,131-52-2,1,True
pair::106-24-1::131-52-2::t0,106-24-1,131-52-2,sec::131-52-2::2,131-52-2,2,True
pair::106-24-1::131-52-2::t1,106-24-1,131-52-2,sec::106-24-1::10,106-24-1,3,True
pair::106-24-1::131-52-2::t1,106-24-1,131-52-2,sec::106-24-1::2,106-24-1,4,True
pair::106-24-1::131-52-2::t1,106-24-1,131-52-2,sec::131-52-2::10,131-52-2,2,True
pair::106-24-1::131-52-2::t1,106-24-1,131-52-2,sec::131-52-2::2,131-52-2,1,True
pair::106-24-1::131-52-2::t2,106-24-1,131-52-2,sec::106-24-1::10,106-24-1,20,True
pair::106-24-1::131-52-2::t2,106-24-1,131-52-2,sec::106-24-1::2,106-24-1,4,True
pair::106-24-1::131-52-2::t2,106-24-1,131-52-2,sec::131-52-2::10,131-52-2,1,True
pair::106-24-1::131-52-2::t2,106-24-1,131-52-2,sec::131-52-2::2,131-52-2,2,True
pair::106-24-1::131-52-2::t3,106-24-1,131-52-2,sec::106-24-1::10,106-24-1,3,True
pair::106-24-1::131-52-2::t3,106-24-1,131-52-2,sec::106-24-1::2,106-24-1,5,True
pair::106-24-1::131-52-2::t3,106-24-1,131-52-2,sec::131-52-2::10,131-52-2,1,True
pair::106-24-1::131-52-2::t3,106-24-1,131-52-2,sec::131-52-2::2,131-52-2,2,True
pair::106-24-1::131-52-2::t4,106-24-1,131-52-2,sec::106-24-1::10,106-24-1,,True
pair::106-24-1::131-52-2::t4,106-24-1,131-52-2,sec::106-24-1::2,106-24-1,3,True
pair::106-24-1::131-52-2::t4,106-24-1,131-52-2,sec::131-52-2::10,131-52-2,2,True
pair::106-24-1::131-52-2::t4,106-24-1,131-52-2,sec::131-52-2::2,131-52-2,1,True
pair::7447-40-7::7772-98-7::t0,7447-40-7,7772-98-7,sec::7447-40-7::10,7447-40-7,10,True
pair::7447-40-7::7772-98-7::t0,7447-40-7,7772-98-7,sec::7447-40-7::2,7447-40-7,,True
pair::7447-40-7::7772-98-7::t0,7447-40-7,7772-98-7,sec::7772-98-7::10,7772-98-7,1,True
pair::7447-40-7::7772-98-7::t0,7447-40-7,7772-98-7,sec::7772-98-7::2,7772-98-7,2,True
pair::7447-40-7::7772-98-7::t1,7447-40-7,7772-98-7,sec::7447-40-7::10,7447-40-7,7,True
pair::7447-40-7::7772-98-7::t1,7447-40-7,7772-98-7,sec::7447-40-7::2,7447-40-7,13,True
pair::7447-40-7::7772-98-7::t1,7447-40-7,7772-98-7,sec::7772-98-7::10,7772-98-7,1,True
pair::7447-40-7::7772-98-7::t1,7447-40-7,7772-98-7,sec::7772-98-7::2,7772-98-7,2,True
pair::7447-40-7::7772-98-7::t2,7447-40-7,7772-98-7,sec::7447-40-7::10,7447-40-7,7,True
pair::7447-40-7::7772-98-7::t2,7447-40-7,7772-98-7,sec::7447-40-7::2,7447-40-7,3,True
pair::7447-40-7::7772-98-7::t2,7447-40-7,7772-98-7,sec::7772-98-7::10,7772-98-7,2,True
pair::7447-40-7::7772-98-7::t2,7447-40-7,7772-98-7,sec::7772-98-7::2,7772-98-7,1,True
pair::7447-40-7::7772-98-7::t3,7447-40-7,7772-98-7,sec::7447-40-7::10,7447-40-7,4,True
pair::7447-40-7::7772-98-7::t3,7447-40-7,7772-98-7,sec::7447-40-7::2,7447-40-7,,True
pair::7447-40-7::7772-98-7::t3,7447-40-7,7772-98-7,sec::7772-98-7::10,7772-98-7,1,True
pair::7447-40-7::7772-98-7::t3,7447-40-7,7772-98-7,sec::7772-98-7::2,7772-98-7,2,True
pair::7447-40-7::7772-98-7::t4,7447-40-7,7772-98-7,sec::7447-40-7::10,7447-40-7,8,True
pair::7447-40-7::7772-98-7::t4,7447-40-7,7772-98-7,sec::7447-40-7::2,7447-40-7,3,True
pair::7447-40-7::7772-98-7::t4,7447-40-7,7772-98-7,sec::7772-98-7::10,7772-98-7,2,True
pair::7447-40-7::7772-98-7::t4,7447-40-7,7772-98-7,sec::7772-98-7::2,7772-98-7,1,True
pair::108-88-3::7440-50-8::t0,108-88-3,7440-50-8,sec::108-88-3::10,108-88-3,5,True
pair::108-88-3::7440-50-8::t0,108-88-3,7440-50-8,sec::108-88-3::2::p1,108-88-3,,True
pair::108-88-3::7440-50-8::t0,108-88-3,7440-50-8,sec::108-88-3::2::p2,108-88-3,,True
pair::108-88-3::7440-50-8::t0,108-88-3,7440-50-8,sec::7440-50-8::10,7440-50-8,4,True
pair::108-88-3::7440-50-8::t0,108-88-3,7440-50-8,sec::7440-50-8::2,7440-50-8,11,True
pair::108-88-3::7440-50-8::t1,108-88-3,7440-50-8,sec::108-88-3::10,108-88-3,2,True
pair::108-88-3::7440-50-8::t1,108-88-3,7440-50-8,sec::108-88-3::2::p1,108-88-3,5,True
pair::108-88-3::7440-50-8::t1,108-88-3,7440-50-8,sec::108-88-3::2::p2,108-88-3,,True
pair::108-88-3::7440-50-8::t1,108-88-3,7440-50-8,sec::7440-50-8::10,7440-50-8,3,True
pair::108-88-3::7440-50-8::t1,108-88-3,7440-50-8,sec::7440-50-8::2,7440-50-8,,True
pair::108-88-3::7440-50-8::t2,108-88-3,7440-50-8,sec::108-88-3::10,108-88-3,3,True
pair::108-88-3::7440-50-8::t2,108-88-3,7440-50-8,sec::108-88-3::2::p1,108-88-3,4,True
pair::108-88-3::7440-50-8::t2,108-88-3,7440-50-8,sec::108-88-3::2::p2,108-88-3,,True
pair::108-88-3::7440-50-8::t2,108-88-3,7440-50-8,sec::7440-50-8::10,7440-50-8,16,True
pair::108-88-3::7440-50-8::t2,108-88-3,7440-50-8,sec::7440-50-8::2,7440-50-8,,True
pair::108-88-3::7440-50-8::t3,108-88-3,7440-50-8,sec::108-88-3::10,108-88-3,2,True
pair::108-88-3::7440-50-8::t3,108-88-3,7440-50-8,sec::108-88-3::2::p1,108-88-3,15,True
pair::108-88-3::7440-50-8::t3,108-88-3,7440-50-8,sec::108-88-3::2::p2,108-88-3,,True
pair::108-88-3::7440-50-8::t3,108-88-3,7440-50-8,sec::7440-50-8::10,7440-50-8,4,True
pair::108-88-3::7440-50-8::t3,108-88-3,7440-50-8,sec::7440-50-8::2,7440-50-8,,True
pair::108-88-3::7440-50-8::t4,108-88-3,7440-50-8,sec::108-88-3::10,108-88-3,2,True
pair::108-88-3::7440-50-8::t4,108-88-3,7440-50-8,sec::108-88-3::2::p1,108-88-3,,True
pair::108-88-3::7440-50-8::t4,108-88-3,7440-50-8,sec::108-88-3::2::p2,108-88-3,,True
pair::108-88-3::7440-50-8::t4,108-88-3,7440-50-8,sec::7440-50-8::10,7440-50-8,12,True
pair::108-88-3::7440-50-8::t4,108-88-3,7440-50-8,sec::7440-50-8::2,7440-50-8,,True
pair::105-56-6::106-31-0::t0,105-56-6,106-31-0,sec::105-56-6::10,105-56-6,1,True
pair::105-56-6::106-31-0::t0,105-56-6,106-31-0,sec::105-56-6::2,105-56-6,3,True
pair::105-56-6::106-31-0::t0,105-56-6,106-31-0,sec::106-31-0::10,106-31-0,2,True
pair::105-56-6::106-31-0::t0,105-56-6,106-31-0,sec::106-31-0::2,106-31-0,4,True
pair::105-56-6::106-31-0::t1,105-56-6,106-31-0,sec::105-56-6::10,105-56-6,1,True
pair::105-56-6::106-31-0::t1,105-56-6,106-31-0,sec::105-56-6::2,105-56-6,3,True
pair::105-56-6::106-31-0::t1,105-56-6,106-31-0,sec::106-31-0::10,106-31-0,2,True
pair::105-56-6::106-31-0::t1,105-56-6,106-31-0,sec::106-31-0::2,106-31-0,4,True
pair::105-56-6::106-31-0::t2,105-56-6,106-31-0,sec::105-56-6::10,105-56-6,3,True
pair::105-56-6::106-31-0::t2,105-56-6,106-31-0,sec::105-56-6::2,105-56-6,1,True
pair::105-56-6::106-31-0::t2,105-56-6,106-31-0,sec::106-31-0::10,106-31-0,2,True
pair::105-56-6::106-31-0::t2,105-56-6,106-31-0,sec::106-31-0::2,106-31-0,4,True
pair::105-56-6::106-31-0::t3,105-56-6,106-31-0,sec::105-56-6::10,105-56-6,1,True
pair::105-56-6::106-31-0::t3,105-56-6,106-31-0,sec::105-56-6::2,105-56-6,3,True
pair::105-56-6::106-31-0::t3,105-56-6,106-31-0,sec::106-31-0::10,106-31-0,2,True
pair::105-56-6::106-31-0::t3,105-56-6,106-31-0,sec::106-31-0::2,106-31-0,4,True
pair::105-56-6::106-31-0::t4,105-56-6,106-31-0,sec::105-56-6::10,105-56-6,3,True
pair::105-56-6::106-31-0::t4,105-56-6,106-31-0,sec::105-56-6::2,105-56-6,1,True
pair::105-56-6::106-31-0::t4,105-56-6,106-31-0,sec::106-31-0::10,106-31-0,5,True
pair::105-56-6::106-31-0::t4,105-56-6,106-31-0,sec::106-31-0::2,106-31-0,2,True
pair::100-22-1::110-13-4::t0,100-22-1,110-13-4,sec::100-22-1::10,100-22-1,1,True
pair::100-22-1::110-13-4::t0,100-22-1,110-13-4,sec::100-22-1::2,100-22-1,2,True
pair::100-22-1::110-13-4::t0,100-22-1,110-13-4,sec::110-13-4::10,110-13-4,18,True
pair::100-22-1::110-13-4::t0,100-22-1,110-13-4,sec::110-13-4::2,110-13-4,11,True
pair::100-22-1::110-13-4::t1,100-22-1,110-13-4,sec::100-22-1::10,100-22-1,2,True
pair::100-22-1::110-13-4::t1,100-22-1,110-13-4,sec::100-22-1::2,100-22-1,1,True
pair::100-22-1::110-13-4::t1,100-22-1,110-13-4,sec::110-13-4::10,110-13-4,17,True
pair::100-22-1::110-13-4::t1,100-22-1,110-13-4,sec::110-13-4::2,110-13-4,9,True
pair::100-22-1::110-13-4::t2,100-22-1,110-13-4,sec::100-22-1::10,100-22-1,1,True
pair::100-22-1::110-13-4::t2,100-22-1,110-13-4,sec::100-22-1::2,100-22-1,2,True
pair::100-22-1::110-13-4::t2,100-22-1,110-13-4,sec::110-13-4::10,110-13-4,,True
pair::100-22-1::110-13-4::t2,100-22-1,110-13-4,sec::110-13-4::2,110-13-4,10,True
pair::100-22-1::110-13-4::t3,100-22-1,110-13-4,sec::100-22-1::10,100-22-1,1,True
pair::100-22-1::110-13-4::t3,100-22-1,110-13-4,sec::100-22-1::2,100-22-1,2,True
pair::100-22-1::110-13-4::t3,100-22-1,110-13-4,sec::110-13-4::10,110-13-4,7,True
pair::100-22-1::110-13-4::t3,100-22-1,110-13-4,sec::110-13-4::2,110-13-4,18,True
pair::100-22-1::110-13-4::t4,100-22-1,110-13-4,sec::100-22-1::10,100-22-1,2,True
pair::100-22-1::110-13-4::t4,100-22-1,110-13-4,sec::100-22-1::2,100-22-1,1,True
pair::100-22-1::110-13-4::t4,100-22-1,110-13-4,sec::110-13-4::10,110-13-4,19,True
pair::100-22-1::110-13-4::t4,100-22-1,110-13-4,sec::110-13-4::2,110-13-4,6,True
pair::10048-95-0::144-55-8::t0,10048-95-0,144-55-8,sec::10048-95-0::10,10048-95-0,1,False
pair::10048-95-0::144-55-8::t0,10048-95-0,144-55-8,sec::10048-95-0::2,10048-95-0,4,False
pair::10048-95-0::144-55-8::t0,10048-95-0,144-55-8,sec::144-55-8::10,144-55-8,2,False
pair::10048-95-0::144-55-8::t0,10048-95-0,144-55-8,sec::144-55-8::2,144-55-8,5,False
pair::10048-95-0::144-55-8::t1,10048-95-0,144-55-8,sec::10048-95-0::10,10048-95-0,1,False
pair::10048-95-0::144-55-8::t1,10048-95-0,144-55-8,sec::10048-95-0::2,10048-95-0,2,False
pair::10048-95-0::144-55-8::t1,10048-95-0,144-55-8,sec::144-55-8::10,144-55-8,3,False
pair::10048-95-0::144-55-8::t1,10048-95-0,144-55-8,sec::144-55-8::2,144-55-8,5,False
pair::10048-95-0::144-55-8::t2,10048-95-0,144-55-8,sec::10048-95-0::10,10048-95-0,1,False
pair::10048-95-0::144-55-8::t2,10048-95-0,144-55-8,sec::10048-95-0::2,10048-95-0,2,False
pair::10048-95-0::144-55-8::t2,10048-95-0,144-55-8,sec::144-55-8::10,144-55-8,3,False
pair::10048-95-0::144-55-8::t2,10048-95-0,144-55-8,sec::144-55-8::2,144-55-8,5,False
pair::10048-95-0::144-55-8::t3,10048-95-0,144-55-8,sec::10048-95-0::10,10048-95-0,1,False
pair::10048-95-0::144-55-8::t3,10048-95-0,144-55-8,sec::10048-95-0::2,10048-95-0,3,False
pair::10048-95-0::144-55-8::t3,10048-95-0,144-55-8,sec::144-55-8::10,144-55-8,2,False
pair::10048-95-0::144-55-8::t3,10048-95-0,144-55-8,sec::144-55-8::2,144-55-8,,False
pair::10048-95-0::144-55-8::t4,10048-95-0,144-55-8,sec::10048-95-0::10,10048-95-0,2,False
pair::10048-95-0::144-55-8::t4,10048-95-0,144-55-8,sec::10048-95-0::2,10048-95-0,1,False
pair::10048-95-0::144-55-8::t4,10048-95-0,144-55-8,sec::144-55-8::10,144-55-8,3,False
pair::10048-95-0::144-55-8::t4,10048-95-0,144-55-8,sec::144-55-8::2,144-55-8,5,False
pair::103-50-4::112-95-8::t0,103-50-4,112-95-8,sec::103-50-4::10,103-50-4,1,True
pair::103-50-4::112-95-8::t0,103-50-4,112-95-8,sec::103-50-4::2,103-50-4,5,True
pair::103-50-4::112-95-8::t0,103-50-4,112-95-8,sec::112-95-8::10,112-95-8,2,True
pair::103-50-4::112-95-8::t0,103-50-4,112-95-8,sec::112-95-8::2,112-95-8,15,True
pair::103-50-4::112-95-8::t1,103-50-4,112-95-8,sec::103-50-4::10,103-50-4,1,True
pair::103-50-4::112-95-8::t1,103-50-4,112-95-8,sec::103-50-4::2,103-50-4,2,True
pair::103-50-4::112-95-8::t1,103-50-4,112-95-8,sec::112-95-8::10,112-95-8,3,True
pair::103-50-4::112-95-8::t1,103-50-4,112-95-8,sec::112-95-8::2,112-95-8,9,True
pair::103-50-4::112-95-8::t2,103-50-4,112-95-8,sec::103-50-4::10,103-50-4,1,True
pair::103-50-4::112-95-8::t2,103-50-4,112-95-8,sec::103-50-4::2,103-50-4,2,True
pair::103-50-4::112-95-8::t2,103-50-4,112-95-8,sec::112-95-8::10,112-95-8,5,True
pair::103-50-4::112-95-8::t2,103-50-4,112-95-8,sec::112-95-8::2,112-95-8,,True
pair::103-50-4::112-95-8::t3,103-50-4,112-95-8,sec::103-50-4::10,103-50-4,1,True
pair::103-50-4::112-95-8::t3,103-50-4,112-95-8,sec::103-50-4::2,103-50-4,,True
pair::103-50-4::112-95-8::t3,103-50-4,112-95-8,sec::112-95-8::10,112-95-8,7,True
pair::103-50-4::112-95-8::t3,103-50-4,112-95-8,sec::112-95-8::2,112-95-8,,True
pair::103-50-4::112-95-8::t4,103-50-4,112-95-8,sec::103-50-4::10,103-50-4,2,True
pair::103-50-4::112-95-8::t4,103-50-4,112-95-8,sec::103-50-4::2,103-50-4,1,True
pair::103-50-4::112-95-8::t4,103-50-4,112-95-8,sec::112-95-8::10,112-95-8,6,True
pair::103-50-4::112-95-8::t4,103-50-4,112-95-8,sec::112-95-8::2,112-95-8,,True
pair::103-50-4::471-34-1::t0,103-50-4,471-34-1,sec::103-50-4::10,103-50-4,1,True
pair::103-50-4::471-34-1::t0,103-50-4,471-34-1,sec::103-50-4::2,103-50-4,,True
pair::103-50-4::471-34-1::t0,103-50-4,471-34-1,sec::471-34-1::10,471-34-1,5,True
pair::103-50-4::471-34-1::t0,103-50-4,471-34-1,sec::471-34-1::2,471-34-1,8,True
pair::103-50-4::471-34-1::t1,103-50-4,471-34-1,sec::103-50-4::10,103-50-4,1,True
pair::103-50-4::471-34-1::t1,103-50-4,471-34-1,sec::103-50-4::2,103-50-4,5,True
pair::103-50-4::471-34-1::t1,103-50-4,471-34-1,sec::471-34-1::10,471-34-1,2,True
pair::103-50-4::471-34-1::t1,103-50-4,471-34-1,sec::471-34-1::2,471-34-1,10,True
pair::103-50-4::471-34-1::t2,103-50-4,471-34-1,sec::103-50-4::10,103-50-4,1,True
pair::103-50-4::471-34-1::t2,103-50-4,471-34-1,sec::103-50-4::2,103-50-4,10,True
pair::103-50-4::471-34-1::t2,103-50-4,471-34-1,sec::471-34-1::10,471-34-1,2,True
pair::103-50-4::471-34-1::t2,103-50-4,471-34-1,sec::471-34-1::2,471-34-1,7,True
pair::103-50-4::471-34-1::t3,103-50-4,471-34-1,sec::103-50-4::10,103-50-4,1,True
pair::103-50-4::471-34-1::t3,103-50-4,471-34-1,sec::103-50-4::2,103-50-4,20,True
pair::103-50-4::471-34-1::t3,103-50-4,471-34-1,sec::471-34-1::10,471-34-1,2,True
pair::103-50-4::471-34-1::t3,103-50-4,471-34-1,sec::471-34-1::2,471-34-1,11,True
pair::103-50-4::471-34-1::t4,103-50-4,471-34-1,sec::103-50-4::10,103-50-4,3,True
pair::103-50-4::471-34-1::t4,103-50-4,471-34-1,sec::103-50-4::2,103-50-4,2,True
pair::103-50-4::471-34-1::t4,103-50-4,471-34-1,sec::471-34-1::10,471-34-1,1,True
pair::103-50-4::471-34-1::t4,103-50-4,471-34-1,sec::471-34-1::2,471-34-1,9,True
pair::100-51-6::12125-01-8::t0,100-51-6,12125-01-8,sec::100-51-6::10,100-51-6,3,True
pair::100-51-6::12125-01-8::t0,100-51-6,12125-01-8,sec::100-51-6::2,100-51-6,12,True
pair::100-51-6::12125-01-8::t0,100-51-6,12125-01-8,sec::12125-01-8::10,12125-01-8,1,True
pair::100-51-6::12125-01-8::t0,100-51-6,12125-01-8,sec::12125-01-8::2,12125-01-8,4,True
pair::100-51-6::12125-01-8::t1,100-51-6,12125-01-8,sec::100-51-6::10,100-51-6,15,True
pair::100-51-6::12125-01-8::t1,100-51-6,12125-01-8,sec::100-51-6::2,100-51-6,14,True
pair::100-51-6::12125-01-8::t1,100-51-6,12125-01-8,sec::12125-01-8::10,12125-01-8,2,True
pair::100-51-6::12125-01-8::t1,100-51-6,12125-01-8,sec::12125-01-8::2,12125-01-8,1,True
pair::100-51-6::12125-01-8::t2,100-51-6,12125-01-8,sec::100-51-6::10,100-51-6,11,True
pair::100-51-6::12125-01-8::t2,100-51-6,12125-01-8,sec::100-51-6::2,100-51-6,10,True
pair::100-51-6::12125-01-8::t2,100-51-6,12125-01-8,sec::12125-01-8::10,12125-01-8,1,True
pair::100-51-6::12125-01-8::t2,100-51-6,12125-01-8,sec::12125-01-8::2,12125-01-8,2,True
pair::100-51-6::12125-01-8::t3,100-51-6,12125-01-8,sec::100-51-6::10,100-51-6,15,True
pair::100-51-6::12125-01-8::t3,100-51-6,12125-01-8,sec::100-51-6::2,100-51-6,17,True
pair::100-51-6::12125-01-8::t3,100-51-6,12125-01-8,sec::12125-01-8::10,12125-01-8,1,True
pair::100-51-6::12125-01-8::t3,100-51-6,12125-01-8,sec::12125-01-8::2,12125-01-8,8,True
pair::100-51-6::12125-01-8::t4,100-51-6,12125-01-8,sec::100-51-6::10,100-51-6,8,True
pair::100-51-6::12125-01-8::t4,100-51-6,12125-01-8,sec::100-51-6::2,100-51-6,5,True
pair::100-51-6::12125-01-8::t4,100-51-6,12125-01-8,sec::12125-01-8::10,12125-01-8,2,True
pair::100-51-6::12125-01-8::t4,100-51-6,12125-01-8,sec::12125-01-8::2,12125-01-8,1,True
pair::10031-87-5::7440-50-8::t0,10031-87-5,7440-50-8,sec::10031-87-5::10,10031-87-5,1,True
pair::10031-87-5::7440-50-8::t0,10031-87-5,7440-50-8,sec::10031-87-5::2,10031-87-5,2,True
pair::10031-87-5::7440-50-8::t0,10031-87-5,7440-50-8,sec::7440-50-8::10,7440-50-8,7,True
pair::10031-87-5::7440-50-8::t0,10031-87-5,7440-50-8,sec::7440-50-8::2,7440-50-8,13,True
pair::10031-87-5::7440-50-8::t1,10031-87-5,7440-50-8,sec::10031-87-5::10,10031-87-5,2,True
pair::10031-87-5::7440-50-8::t1,10031-87-5,7440-50-8,sec::10031-87-5::2,10031-87-5,1,True
pair::10031-87-5::7440-50-8::t1,10031-87-5,7440-50-8,sec::7440-50-8::10,7440-50-8,15,True
pair::10031-87-5::7440-50-8::t1,10031-87-5,7440-50-8,sec::7440-50-8::2,7440-50-8,6,True
pair::10031-87-5::7440-50-8::t2,10031-87-5,7440-50-8,sec::10031-87-5::10,10031-87-5,2,True
pair::10031-87-5::7440-50-8::t2,10031-87-5,7440-50-8,sec::10031-87-5::2,10031-87-5,1,True
pair::10031-87-5::7440-50-8::t2,10031-87-5,7440-50-8,sec::7440-50-8::10,7440-50-8,17,True
pair::10031-87-5::7440-50-8::t2,10031-87-5,7440-50-8,sec::7440-50-8::2,7440-50-8,,True
pair::10031-87-5::7440-50-8::t3,10031-87-5,7440-50-8,sec::10031-87-5::10,10031-87-5,1,True
pair::10031-87-5::7440-50-8::t3,10031-87-5,7440-50-8,sec::10031-87-5::2,10031-87-5,3,True
pair::10031-87-5::7440-50-8::t3,10031-87-5,7440-50-8,sec::7440-50-8::10,7440-50-8,6,True
pair::10031-87-5::7440-50-8::t3,10031-87-5,7440-50-8,sec::7440-50-8::2,7440-50-8,,True
pair::10031-87-5::7440-50-8::t4,10031-87-5,7440-50-8,sec::10031-87-5::10,10031-87-5,2,True
pair::10031-87-5::7440-50-8::t4,10031-87-5,7440-50-8,sec::10031-87-5::2,10031-87-5,1,True
pair::10031-87-5::7440-50-8::t4,10031-87-5,7440-50-8,sec::7440-50-8::10,7440-50-8,18,True
pair::10031-87-5::7440-50-8::t4,10031-87-5,7440-50-8,sec::7440-50-8::2,7440-50-8,13,True
pair::112-95-8::60-29-7::t0,112-95-8,60-29-7,sec::112-95-8::10,112-95-8,2,True
pair::112-95-8::60-29-7::t0,112-95-8,60-29-7,sec::112-95-8::2,112-95-8,4,True
pair::112-95-8::60-29-7::t0,112-95-8,60-29-7,sec::60-29-7::10,60-29-7,1,True
pair::112-95-8::60-29-7::t0,112-95-8,60-29-7,sec::60-29-7::2,60-29-7,9,True
pair::112-95-8::60-29-7::t1,112-95-8,60-29-7,sec::112-95-8::10,112-95-8,3,True
pair::112-95-8::60-29-7::t1,112-95-8,60-29-7,sec::112-95-8::2,112-95-8,5,True
pair::112-95-8::60-29-7::t1,112-95-8,60-29-7,sec::60-29-7::10,60-29-7,1,True
pair::112-95-8::60-29-7::t1,112-95-8,60-29-7,sec::60-29-7::2,60-29-7,2,True
pair::112-95-8::60-29-7::t2,112-95-8,60-29-7,sec::112-95-8::10,112-95-8,3,True
pair::112-95-8::60-29-7::t2,112-95-8,60-29-7,sec::112-95-8::2,112-95-8,,True
pair::112-95-8::60-29-7::t2,112-95-8,60-29-7,sec::60-29-7::10,60-29-7,1,True
pair::112-95-8::60-29-7::t2,112-95-8,60-29-7,sec::60-29-7::2,60-29-7,2,True
pair::112-95-8::60-29-7::t3,112-95-8,60-29-7,sec::112-95-8::10,112-95-8,2,True
pair::112-95-8::60-29-7::t3,112-95-8,60-29-7,sec::112-95-8::2,112-95-8,,True
pair::112-95-8::60-29-7::t3,112-95-8,60-29-7,sec::60-29-7::10,60-29-7,1,True
pair::112-95-8::60-29-7::t3,112-95-8,60-29-7,sec::60-29-7::2,60-29-7,,True
pair::112-95-8::60-29-7::t4,112-95-8,60-29-7,sec::112-95-8::10,112-95-8,6,True
pair::112-95-8::60-29-7::t4,112-95-8,60-29-7,sec::112-95-8::2,112-95-8,17,True
pair::112-95-8::60-29-7::t4,112-95-8,60-29-7,sec::60-29-7::10,60-29-7,2,True
pair::112-95-8::60-29-7::t4,112-95-8,60-29-7,sec::60-29-7::2,60-29-7,1,True
pair::105-87-3::109-52-4::t0,105-87-3,109-52-4,sec::105-87-3::10,105-87-3,1,True
pair::105-87-3::109-52-4::t0,105-87-3,109-52-4,sec::105-87-3::2,105-87-3,3,True
pair::105-87-3::109-52-4::t0,105-87-3,109-52-4,sec::109-52-4::10,109-52-4,2,True
pair::105-87-3::109-52-4::t0,105-87-3,109-52-4,sec::109-52-4::2,109-52-4,8,True
pair::105-87-3::109-52-4::t1,105-87-3,109-52-4,sec::105-87-3::10,105-87-3,2,True
pair::105-87-3::109-52-4::t1,105-87-3,109-52-4,sec::105-87-3::2,105-87-3,4,True
pair::105-87-3::109-52-4::t1,105-87-3,109-52-4,sec::109-52-4::10,109-52-4,1,True
pair::105-87-3::109-52-4::t1,105-87-3,109-52-4,sec::109-52-4::2,109-52-4,3,True
pair::105-87-3::109-52-4::t2,105-87-3,109-52-4,sec::105-87-3::10,105-87-3,1,True
pair::105-87-3::109-52-4::t2,105-87-3,109-52-4,sec::105-87-3::2,105-87-3,3,True
pair::105-87-3::109-52-4::t2,105-87-3,109-52-4,sec::109-52-4::10,109-52-4,2,True
pair::105-87-3::109-52-4::t2,105-87-3,109-52-4,sec::109-52-4::2,109-52-4,4,True
pair::105-87-3::109-52-4::t3,105-87-3,109-52-4,sec::105-87-3::10,105-87-3,1,True
pair::105-87-3::109-52-4::t3,105-87-3,109-52-4,sec::105-87-3::2,105-87-3,5,True
pair::105-87-3::109-52-4::t3,105-87-3,109-52-4,sec::109-52-4::10,109-52-4,2,True
pair::105-87-3::109-52-4::t3,105-87-3,109-52-4,sec::109-52-4::2,109-52-4,14,True
pair::105-87-3::109-52-4::t4,105-87-3,109-52-4,sec::105-87-3::10,105-87-3,3,True
pair::105-87-3::109-52-4::t4,105-87-3,109-52-4,sec::105-87-3::2,105-87-3,4,True
pair::105-87-3::109-52-4::t4,105-87-3,109-52-4,sec::109-52-4::10,109-52-4,1,True
pair::105-87-3::109-52-4::t4,105-87-3,109-52-4,sec::109-52-4::2,109-52-4,2,True
pair::104-85-8::119-53-9::t0,104-85-8,119-53-9,sec::104-85-8::10,104-85-8,1,True
pair::104-85-8::119-53-9::t0,104-85-8,119-53-9,sec::104-85-8::2,104-85-8,6,True
pair::104-85-8::119-53-9::t0,104-85-8,119-53-9,sec::119-53-9::10,119-53-9,5,True
pair::104-85-8::119-53-9::t0,104-85-8,119-53-9,sec::119-53-9::2,119-53-9,,True
pair::104-85-8::119-53-9::t1,104-85-8,119-53-9,sec::104-85-8::10,104-85-8,2,True
pair::104-85-8::119-53-9::t1,104-85-8,119-53-9,sec::104-85-8::2,104-85-8,1,True
pair::104-85-8::119-53-9::t1,104-85-8,119-53-9,sec::119-53-9::10,119-53-9,,True
pair::104-85-8::119-53-9::t1,104-85-8,119-53-9,sec::119-53-9::2,119-53-9,,True
pair::104-85-8::119-53-9::t2,104-85-8,119-53-9,sec::104-85-8::10,104-85-8,2,True
pair::104-85-8::119-53-9::t2,104-85-8,119-53-9,sec::104-85-8::2,104-85-8,1,True
pair::104-85-8::119-53-9::t2,104-85-8,119-53-9,sec::119-53-9::10,119-53-9,,True
pair::104-85-8::119-53-9::t2,104-85-8,119-53-9,sec::119-53-9::2,119-53-9,,True
pair::104-85-8::119-53-9::t3,104-85-8,119-53-9,sec::104-85-8::10,104-85-8,1,True
pair::104-85-8::119-53-9::t3,104-85-8,119-53-9,sec::104-85-8::2,104-85-8,2,True
pair::104-85-8::119-53-9::t3,104-85-8,119-53-9,sec::119-53-9::10,119-53-9,10,True
pair::104-85-8::119-53-9::t3,104-85-8,119-53-9,sec::119-53-9::2,119-53-9,,True
pair::104-85-8::119-53-9::t4,104-85-8,119-53-9,sec::104-85-8::10,104-85-8,2,True
pair::104-85-8::119-53-9::t4,104-85-8,119-53-9,sec::104-85-8::2,104-85-8,1,True
pair::104-85-8::119-53-9::t4,104-85-8,119-53-9,sec::119-53-9::10,119-53-9,5,True
pair::104-85-8::119-53-9::t4,104-85-8,119-53-9,sec::119-53-9::2,119-53-9,7,True
pair::112-95-8::7447-40-7::t0,112-95-8,7447-40-7,sec::112-95-8::10,112-95-8,1,True
pair::112-95-8::7447-40-7::t0,112-95-8,7447-40-7,sec::112-95-8::2,112-95-8,3,True
pair::112-95-8::7447-40-7::t0,112-95-8,7447-40-7,sec::7447-40-7::10,7447-40-7,2,True
pair::112-95-8::7447-40-7::t0,112-95-8,7447-40-7,sec::7447-40-7::2,7447-40-7,20,True
pair::112-95-8::7447-40-7::t1,112-95-8,7447-40-7,sec::112-95-8::10,112-95-8,3,True
pair::112-95-8::7447-40-7::t1,112-95-8,7447-40-7,sec::112-95-8::2,112-95-8,13,True
pair::112-95-8::7447-40-7::t1,112-95-8,7447-40-7,sec::7447-40-7::10,7447-40-7,2,True
pair::112-95-8::7447-40-7::t1,112-95-8,7447-40-7,sec::7447-40-7::2,7447-40-7,1,True
pair::112-95-8::7447-40-7::t2,112-95-8,7447-40-7,sec::112-95-8::10,112-95-8,4,True
pair::112-95-8::7447-40-7::t2,112-95-8,7447-40-7,sec::112-95-8::2,112-95-8,,True
pair::112-95-8::7447-40-7::t2,112-95-8,7447-40-7,sec::7447-40-7::10,7447-40-7,3,True
pair::112-95-8::7447-40-7::t2,112-95-8,7447-40-7,sec::7447-40-7::2,7447-40-7,1,True
pair::112-95-8::7447-40-7::t3,112-95-8,7447-40-7,sec::112-95-8::10,112-95-8,2,True
pair::112-95-8::7447-40-7::t3,112-95-8,7447-40-7,sec::112-95-8::2,112-95-8,,True
pair::112-95-8::7447-40-7::t3,112-95-8,7447-40-7,sec::7447-40-7::10,7447-40-7,1,True
pair::112-95-8::7447-40-7::t3,112-95-8,7447-40-7,sec::7447-40-7::2,7447-40-7,4,True
pair::112-95-8::7447-40-7::t4,112-95-8,7447-40-7,sec::112-95-8::10,112-95-8,6,True
pair::112-95-8::7447-40-7::t4,112-95-8,7447-40-7,sec::112-95-8::2,112-95-8,,True
pair::112-95-8::7447-40-7::t4,112-95-8,7447-40-7,sec::7447-40-7::10,7447-40-7,3,True
pair::112-95-8::7447-40-7::t4,112-95-8,7447-40-7,sec::7447-40-7::2,7447-40-7,1,True
pair::10048-95-0::471-34-1::t0,10048-95-0,471-34-1,sec::10048-95-0::10,10048-95-0,1,False
pair::10048-95-0::471-34-1::t0,10048-95-0,471-34-1,sec::10048-95-0::2,10048-95-0,3,False
pair::10048-95-0::471-34-1::t0,10048-95-0,471-34-1,sec::471-34-1::10,471-34-1,7,False
pair::10048-95-0::471-34-1::t0,10048-95-0,471-34-1,sec::471-34-1::2,471-34-1,9,False
pair::10048-95-0::471-34-1::t1,10048-95-0,471-34-1,sec::10048-95-0::10,10048-95-0,1,False
pair::10048-95-0::471-34-1::t1,10048-95-0,471-34-1,sec::10048-95-0::2,10048-95-0,2,False
pair::10048-95-0::471-34-1::t1,10048-95-0,471-34-1,sec::471-34-1::10,471-34-1,9,False
pair::10048-95-0::471-34-1::t1,10048-95-0,471-34-1,sec::471-34-1::2,471-34-1,11,False
pair::10048-95-0::471-34-1::t2,10048-95-0,471-34-1,sec::10048-95-0::10,10048-95-0,2,False
pair::10048-95-0::471-34-1::t2,10048-95-0,471-34-1,sec::10048-95-0::2,10048-95-0,1,False
pair::10048-95-0::471-34-1::t2,10048-95-0,471-34-1,sec::471-34-1::10,471-34-1,11,False
pair::10048-95-0::471-34-1::t2,10048-95-0,471-34-1,sec::471-34-1::2,471-34-1,9,False
pair::10048-95-0::471-34-1::t3,10048-95-0,471-34-1,sec::10048-95-0::10,10048-95-0,1,False
pair::10048-95-0::471-34-1::t3,10048-95-0,471-34-1,sec::10048-95-0::2,10048-95-0,2,False
pair::10048-95-0::471-34-1::t3,10048-95-0,471-34-1,sec::471-34-1::10,471-34-1,7,False
pair::10048-95-0::471-34-1::t3,10048-95-0,471-34-1,sec::471-34-1::2,471-34-1,20,False
pair::10048-95-0::471-34-1::t4,10048-95-0,471-34-1,sec::10048-95-0::10,10048-95-0,2,False
pair::10048-95-0::471-34-1::t4,10048-95-0,471-34-1,sec::10048-95-0::2,10048-95-0,1,False
pair::10048-95-0::471-34-1::t4,10048-95-0,471-34-1,sec::471-34-1::10,471-34-1,10,False
pair::10048-95-0::471-34-1::t4,10048-95-0,471-34-1,sec::471-34-1::2,471-34-1,12,False
pair::107-97-1::64-19-7::t0,107-97-1,64-19-7,sec::107-97-1::10,107-97-1,1,True
pair::107-97-1::64-19-7::t0,107-97-1,64-19-7,sec::107-97-1::2,107-97-1,2,True
pair::107-97-1::64-19-7::t0,107-97-1,64-19-7,sec::64-19-7::10,64-19-7,3,True
pair::107-97-1::64-19-7::t0,107-97-1,64-19-7,sec::64-19-7::2,64-19-7,,True
pair::107-97-1::64-19-7::t1,107-97-1,64-19-7,sec::107-97-1::10,107-97-1,1,True
pair::107-97-1::64-19-7::t1,107-97-1,64-19-7,sec::107-97-1::2,107-97-1,2,True
pair::107-97-1::64-19-7::t1,107-97-1,64-19-7,sec::64-19-7::10,64-19-7,5,True
pair::107-97-1::64-19-7::t1,107-97-1,64-19-7,sec::64-19-7::2,64-19-7,7,True
pair::107-97-1::64-19-7::t2,107-97-1,64-19-7,sec::107-97-1::10,107-97-1,2,True
pair::107-97-1::64-19-7::t2,107-97-1,64-19-7,sec::107-97-1::2,107-97-1,1,True
pair::107-97-1::64-19-7::t2,107-97-1,64-19-7,sec::64-19-7::10,64-19-7,3,True
pair::107-97-1::64-19-7::t2,107-97-1,64-19-7,sec::64-19-7::2,64-19-7,6,True
pair::107-97-1::64-19-7::t3,107-97-1,64-19-7,sec::107-97-1::10,107-97-1,1,True
pair::107-97-1::64-19-7::t3,107-97-1,64-19-7,sec::107-97-1::2,107-97-1,3,True
pair::107-97-1::64-19-7::t3,107-97-1,64-19-7,sec::64-19-7::10,64-19-7,2,True
pair::107-97-1::64-19-7::t3,107-97-1,64-19-7,sec::64-19-7::2,64-19-7,,True
pair::107-97-1::64-19-7::t4,107-97-1,64-19-7,sec::107-97-1::10,107-97-1,1,True
pair::107-97-1::64-19-7::t4,107-97-1,64-19-7,sec::107-97-1::2,107-97-1,2,True
pair::107-97-1::64-19-7::t4,107-97-1,64-19-7,sec::64-19-7::10,64-19-7,5,True
pair::107-97-1::64-19-7::t4,107-97-1,64-19-7,sec::64-19-7::2,64-19-7,3,True
pair::10112-91-1::104-72-3::t0,10112-91-1,104-72-3,sec::10112-91-1::10,10112-91-1,1,True
pair::10112-91-1::104-72-3::t0,10112-91-1,104-72-3,sec::10112-91-1::2,10112-91-1,3,True
pair::10112-91-1::104-72-3::t0,10112-91-1,104-72-3,sec::104-72-3::10,104-72-3,2,True
pair::10112-91-1::104-72-3::t0,10112-91-1,104-72-3,sec::104-72-3::2,104-72-3,7,True
pair::10112-91-1::104-72-3::t1,10112-91-1,104-72-3,sec::10112-91-1::10,10112-91-1,1,True
pair::10112-91-1::104-72-3::t1,10112-91-1,104-72-3,sec::10112-91-1::2,10112-91-1,2,True
pair::10112-91-1::104-72-3::t1,10112-91-1,104-72-3,sec::104-72-3::10,104-72-3,4,True
pair::10112-91-1::104-72-3::t1,10112-91-1,104-72-3,sec::104-72-3::2,104-72-3,3,True
pair::10112-91-1::104-72-3::t2,10112-91-1,104-72-3,sec::10112-91-1::10,10112-91-1,1,True
pair::10112-91-1::104-72-3::t2,10112-91-1,104-72-3,sec::10112-91-1::2,10112-91-1,2,True
pair::10112-91-1::104-72-3::t2,10112-91-1,104-72-3,sec::104-72-3::10,104-72-3,9,True
pair::10112-91-1::104-72-3::t2,10112-91-1,104-72-3,sec::104-72-3::2,104-72-3,5,True
pair::10112-91-1::104-72-3::t3,10112-91-1,104-72-3,sec::10112-91-1::10,10112-91-1,1,True
pair::10112-91-1::104-72-3::t3,10112-91-1,104-72-3,sec::10112-91-1::2,10112-91-1,4,True
pair::10112-91-1::104-72-3::t3,10112-91-1,104-72-3,sec::104-72-3::10,104-72-3,2,True
pair::10112-91-1::104-72-3::t3,10112-91-1,104-72-3,sec::104-72-3::2,104-72-3,5,True
pair::10112-91-1::104-72-3::t4,10112-91-1,104-72-3,sec::10112-91-1::10,10112-91-1,1,True
pair::10112-91-1::104-72-3::t4,10112-91-1,104-72-3,sec::10112-91-1::2,10112-91-1,2,True
pair::10112-91-1::104-72-3::t4,10112-91-1,104-72-3,sec::104-72-3::10,104-72-3,4,True
pair::10112-91-1::104-72-3::t4,10112-91-1,104-72-3,sec::104-72-3::2,104-72-3,3,True
pair::103-23-1::12035-72-2::t0,103-23-1,12035-72-2,sec::103-23-1::10,103-23-1,2,True
pair::103-23-1::12035-72-2::t0,103-23-1,12035-72-2,sec::103-23-1::2,103-23-1,4,True
pair::103-23-1::12035-72-2::t0,103-23-1,12035-72-2,sec::12035-72-2::10,12035-72-2,1,True
pair::103-23-1::12035-72-2::t0,103-23-1,12035-72-2,sec::12035-72-2::2,12035-72-2,6,True
pair::103-23-1::12035-72-2::t1,103-23-1,12035-72-2,sec::103-23-1::10,103-23-1,2,True
pair::103-23-1::12035-72-2::t1,103-23-1,12035-72-2,sec::103-23-1::2,103-23-1,4,True
pair::103-23-1::12035-72-2::t1,103-23-1,12035-72-2,sec::12035-72-2::10,12035-72-2,1,True
pair::103-23-1::12035-72-2::t1,103-23-1,12035-72-2,sec::12035-72-2::2,12035-72-2,3,True
pair::103-23-1::12035-72-2::t2,103-23-1,12035-72-2,sec::103-23-1::10,103-23-1,1,True
pair::103-23-1::12035-72-2::t2,103-23-1,12035-72-2,sec::103-23-1::2,103-23-1,2,True
pair::103-23-1::12035-72-2::t2,103-23-1,12035-72-2,sec::12035-72-2::10,12035-72-2,3,True
pair::103-23-1::12035-72-2::t2,103-23-1,12035-72-2,sec::12035-72-2::2,12035-72-2,5,True
pair::103-23-1::12035-72-2::t3,103-23-1,12035-72-2,sec::103-23-1::10,103-23-1,2,True
pair::103-23-1::12035-72-2::t3,103-23-1,12035-72-2,sec::103-23-1::2,103-23-1,3,True
pair::103-23-1::12035-72-2::t3,103-23-1,12035-72-2,sec::12035-72-2::10,12035-72-2,1,True
pair::103-23-1::12035-72-2::t3,103-23-1,12035-72-2,sec::12035-72-2::2,12035-72-2,4,True
pair::103-23-1::12035-72-2::t4,103-23-1,12035-72-2,sec::103-23-1::10,103-23-1,1,True
pair::103-23-1::12035-72-2::t4,103-23-1,12035-72-2,sec::103-23-1::2,103-23-1,3,True
pair::103-23-1::12035-72-2::t4,103-23-1,12035-72-2,sec::12035-72-2::10,12035-72-2,2,True
pair::103-23-1::12035-72-2::t4,103-23-1,12035-72-2,sec::12035-72-2::2,12035-72-2,4,True
pair::100-64-1::10112-91-1::t0,100-64-1,10112-91-1,sec::100-64-1::10,100-64-1,2,True
pair::100-64-1::10112-91-1::t0,100-64-1,10112-91-1,sec::100-64-1::2,100-64-1,7,True
pair::100-64-1::10112-91-1::t0,100-64-1,10112-91-1,sec::10112-91-1::10,10112-91-1,1,True
pair::100-64-1::10112-91-1::t0,100-64-1,10112-91-1,sec::10112-91-1::2,10112-91-1,6,True
pair::100-64-1::10112-91-1::t1,100-64-1,10112-91-1,sec::100-64-1::10,100-64-1,3,True
pair::100-64-1::10112-91-1::t1,100-64-1,10112-91-1,sec::100-64-1::2,100-64-1,6,True
pair::100-64-1::10112-91-1::t1,100-64-1,10112-91-1,sec::10112-91-1::10,10112-91-1,1,True
pair::100-64-1::10112-91-1::t1,100-64-1,10112-91-1,sec::10112-91-1::2,10112-91-1,2,True
pair::100-64-1::10112-91-1::t2,100-64-1,10112-91-1,sec::100-64-1::10,100-64-1,5,True
pair::100-64-1::10112-91-1::t2,100-64-1,10112-91-1,sec::100-64-1::2,100-64-1,4,True
pair::100-64-1::10112-91-1::t2,100-64-1,10112-91-1,sec::10112-91-1::10,10112-91-1,1,True
pair::100-64-1::10112-91-1::t2,100-64-1,10112-91-1,sec::10112-91-1::2,10112-91-1,2,True
pair::100-64-1::10112-91-1::t3,100-64-1,10112-91-1,sec::100-64-1::10,100-64-1,2,True
pair::100-64-1::10112-91-1::t3,100-64-1,10112-91-1,sec::100-64-1::2,100-64-1,9,True
pair::100-64-1::10112-91-1::t3,100-64-1,10112-91-1,sec::10112-91-1::10,10112-91-1,1,True
pair::100-64-1::10112-91-1::t3,100-64-1,10112-91-1,sec::10112-91-1::2,10112-91-1,6,True
pair::100-64-1::10112-91-1::t4,100-64-1,10112-91-1,sec::100-64-1::10,100-64-1,3,True
pair::100-64-1::10112-91-1::t4,100-64-1,10112-91-1,sec::100-64-1::2,100-64-1,8,True
pair::100-64-1::10112-91-1::t4,100-64-1,10112-91-1,sec::10112-91-1::10,10112-91-1,1,True
pair::100-64-1::10112-91-1::t4,100-64-1,10112-91-1,sec::10112-91-1::2,10112-91-1,2,True
pair::112-95-8::7440-50-8::t0,112-95-8,7440-50-8,sec::112-95-8::10,112-95-8,2,True
pair::112-95-8::7440-50-8::t0,112-95-8,7440-50-8,sec::112-95-8::2,112-95-8,5,True
pair::112-95-8::7440-50-8::t0,112-95-8,7440-50-8,sec::7440-50-8::10,7440-50-8,4,True
pair::112-95-8::7440-50-8::t0,112-95-8,7440-50-8,sec::7440-50-8::2,7440-50-8,11,True
pair::112-95-8::7440-50-8::t1,112-95-8,7440-50-8,sec::112-95-8::10,112-95-8,4,True
pair::112-95-8::7440-50-8::t1,112-95-8,7440-50-8,sec::112-95-8::2,112-95-8,5,True
pair::112-95-8::7440-50-8::t1,112-95-8,7440-50-8,sec::7440-50-8::10,7440-50-8,2,True
pair::112-95-8::7440-50-8::t1,112-95-8,7440-50-8,sec::7440-50-8::2,7440-50-8,3,True
pair::112-95-8::7440-50-8::t2,112-95-8,7440-50-8,sec::112-95-8::10,112-95-8,2,True
pair::112-95-8::7440-50-8::t2,112-95-8,7440-50-8,sec::112-95-8::2,112-95-8,4,True
pair::112-95-8::7440-50-8::t2,112-95-8,7440-50-8,sec::7440-50-8::10,7440-50-8,10,True
pair::112-95-8::7440-50-8::t2,112-95-8,7440-50-8,sec::7440-50-8::2,7440-50-8,15,True
pair::112-95-8::7440-50-8::t3,112-95-8,7440-50-8,sec::112-95-8::10,112-95-8,3,True
pair::112-95-8::7440-50-8::t3,112-95-8,7440-50-8,sec::112-95-8::2,112-95-8,,True
pair::112-95-8::7440-50-8::t3,112-95-8,7440-50-8,sec::7440-50-8::10,7440-50-8,2,True
pair::112-95-8::7440-50-8::t3,112-95-8,7440-50-8,sec::7440-50-8::2,7440-50-8,,True
pair::112-95-8::7440-50-8::t4,112-95-8,7440-50-8,sec::112-95-8::10,112-95-8,3,True
pair::112-95-8::7440-50-8::t4,112-95-8,7440-50-8,sec::112-95-8::2,112-95-8,5,True
pair::112-95-8::7440-50-8::t4,112-95-8,7440-50-8,sec::7440-50-8::10,7440-50-8,9,True
pair::112-95-8::7440-50-8::t4,112-95-8,7440-50-8,sec::7440-50-8::2,7440-50-8,1,True
pair::10192-30-0::106-24-1::t0,10192-30-0,106-24-1,sec::10192-30-0::10,10192-30-0,1,True
pair::10192-30-0::106-24-1::t0,10192-30-0,106-24-1,sec::10192-30-0::2,10192-30-0,2,True
pair::10192-30-0::106-24-1::t0,10192-30-0,106-24-1,sec::106-24-1::10,106-24-1,,True
pair::10192-30-0::106-24-1::t0,10192-30-0,106-24-1,sec::106-24-1::2,106-24-1,,True
pair::10192-30-0::106-24-1::t1,10192-30-0,106-24-1,sec::10192-30-0::10,10192-30-0,1,True
pair::10192-30-0::106-24-1::t1,10192-30-0,106-24-1,sec::10192-30-0::2,10192-30-0,2,True
pair::10192-30-0::106-24-1::t1,10192-30-0,106-24-1,sec::106-24-1::10,106-24-1,8,True
pair::10192-30-0::106-24-1::t1,10192-30-0,106-24-1,sec::106-24-1::2,106-24-1,,True
pair::10192-30-0::106-24-1::t2,10192-30-0,106-24-1,sec::10192-30-0::10,10192-30-0,1,True
pair::10192-30-0::106-24-1::t2,10192-30-0,106-24-1,sec::10192-30-0::2,10192-30-0,2,True
pair::10192-30-0::106-24-1::t2,10192-30-0,106-24-1,sec::106-24-1::10,106-24-1,9,True
pair::10192-30-0::106-24-1::t2,10192-30-0,106-24-1,sec::106-24-1::2,106-24-1,8,True
pair::10192-30-0::106-24-1::t3,10192-30-0,106-24-1,sec::10192-30-0::10,10192-30-0,1,True
pair::10192-30-0::106-24-1::t3,10192-30-0,106-24-1,sec::10192-30-0::2,10192-30-0,3,True
pair::10192-30-0::106-24-1::t3,10192-30-0,106-24-1,sec::106-24-1::10,106-24-1,10,True
pair::10192-30-0::106-24-1::t3,10192-30-0,106-24-1,sec::106-24-1::2,106-24-1,,True
pair::10192-30-0::106-24-1::t4,10192-30-0,106-24-1,sec::10192-30-0::10,10192-30-0,2,True
pair::10192-30-0::106-24-1::t4,10192-30-0,106-24-1,sec::10192-30-0::2,10192-30-0,1,True
pair::10192-30-0::106-24-1::t4,10192-30-0,106-24-1,sec::106-24-1::10,106-24-1,8,True
pair::10192-30-0::106-24-1::t4,10192-30-0,106-24-1,sec::106-24-1::2,106-24-1,,True
pair::1066-33-7::110-13-4::t0,1066-33-7,110-13-4,sec::1066-33-7::10,1066-33-7,1,True
pair::1066-33-7::110-13-4::t0,1066-33-7,110-13-4,sec::1066-33-7::2,1066-33-7,2,True
pair::1066-33-7::110-13-4::t0,1066-33-7,110-13-4,sec::110-13-4::10,110-13-4,10,True
pair::1066-33-7::110-13-4::t0,1066-33-7,110-13-4,sec::110-13-4::2,110-13-4,,True
pair::1066-33-7::110-13-4::t1,1066-33-7,110-13-4,sec::1066-33-7::10,1066-33-7,1,True
pair::1066-33-7::110-13-4::t1,1066-33-7,110-13-4,sec::1066-33-7::2,1066-33-7,2,True
pair::1066-33-7::110-13-4::t1,1066-33-7,110-13-4,sec::110-13-4::10,110-13-4,10,True
pair::1066-33-7::110-13-4::t1,1066-33-7,110-13-4,sec::110-13-4::2,110-13-4,11,True
pair::1066-33-7::110-13-4::t2,1066-33-7,110-13-4,sec::1066-33-7::10,1066-33-7,2,True
pair::1066-33-7::110-13-4::t2,1066-33-7,110-13-4,sec::1066-33-7::2,1066-33-7,1,True
pair::1066-33-7::110-13-4::t2,1066-33-7,110-13-4,sec::110-13-4::10,110-13-4,,True
pair::1066-33-7::110-13-4::t2,1066-33-7,110-13-4,sec::110-13-4::2,110-13-4,13,True
pair::1066-33-7::110-13-4::t3,1066-33-7,110-13-4,sec::1066-33-7::10,1066-33-7,1,True
pair::1066-33-7::110-13-4::t3,1066-33-7,110-13-4,sec::1066-33-7::2,1066-33-7,2,True
pair::1066-33-7::110-13-4::t3,1066-33-7,110-13-4,sec::110-13-4::10,110-13-4,9,True
pair::1066-33-7::110-13-4::t3,1066-33-7,110-13-4,sec::110-13-4::2,110-13-4,18,True
pair::1066-33-7::110-13-4::t4,1066-33-7,110-13-4,sec::1066-33-7::10,1066-33-7,2,True
pair::1066-33-7::110-13-4::t4,1066-33-7,110-13-4,sec::1066-33-7::2,1066-33-7,1,True
pair::1066-33-7::110-13-4::t4,1066-33-7,110-13-4,sec::110-13-4::10,110-13-4,8,True
pair::1066-33-7::110-13-4::t4,1066-33-7,110-13-4,sec::110-13-4::2,110-13-4,5,True
pair::112-95-8::1310-58-3::t0,112-95-8,1310-58-3,sec::112-95-8::10,112-95-8,2,True
pair::112-95-8::1310-58-3::t0,112-95-8,1310-58-3,sec::112-95-8::2,112-95-8,3,True
pair::112-95-8::1310-58-3::t0,112-95-8,1310-58-3,sec::1310-58-3::10,1310-58-3,1,True
pair::112-95-8::1310-58-3::t0,112-95-8,1310-58-3,sec::1310-58-3::2,1310-58-3,17,True
pair::112-95-8::1310-58-3::t1,112-95-8,1310-58-3,sec::112-95-8::10,112-95-8,3,True
pair::112-95-8::1310-58-3::t1,112-95-8,1310-58-3,sec::112-95-8::2,112-95-8,4,True
pair::112-95-8::1310-58-3::t1,112-95-8,1310-58-3,sec::1310-58-3::10,1310-58-3,1,True
pair::112-95-8::1310-58-3::t1,112-95-8,1310-58-3,sec::1310-58-3::2,1310-58-3,2,True
pair::112-95-8::1310-58-3::t2,112-95-8,1310-58-3,sec::112-95-8::10,112-95-8,3,True
pair::112-95-8::1310-58-3::t2,112-95-8,1310-58-3,sec::112-95-8::2,112-95-8,,True
pair::112-95-8::1310-58-3::t2,112-95-8,1310-58-3,sec::1310-58-3::10,1310-58-3,1,True
pair::112-95-8::1310-58-3::t2,112-95-8,1310-58-3,sec::1310-58-3::2,1310-58-3,2,True
pair::112-95-8::1310-58-3::t3,112-95-8,1310-58-3,sec::112-95-8::10,112-95-8,2,True
pair::112-95-8::1310-58-3::t3,112-95-8,1310-58-3,sec::112-95-8::2,112-95-8,,True
pair::112-95-8::1310-58-3::t3,112-95-8,1310-58-3,sec::1310-58-3::10,1310-58-3,1,True
pair::112-95-8::1310-58-3::t3,112-95-8,1310-58-3,sec::1310-58-3::2,1310-58-3,,True
pair::112-95-8::1310-58-3::t4,112-95-8,1310-58-3,sec::112-95-8::10,112-95-8,3,True
pair::112-95-8::1310-58-3::t4,112-95-8,1310-58-3,sec::112-95-8::2,112-95-8,9,True
pair::112-95-8::1310-58-3::t4,112-95-8,1310-58-3,sec::1310-58-3::10,1310-58-3,1,True
pair::112-95-8::1310-58-3::t4,112-95-8,1310-58-3,sec::1310-58-3::2,1310-58-3,2,True
pair::1002-89-7::11138-49-1::t0,1002-89-7,11138-49-1,sec::1002-89-7::10,1002-89-7,1,False
pair::1002-89-7::11138-49-1::t0,1002-89-7,11138-49-1,sec::1002-89-7::2,1002-89-7,3,False
pair::1002-89-7::11138-49-1::t0,1002-89-7,11138-49-1,sec::11138-49-1::10,11138-49-1,2,False
pair::1002-89-7::11138-49-1::t0,1002-89-7,11138-49-1,sec::11138-49-1::2,11138-49-1,5,False
pair::1002-89-7::11138-49-1::t1,1002-89-7,11138-49-1,sec::1002-89-7::10,1002-89-7,1,False
pair::1002-89-7::11138-49-1::t1,1002-89-7,11138-49-1,sec::1002-89-7::2,1002-89-7,3,False
pair::1002-89-7::11138-49-1::t1,1002-89-7,11138-49-1,sec::11138-49-1::10,11138-49-1,2,False
pair::1002-89-7::11138-49-1::t1,1002-89-7,11138-49-1,sec::11138-49-1::2,11138-49-1,4,False
pair::1002-89-7::11138-49-1::t2,1002-89-7,11138-49-1,sec::1002-89-7::10,1002-89-7,1,False
pair::1002-89-7::11138-49-1::t2,1002-89-7,11138-49-1,sec::1002-89-7::2,1002-89-7,3,False
pair::1002-89-7::11138-49-1::t2,1002-89-7,11138-49-1,sec::11138-49-1::10,11138-49-1,2,False
pair::1002-89-7::11138-49-1::t2,1002-89-7,11138-49-1,sec::11138-49-1::2,11138-49-1,4,False
pair::1002-89-7::11138-49-1::t3,1002-89-7,11138-49-1,sec::1002-89-7::10,1002-89-7,1,False
pair::1002-89-7::11138-49-1::t3,1002-89-7,11138-49-1,sec::1002-89-7::2,1002-89-7,3,False
pair::1002-89-7::11138-49-1::t3,1002-89-7,11138-49-1,sec::11138-49-1::10,11138-49-1,2,False
pair::1002-89-7::11138-49-1::t3,1002-89-7,11138-49-1,sec::11138-49-1::2,11138-49-1,9,False
pair::1002-89-7::11138-49-1::t4,1002-89-7,11138-49-1,sec::1002-89-7::10,1002-89-7,1,False
pair::1002-89-7::11138-49-1::t4,1002-89-7,11138-49-1,sec::1002-89-7::2,1002-89-7,2,False
pair::1002-89-7::11138-49-1::t4,1002-89-7,11138-49-1,sec::11138-49-1::10,11138-49-1,3,False
pair::1002-89-7::11138-49-1::t4,1002-89-7,11138-49-1,sec::11138-49-1::2,11138-49-1,4,False
pair::105-48-6::64-17-5::t0,105-48-6,64-17-5,sec::105-48-6::10,105-48-6,1,True
pair::105-48-6::64-17-5::t0,105-48-6,64-17-5,sec::105-48-6::2,105-48-6,3,True
pair::105-48-6::64-17-5::t0,105-48-6,64-17-5,sec::64-17-5::10,64-17-5,2,True
pair::105-48-6::64-17-5::t0,105-48-6,64-17-5,sec::64-17-5::2,64-17-5,13,True
pair::105-48-6::64-17-5::t1,105-48-6,64-17-5,sec::105-48-6::10,105-48-6,1,True
pair::105-48-6::64-17-5::t1,105-48-6,64-17-5,sec::105-48-6::2,105-48-6,2,True
pair::105-48-6::64-17-5::t1,105-48-6,64-17-5,sec::64-17-5::10,64-17-5,4,True
pair::105-48-6::64-17-5::t1,105-48-6,64-17-5,sec::64-17-5::2,64-17-5,3,True
pair::105-48-6::64-17-5::t2,105-48-6,64-17-5,sec::105-48-6::10,105-48-6,1,True
pair::105-48-6::64-17-5::t2,105-48-6,64-17-5,sec::105-48-6::2,105-48-6,2,True
pair::105-48-6::64-17-5::t2,105-48-6,64-17-5,sec::64-17-5::10,64-17-5,4,True
pair::105-48-6::64-17-5::t2,105-48-6,64-17-5,sec::64-17-5::2,64-17-5,3,True
pair::105-48-6::64-17-5::t3,105-48-6,64-17-5,sec::105-48-6::10,105-48-6,1,True
pair::105-48-6::64-17-5::t3,105-48-6,64-17-5,sec::105-48-6::2,105-48-6,3,True
pair::105-48-6::64-17-5::t3,105-48-6,64-17-5,sec::64-17-5::10,64-17-5,2,True
pair::105-48-6::64-17-5::t3,105-48-6,64-17-5,sec::64-17-5::2,64-17-5,4,True
pair::105-48-6::64-17-5::t4,105-48-6,64-17-5,sec::105-48-6::10,105-48-6,2,True
pair::105-48-6::64-17-5::t4,105-48-6,64-17-5,sec::105-48-6::2,105-48-6,1,True
pair::105-48-6::64-17-5::t4,105-48-6,64-17-5,sec::64-17-5::10,64-17-5,6,True
pair::105-48-6::64-17-5::t4,105-48-6,64-17-5,sec::64-17-5::2,64-17-5,3,True
pair::104-85-8::12035-72-2::t0,104-85-8,12035-72-2,sec::104-85-8::10,104-85-8,1,True
pair::104-85-8::12035-72-2::t0,104-85-8,12035-72-2,sec::104-85-8::2,104-85-8,2,True
pair::104-85-8::12035-72-2::t0,104-85-8,12035-72-2,sec::12035-72-2::10,12035-72-2,10,True
pair::104-85-8::12035-72-2::t0,104-85-8,12035-72-2,sec::12035-72-2::2,12035-72-2,7,True
pair::104-85-8::12035-72-2::t1,104-85-8,12035-72-2,sec::104-85-8::10,104-85-8,1,True
pair::104-85-8::12035-72-2::t1,104-85-8,12035-72-2,sec::104-85-8::2,104-85-8,2,True
pair::104-85-8::12035-72-2::t1,104-85-8,12035-72-2,sec::12035-72-2::10,12035-72-2,7,True
pair::104-85-8::12035-72-2::t1,104-85-8,12035-72-2,sec::12035-72-2::2,12035-72-2,5,True
pair::104-85-8::12035-72-2::t2,104-85-8,12035-72-2,sec::104-85-8::10,104-85-8,2,True
pair::104-85-8::12035-72-2::t2,104-85-8,12035-72-2,sec::104-85-8::2,104-85-8,1,True
pair::104-85-8::12035-72-2::t2,104-85-8,12035-72-2,sec::12035-72-2::10,12035-72-2,4,True
pair::104-85-8::12035-72-2::t2,104-85-8,12035-72-2,sec::12035-72-2::2,12035-72-2,3,True
pair::104-85-8::12035-72-2::t3,104-85-8,12035-72-2,sec::104-85-8::10,104-85-8,1,True
pair::104-85-8::12035-72-2::t3,104-85-8,12035-72-2,sec::104-85-8::2,104-85-8,2,True
pair::104-85-8::12035-72-2::t3,104-85-8,12035-72-2,sec::12035-72-2::10,12035-72-2,8,True
pair::104-85-8::12035-72-2::t3,104-85-8,12035-72-2,sec::12035-72-2::2,12035-72-2,6,True
pair::104-85-8::12035-72-2::t4,104-85-8,12035-72-2,sec::104-85-8::10,104-85-8,1,True
pair::104-85-8::12035-72-2::t4,104-85-8,12035-72-2,sec::104-85-8::2,104-85-8,2,True
pair::104-85-8::12035-72-2::t4,104-85-8,12035-72-2,sec::12035-72-2::10,12035-72-2,14,True
pair::104-85-8::12035-72-2::t4,104-85-8,12035-72-2,sec::12035-72-2::2,12035-72-2,4,True
pair::101-02-0::497-19-8::t0,101-02-0,497-19-8,sec::101-02-0::10,101-02-0,1,False
pair::101-02-0::497-19-8::t0,101-02-0,497-19-8,sec::101-02-0::2,101-02-0,3,False
pair::101-02-0::497-19-8::t0,101-02-0,497-19-8,sec::497-19-8::10,497-19-8,,False
pair::101-02-0::497-19-8::t0,101-02-0,497-19-8,sec::497-19-8::2,497-19-8,,False
pair::101-02-0::497-19-8::t1,101-02-0,497-19-8,sec::101-02-0::10,101-02-0,1,False
pair::101-02-0::497-19-8::t1,101-02-0,497-19-8,sec::101-02-0::2,101-02-0,2,False
pair::101-02-0::497-19-8::t1,101-02-0,497-19-8,sec::497-19-8::10,497-19-8,,False
pair::101-02-0::497-19-8::t1,101-02-0,497-19-8,sec::497-19-8::2,497-19-8,,False
pair::101-02-0::497-19-8::t2,101-02-0,497-19-8,sec::101-02-0::10,101-02-0,1,False
pair::101-02-0::497-19-8::t2,101-02-0,497-19-8,sec::101-02-0::2,101-02-0,2,False
pair::101-02-0::497-19-8::t2,101-02-0,497-19-8,sec::497-19-8::10,497-19-8,,False
pair::101-02-0::497-19-8::t2,101-02-0,497-19-8,sec::497-19-8::2,497-19-8,,False
pair::101-02-0::497-19-8::t3,101-02-0,497-19-8,sec::101-02-0::10,101-02-0,1,False
pair::101-02-0::497-19-8::t3,101-02-0,497-19-8,sec::101-02-0::2,101-02-0,3,False
pair::101-02-0::497-19-8::t3,101-02-0,497-19-8,sec::497-19-8::10,497-19-8,,False
pair::101-02-0::497-19-8::t3,101-02-0,497-19-8,sec::497-19-8::2,497-19-8,,False
pair::101-02-0::497-19-8::t4,101-02-0,497-19-8,sec::101-02-0::10,101-02-0,1,False
pair::101-02-0::497-19-8::t4,101-02-0,497-19-8,sec::101-02-0::2,101-02-0,2,False
pair::101-02-0::497-19-8::t4,101-02-0,497-19-8,sec::497-19-8::10,497-19-8,,False
pair::101-02-0::497-19-8::t4,101-02-0,497-19-8,sec::497-19-8::2,497-19-8,,False
pair::104-72-3::106-24-1::t0,104-72-3,106-24-1,sec::104-72-3::10,104-72-3,1,True
pair::104-72-3::106-24-1::t0,104-72-3,106-24-1,sec::104-72-3::2,104-72-3,6,True
pair::104-72-3::106-24-1::t0,104-72-3,106-24-1,sec::106-24-1::10,106-24-1,2,True
pair::104-72-3::106-24-1::t0,104-72-3,106-24-1,sec::106-24-1::2,106-24-1,8,True
pair::104-72-3::106-24-1::t1,104-72-3,106-24-1,sec::104-72-3::10,104-72-3,4,True
pair::104-72-3::106-24-1::t1,104-72-3,106-24-1,sec::104-72-3::2,104-72-3,3,True
pair::104-72-3::106-24-1::t1,104-72-3,106-24-1,sec::106-24-1::10,106-24-1,2,True
pair::104-72-3::106-24-1::t1,104-72-3,106-24-1,sec::106-24-1::2,106-24-1,1,True
pair::104-72-3::106-24-1::t2,104-72-3,106-24-1,sec::104-72-3::10,104-72-3,4,True
pair::104-72-3::106-24-1::t2,104-72-3,106-24-1,sec::104-72-3::2,104-72-3,3,True
pair::104-72-3::106-24-1::t2,104-72-3,106-24-1,sec::106-24-1::10,106-24-1,2,True
pair::104-72-3::106-24-1::t2,104-72-3,106-24-1,sec::106-24-1::2,106-24-1,1,True
pair::104-72-3::106-24-1::t3,104-72-3,106-24-1,sec::104-72-3::10,104-72-3,3,True
pair::104-72-3::106-24-1::t3,104-72-3,106-24-1,sec::104-72-3::2,104-72-3,4,True
pair::104-72-3::106-24-1::t3,104-72-3,106-24-1,sec::106-24-1::10,106-24-1,1,True
pair::104-72-3::106-24-1::t3,104-72-3,106-24-1,sec::106-24-1::2,106-24-1,2,True
pair::104-72-3::106-24-1::t4,104-72-3,106-24-1,sec::104-72-3::10,104-72-3,3,True
pair::104-72-3::106-24-1::t4,104-72-3,106-24-1,sec::104-72-3::2,104-72-3,6,True
pair::104-72-3::106-24-1::t4,104-72-3,106-24-1,sec::106-24-1::10,106-24-1,1,True
pair::104-72-3::106-24-1::t4,104-72-3,106-24-1,sec::106-24-1::2,106-24-1,2,True
pair::104-72-3::7440-21-3::t0,104-72-3,7440-21-3,sec::104-72-3::10,104-72-3,1,True
pair::104-72-3::7440-21-3::t0,104-72-3,7440-21-3,sec::104-72-3::2,104-72-3,7,True
pair::104-72-3::7440-21-3::t0,104-72-3,7440-21-3,sec::7440-21-3::10,7440-21-3,2,True
pair::104-72-3::7440-21-3::t0,104-72-3,7440-21-3,sec::7440-21-3::2,7440-21-3,11,True
pair::104-72-3::7440-21-3::t1,104-72-3,7440-21-3,sec::104-72-3::10,104-72-3,3,True
pair::104-72-3::7440-21-3::t1,104-72-3,7440-21-3,sec::104-72-3::2,104-72-3,1,True
pair::104-72-3::7440-21-3::t1,104-72-3,7440-21-3,sec::7440-21-3::10,7440-21-3,2,True
pair::104-72-3::7440-21-3::t1,104-72-3,7440-21-3,sec::7440-21-3::2,7440-21-3,4,True
pair::104-72-3::7440-21-3::t2,104-72-3,7440-21-3,sec::104-72-3::10,104-72-3,3,True
pair::104-72-3::7440-21-3::t2,104-72-3,7440-21-3,sec::104-72-3::2,104-72-3,1,True
pair::104-72-3::7440-21-3::t2,104-72-3,7440-21-3,sec::7440-21-3::10,7440-21-3,11,True
pair::104-72-3::7440-21-3::t2,104-72-3,7440-21-3,sec::7440-21-3::2,7440-21-3,,True
pair::104-72-3::7440-21-3::t3,104-72-3,7440-21-3,sec::104-72-3::10,104-72-3,1,True
pair::104-72-3::7440-21-3::t3,104-72-3,7440-21-3,sec::104-72-3::2,104-72-3,14,True
pair::104-72-3::7440-21-3::t3,104-72-3,7440-21-3,sec::7440-21-3::10,7440-21-3,2,True
pair::104-72-3::7440-21-3::t3,104-72-3,7440-21-3,sec::7440-21-3::2,7440-21-3,,True
pair::104-72-3::7440-21-3::t4,104-72-3,7440-21-3,sec::104-72-3::10,104-72-3,1,True
pair::104-72-3::7440-21-3::t4,104-72-3,7440-21-3,sec::104-72-3::2,104-72-3,2,True
pair::104-72-3::7440-21-3::t4,104-72-3,7440-21-3,sec::7440-21-3::10,7440-21-3,3,True
pair::104-72-3::7440-21-3::t4,104-72-3,7440-21-3,sec::7440-21-3::2,7440-21-3,4,True
pair::105-11-3::1344-00-9::t0,105-11-3,1344-00-9,sec::105-11-3::10,105-11-3,5,True
pair::105-11-3::1344-00-9::t0,105-11-3,1344-00-9,sec::105-11-3::2,105-11-3,7,True
pair::105-11-3::1344-00-9::t0,105-11-3,1344-00-9,sec::1344-00-9::10,1344-00-9,1,True
pair::105-11-3::1344-00-9::t0,105-11-3,1344-00-9,sec::1344-00-9::2,1344-00-9,3,True
pair::105-11-3::1344-00-9::t1,105-11-3,1344-00-9,sec::105-11-3::10,105-11-3,7,True
pair::105-11-3::1344-00-9::t1,105-11-3,1344-00-9,sec::105-11-3::2,105-11-3,8,True
pair::105-11-3::1344-00-9::t1,105-11-3,1344-00-9,sec::1344-00-9::10,1344-00-9,1,True
pair::105-11-3::1344-00-9::t1,105-11-3,1344-00-9,sec::1344-00-9::2,1344-00-9,2,True
pair::105-11-3::1344-00-9::t2,105-11-3,1344-00-9,sec::105-11-3::10,105-11-3,6,True
pair::105-11-3::1344-00-9::t2,105-11-3,1344-00-9,sec::105-11-3::2,105-11-3,7,True
pair::105-11-3::1344-00-9::t2,105-11-3,1344-00-9,sec::1344-00-9::10,1344-00-9,1,True
pair::105-11-3::1344-00-9::t2,105-11-3,1344-00-9,sec::1344-00-9::2,1344-00-9,2,True
pair::105-11-3::1344-00-9::t3,105-11-3,1344-00-9,sec::105-11-3::10,105-11-3,6,True
pair::105-11-3::1344-00-9::t3,105-11-3,1344-00-9,sec::105-11-3::2,105-11-3,17,True
pair::105-11-3::1344-00-9::t3,105-11-3,1344-00-9,sec::1344-00-9::10,1344-00-9,1,True
pair::105-11-3::1344-00-9::t3,105-11-3,1344-00-9,sec::1344-00-9::2,1344-00-9,5,True
pair::105-11-3::1344-00-9::t4,105-11-3,1344-00-9,sec::105-11-3::10,105-11-3,9,True
pair::105-11-3::1344-00-9::t4,105-11-3,1344-00-9,sec::105-11-3::2,105-11-3,8,True
pair::105-11-3::1344-00-9::t4,105-11-3,1344-00-9,sec::1344-00-9::10,1344-00-9,1,True
pair::105-11-3::1344-00-9::t4,105-11-3,1344-00-9,sec::1344-00-9::2,1344-00-9,2,True
pair::109-52-4::64-19-7::t0,109-52-4,64-19-7,sec::109-52-4::10,109-52-4,1,True
pair::109-52-4::64-19-7::t0,109-52-4,64-19-7,sec::109-52-4::2,109-52-4,6,True
pair::109-52-4::64-19-7::t0,109-52-4,64-19-7,sec::64-19-7::10,64-19-7,4,True
pair::109-52-4::64-19-7::t0,109-52-4,64-19-7,sec::64-19-7::2,64-19-7,,True
pair::109-52-4::64-19-7::t1,109-52-4,64-19-7,sec::109-52-4::10,109-52-4,2,True
pair::109-52-4::64-19-7::t1,109-52-4,64-19-7,sec::109-52-4::2,109-52-4,1,True
pair::109-52-4::64-19-7::t1,109-52-4,64-19-7,sec::64-19-7::10,64-19-7,9,True
pair::109-52-4::64-19-7::t1,109-52-4,64-19-7,sec::64-19-7::2,64-19-7,15,True
pair::109-52-4::64-19-7::t2,109-52-4,64-19-7,sec::109-52-4::10,109-52-4,2,True
pair::109-52-4::64-19-7::t2,109-52-4,64-19-7,sec::109-52-4::2,109-52-4,1,True
pair::109-52-4::64-19-7::t2,109-52-4,64-19-7,sec::64-19-7::10,64-19-7,17,True
pair::109-52-4::64-19-7::t2,109-52-4,64-19-7,sec::64-19-7::2,64-19-7,,True
pair::109-52-4::64-19-7::t3,109-52-4,64-19-7,sec::109-52-4::10,109-52-4,1,True
pair::109-52-4::64-19-7::t3,109-52-4,64-19-7,sec::109-52-4::2,109-52-4,6,True
pair::109-52-4::64-19-7::t3,109-52-4,64-19-7,sec::64-19-7::10,64-19-7,2,True
pair::109-52-4::64-19-7::t3,109-52-4,64-19-7,sec::64-19-7::2,64-19-7,,True
pair::109-52-4::64-19-7::t4,109-52-4,64-19-7,sec::109-52-4::10,109-52-4,1,True
pair::109-52-4::64-19-7::t4,109-52-4,64-19-7,sec::109-52-4::2,109-52-4,2,True
pair::109-52-4::64-19-7::t4,109-52-4,64-19-7,sec::64-19-7::10,64-19-7,7,True
pair::109-52-4::64-19-7::t4,109-52-4,64-19-7,sec::64-19-7::2,64-19-7,3,True
pair::104-46-1::1305-62-0::t0,104-46-1,1305-62-0,sec::104-46-1::10,104-46-1,1,True
pair::104-46-1::1305-62-0::t0,104-46-1,1305-62-0,sec::104-46-1::2,104-46-1,3,True
pair::104-46-1::1305-62-0::t0,104-46-1,1305-62-0,sec::1305-62-0::10,1305-62-0,2,True
pair::104-46-1::1305-62-0::t0,104-46-1,1305-62-0,sec::1305-62-0::2,1305-62-0,9,True
pair::104-46-1::1305-62-0::t1,104-46-1,1305-62-0,sec::104-46-1::10,104-46-1,1,True
pair::104-46-1::1305-62-0::t1,104-46-1,1305-62-0,sec::104-46-1::2,104-46-1,2,True
pair::104-46-1::1305-62-0::t1,104-46-1,1305-62-0,sec::1305-62-0::10,1305-62-0,3,True
pair::104-46-1::1305-62-0::t1,104-46-1,1305-62-0,sec::1305-62-0::2,1305-62-0,4,True
pair::104-46-1::1305-62-0::t2,104-46-1,1305-62-0,sec::104-46-1::10,104-46-1,2,True
pair::104-46-1::1305-62-0::t2,104-46-1,1305-62-0,sec::104-46-1::2,104-46-1,4,True
pair::104-46-1::1305-62-0::t2,104-46-1,1305-62-0,sec::1305-62-0::10,1305-62-0,3,True
pair::104-46-1::1305-62-0::t2,104-46-1,1305-62-0,sec::1305-62-0::2,1305-62-0,1,True
pair::104-46-1::1305-62-0::t3,104-46-1,1305-62-0,sec::104-46-1::10,104-46-1,1,True
pair::104-46-1::1305-62-0::t3,104-46-1,1305-62-0,sec::104-46-1::2,104-46-1,3,True
pair::104-46-1::1305-62-0::t3,104-46-1,1305-62-0,sec::1305-62-0::10,1305-62-0,2,True
pair::104-46-1::1305-62-0::t3,104-46-1,1305-62-0,sec::1305-62-0::2,1305-62-0,4,True
pair::104-46-1::1305-62-0::t4,104-46-1,1305-62-0,sec::104-46-1::10,104-46-1,1,True
pair::104-46-1::1305-62-0::t4,104-46-1,1305-62-0,sec::104-46-1::2,104-46-1,4,True
pair::104-46-1::1305-62-0::t4,104-46-1,1305-62-0,sec::1305-62-0::10,1305-62-0,2,True
pair::104-46-1::1305-62-0::t4,104-46-1,1305-62-0,sec::1305-62-0::2,1305-62-0,3,True
pair::101-05-3::106-51-4::t0,101-05-3,106-51-4,sec::101-05-3::10,101-05-3,1,True
pair::101-05-3::106-51-4::t0,101-05-3,106-51-4,sec::101-05-3::2,101-05-3,3,True
pair::101-05-3::106-51-4::t0,101-05-3,106-51-4,sec::106-51-4::10,106-51-4,2,True
pair::101-05-3::106-51-4::t0,101-05-3,106-51-4,sec::106-51-4::2::p1,106-51-4,,True
pair::101-05-3::106-51-4::t0,101-05-3,106-51-4,sec::106-51-4::2::p2,106-51-4,,True
pair::101-05-3::106-51-4::t1,101-05-3,106-51-4,sec::101-05-3::10,101-05-3,1,True
pair::101-05-3::106-51-4::t1,101-05-3,106-51-4,sec::101-05-3::2,101-05-3,3,True
pair::101-05-3::106-51-4::t1,101-05-3,106-51-4,sec::106-51-4::10,106-51-4,2,True
pair::101-05-3::106-51-4::t1,101-05-3,106-51-4,sec::106-51-4::2::p1,106-51-4,12,True
pair::101-05-3::106-51-4::t1,101-05-3,106-51-4,sec::106-51-4::2::p2,106-51-4,,True
pair::101-05-3::106-51-4::t2,101-05-3,106-51-4,sec::101-05-3::10,101-05-3,1,True
pair::101-05-3::106-51-4::t2,101-05-3,106-51-4,sec::101-05-3::2,101-05-3,3,True
pair::101-05-3::106-51-4::t2,101-05-3,106-51-4,sec::106-51-4::10,106-51-4,2,True
pair::101-05-3::106-51-4::t2,101-05-3,106-51-4,sec::106-51-4::2::p1,106-51-4,4,True
pair::101-05-3::106-51-4::t2,101-05-3,106-51-4,sec::106-51-4::2::p2,106-51-4,,True
pair::101-05-3::106-51-4::t3,101-05-3,106-51-4,sec::101-05-3::10,101-05-3,1,True
pair::101-05-3::106-51-4::t3,101-05-3,106-51-4,sec::101-05-3::2,101-05-3,4,True
pair::101-05-3::106-51-4::t3,101-05-3,106-51-4,sec::106-51-4::10,106-51-4,2,True
pair::101-05-3::106-51-4::t3,101-05-3,106-51-4,sec::106-51-4::2::p1,106-51-4,11,True
pair::101-05-3::106-51-4::t3,101-05-3,106-51-4,sec::106-51-4::2::p2,106-51-4,,True
pair::101-05-3::106-51-4::t4,101-05-3,106-51-4,sec::101-05-3::10,101-05-3,2,True
pair::101-05-3::106-51-4::t4,101-05-3,106-51-4,sec::101-05-3::2,101-05-3,1,True
pair::101-05-3::106-51-4::t4,101-05-3,106-51-4,sec::106-51-4::10,106-51-4,3,True
pair::101-05-3::106-51-4::t4,101-05-3,106-51-4,sec::106-51-4::2::p1,106-51-4,,True
pair::101-05-3::106-51-4::t4,101-05-3,106-51-4,sec::106-51-4::2::p2,106-51-4,,True
pair::10112-91-1::144-55-8::t0,10112-91-1,144-55-8,sec::10112-91-1::10,10112-91-1,2,True
pair::10112-91-1::144-55-8::t0,10112-91-1,144-55-8,sec::10112-91-1::2,10112-91-1,3,True
pair::10112-91-1::144-55-8::t0,10112-91-1,144-55-8,sec::144-55-8::10,144-55-8,1,True
pair::10112-91-1::144-55-8::t0,10112-91-1,144-55-8,sec::144-55-8::2,144-55-8,6,True
pair::10112-91-1::144-55-8::t1,10112-91-1,144-55-8,sec::10112-91-1::10,10112-91-1,1,True
pair::10112-91-1::144-55-8::t1,10112-91-1,144-55-8,sec::10112-91-1::2,10112-91-1,3,True
pair::10112-91-1::144-55-8::t1,10112-91-1,144-55-8,sec::144-55-8::10,144-55-8,2,True
pair::10112-91-1::144-55-8::t1,10112-91-1,144-55-8,sec::144-55-8::2,144-55-8,4,True
pair::10112-91-1::144-55-8::t2,10112-91-1,144-55-8,sec::10112-91-1::10,10112-91-1,1,True
pair::10112-91-1::144-55-8::t2,10112-91-1,144-55-8,sec::10112-91-1::2,10112-91-1,2,True
pair::10112-91-1::144-55-8::t2,10112-91-1,144-55-8,sec::144-55-8::10,144-55-8,3,True
pair::10112-91-1::144-55-8::t2,10112-91-1,144-55-8,sec::144-55-8::2,144-55-8,8,True
pair::10112-91-1::144-55-8::t3,10112-91-1,144-55-8,sec::10112-91-1::10,10112-91-1,1,True
pair::10112-91-1::144-55-8::t3,10112-91-1,144-55-8,sec::10112-91-1::2,10112-91-1,10,True
pair::10112-91-1::144-55-8::t3,10112-91-1,144-55-8,sec::144-55-8::10,144-55-8,2,True
pair::10112-91-1::144-55-8::t3,10112-91-1,144-55-8,sec::144-55-8::2,144-55-8,,True
pair::10112-91-1::144-55-8::t4,10112-91-1,144-55-8,sec::10112-91-1::10,10112-91-1,1,True
pair::10112-91-1::144-55-8::t4,10112-91-1,144-55-8,sec::10112-91-1::2,10112-91-1,3,True
pair::10112-91-1::144-55-8::t4,10112-91-1,144-55-8,sec::144-55-8::10,144-55-8,2,True
pair::10112-91-1::144-55-8::t4,10112-91-1,144-55-8,sec::144-55-8::2,144-55-8,4,True
pair::110-54-3::7439-89-6::t0,110-54-3,7439-89-6,sec::110-54-3::10,110-54-3,2,True
pair::110-54-3::7439-89-6::t0,110-54-3,7439-89-6,sec::110-54-3::2::p1,110-54-3,,True
pair::110-54-3::7439-89-6::t0,110-54-3,7439-89-6,sec::110-54-3::2::p2,110-54-3,,True
pair::110-54-3::7439-89-6::t0,110-54-3,7439-89-6,sec::7439-89-6::10,7439-89-6,1,True
pair::110-54-3::7439-89-6::t0,110-54-3,7439-89-6,sec::7439-89-6::2,7439-89-6,15,True
pair::110-54-3::7439-89-6::t1,110-54-3,7439-89-6,sec::110-54-3::10,110-54-3,11,True
pair::110-54-3::7439-89-6::t1,110-54-3,7439-89-6,sec::110-54-3::2::p1,110-54-3,,True
pair::110-54-3::7439-89-6::t1,110-54-3,7439-89-6,sec::110-54-3::2::p2,110-54-3,,True
pair::110-54-3::7439-89-6::t1,110-54-3,7439-89-6,sec::7439-89-6::10,7439-89-6,1,True
pair::110-54-3::7439-89-6::t1,110-54-3,7439-89-6,sec::7439-89-6::2,7439-89-6,5,True
pair::110-54-3::7439-89-6::t2,110-54-3,7439-89-6,sec::110-54-3::10,110-54-3,11,True
pair::110-54-3::7439-89-6::t2,110-54-3,7439-89-6,sec::110-54-3::2::p1,110-54-3,,True
pair::110-54-3::7439-89-6::t2,110-54-3,7439-89-6,sec::110-54-3::2::p2,110-54-3,,True
pair::110-54-3::7439-89-6::t2,110-54-3,7439-89-6,sec::7439-89-6::10,7439-89-6,9,True
pair::110-54-3::7439-89-6::t2,110-54-3,7439-89-6,sec::7439-89-6::2,7439-89-6,,True
pair::110-54-3::7439-89-6::t3,110-54-3,7439-89-6,sec::110-54-3::10,110-54-3,6,True
pair::110-54-3::7439-89-6::t3,110-54-3,7439-89-6,sec::110-54-3::2::p1,110-54-3,,True
pair::110-54-3::7439-89-6::t3,110-54-3,7439-89-6,sec::110-54-3::2::p2,110-54-3,,True
pair::110-54-3::7439-89-6::t3,110-54-3,7439-89-6,sec::7439-89-6::10,7439-89-6,3,True
pair::110-54-3::7439-89-6::t3,110-54-3,7439-89-6,sec::7439-89-6::2,7439-89-6,,True
pair::110-54-3::7439-89-6::t4,110-54-3,7439-89-6,sec::110-54-3::10,110-54-3,15,True
pair::110-54-3::7439-89-6::t4,110-54-3,7439-89-6,sec::110-54-3::2::p1,110-54-3,,True
pair::110-54-3::7439-89-6::t4,110-54-3,7439-89-6,sec::110-54-3::2::p2,110-54-3,,True
pair::110-54-3::7439-89-6::t4,110-54-3,7439-89-6,sec::7439-89-6::10,7439-89-6,1,True
pair::110-54-3::7439-89-6::t4,110-54-3,7439-89-6,sec::7439-89-6::2,7439-89-6,5,True
pair::107-81-3::111-54-6::t0,107-81-3,111-54-6,sec::107-81-3::10,107-81-3,1,True
pair::107-81-3::111-54-6::t0,107-81-3,111-54-6,sec::107-81-3::2,107-81-3,5,True
pair::107-81-3::111-54-6::t0,107-81-3,111-54-6,sec::111-54-6::10,111-54-6,3,True
pair::107-81-3::111-54-6::t0,107-81-3,111-54-6,sec::111-54-6::2,111-54-6,9,True
pair::107-81-3::111-54-6::t1,107-81-3,111-54-6,sec::107-81-3::10,107-81-3,4,True
pair::107-81-3::111-54-6::t1,107-81-3,111-54-6,sec::107-81-3::2,107-81-3,2,True
pair::107-81-3::111-54-6::t1,107-81-3,111-54-6,sec::111-54-6::10,111-54-6,1,True
pair::107-81-3::111-54-6::t1,107-81-3,111-54-6,sec::111-54-6::2,111-54-6,3,True
pair::107-81-3::111-54-6::t2,107-81-3,111-54-6,sec::107-81-3::10,107-81-3,1,True
pair::107-81-3::111-54-6::t2,107-81-3,111-54-6,sec::107-81-3::2,107-81-3,2,True
pair::107-81-3::111-54-6::t2,107-81-3,111-54-6,sec::111-54-6::10,111-54-6,4,True
pair::107-81-3::111-54-6::t2,107-81-3,111-54-6,sec::111-54-6::2,111-54-6,3,True
pair::107-81-3::111-54-6::t3,107-81-3,111-54-6,sec::107-81-3::10,107-81-3,2,True
pair::107-81-3::111-54-6::t3,107-81-3,111-54-6,sec::107-81-3::2,107-81-3,7,True
pair::107-81-3::111-54-6::t3,107-81-3,111-54-6,sec::111-54-6::10,111-54-6,1,True
pair::107-81-3::111-54-6::t3,107-81-3,111-54-6,sec::111-54-6::2,111-54-6,13,True
pair::107-81-3::111-54-6::t4,107-81-3,111-54-6,sec::107-81-3::10,107-81-3,2,True
pair::107-81-3::111-54-6::t4,107-81-3,111-54-6,sec::107-81-3::2,107-81-3,1,True
pair::107-81-3::111-54-6::t4,107-81-3,111-54-6,sec::111-54-6::10,111-54-6,4,True
pair::107-81-3::111-54-6::t4,107-81-3,111-54-6,sec::111-54-6::2,111-54-6,3,True
pair::10101-63-0::7440-50-8::t0,10101-63-0,7440-50-8,sec::10101-63-0::10,10101-63-0,1,True
pair::10101-63-0::7440-50-8::t0,10101-63-0,7440-50-8,sec::10101-63-0::2,10101-63-0,5,True
pair::10101-63-0::7440-50-8::t0,10101-63-0,7440-50-8,sec::7440-50-8::10,7440-50-8,7,True
pair::10101-63-0::7440-50-8::t0,10101-63-0,7440-50-8,sec::7440-50-8::2,7440-50-8,,True
pair::10101-63-0::7440-50-8::t1,10101-63-0,7440-50-8,sec::10101-63-0::10,10101-63-0,1,True
pair::10101-63-0::7440-50-8::t1,10101-63-0,7440-50-8,sec::10101-63-0::2,10101-63-0,3,True
pair::10101-63-0::7440-50-8::t1,10101-63-0,7440-50-8,sec::7440-50-8::10,7440-50-8,,True
pair::10101-63-0::7440-50-8::t1,10101-63-0,7440-50-8,sec::7440-50-8::2,7440-50-8,,True
pair::10101-63-0::7440-50-8::t2,10101-63-0,7440-50-8,sec::10101-63-0::10,10101-63-0,1,True
pair::10101-63-0::7440-50-8::t2,10101-63-0,7440-50-8,sec::10101-63-0::2,10101-63-0,2,True
pair::10101-63-0::7440-50-8::t2,10101-63-0,7440-50-8,sec::7440-50-8::10,7440-50-8,,True
pair::10101-63-0::7440-50-8::t2,10101-63-0,7440-50-8,sec::7440-50-8::2,7440-50-8,,True
pair::10101-63-0::7440-50-8::t3,10101-63-0,7440-50-8,sec::10101-63-0::10,10101-63-0,1,True
pair::10101-63-0::7440-50-8::t3,10101-63-0,7440-50-8,sec::10101-63-0::2,10101-63-0,13,True
pair::10101-63-0::7440-50-8::t3,10101-63-0,7440-50-8,sec::7440-50-8::10,7440-50-8,20,True
pair::10101-63-0::7440-50-8::t3,10101-63-0,7440-50-8,sec::7440-50-8::2,7440-50-8,,True
pair::10101-63-0::7440-50-8::t4,10101-63-0,7440-50-8,sec::10101-63-0::10,10101-63-0,1,True
pair::10101-63-0::7440-50-8::t4,10101-63-0,7440-50-8,sec::10101-63-0::2,10101-63-0,4,True
pair::10101-63-0::7440-50-8::t4,10101-63-0,7440-50-8,sec::7440-50-8::10,7440-50-8,,True
pair::10101-63-0::7440-50-8::t4,10101-63-0,7440-50-8,sec::7440-50-8::2,7440-50-8,,True
pair::104-72-3::107-35-7::t0,104-72-3,107-35-7,sec::104-72-3::10,104-72-3,1,True
pair::104-72-3::107-35-7::t0,104-72-3,107-35-7,sec::104-72-3::2,104-72-3,6,True
pair::104-72-3::107-35-7::t0,104-72-3,107-35-7,sec::107-35-7::10,107-35-7,2,True
pair::104-72-3::107-35-7::t0,104-72-3,107-35-7,sec::107-35-7::2,107-35-7,14,True
pair::104-72-3::107-35-7::t1,104-72-3,107-35-7,sec::104-72-3::10,104-72-3,4,True
pair::104-72-3::107-35-7::t1,104-72-3,107-35-7,sec::104-72-3::2,104-72-3,5,True
pair::104-72-3::107-35-7::t1,104-72-3,107-35-7,sec::107-35-7::10,107-35-7,1,True
pair::104-72-3::107-35-7::t1,104-72-3,107-35-7,sec::107-35-7::2,107-35-7,2,True
pair::104-72-3::107-35-7::t2,104-72-3,107-35-7,sec::104-72-3::10,104-72-3,5,True
pair::104-72-3::107-35-7::t2,104-72-3,107-35-7,sec::104-72-3::2,104-72-3,2,True
pair::104-72-3::107-35-7::t2,104-72-3,107-35-7,sec::107-35-7::10,107-35-7,1,True
pair::104-72-3::107-35-7::t2,104-72-3,107-35-7,sec::107-35-7::2,107-35-7,3,True
pair::104-72-3::107-35-7::t3,104-72-3,107-35-7,sec::104-72-3::10,104-72-3,2,True
pair::104-72-3::107-35-7::t3,104-72-3,107-35-7,sec::104-72-3::2,104-72-3,12,True
pair::104-72-3::107-35-7::t3,104-72-3,107-35-7,sec::107-35-7::10,107-35-7,1,True
pair::104-72-3::107-35-7::t3,104-72-3,107-35-7,sec::107-35-7::2,107-35-7,4,True
pair::104-72-3::107-35-7::t4,104-72-3,107-35-7,sec::104-72-3::10,104-72-3,2,True
pair::104-72-3::107-35-7::t4,104-72-3,107-35-7,sec::104-72-3::2,104-72-3,5,True
pair::104-72-3::107-35-7::t4,104-72-3,107-35-7,sec::107-35-7::10,107-35-7,1,True
pair::104-72-3::107-35-7::t4,104-72-3,107-35-7,sec::107-35-7::2,107-35-7,10,True
pair::104-72-3::12057-74-8::t0,104-72-3,12057-74-8,sec::104-72-3::10,104-72-3,1,True
pair::104-72-3::12057-74-8::t0,104-72-3,12057-74-8,sec::104-72-3::2,104-72-3,6,True
pair::104-72-3::12057-74-8::t0,104-72-3,12057-74-8,sec::12057-74-8::10,12057-74-8,3,True
pair::104-72-3::12057-74-8::t0,104-72-3,12057-74-8,sec::12057-74-8::2,12057-74-8,2,True
pair::104-72-3::12057-74-8::t1,104-72-3,12057-74-8,sec::104-72-3::10,104-72-3,11,True
pair::104-72-3::12057-74-8::t1,104-72-3,12057-74-8,sec::104-72-3::2,104-72-3,7,True
pair::104-72-3::12057-74-8::t1,104-72-3,12057-74-8,sec::12057-74-8::10,12057-74-8,3,True
pair::104-72-3::12057-74-8::t1,104-72-3,12057-74-8,sec::12057-74-8::2,12057-74-8,1,True
pair::104-72-3::12057-74-8::t2,104-72-3,12057-74-8,sec::104-72-3::10,104-72-3,10,True
pair::104-72-3::12057-74-8::t2,104-72-3,12057-74-8,sec::104-72-3::2,104-72-3,6,True
pair::104-72-3::12057-74-8::t2,104-72-3,12057-74-8,sec::12057-74-8::10,12057-74-8,1,True
pair::104-72-3::12057-74-8::t2,104-72-3,12057-74-8,sec::12057-74-8::2,12057-74-8,2,True
pair::104-72-3::12057-74-8::t3,104-72-3,12057-74-8,sec::104-72-3::10,104-72-3,5,True
pair::104-72-3::12057-74-8::t3,104-72-3,12057-74-8,sec::104-72-3::2,104-72-3,7,True
pair::104-72-3::12057-74-8::t3,104-72-3,12057-74-8,sec::12057-74-8::10,12057-74-8,1,True
pair::104-72-3::12057-74-8::t3,104-72-3,12057-74-8,sec::12057-74-8::2,12057-74-8,4,True
pair::104-72-3::12057-74-8::t4,104-72-3,12057-74-8,sec::104-72-3::10,104-72-3,4,True
pair::104-72-3::12057-74-8::t4,104-72-3,12057-74-8,sec::104-72-3::2,104-72-3,7,True
pair::104-72-3::12057-74-8::t4,104-72-3,12057-74-8,sec::12057-74-8::10,12057-74-8,3,True
pair::104-72-3::12057-74-8::t4,104-72-3,12057-74-8,sec::12057-74-8::2,12057-74-8,1,True
pair::10361-37-2::471-34-1::t0,10361-37-2,471-34-1,sec::10361-37-2::10,10361-37-2,4,True
pair::10361-37-2::471-34-1::t0,10361-37-2,471-34-1,sec::10361-37-2::2,10361-37-2,,True
pair::10361-37-2::471-34-1::t0,10361-37-2,471-34-1,sec::471-34-1::10,471-34-1,1,True
pair::10361-37-2::471-34-1::t0,10361-37-2,471-34-1,sec::471-34-1::2,471-34-1,7,True
pair::10361-37-2::471-34-1::t1,10361-37-2,471-34-1,sec::10361-37-2::10,10361-37-2,4,True
pair::10361-37-2::471-34-1::t1,10361-37-2,471-34-1,sec::10361-37-2::2,10361-37-2,8,True
pair::10361-37-2::471-34-1::t1,10361-37-2,471-34-1,sec::471-34-1::10,471-34-1,1,True
pair::10361-37-2::471-34-1::t1,10361-37-2,471-34-1,sec::471-34-1::2,471-34-1,10,True
pair::10361-37-2::471-34-1::t2,10361-37-2,471-34-1,sec::10361-37-2::10,10361-37-2,2,True
pair::10361-37-2::471-34-1::t2,10361-37-2,471-34-1,sec::10361-37-2::2,10361-37-2,5,True
pair::10361-37-2::471-34-1::t2,10361-37-2,471-34-1,sec::471-34-1::10,471-34-1,1,True
pair::10361-37-2::471-34-1::t2,10361-37-2,471-34-1,sec::471-34-1::2,471-34-1,6,True
pair::10361-37-2::471-34-1::t3,10361-37-2,471-34-1,sec::10361-37-2::10,10361-37-2,2,True
pair::10361-37-2::471-34-1::t3,10361-37-2,471-34-1,sec::10361-37-2::2,10361-37-2,,True
pair::10361-37-2::471-34-1::t3,10361-37-2,471-34-1,sec::471-34-1::10,471-34-1,1,True
pair::10361-37-2::471-34-1::t3,10361-37-2,471-34-1,sec::471-34-1::2,471-34-1,15,True
pair::10361-37-2::471-34-1::t4,10361-37-2,471-34-1,sec::10361-37-2::10,10361-37-2,3,True
pair::10361-37-2::471-34-1::t4,10361-37-2,471-34-1,sec::10361-37-2::2,10361-37-2,6,True
pair::10361-37-2::471-34-1::t4,10361-37-2,471-34-1,sec::471-34-1::10,471-34-1,1,True
pair::10361-37-2::471-34-1::t4,10361-37-2,471-34-1,sec::471-34-1::2,471-34-1,7,True
pair::102-08-9::13718-59-7::t0,102-08-9,13718-59-7,sec::102-08-9::10,102-08-9,5,True
pair::102-08-9::13718-59-7::t0,102-08-9,13718-59-7,sec::102-08-9::2,102-08-9,10,True
pair::102-08-9::13718-59-7::t0,102-08-9,13718-59-7,sec::13718-59-7::10,13718-59-7,1,True
pair::102-08-9::13718-59-7::t0,102-08-9,13718-59-7,sec::13718-59-7::2,13718-59-7,2,True
pair::102-08-9::13718-59-7::t1,102-08-9,13718-59-7,sec::102-08-9::10,102-08-9,4,True
pair::102-08-9::13718-59-7::t1,102-08-9,13718-59-7,sec::102-08-9::2,102-08-9,6,True
pair::102-08-9::13718-59-7::t1,102-08-9,13718-59-7,sec::13718-59-7::10,13718-59-7,1,True
pair::102-08-9::13718-59-7::t1,102-08-9,13718-59-7,sec::13718-59-7::2,13718-59-7,2,True
pair::102-08-9::13718-59-7::t2,102-08-9,13718-59-7,sec::102-08-9::10,102-08-9,4,True
pair::102-08-9::13718-59-7::t2,102-08-9,13718-59-7,sec::102-08-9::2,102-08-9,6,True
pair::102-08-9::13718-59-7::t2,102-08-9,13718-59-7,sec::13718-59-7::10,13718-59-7,1,True
pair::102-08-9::13718-59-7::t2,102-08-9,13718-59-7,sec::13718-59-7::2,13718-59-7,2,True
pair::102-08-9::13718-59-7::t3,102-08-9,13718-59-7,sec::102-08-9::10,102-08-9,4,True
pair::102-08-9::13718-59-7::t3,102-08-9,13718-59-7,sec::102-08-9::2,102-08-9,6,True
pair::102-08-9::13718-59-7::t3,102-08-9,13718-59-7,sec::13718-59-7::10,13718-59-7,1,True
pair::102-08-9::13718-59-7::t3,102-08-9,13718-59-7,sec::13718-59-7::2,13718-59-7,2,True
pair::102-08-9::13718-59-7::t4,102-08-9,13718-59-7,sec::102-08-9::10,102-08-9,6,True
pair::102-08-9::13718-59-7::t4,102-08-9,13718-59-7,sec::102-08-9::2,102-08-9,9,True
pair::102-08-9::13718-59-7::t4,102-08-9,13718-59-7,sec::13718-59-7::10,13718-59-7,2,True
pair::102-08-9::13718-59-7::t4,102-08-9,13718-59-7,sec::13718-59-7::2,13718-59-7,1,True
pair::112-95-8::121-17-5::t0,112-95-8,121-17-5,sec::112-95-8::10,112-95-8,3,True
pair::112-95-8::121-17-5::t0,112-95-8,121-17-5,sec::112-95-8::2,112-95-8,5,True
pair::112-95-8::121-17-5::t0,112-95-8,121-17-5,sec::121-17-5::10,121-17-5,1,True
pair::112-95-8::121-17-5::t0,112-95-8,121-17-5,sec::121-17-5::2,121-17-5,2,True
pair::112-95-8::121-17-5::t1,112-95-8,121-17-5,sec::112-95-8::10,112-95-8,3,True
pair::112-95-8::121-17-5::t1,112-95-8,121-17-5,sec::112-95-8::2,112-95-8,5,True
pair::112-95-8::121-17-5::t1,112-95-8,121-17-5,sec::121-17-5::10,121-17-5,2,True
pair::112-95-8::121-17-5::t1,112-95-8,121-17-5,sec::121-17-5::2,121-17-5,1,True
pair::112-95-8::121-17-5::t2,112-95-8,121-17-5,sec::112-95-8::10,112-95-8,3,True
pair::112-95-8::121-17-5::t2,112-95-8,121-17-5,sec::112-95-8::2,112-95-8,,True
pair::112-95-8::121-17-5::t2,112-95-8,121-17-5,sec::121-17-5::10,121-17-5,1,True
pair::112-95-8::121-17-5::t2,112-95-8,121-17-5,sec::121-17-5::2,121-17-5,2,True
pair::112-95-8::121-17-5::t3,112-95-8,121-17-5,sec::112-95-8::10,112-95-8,5,True
pair::112-95-8::121-17-5::t3,112-95-8,121-17-5,sec::112-95-8::2,112-95-8,,True
pair::112-95-8::121-17-5::t3,112-95-8,121-17-5,sec::121-17-5::10,121-17-5,1,True
pair::112-95-8::121-17-5::t3,112-95-8,121-17-5,sec::121-17-5::2,121-17-5,2,True
pair::112-95-8::121-17-5::t4,112-95-8,121-17-5,sec::112-95-8::10,112-95-8,11,True
pair::112-95-8::121-17-5::t4,112-95-8,121-17-5,sec::112-95-8::2,112-95-8,17,True
pair::112-95-8::121-17-5::t4,112-95-8,121-17-5,sec::121-17-5::10,121-17-5,2,True
pair::112-95-8::121-17-5::t4,112-95-8,121-17-5,sec::121-17-5::2,121-17-5,1,True
pair::123-01-3::13718-59-7::t0,123-01-3,13718-59-7,sec::123-01-3::10,123-01-3,5,True
pair::123-01-3::13718-59-7::t0,123-01-3,13718-59-7,sec::123-01-3::2,123-01-3,9,True
pair::123-01-3::13718-59-7::t0,123-01-3,13718-59-7,sec::13718-59-7::10,13718-59-7,1,True
pair::123-01-3::13718-59-7::t0,123-01-3,13718-59-7,sec::13718-59-7::2,13718-59-7,2,True
pair::123-01-3::13718-59-7::t1,123-01-3,13718-59-7,sec::123-01-3::10,123-01-3,13,True
pair::123-01-3::13718-59-7::t1,123-01-3,13718-59-7,sec::123-01-3::2,123-01-3,9,True
pair::123-01-3::13718-59-7::t1,123-01-3,13718-59-7,sec::13718-59-7::10,13718-59-7,1,True
pair::123-01-3::13718-59-7::t1,123-01-3,13718-59-7,sec::13718-59-7::2,13718-59-7,2,True
pair::123-01-3::13718-59-7::t2,123-01-3,13718-59-7,sec::123-01-3::10,123-01-3,12,True
pair::123-01-3::13718-59-7::t2,123-01-3,13718-59-7,sec::123-01-3::2,123-01-3,8,True
pair::123-01-3::13718-59-7::t2,123-01-3,13718-59-7,sec::13718-59-7::10,13718-59-7,1,True
pair::123-01-3::13718-59-7::t2,123-01-3,13718-59-7,sec::13718-59-7::2,13718-59-7,2,True
pair::123-01-3::13718-59-7::t3,123-01-3,13718-59-7,sec::123-01-3::10,123-01-3,7,True
pair::123-01-3::13718-59-7::t3,123-01-3,13718-59-7,sec::123-01-3::2,123-01-3,9,True
pair::123-01-3::13718-59-7::t3,123-01-3,13718-59-7,sec::13718-59-7::10,13718-59-7,1,True
pair::123-01-3::13718-59-7::t3,123-01-3,13718-59-7,sec::13718-59-7::2,13718-59-7,4,True
pair::123-01-3::13718-59-7::t4,123-01-3,13718-59-7,sec::123-01-3::10,123-01-3,11,True
pair::123-01-3::13718-59-7::t4,123-01-3,13718-59-7,sec::123-01-3::2,123-01-3,9,True
pair::123-01-3::13718-59-7::t4,123-01-3,13718-59-7,sec::13718-59-7::10,13718-59-7,1,True
pair::123-01-3::13718-59-7::t4,123-01-3,13718-59-7,sec::13718-59-7::2,13718-59-7,2,True
pair::117-39-5::131-52-2::t0,117-39-5,131-52-2,sec::117-39-5::10,117-39-5,3,True
pair::117-39-5::131-52-2::t0,117-39-5,131-52-2,sec::117-39-5::2,117-39-5,5,True
pair::117-39-5::131-52-2::t0,117-39-5,131-52-2,sec::131-52-2::10,131-52-2,2,True
pair::117-39-5::131-52-2::t0,117-39-5,131-52-2,sec::131-52-2::2,131-52-2,1,True
pair::117-39-5::131-52-2::t1,117-39-5,131-52-2,sec::117-39-5::10,117-39-5,3,True
pair::117-39-5::131-52-2::t1,117-39-5,131-52-2,sec::117-39-5::2,117-39-5,4,True
pair::117-39-5::131-52-2::t1,117-39-5,131-52-2,sec::131-52-2::10,131-52-2,2,True
pair::117-39-5::131-52-2::t1,117-39-5,131-52-2,sec::131-52-2::2,131-52-2,1,True
pair::117-39-5::131-52-2::t2,117-39-5,131-52-2,sec::117-39-5::10,117-39-5,3,True
pair::117-39-5::131-52-2::t2,117-39-5,131-52-2,sec::117-39-5::2,117-39-5,4,True
pair::117-39-5::131-52-2::t2,117-39-5,131-52-2,sec::131-52-2::10,131-52-2,2,True
pair::117-39-5::131-52-2::t2,117-39-5,131-52-2,sec::131-52-2::2,131-52-2,1,True
pair::117-39-5::131-52-2::t3,117-39-5,131-52-2,sec::117-39-5::10,117-39-5,3,True
pair::117-39-5::131-52-2::t3,117-39-5,131-52-2,sec::117-39-5::2,117-39-5,5,True
pair::117-39-5::131-52-2::t3,117-39-5,131-52-2,sec::131-52-2::10,131-52-2,1,True
pair::117-39-5::131-52-2::t3,117-39-5,131-52-2,sec::131-52-2::2,131-52-2,2,True
pair::117-39-5::131-52-2::t4,117-39-5,131-52-2,sec::117-39-5::10,117-39-5,3,True
pair::117-39-5::131-52-2::t4,117-39-5,131-52-2,sec::117-39-5::2,117-39-5,4,True
pair::117-39-5::131-52-2::t4,117-39-5,131-52-2,sec::131-52-2::10,131-52-2,2,True
pair::117-39-5::131-52-2::t4,117-39-5,131-52-2,sec::131-52-2::2,131-52-2,1,True
pair::1305-62-0::471-34-1::t0,1305-62-0,471-34-1,sec::1305-62-0::10,1305-62-0,11,True
pair::1305-62-0::471-34-1::t0,1305-62-0,471-34-1,sec::1305-62-0::2,1305-62-0,19,True
pair::1305-62-0::471-34-1::t0,1305-62-0,471-34-1,sec::471-34-1::10,471-34-1,4,True
pair::1305-62-0::471-34-1::t0,1305-62-0,471-34-1,sec::471-34-1::2,471-34-1,9,True
pair::1305-62-0::471-34-1::t1,1305-62-0,471-34-1,sec::1305-62-0::10,1305-62-0,3,True
pair::1305-62-0::471-34-1::t1,1305-62-0,471-34-1,sec::1305-62-0::2,1305-62-0,9,True
pair::1305-62-0::471-34-1::t1,1305-62-0,471-34-1,sec::471-34-1::10,471-34-1,1,True
pair::1305-62-0::471-34-1::t1,1305-62-0,471-34-1,sec::471-34-1::2,471-34-1,5,True
pair::1305-62-0::471-34-1::t2,1305-62-0,471-34-1,sec::1305-62-0::10,1305-62-0,3,True
pair::1305-62-0::471-34-1::t2,1305-62-0,471-34-1,sec::1305-62-0::2,1305-62-0,4,True
pair::1305-62-0::471-34-1::t2,1305-62-0,471-34-1,sec::471-34-1::10,471-34-1,2,True
pair::1305-62-0::471-34-1::t2,1305-62-0,471-34-1,sec::471-34-1::2,471-34-1,7,True
pair::1305-62-0::471-34-1::t3,1305-62-0,471-34-1,sec::1305-62-0::10,1305-62-0,3,True
pair::1305-62-0::471-34-1::t3,1305-62-0,471-34-1,sec::1305-62-0::2,1305-62-0,,True
pair::1305-62-0::471-34-1::t3,1305-62-0,471-34-1,sec::471-34-1::10,471-34-1,1,True
pair::1305-62-0::471-34-1::t3,1305-62-0,471-34-1,sec::471-34-1::2,471-34-1,15,True
pair::1305-62-0::471-34-1::t4,1305-62-0,471-34-1,sec::1305-62-0::10,1305-62-0,3,True
pair::1305-62-0::471-34-1::t4,1305-62-0,471-34-1,sec::1305-62-0::2,1305-62-0,10,True
pair::1305-62-0::471-34-1::t4,1305-62-0,471-34-1,sec::471-34-1::10,471-34-1,2,True
pair::1305-62-0::471-34-1::t4,1305-62-0,471-34-1,sec::471-34-1::2,471-34-1,7,True
pair::10101-63-0::109-52-4::t0,10101-63-0,109-52-4,sec::10101-63-0::10,10101-63-0,1,True
pair::10101-63-0::109-52-4::t0,10101-63-0,109-52-4,sec::10101-63-0::2,10101-63-0,5,True
pair::10101-63-0::109-52-4::t0,10101-63-0,109-52-4,sec::109-52-4::10,109-52-4,3,True
pair::10101-63-0::109-52-4::t0,10101-63-0,109-52-4,sec::109-52-4::2,109-52-4,8,True
pair::10101-63-0::109-52-4::t1,10101-63-0,109-52-4,sec::10101-63-0::10,10101-63-0,1,True
pair::10101-63-0::109-52-4::t1,10101-63-0,109-52-4,sec::10101-63-0::2,10101-63-0,5,True
pair::10101-63-0::109-52-4::t1,10101-63-0,109-52-4,sec::109-52-4::10,109-52-4,3,True
pair::10101-63-0::109-52-4::t1,10101-63-0,109-52-4,sec::109-52-4::2,109-52-4,4,True
pair::10101-63-0::109-52-4::t2,10101-63-0,109-52-4,sec::10101-63-0::10,10101-63-0,4,True
pair::10101-63-0::109-52-4::t2,10101-63-0,109-52-4,sec::10101-63-0::2,10101-63-0,3,True
pair::10101-63-0::109-52-4::t2,10101-63-0,109-52-4,sec::109-52-4::10,109-52-4,1,True
pair::10101-63-0::109-52-4::t2,10101-63-0,109-52-4,sec::109-52-4::2,109-52-4,2,True
pair::10101-63-0::109-52-4::t3,10101-63-0,109-52-4,sec::10101-63-0::10,10101-63-0,1,True
pair::10101-63-0::109-52-4::t3,10101-63-0,109-52-4,sec::10101-63-0::2,10101-63-0,10,True
pair::10101-63-0::109-52-4::t3,10101-63-0,109-52-4,sec::109-52-4::10,109-52-4,3,True
pair::10101-63-0::109-52-4::t3,10101-63-0,109-52-4,sec::109-52-4::2,109-52-4,,True
pair::10101-63-0::109-52-4::t4,10101-63-0,109-52-4,sec::10101-63-0::10,10101-63-0,1,True
pair::10101-63-0::109-52-4::t4,10101-63-0,109-52-4,sec::10101-63-0::2,10101-63-0,4,True
pair::10101-63-0::109-52-4::t4,10101-63-0,109-52-4,sec::109-52-4::10,109-52-4,3,True
pair::10101-63-0::109-52-4::t4,10101-63-0,109-52-4,sec::109-52-4::2,109-52-4,5,True
pair::10026-11-6::104-72-3::t0,10026-11-6,104-72-3,sec::10026-11-6::10,10026-11-6,1,True
pair::10026-11-6::104-72-3::t0,10026-11-6,104-72-3,sec::10026-11-6::2,10026-11-6,2,True
pair::10026-11-6::104-72-3::t0,10026-11-6,104-72-3,sec::104-72-3::10,104-72-3,4,True
pair::10026-11-6::104-72-3::t0,10026-11-6,104-72-3,sec::104-72-3::2,104-72-3,,True
pair::10026-11-6::104-72-3::t1,10026-11-6,104-72-3,sec::10026-11-6::10,10026-11-6,2,True
pair::10026-11-6::104-72-3::t1,10026-11-6,104-72-3,sec::10026-11-6::2,10026-11-6,1,True
pair::10026-11-6::104-72-3::t1,10026-11-6,104-72-3,sec::104-72-3::10,104-72-3,4,True
pair::10026-11-6::104-72-3::t1,10026-11-6,104-72-3,sec::104-72-3::2,104-72-3,7,True
pair::10026-11-6::104-72-3::t2,10026-11-6,104-72-3,sec::10026-11-6::10,10026-11-6,2,True
pair::10026-11-6::104-72-3::t2,10026-11-6,104-72-3,sec::10026-11-6::2,10026-11-6,1,True
pair::10026-11-6::104-72-3::t2,10026-11-6,104-72-3,sec::104-72-3::10,104-72-3,7,True
pair::10026-11-6::104-72-3::t2,10026-11-6,104-72-3,sec::104-72-3::2,104-72-3,9,True
pair::10026-11-6::104-72-3::t3,10026-11-6,104-72-3,sec::10026-11-6::10,10026-11-6,1,True
pair::10026-11-6::104-72-3::t3,10026-11-6,104-72-3,sec::10026-11-6::2,10026-11-6,2,True
pair::10026-11-6::104-72-3::t3,10026-11-6,104-72-3,sec::104-72-3::10,104-72-3,3,True
pair::10026-11-6::104-72-3::t3,10026-11-6,104-72-3,sec::104-72-3::2,104-72-3,12,True
pair::10026-11-6::104-72-3::t4,10026-11-6,104-72-3,sec::10026-11-6::10,10026-11-6,2,True
pair::10026-11-6::104-72-3::t4,10026-11-6,104-72-3,sec::10026-11-6::2,10026-11-6,1,True
pair::10026-11-6::104-72-3::t4,10026-11-6,104-72-3,sec::104-72-3::10,104-72-3,4,True
pair::10026-11-6::104-72-3::t4,10026-11-6,104-72-3,sec::104-72-3::2,104-72-3,5,True
pair::10361-37-2::110-13-4::t0,10361-37-2,110-13-4,sec::10361-37-2::10,10361-37-2,1,True
pair::10361-37-2::110-13-4::t0,10361-37-2,110-13-4,sec::10361-37-2::2,10361-37-2,9,True
pair::10361-37-2::110-13-4::t0,10361-37-2,110-13-4,sec::110-13-4::10,110-13-4,7,True
pair::10361-37-2::110-13-4::t0,10361-37-2,110-13-4,sec::110-13-4::2,110-13-4,,True
pair::10361-37-2::110-13-4::t1,10361-37-2,110-13-4,sec::10361-37-2::10,10361-37-2,1,True
pair::10361-37-2::110-13-4::t1,10361-37-2,110-13-4,sec::10361-37-2::2,10361-37-2,2,True
pair::10361-37-2::110-13-4::t1,10361-37-2,110-13-4,sec::110-13-4::10,110-13-4,4,True
pair::10361-37-2::110-13-4::t1,10361-37-2,110-13-4,sec::110-13-4::2,110-13-4,9,True
pair::10361-37-2::110-13-4::t2,10361-37-2,110-13-4,sec::10361-37-2::10,10361-37-2,1,True
pair::10361-37-2::110-13-4::t2,10361-37-2,110-13-4,sec::10361-37-2::2,10361-37-2,2,True
pair::10361-37-2::110-13-4::t2,10361-37-2,110-13-4,sec::110-13-4::10,110-13-4,,True
pair::10361-37-2::110-13-4::t2,10361-37-2,110-13-4,sec::110-13-4::2,110-13-4,,True
pair::10361-37-2::110-13-4::t3,10361-37-2,110-13-4,sec::10361-37-2::10,10361-37-2,1,True
pair::10361-37-2::110-13-4::t3,10361-37-2,110-13-4,sec::10361-37-2::2,10361-37-2,,True
pair::10361-37-2::110-13-4::t3,10361-37-2,110-13-4,sec::110-13-4::10,110-13-4,2,True
pair::10361-37-2::110-13-4::t3,10361-37-2,110-13-4,sec::110-13-4::2,110-13-4,7,True
pair::10361-37-2::110-13-4::t4,10361-37-2,110-13-4,sec::10361-37-2::10,10361-37-2,1,True
pair::10361-37-2::110-13-4::t4,10361-37-2,110-13-4,sec::10361-37-2::2,10361-37-2,2,True
pair::10361-37-2::110-13-4::t4,10361-37-2,110-13-4,sec::110-13-4::10,110-13-4,3,True
pair::10361-37-2::110-13-4::t4,10361-37-2,110-13-4,sec::110-13-4::2,110-13-4,8,True
pair::105-59-9::106-24-1::t0,105-59-9,106-24-1,sec::105-59-9::10,105-59-9,2,True
pair::105-59-9::106-24-1::t0,105-59-9,106-24-1,sec::105-59-9::2,105-59-9,3,True
pair::105-59-9::106-24-1::t0,105-59-9,106-24-1,sec::106-24-1::10,106-24-1,8,True
pair::105-59-9::106-24-1::t0,105-59-9,106-24-1,sec::106-24-1::2,106-24-1,14,True
pair::105-59-9::106-24-1::t1,105-59-9,106-24-1,sec::105-59-9::10,105-59-9,3,True
pair::105-59-9::106-24-1::t1,105-59-9,106-24-1,sec::105-59-9::2,105-59-9,7,True
pair::105-59-9::106-24-1::t1,105-59-9,106-24-1,sec::106-24-1::10,106-24-1,9,True
pair::105-59-9::106-24-1::t1,105-59-9,106-24-1,sec::106-24-1::2,106-24-1,5,True
pair::105-59-9::106-24-1::t2,105-59-9,106-24-1,sec::105-59-9::10,105-59-9,9,True
pair::105-59-9::106-24-1::t2,105-59-9,106-24-1,sec::105-59-9::2,105-59-9,4,True
pair::105-59-9::106-24-1::t2,105-59-9,106-24-1,sec::106-24-1::10,106-24-1,11,True
pair::105-59-9::106-24-1::t2,105-59-9,106-24-1,sec::106-24-1::2,106-24-1,6,True
pair::105-59-9::106-24-1::t3,105-59-9,106-24-1,sec::105-59-9::10,105-59-9,2,True
pair::105-59-9::106-24-1::t3,105-59-9,106-24-1,sec::105-59-9::2,105-59-9,9,True
pair::105-59-9::106-24-1::t3,105-59-9,106-24-1,sec::106-24-1::10,106-24-1,6,True
pair::105-59-9::106-24-1::t3,105-59-9,106-24-1,sec::106-24-1::2,106-24-1,7,True
pair::105-59-9::106-24-1::t4,105-59-9,106-24-1,sec::105-59-9::10,105-59-9,5,True
pair::105-59-9::106-24-1::t4,105-59-9,106-24-1,sec::105-59-9::2,105-59-9,6,True
pair::105-59-9::106-24-1::t4,105-59-9,106-24-1,sec::106-24-1::10,106-24-1,8,True
pair::105-59-9::106-24-1::t4,105-59-9,106-24-1,sec::106-24-1::2,106-24-1,9,True
pair::10031-13-7::105-59-9::t0,10031-13-7,105-59-9,sec::10031-13-7::10,10031-13-7,1,True
pair::10031-13-7::105-59-9::t0,10031-13-7,105-59-9,sec::10031-13-7::2,10031-13-7,14,True
pair::10031-13-7::105-59-9::t0,10031-13-7,105-59-9,sec::105-59-9::10,105-59-9,2,True
pair::10031-13-7::105-59-9::t0,10031-13-7,105-59-9,sec::105-59-9::2,105-59-9,4,True
pair::10031-13-7::105-59-9::t1,10031-13-7,105-59-9,sec::10031-13-7::10,10031-13-7,1,True
pair::10031-13-7::105-59-9::t1,10031-13-7,105-59-9,sec::10031-13-7::2,10031-13-7,3,True
pair::10031-13-7::105-59-9::t1,10031-13-7,105-59-9,sec::105-59-9::10,105-59-9,2,True
pair::10031-13-7::105-59-9::t1,10031-13-7,105-59-9,sec::105-59-9::2,105-59-9,4,True
pair::10031-13-7::105-59-9::t2,10031-13-7,105-59-9,sec::10031-13-7::10,10031-13-7,1,True
pair::10031-13-7::105-59-9::t2,10031-13-7,105-59-9,sec::10031-13-7::2,10031-13-7,2,True
pair::10031-13-7::105-59-9::t2,10031-13-7,105-59-9,sec::105-59-9::10,105-59-9,15,True
pair::10031-13-7::105-59-9::t2,10031-13-7,105-59-9,sec::105-59-9::2,105-59-9,3,True
pair::10031-13-7::105-59-9::t3,10031-13-7,105-59-9,sec::10031-13-7::10,10031-13-7,1,True
pair::10031-13-7::105-59-9::t3,10031-13-7,105-59-9,sec::10031-13-7::2,10031-13-7,13,True
pair::10031-13-7::105-59-9::t3,10031-13-7,105-59-9,sec::105-59-9::10,105-59-9,2,True
pair::10031-13-7::105-59-9::t3,10031-13-7,105-59-9,sec::105-59-9::2,105-59-9,17,True
pair::10031-13-7::105-59-9::t4,10031-13-7,105-59-9,sec::10031-13-7::10,10031-13-7,1,True
pair::10031-13-7::105-59-9::t4,10031-13-7,105-59-9,sec::10031-13-7::2,10031-13-7,4,True
pair::10031-13-7::105-59-9::t4,10031-13-7,105-59-9,sec::105-59-9::10,105-59-9,3,True
pair::10031-13-7::105-59-9::t4,10031-13-7,105-59-9,sec::105-59-9::2,105-59-9,2,True
pair::10265-92-6::105-48-6::t0,10265-92-6,105-48-6,sec::10265-92-6::10,10265-92-6,2,True
pair::10265-92-6::105-48-6::t0,10265-92-6,105-48-6,sec::10265-92-6::2,10265-92-6,11,True
pair::10265-92-6::105-48-6::t0,10265-92-6,105-48-6,sec::105-48-6::10,105-48-6,1,True
pair::10265-92-6::105-48-6::t0,10265-92-6,105-48-6,sec::105-48-6::2,105-48-6,4,True
pair::10265-92-6::105-48-6::t1,10265-92-6,105-48-6,sec::10265-92-6::10,10265-92-6,1,True
pair::10265-92-6::105-48-6::t1,10265-92-6,105-48-6,sec::10265-92-6::2,10265-92-6,3,True
pair::10265-92-6::105-48-6::t1,10265-92-6,105-48-6,sec::105-48-6::10,105-48-6,2,True
pair::10265-92-6::105-48-6::t1,10265-92-6,105-48-6,sec::105-48-6::2,105-48-6,4,True
pair::10265-92-6::105-48-6::t2,10265-92-6,105-48-6,sec::10265-92-6::10,10265-92-6,1,True
pair::10265-92-6::105-48-6::t2,10265-92-6,105-48-6,sec::10265-92-6::2,10265-92-6,3,True
pair::10265-92-6::105-48-6::t2,10265-92-6,105-48-6,sec::105-48-6::10,105-48-6,2,True
pair::10265-92-6::105-48-6::t2,10265-92-6,105-48-6,sec::105-48-6::2,105-48-6,4,True
pair::10265-92-6::105-48-6::t3,10265-92-6,105-48-6,sec::10265-92-6::10,10265-92-6,1,True
pair::10265-92-6::105-48-6::t3,10265-92-6,105-48-6,sec::10265-92-6::2,10265-92-6,5,True
pair::10265-92-6::105-48-6::t3,10265-92-6,105-48-6,sec::105-48-6::10,105-48-6,2,True
pair::10265-92-6::105-48-6::t3,10265-92-6,105-48-6,sec::105-48-6::2,105-48-6,4,True
pair::10265-92-6::105-48-6::t4,10265-92-6,105-48-6,sec::10265-92-6::10,10265-92-6,1,True
pair::10265-92-6::105-48-6::t4,10265-92-6,105-48-6,sec::10265-92-6::2,10265-92-6,4,True
pair::10265-92-6::105-48-6::t4,10265-92-6,105-48-6,sec::105-48-6::10,105-48-6,2,True
pair::10265-92-6::105-48-6::t4,10265-92-6,105-48-6,sec::105-48-6::2,105-48-6,3,True
pair::104-72-3::7772-98-7::t0,104-72-3,7772-98-7,sec::104-72-3::10,104-72-3,3,True
pair::104-72-3::7772-98-7::t0,104-72-3,7772-98-7,sec::104-72-3::2,104-72-3,8,True
pair::104-72-3::7772-98-7::t0,104-72-3,7772-98-7,sec::7772-98-7::10,7772-98-7,1,True
pair::104-72-3::7772-98-7::t0,104-72-3,7772-98-7,sec::7772-98-7::2,7772-98-7,2,True
pair::104-72-3::7772-98-7::t1,104-72-3,7772-98-7,sec::104-72-3::10,104-72-3,14,True
pair::104-72-3::7772-98-7::t1,104-72-3,7772-98-7,sec::104-72-3::2,104-72-3,8,True
pair::104-72-3::7772-98-7::t1,104-72-3,7772-98-7,sec::7772-98-7::10,7772-98-7,1,True
pair::104-72-3::7772-98-7::t1,104-72-3,7772-98-7,sec::7772-98-7::2,7772-98-7,2,True
pair::104-72-3::7772-98-7::t2,104-72-3,7772-98-7,sec::104-72-3::10,104-72-3,9,True
pair::104-72-3::7772-98-7::t2,104-72-3,7772-98-7,sec::104-72-3::2,104-72-3,5,True
pair::104-72-3::7772-98-7::t2,104-72-3,7772-98-7,sec::7772-98-7::10,7772-98-7,2,True
pair::104-72-3::7772-98-7::t2,104-72-3,7772-98-7,sec::7772-98-7::2,7772-98-7,1,True
pair::104-72-3::7772-98-7::t3,104-72-3,7772-98-7,sec::104-72-3::10,104-72-3,6,True
pair::104-72-3::7772-98-7::t3,104-72-3,7772-98-7,sec::104-72-3::2,104-72-3,,True
pair::104-72-3::7772-98-7::t3,104-72-3,7772-98-7,sec::7772-98-7::10,7772-98-7,1,True
pair::104-72-3::7772-98-7::t3,104-72-3,7772-98-7,sec::7772-98-7::2,7772-98-7,2,True
pair::104-72-3::7772-98-7::t4,104-72-3,7772-98-7,sec::104-72-3::10,104-72-3,3,True
pair::104-72-3::7772-98-7::t4,104-72-3,7772-98-7,sec::104-72-3::2,104-72-3,5,True
pair::104-72-3::7772-98-7::t4,104-72-3,7772-98-7,sec::7772-98-7::10,7772-98-7,2,True
pair::104-72-3::7772-98-7::t4,104-72-3,7772-98-7,sec::7772-98-7::2,7772-98-7,1,True
pair::102-71-6::12002-43-6::t0,102-71-6,12002-43-6,sec::102-71-6::10,102-71-6,3,True
pair::102-71-6::12002-43-6::t0,102-71-6,12002-43-6,sec::102-71-6::2,102-71-6,6,True
pair::102-71-6::12002-43-6::t0,102-71-6,12002-43-6,sec::12002-43-6::10,12002-43-6,1,True
pair::102-71-6::12002-43-6::t0,102-71-6,12002-43-6,sec::12002-43-6::2,12002-43-6,2,True
pair::102-71-6::12002-43-6::t1,102-71-6,12002-43-6,sec::102-71-6::10,102-71-6,5,True
pair::102-71-6::12002-43-6::t1,102-71-6,12002-43-6,sec::102-71-6::2,102-71-6,3,True
pair::102-71-6::12002-43-6::t1,102-71-6,12002-43-6,sec::12002-43-6::10,12002-43-6,1,True
pair::102-71-6::12002-43-6::t1,102-71-6,12002-43-6,sec::12002-43-6::2,12002-43-6,2,True
pair::102-71-6::12002-43-6::t2,102-71-6,12002-43-6,sec::102-71-6::10,102-71-6,4,True
pair::102-71-6::12002-43-6::t2,102-71-6,12002-43-6,sec::102-71-6::2,102-71-6,3,True
pair::102-71-6::12002-43-6::t2,102-71-6,12002-43-6,sec::12002-43-6::10,12002-43-6,1,True
pair::102-71-6::12002-43-6::t2,102-71-6,12002-43-6,sec::12002-43-6::2,12002-43-6,2,True
pair::102-71-6::12002-43-6::t3,102-71-6,12002-43-6,sec::102-71-6::10,102-71-6,3,True
pair::102-71-6::12002-43-6::t3,102-71-6,12002-43-6,sec::102-71-6::2,102-71-6,4,True
pair::102-71-6::12002-43-6::t3,102-71-6,12002-43-6,sec::12002-43-6::10,12002-43-6,1,True
pair::102-71-6::12002-43-6::t3,102-71-6,12002-43-6,sec::12002-43-6::2,12002-43-6,2,True
pair::102-71-6::12002-43-6::t4,102-71-6,12002-43-6,sec::102-71-6::10,102-71-6,5,True
pair::102-71-6::12002-43-6::t4,102-71-6,12002-43-6,sec::102-71-6::2,102-71-6,3,True
pair::102-71-6::12002-43-6::t4,102-71-6,12002-43-6,sec::12002-43-6::10,12002-43-6,1,True
pair::102-71-6::12002-43-6::t4,102-71-6,12002-43-6,sec::12002-43-6::2,12002-43-6,2,True
pair::10196-04-0::103-09-3::t0,10196-04-0,103-09-3,sec::10196-04-0::10,10196-04-0,1,True
pair::10196-04-0::103-09-3::t0,10196-04-0,103-09-3,sec::10196-04-0::2,10196-04-0,2,True
pair::10196-04-0::103-09-3::t0,10196-04-0,103-09-3,sec::103-09-3::10,103-09-3,5,True
pair::10196-04-0::103-09-3::t0,10196-04-0,103-09-3,sec::103-09-3::2,103-09-3,8,True
pair::10196-04-0::103-09-3::t1,10196-04-0,103-09-3,sec::10196-04-0::10,10196-04-0,1,True
pair::10196-04-0::103-09-3::t1,10196-04-0,103-09-3,sec::10196-04-0::2,10196-04-0,2,True
pair::10196-04-0::103-09-3::t1,10196-04-0,103-09-3,sec::103-09-3::10,103-09-3,7,True
pair::10196-04-0::103-09-3::t1,10196-04-0,103-09-3,sec::103-09-3::2,103-09-3,5,True
pair::10196-04-0::103-09-3::t2,10196-04-0,103-09-3,sec::10196-04-0::10,10196-04-0,1,True
pair::10196-04-0::103-09-3::t2,10196-04-0,103-09-3,sec::10196-04-0::2,10196-04-0,2,True
pair::10196-04-0::103-09-3::t2,10196-04-0,103-09-3,sec::103-09-3::10,103-09-3,7,True
pair::10196-04-0::103-09-3::t2,10196-04-0,103-09-3,sec::103-09-3::2,103-09-3,6,True
pair::10196-04-0::103-09-3::t3,10196-04-0,103-09-3,sec::10196-04-0::10,10196-04-0,1,True
pair::10196-04-0::103-09-3::t3,10196-04-0,103-09-3,sec::10196-04-0::2,10196-04-0,2,True
pair::10196-04-0::103-09-3::t3,10196-04-0,103-09-3,sec::103-09-3::10,103-09-3,4,True
pair::10196-04-0::103-09-3::t3,10196-04-0,103-09-3,sec::103-09-3::2,103-09-3,19,True
pair::10196-04-0::103-09-3::t4,10196-04-0,103-09-3,sec::10196-04-0::10,10196-04-0,1,True
pair::10196-04-0::103-09-3::t4,10196-04-0,103-09-3,sec::10196-04-0::2,10196-04-0,3,True
pair::10196-04-0::103-09-3::t4,10196-04-0,103-09-3,sec::103-09-3::10,103-09-3,9,True
pair::10196-04-0::103-09-3::t4,10196-04-0,103-09-3,sec::103-09-3::2,103-09-3,5,True
pair::100-22-1::100-51-6::t0,100-22-1,100-51-6,sec::100-22-1::10,100-22-1,1,True
pair::100-22-1::100-51-6::t0,100-22-1,100-51-6,sec::100-22-1::2,100-22-1,2,True
pair::100-22-1::100-51-6::t0,100-22-1,100-51-6,sec::100-51-6::10,100-51-6,8,True
pair::100-22-1::100-51-6::t0,100-22-1,100-51-6,sec::100-51-6::2,100-51-6,12,True
pair::100-22-1::100-51-6::t1,100-22-1,100-51-6,sec::100-22-1::10,100-22-1,2,True
pair::100-22-1::100-51-6::t1,100-22-1,100-51-6,sec::100-22-1::2,100-22-1,1,True
pair::100-22-1::100-51-6::t1,100-22-1,100-51-6,sec::100-51-6::10,100-51-6,6,True
pair::100-22-1::100-51-6::t1,100-22-1,100-51-6,sec::100-51-6::2,100-51-6,4,True
pair::100-22-1::100-51-6::t2,100-22-1,100-51-6,sec::100-22-1::10,100-22-1,1,True
pair::100-22-1::100-51-6::t2,100-22-1,100-51-6,sec::100-22-1::2,100-22-1,2,True
pair::100-22-1::100-51-6::t2,100-22-1,100-51-6,sec::100-51-6::10,100-51-6,14,True
pair::100-22-1::100-51-6::t2,100-22-1,100-51-6,sec::100-51-6::2,100-51-6,11,True
pair::100-22-1::100-51-6::t3,100-22-1,100-51-6,sec::100-22-1::10,100-22-1,1,True
pair::100-22-1::100-51-6::t3,100-22-1,100-51-6,sec::100-22-1::2,100-22-1,2,True
pair::100-22-1::100-51-6::t3,100-22-1,100-51-6,sec::100-51-6::10,100-51-6,8,True
pair::100-22-1::100-51-6::t3,100-22-1,100-51-6,sec::100-51-6::2,100-51-6,7,True
pair::100-22-1::100-51-6::t4,100-22-1,100-51-6,sec::100-22-1::10,100-22-1,2,True
pair::100-22-1::100-51-6::t4,100-22-1,100-51-6,sec::100-22-1::2,100-22-1,1,True
pair::100-22-1::100-51-6::t4,100-22-1,100-51-6,sec::100-51-6::10,100-51-6,5,True
pair::100-22-1::100-51-6::t4,100-22-1,100-51-6,sec::100-51-6::2,100-51-6,4,True
