cas_number,chemical_name,wave,original_candidate_source,selection_source,selection_reason,selection_evidence,csv_assigned_group_id,true_cameo_groups,risk_relation,section10_categories,coverage_role,pubchem_verified,safety_flag,in_eval_testset,collection_status,selection_status
103-75-3,ETHOXYDIHYDROPYRAN,wave1,pool_supplement,wave1_topup,UNKNOWN(그룹 슬롯 자동 보충 — 물질 단위 개별 선정 근거 없음),01_collection/build_undergrad_target_list.py GROUP_TIER/TIER_SLOTS(근거 미기록) | evaluation_data:gold_pair.jsonl:pair::103-75-3::106-87-6::t0;gold_pair.jsonl:pair::103-75-3::106-87-6::t1;gold_pair.jsonl:pair::103-75-3::106-87-6::t2,1,1;28;34,,no_data,,MATCH,NOT_CHECKED,True,COLLECTED,UNSUPPORTED
60-00-4,EDTA,wave1,curated_curriculum,curriculum,커리큘럼 실사용 근거: 분석화학 / 킬레이트 적정(EDTA),01_collection/build_undergrad_target_list.py CURATED_LIST | evaluation_data:gold_pair.jsonl:pair::108-24-7::60-00-4::t0;gold_pair.jsonl:pair::108-24-7::60-00-4::t1;gold_pair.jsonl:pair::108-24-7::60-00-4::t2,2,2;14,,no_data,,MATCH,NOT_CHECKED,True,COLLECTED,KEEP_MANDATORY
64-19-7,ACETIC ACID,wave1,curated_curriculum,curriculum,커리큘럼 실사용 근거: 유기화학 / 에스테르화 반응,01_collection/build_undergrad_target_list.py CURATED_LIST | evaluation_data:gold_pair.jsonl:pair::1762-95-4::64-19-7::t0;gold_pair.jsonl:pair::1762-95-4::64-19-7::t1;gold_pair.jsonl:pair::1762-95-4::64-19-7::t2,2,2;68,water,no_data,,MATCH,NOT_CHECKED,True,COLLECTED,KEEP_MANDATORY
100-21-0,TEREPHTHALIC ACID,wave1,pool_supplement,wave1_topup,UNKNOWN(그룹 슬롯 자동 보충 — 물질 단위 개별 선정 근거 없음),01_collection/build_undergrad_target_list.py GROUP_TIER/TIER_SLOTS(근거 미기록) | evaluation_data:gold_pair.jsonl:pair::100-21-0::1024-57-3::t0;gold_pair.jsonl:pair::100-21-0::1024-57-3::t1;gold_pair.jsonl:pair::100-21-0::1024-57-3::t2,2,2;35,,combustible_reducing;water,,MATCH,NOT_CHECKED,True,COLLECTED,UNSUPPORTED
104-01-8,4-METHOXYPHENYLACETIC ACID,wave1,pool_supplement,wave1_topup,UNKNOWN(그룹 슬롯 자동 보충 — 물질 단위 개별 선정 근거 없음),01_collection/build_undergrad_target_list.py GROUP_TIER/TIER_SLOTS(근거 미기록) | evaluation_data:gold_pair.jsonl:pair::103-80-0::104-01-8::t0;gold_pair.jsonl:pair::103-80-0::104-01-8::t1;gold_pair.jsonl:pair::103-80-0::104-01-8::t2,2,2;28,,combustible_reducing;water,,MATCH,NOT_CHECKED,True,COLLECTED,UNSUPPORTED
107-94-8,3-CHLOROPROPIONIC ACID,wave1,pool_supplement,wave1_topup,UNKNOWN(그룹 슬롯 자동 보충 — 물질 단위 개별 선정 근거 없음),01_collection/build_undergrad_target_list.py GROUP_TIER/TIER_SLOTS(근거 미기록) | evaluation_data:gold_pair.jsonl:pair::107-94-8::115-86-6::t0;gold_pair.jsonl:pair::107-94-8::115-86-6::t1;gold_pair.jsonl:pair::107-94-8::115-86-6::t2,2,2;31,,combustible_reducing;water,,MATCH,NOT_CHECKED,True,COLLECTED,UNSUPPORTED
107-97-1,SARCOSINE,wave1,pool_supplement,wave1_topup,UNKNOWN(그룹 슬롯 자동 보충 — 물질 단위 개별 선정 근거 없음),01_collection/build_undergrad_target_list.py GROUP_TIER/TIER_SLOTS(근거 미기록) | evaluation_data:gold_pair.jsonl:pair::10099-74-8::107-97-1::t0;gold_pair.jsonl:pair::10099-74-8::107-97-1::t1;gold_pair.jsonl:pair::10099-74-8::107-97-1::t2,2,2;12,,combustible_reducing;water,,MATCH,NOT_CHECKED,True,COLLECTED,UNSUPPORTED
109-52-4,PENTANOIC ACID,wave1,pool_topup,wave1_topup,UNKNOWN(그룹 슬롯 자동 보충 — 물질 단위 개별 선정 근거 없음),01_collection/build_undergrad_target_list.py GROUP_TIER/TIER_SLOTS(근거 미기록) | evaluation_data:gold_pair.jsonl:pair::10192-30-0::109-52-4::t0;gold_pair.jsonl:pair::10192-30-0::109-52-4::t1;gold_pair.jsonl:pair::10192-30-0::109-52-4::t2,2,2,,combustible_reducing;metal;water,,MATCH,NOT_CHECKED,True,COLLECTED,UNSUPPORTED
7647-01-0,HYDROCHLORIC ACID,wave1,curated_curriculum,curriculum,커리큘럼 실사용 근거: 일반화학 / 산-염기 적정,01_collection/build_undergrad_target_list.py CURATED_LIST | evaluation_data:gold_pair.jsonl:pair::143-33-9::7647-01-0::t0;gold_pair.jsonl:pair::143-33-9::7647-01-0::t1;gold_pair.jsonl:pair::143-33-9::7647-01-0::t2,3,3;68,water,water,,MATCH,NOT_CHECKED,True,COLLECTED,KEEP_MANDATORY
7705-08-0,FERRIC CHLORIDE,wave1,curated_curriculum,curriculum,커리큘럼 실사용 근거: 무기화학 / 착물합성/페놀검출,01_collection/build_undergrad_target_list.py CURATED_LIST | evaluation_data:gold_pair.jsonl:pair::105-79-3::7705-08-0::t0;gold_pair.jsonl:pair::105-79-3::7705-08-0::t1;gold_pair.jsonl:pair::105-79-3::7705-08-0::t2,3,3;68,water,metal;water,,MATCH,NOT_CHECKED,True,COLLECTED,KEEP_MANDATORY
10025-91-9,ANTIMONY TRICHLORIDE,wave1,pool_supplement,wave1_topup,UNKNOWN(그룹 슬롯 자동 보충 — 물질 단위 개별 선정 근거 없음),01_collection/build_undergrad_target_list.py GROUP_TIER/TIER_SLOTS(근거 미기록) | evaluation_data:gold_pair.jsonl:pair::10025-91-9::117-39-5::t0;gold_pair.jsonl:pair::10025-91-9::117-39-5::t1;gold_pair.jsonl:pair::10025-91-9::117-39-5::t2,3,3;32;50,oxidizer,metal;water,,MATCH,NOT_CHECKED,True,COLLECTED,UNSUPPORTED
10026-06-9,"STANNIC CHLORIDE, PENTAHYDRATE",wave1,pool_supplement,wave1_topup,UNKNOWN(그룹 슬롯 자동 보충 — 물질 단위 개별 선정 근거 없음),01_collection/build_undergrad_target_list.py GROUP_TIER/TIER_SLOTS(근거 미기록) | evaluation_data:gold_pair.jsonl:pair::10026-06-9::105-87-3::t0;gold_pair.jsonl:pair::10026-06-9::105-87-3::t1;gold_pair.jsonl:pair::10026-06-9::105-87-3::t2,3,3,,combustible_reducing;metal;water,,MATCH,NOT_CHECKED,True,COLLECTED,UNSUPPORTED
10026-11-6,ZIRCONIUM TETRACHLORIDE,wave1,pool_supplement,wave1_topup,UNKNOWN(그룹 슬롯 자동 보충 — 물질 단위 개별 선정 근거 없음),01_collection/build_undergrad_target_list.py GROUP_TIER/TIER_SLOTS(근거 미기록) | evaluation_data:gold_pair.jsonl:pair::10026-11-6::506-87-6::t0;gold_pair.jsonl:pair::10026-11-6::506-87-6::t1;gold_pair.jsonl:pair::10026-11-6::506-87-6::t2,3,3,,combustible_reducing;metal;water,,ERROR,NOT_CHECKED,True,COLLECTED,UNSUPPORTED
10026-13-8,PHOSPHORUS PENTACHLORIDE,wave1,pool_supplement,wave1_topup,UNKNOWN(그룹 슬롯 자동 보충 — 물질 단위 개별 선정 근거 없음),01_collection/build_undergrad_target_list.py GROUP_TIER/TIER_SLOTS(근거 미기록) | evaluation_data:gold_pair.jsonl:pair::10025-73-7::10026-13-8::t0;gold_pair.jsonl:pair::10025-73-7::10026-13-8::t1;gold_pair.jsonl:pair::10025-73-7::10026-13-8::t2,3,3;32;50,oxidizer,combustible_reducing;metal;water,,MATCH,NOT_CHECKED,True,COLLECTED,UNSUPPORTED
1271-19-8,TITANOCENE DICHLORIDE,wave1,pool_topup,wave1_topup,UNKNOWN(그룹 슬롯 자동 보충 — 물질 단위 개별 선정 근거 없음),01_collection/build_undergrad_target_list.py GROUP_TIER/TIER_SLOTS(근거 미기록) | evaluation_data:gold_pair.jsonl:pair::12136-45-7::1271-19-8::t0;gold_pair.jsonl:pair::12136-45-7::1271-19-8::t1;gold_pair.jsonl:pair::12136-45-7::1271-19-8::t2,3,3;35;49,,no_data,,MATCH,NOT_CHECKED,True,COLLECTED,UNSUPPORTED
7664-93-9,SULFURIC ACID,wave1,curated_curriculum,curriculum,커리큘럼 실사용 근거: 일반화학 / 산-염기/탈수,01_collection/build_undergrad_target_list.py CURATED_LIST | evaluation_data:gold_pair.jsonl:pair::104-88-1::7664-93-9::t0;gold_pair.jsonl:pair::104-88-1::7664-93-9::t1;gold_pair.jsonl:pair::104-88-1::7664-93-9::t2,4,4,,combustible_reducing;metal;water,,MATCH,NOT_CHECKED,True,COLLECTED,KEEP_MANDATORY
7697-37-2,NITRIC ACID,wave1,curated_curriculum,curriculum,커리큘럼 실사용 근거: 일반화학 / 산화반응,01_collection/build_undergrad_target_list.py CURATED_LIST | evaluation_data:gold_pair.jsonl:pair::100-07-2::7697-37-2::t0;gold_pair.jsonl:pair::100-07-2::7697-37-2::t1;gold_pair.jsonl:pair::100-07-2::7697-37-2::t2,4,4,,combustible_reducing;metal;water,,MATCH,NOT_CHECKED,True,COLLECTED,KEEP_MANDATORY
42615-29-2,PHENYLSULPHONIC ACID,wave1,pool_replacement,wave1_topup,원 후보가 KOSHA 미등록이라 같은 그룹 내 다음 후보로 자동 대체,01_collection/backfill_group_replacements.py | evaluation_data:gold_pair.jsonl:pair::100-15-2::42615-29-2::t0;gold_pair.jsonl:pair::100-15-2::42615-29-2::t1;gold_pair.jsonl:pair::100-15-2::42615-29-2::t2,4,4,,combustible_reducing;water,,MATCH,NOT_CHECKED,True,COLLECTED,REVIEW
104-15-4,"TOLUENE SULFONIC ACID, LIQUID, WITH MORE THAN 5% FREE SULFURIC ACID",wave1,pool_supplement,wave1_topup,UNKNOWN(그룹 슬롯 자동 보충 — 물질 단위 개별 선정 근거 없음),01_collection/build_undergrad_target_list.py GROUP_TIER/TIER_SLOTS(근거 미기록) | evaluation_data:gold_pair.jsonl:pair::104-15-4::7553-56-2::t0;gold_pair.jsonl:pair::104-15-4::7553-56-2::t1;gold_pair.jsonl:pair::104-15-4::7553-56-2::t2,4,4,,metal,,MATCH,NOT_CHECKED,True,COLLECTED,UNSUPPORTED
1120-71-4,PROPANE SULTONE,wave1,pool_supplement,wave1_topup,UNKNOWN(그룹 슬롯 자동 보충 — 물질 단위 개별 선정 근거 없음),01_collection/build_undergrad_target_list.py GROUP_TIER/TIER_SLOTS(근거 미기록) | evaluation_data:gold_pair.jsonl:pair::1120-71-4::119-53-9::t0;gold_pair.jsonl:pair::1120-71-4::119-53-9::t1;gold_pair.jsonl:pair::1120-71-4::119-53-9::t2,4,4;66,,combustible_reducing;metal;water,,MATCH,NOT_CHECKED,True,COLLECTED,UNSUPPORTED
1333-39-7,"PHENOLSULFONIC ACID, LIQUID",wave1,pool_supplement,wave1_topup,UNKNOWN(그룹 슬롯 자동 보충 — 물질 단위 개별 선정 근거 없음),01_collection/build_undergrad_target_list.py GROUP_TIER/TIER_SLOTS(근거 미기록) | evaluation_data:gold_retrieval.jsonl:ans::B040808::1333-39-7;gold_abstain.jsonl:no_::I04::1333-39-7;gold_abstain.jsonl:no_::I20::1333-39-7,4,4,,combustible_reducing;water,,MATCH,NOT_CHECKED,True,COLLECTED,UNSUPPORTED
27176-87-0,DODECYLBENZENESULFONIC ACID,wave1,pool_topup,wave1_topup,UNKNOWN(그룹 슬롯 자동 보충 — 물질 단위 개별 선정 근거 없음),01_collection/build_undergrad_target_list.py GROUP_TIER/TIER_SLOTS(근거 미기록) | evaluation_data:gold_pair.jsonl:pair::1304-82-1::27176-87-0::t0;gold_pair.jsonl:pair::1304-82-1::27176-87-0::t1;gold_pair.jsonl:pair::1304-82-1::27176-87-0::t2,4,4,,metal,,ERROR,NOT_CHECKED,True,COLLECTED,UNSUPPORTED
107-35-7,L-TAURINE,wave1,pool_replacement,wave1_topup,원 후보가 KOSHA 미등록이라 같은 그룹 내 다음 후보로 자동 대체,01_collection/backfill_group_replacements.py | evaluation_data:gold_pair.jsonl:pair::1031-07-8::107-35-7::t0;gold_pair.jsonl:pair::1031-07-8::107-35-7::t1;gold_pair.jsonl:pair::1031-07-8::107-35-7::t2,5,5;14,,combustible_reducing;water,,MATCH,NOT_CHECKED,True,COLLECTED,REVIEW
10265-92-6,METHAMIDOPHOS,wave1,pool_supplement,wave1_topup,UNKNOWN(그룹 슬롯 자동 보충 — 물질 단위 개별 선정 근거 없음),01_collection/build_undergrad_target_list.py GROUP_TIER/TIER_SLOTS(근거 미기록) | evaluation_data:gold_pair.jsonl:pair::10265-92-6::1310-61-8::t0;gold_pair.jsonl:pair::10265-92-6::1310-61-8::t1;gold_pair.jsonl:pair::10265-92-6::1310-61-8::t2,5,5;27,,no_data,,MATCH,NOT_CHECKED,True,COLLECTED,UNSUPPORTED
124-38-9,CARBON DIOXIDE,reactive_basics,reactive_basics_tier2,section10_empirical,§10 전수조사(197종) 실측 1순위 반응 상대(물 등) 기본물질 보강,docs/decisions.md §1.2a-upd,5,5;48,,no_data,scarce_group:48,NOT_IN_REPORT,NOT_CHECKED,False,COLLECTED,KEEP_COVERAGE
105-16-8,"DIETHYLAMINOETHYLMETHACRYLATE, [LIQUID]",wave1,pool_supplement,wave1_topup,UNKNOWN(그룹 슬롯 자동 보충 — 물질 단위 개별 선정 근거 없음),01_collection/build_undergrad_target_list.py GROUP_TIER/TIER_SLOTS(근거 미기록) | evaluation_data:gold_pair.jsonl:pair::10026-17-2::105-16-8::t0;gold_pair.jsonl:pair::10026-17-2::105-16-8::t1;gold_pair.jsonl:pair::10026-17-2::105-16-8::t2,6,6;14;56,,combustible_reducing;water,,MATCH,NOT_CHECKED,True,COLLECTED,UNSUPPORTED
100-07-2,4-METHOXYBENZOYL CHLORIDE,wave1,pool_supplement,wave1_topup,UNKNOWN(그룹 슬롯 자동 보충 — 물질 단위 개별 선정 근거 없음),01_collection/build_undergrad_target_list.py GROUP_TIER/TIER_SLOTS(근거 미기록) | evaluation_data:gold_pair.jsonl:pair::100-07-2::105-59-9::t0;gold_pair.jsonl:pair::100-07-2::105-59-9::t1;gold_pair.jsonl:pair::100-07-2::105-59-9::t2,7,7,,no_data,,MATCH,NOT_CHECKED,True,COLLECTED,UNSUPPORTED
103-80-0,PHENYLACETYL CHLORIDE,wave1,pool_supplement,wave1_topup,UNKNOWN(그룹 슬롯 자동 보충 — 물질 단위 개별 선정 근거 없음),01_collection/build_undergrad_target_list.py GROUP_TIER/TIER_SLOTS(근거 미기록) | evaluation_data:gold_pair.jsonl:pair::103-80-0::109-53-5::t0;gold_pair.jsonl:pair::103-80-0::109-53-5::t1;gold_pair.jsonl:pair::103-80-0::109-53-5::t2,7,7,,metal;water,,MATCH,NOT_CHECKED,True,COLLECTED,UNSUPPORTED
64-17-5,ETHANOL,wave1,curated_curriculum,curriculum,커리큘럼 실사용 근거: 유기화학 / 재결정 용매,01_collection/build_undergrad_target_list.py CURATED_LIST | evaluation_data:gold_pair.jsonl:pair::506-87-6::64-17-5::t0;gold_pair.jsonl:pair::506-87-6::64-17-5::t1;gold_pair.jsonl:pair::506-87-6::64-17-5::t2,8,5;8;24;56,,no_data,,MATCH,NOT_CHECKED,True,COLLECTED,KEEP_MANDATORY
105-11-3,P-QUINONE DIOXIME,wave1,pool_replacement,wave1_topup,원 후보가 KOSHA 미등록이라 같은 그룹 내 다음 후보로 자동 대체,01_collection/backfill_group_replacements.py | evaluation_data:gold_pair.jsonl:pair::10294-26-5::105-11-3::t0;gold_pair.jsonl:pair::10294-26-5::105-11-3::t1;gold_pair.jsonl:pair::10294-26-5::105-11-3::t2,8,8;14;34,,combustible_reducing;water,,MATCH,NOT_CHECKED,True,COLLECTED,REVIEW
105-59-9,METHYLDIETHANOLAMINE,wave1,pool_replacement,wave1_topup,원 후보가 KOSHA 미등록이라 같은 그룹 내 다음 후보로 자동 대체,01_collection/backfill_group_replacements.py | evaluation_data:gold_pair.jsonl:pair::100-07-2::105-59-9::t0;gold_pair.jsonl:pair::100-07-2::105-59-9::t1;gold_pair.jsonl:pair::100-07-2::105-59-9::t2,8,8;14,,combustible_reducing;water,,MATCH,NOT_CHECKED,True,COLLECTED,REVIEW
106-24-1,GERANIOL,wave1,pool_replacement_v2,wave1_topup,원 후보가 KOSHA 미등록이라 같은 그룹 내 다음 후보로 자동 대체,01_collection/backfill_group_replacements.py | evaluation_data:gold_pair.jsonl:pair::1025-15-6::106-24-1::t0;gold_pair.jsonl:pair::1025-15-6::106-24-1::t1;gold_pair.jsonl:pair::1025-15-6::106-24-1::t2,8,8;34,,combustible_reducing;water,,MATCH,NOT_CHECKED,True,COLLECTED,REVIEW
100-51-6,BENZYL ALCOHOL,wave1,pool_supplement,wave1_topup,UNKNOWN(그룹 슬롯 자동 보충 — 물질 단위 개별 선정 근거 없음),01_collection/build_undergrad_target_list.py GROUP_TIER/TIER_SLOTS(근거 미기록) | evaluation_data:gold_pair.jsonl:pair::100-51-6::106-87-6::t0;gold_pair.jsonl:pair::100-51-6::106-87-6::t1;gold_pair.jsonl:pair::100-51-6::106-87-6::t2,8,8,,combustible_reducing;water,,MATCH,NOT_CHECKED,True,COLLECTED,UNSUPPORTED
10016-20-3,ALPHA-CYCLODEXTRIN,wave1,pool_supplement,wave1_topup,UNKNOWN(그룹 슬롯 자동 보충 — 물질 단위 개별 선정 근거 없음),01_collection/build_undergrad_target_list.py GROUP_TIER/TIER_SLOTS(근거 미기록) | evaluation_data:gold_pair.jsonl:pair::10016-20-3::110-13-4::t0;gold_pair.jsonl:pair::10016-20-3::110-13-4::t1;gold_pair.jsonl:pair::10016-20-3::110-13-4::t2,8,8,,combustible_reducing;water,,MATCH,NOT_CHECKED,True,COLLECTED,UNSUPPORTED
102-71-6,TRIETHANOLAMINE,wave1,pool_topup,wave1_topup,UNKNOWN(그룹 슬롯 자동 보충 — 물질 단위 개별 선정 근거 없음),01_collection/build_undergrad_target_list.py GROUP_TIER/TIER_SLOTS(근거 미기록) | evaluation_data:gold_pair.jsonl:pair::10039-54-0::102-71-6::t0;gold_pair.jsonl:pair::10039-54-0::102-71-6::t1;gold_pair.jsonl:pair::10039-54-0::102-71-6::t2,8,8;14,,combustible_reducing;water,,MATCH,NOT_CHECKED,True,COLLECTED,UNSUPPORTED
100-73-2,"ACROLEIN DIMER, STABILIZED",wave1,pool_supplement,wave1_topup,UNKNOWN(그룹 슬롯 자동 보충 — 물질 단위 개별 선정 근거 없음),01_collection/build_undergrad_target_list.py GROUP_TIER/TIER_SLOTS(근거 미기록) | evaluation_data:gold_pair.jsonl:pair::100-73-2::10043-01-3::t0;gold_pair.jsonl:pair::100-73-2::10043-01-3::t1;gold_pair.jsonl:pair::100-73-2::10043-01-3::t2,9,9;28;34;56,,no_data,,MATCH,NOT_CHECKED,True,COLLECTED,UNSUPPORTED
101-39-3,ALPHA-METHYLCINNAMALDEHYDE,wave1,pool_supplement,wave1_topup,UNKNOWN(그룹 슬롯 자동 보충 — 물질 단위 개별 선정 근거 없음),01_collection/build_undergrad_target_list.py GROUP_TIER/TIER_SLOTS(근거 미기록) | evaluation_data:gold_pair.jsonl:pair::101-39-3::7439-89-6::t0;gold_pair.jsonl:pair::101-39-3::7439-89-6::t1;gold_pair.jsonl:pair::101-39-3::7439-89-6::t2,9,9;34;35,,no_data,,MATCH,NOT_CHECKED,True,COLLECTED,UNSUPPORTED
115-19-5,2-METHYL-2-HYDROXY-3-BUTYNE,wave1,pool_supplement,wave1_topup,UNKNOWN(그룹 슬롯 자동 보충 — 물질 단위 개별 선정 근거 없음),01_collection/build_undergrad_target_list.py GROUP_TIER/TIER_SLOTS(근거 미기록) | evaluation_data:gold_pair.jsonl:pair::115-19-5::12136-45-7::t0;gold_pair.jsonl:pair::115-19-5::12136-45-7::t1;gold_pair.jsonl:pair::115-19-5::12136-45-7::t2,10,8;10,,no_data,scarce_group:10,MATCH,NOT_CHECKED,True,COLLECTED,KEEP_COVERAGE
101-27-9,BARBAN,wave1,pool_supplement,wave1_topup,UNKNOWN(그룹 슬롯 자동 보충 — 물질 단위 개별 선정 근거 없음),01_collection/build_undergrad_target_list.py GROUP_TIER/TIER_SLOTS(근거 미기록) | evaluation_data:gold_pair.jsonl:pair::101-27-9::11138-49-1::t0;gold_pair.jsonl:pair::101-27-9::11138-49-1::t1;gold_pair.jsonl:pair::101-27-9::11138-49-1::t2,11,11;16;20;31,,combustible_reducing;metal;water,scarce_group:11;20,MATCH,NOT_CHECKED,True,COLLECTED,KEEP_COVERAGE
57-13-6,UREA,wave1,curated_curriculum,curriculum,커리큘럼 실사용 근거: 무기화학 / 완충/염기반응,01_collection/build_undergrad_target_list.py CURATED_LIST,12,12;19;43;60,,combustible_reducing;water,,MATCH,NOT_CHECKED,False,COLLECTED,KEEP_MANDATORY
101-20-2,TRICLOCARBAN,wave1,pool_supplement,wave1_topup,UNKNOWN(그룹 슬롯 자동 보충 — 물질 단위 개별 선정 근거 없음),01_collection/build_undergrad_target_list.py GROUP_TIER/TIER_SLOTS(근거 미기록) | evaluation_data:gold_pair.jsonl:pair::101-20-2::105-48-6::t0;gold_pair.jsonl:pair::101-20-2::105-48-6::t1;gold_pair.jsonl:pair::101-20-2::105-48-6::t2,12,12;13;16,,no_data,,MATCH,NOT_CHECKED,True,COLLECTED,UNSUPPORTED
100-01-6,"P-NITROANILINE, [SOLID]",wave1,pool_supplement,wave1_topup,UNKNOWN(그룹 슬롯 자동 보충 — 물질 단위 개별 선정 근거 없음),01_collection/build_undergrad_target_list.py GROUP_TIER/TIER_SLOTS(근거 미기록) | evaluation_data:gold_pair.jsonl:pair::100-01-6::121-17-5::t0;gold_pair.jsonl:pair::100-01-6::121-17-5::t1;gold_pair.jsonl:pair::100-01-6::121-17-5::t2,13,13;46,,metal,,MATCH,NOT_CHECKED,True,COLLECTED,UNSUPPORTED
100-15-2,N-METHYL-4-NITROANILINE,wave1,pool_supplement,wave1_topup,UNKNOWN(그룹 슬롯 자동 보충 — 물질 단위 개별 선정 근거 없음),01_collection/build_undergrad_target_list.py GROUP_TIER/TIER_SLOTS(근거 미기록) | evaluation_data:gold_pair.jsonl:pair::100-15-2::42615-29-2::t0;gold_pair.jsonl:pair::100-15-2::42615-29-2::t1;gold_pair.jsonl:pair::100-15-2::42615-29-2::t2,13,13;46,,metal,,MATCH,NOT_CHECKED,True,COLLECTED,UNSUPPORTED
100-22-1,"N,N,N&#39;,N&#39;-TETRAMETHYL-P-PHENYLENEDIAMINE",wave1,pool_supplement,wave1_topup,UNKNOWN(그룹 슬롯 자동 보충 — 물질 단위 개별 선정 근거 없음),01_collection/build_undergrad_target_list.py GROUP_TIER/TIER_SLOTS(근거 미기록) | evaluation_data:gold_pair.jsonl:pair::100-22-1::1313-82-2::t0;gold_pair.jsonl:pair::100-22-1::1313-82-2::t1;gold_pair.jsonl:pair::100-22-1::1313-82-2::t2,14,14,,combustible_reducing;metal;water,,MATCH,NOT_CHECKED,True,COLLECTED,UNSUPPORTED
108-24-7,ACETIC ANHYDRIDE,wave1,curated_curriculum,curriculum,커리큘럼 실사용 근거: 유기화학 / 아세틸화 반응(발열주의),01_collection/build_undergrad_target_list.py CURATED_LIST | evaluation_data:gold_pair.jsonl:pair::108-24-7::60-00-4::t0;gold_pair.jsonl:pair::108-24-7::60-00-4::t1;gold_pair.jsonl:pair::108-24-7::60-00-4::t2,15,15,,combustible_reducing;metal;water,,MATCH,NOT_CHECKED,True,COLLECTED,KEEP_MANDATORY
106-31-0,BUTYRIC ANHYDRIDE,wave1,pool_supplement,wave1_topup,UNKNOWN(그룹 슬롯 자동 보충 — 물질 단위 개별 선정 근거 없음),01_collection/build_undergrad_target_list.py GROUP_TIER/TIER_SLOTS(근거 미기록) | evaluation_data:gold_pair.jsonl:pair::106-31-0::114-49-8::t0;gold_pair.jsonl:pair::106-31-0::114-49-8::t1;gold_pair.jsonl:pair::106-31-0::114-49-8::t2,15,15,,metal;water,,MATCH,NOT_CHECKED,True,COLLECTED,UNSUPPORTED
100-00-5,P-NITROCHLOROBENZENE,wave1,pool_supplement,wave1_topup,UNKNOWN(그룹 슬롯 자동 보충 — 물질 단위 개별 선정 근거 없음),01_collection/build_undergrad_target_list.py GROUP_TIER/TIER_SLOTS(근거 미기록) | evaluation_data:gold_pair.jsonl:pair::100-00-5::7772-98-7::t0;gold_pair.jsonl:pair::100-00-5::7772-98-7::t1;gold_pair.jsonl:pair::100-00-5::7772-98-7::t2,16,16;46,,no_data,,MATCH,NOT_CHECKED,True,COLLECTED,UNSUPPORTED
101-05-3,ANILAZINE,wave1,pool_supplement,wave1_topup,UNKNOWN(그룹 슬롯 자동 보충 — 물질 단위 개별 선정 근거 없음),01_collection/build_undergrad_target_list.py GROUP_TIER/TIER_SLOTS(근거 미기록) | evaluation_data:gold_pair.jsonl:pair::101-05-3::106-51-4::t0;gold_pair.jsonl:pair::101-05-3::106-51-4::t1;gold_pair.jsonl:pair::101-05-3::106-51-4::t2,16,14;16,,no_data,,MATCH,NOT_CHECKED,True,COLLECTED,UNSUPPORTED
100-16-3,"4-NITROPHENYLHYDRAZINE, [WETTED WITH NOT LESS THAN 30% WATER BY MASS]",wave1,pool_supplement,wave1_topup,UNKNOWN(그룹 슬롯 자동 보충 — 물질 단위 개별 선정 근거 없음),01_collection/build_undergrad_target_list.py GROUP_TIER/TIER_SLOTS(근거 미기록) | evaluation_data:gold_pair.jsonl:pair::100-16-3::10039-54-0::t0;gold_pair.jsonl:pair::100-16-3::10039-54-0::t1;gold_pair.jsonl:pair::100-16-3::10039-54-0::t2,17,17;46;68,water,,,MATCH,NOT_CHECKED,True,COLLECTED,UNSUPPORTED
1310-58-3,"POTASSIUM HYDROXIDE, SOLUTION",wave1,curated_curriculum,curriculum,커리큘럼 실사용 근거: 일반화학 / 적정/전해질,01_collection/build_undergrad_target_list.py CURATED_LIST | evaluation_data:gold_pair.jsonl:pair::1310-58-3::7786-81-4::t0;gold_pair.jsonl:pair::1310-58-3::7786-81-4::t1;gold_pair.jsonl:pair::1310-58-3::7786-81-4::t2,18,18;68,water,combustible_reducing;metal;water,,MATCH,NOT_CHECKED,True,COLLECTED,KEEP_MANDATORY
1310-73-2,SODIUM HYDROXIDE SOLUTION,wave1,curated_curriculum,curriculum,커리큘럼 실사용 근거: 일반화학 / 적정/비누화,01_collection/build_undergrad_target_list.py CURATED_LIST | evaluation_data:gold_pair.jsonl:pair::101-68-8::1310-73-2::t0;gold_pair.jsonl:pair::101-68-8::1310-73-2::t1;gold_pair.jsonl:pair::101-68-8::1310-73-2::t2,18,18;39;68,water,combustible_reducing;metal;water,,MATCH,NOT_CHECKED,True,COLLECTED,KEEP_MANDATORY
12136-45-7,POTASSIUM MONOXIDE,wave1,pool_replacement,wave1_topup,원 후보가 KOSHA 미등록이라 같은 그룹 내 다음 후보로 자동 대체,01_collection/backfill_group_replacements.py | evaluation_data:gold_pair.jsonl:pair::115-19-5::12136-45-7::t0;gold_pair.jsonl:pair::115-19-5::12136-45-7::t1;gold_pair.jsonl:pair::115-19-5::12136-45-7::t2,18,18,,combustible_reducing;metal;water,,MATCH,NOT_CHECKED,True,COLLECTED,REVIEW
100-57-2,PHENYLMERCURIC HYDROXIDE,wave1,pool_supplement,wave1_topup,UNKNOWN(그룹 슬롯 자동 보충 — 물질 단위 개별 선정 근거 없음),01_collection/build_undergrad_target_list.py GROUP_TIER/TIER_SLOTS(근거 미기록) | evaluation_data:gold_pair.jsonl:pair::100-57-2::101-27-9::t0;gold_pair.jsonl:pair::100-57-2::101-27-9::t1;gold_pair.jsonl:pair::100-57-2::101-27-9::t2,18,18;49,,no_data,,MATCH,NOT_CHECKED,True,COLLECTED,UNSUPPORTED
11138-49-1,"SODIUM ALUMINATE, SOLUTION",wave1,pool_supplement,wave1_topup,UNKNOWN(그룹 슬롯 자동 보충 — 물질 단위 개별 선정 근거 없음),01_collection/build_undergrad_target_list.py GROUP_TIER/TIER_SLOTS(근거 미기록) | evaluation_data:gold_pair.jsonl:pair::101-27-9::11138-49-1::t0;gold_pair.jsonl:pair::101-27-9::11138-49-1::t1;gold_pair.jsonl:pair::101-27-9::11138-49-1::t2,18,18;68,water,combustible_reducing;water,,MATCH,NOT_CHECKED,True,COLLECTED,UNSUPPORTED
12030-88-5,POTASSIUM SUPEROXIDE,wave1,pool_supplement,wave1_topup,UNKNOWN(그룹 슬롯 자동 보충 — 물질 단위 개별 선정 근거 없음),01_collection/build_undergrad_target_list.py GROUP_TIER/TIER_SLOTS(근거 미기록) | evaluation_data:gold_pair.jsonl:pair::12030-88-5::1317-65-3::t0;gold_pair.jsonl:pair::12030-88-5::1317-65-3::t1;gold_pair.jsonl:pair::12030-88-5::1317-65-3::t2,18,18;50,oxidizer,combustible_reducing;water,,MATCH,NOT_CHECKED,True,COLLECTED,UNSUPPORTED
12031-80-0,LITHIUM PEROXIDE,wave1,pool_supplement,wave1_topup,UNKNOWN(그룹 슬롯 자동 보충 — 물질 단위 개별 선정 근거 없음),01_collection/build_undergrad_target_list.py GROUP_TIER/TIER_SLOTS(근거 미기록) | evaluation_data:gold_retrieval.jsonl:ans::I16::12031-80-0;gold_retrieval.jsonl:ans::J08::12031-80-0;gold_abstain.jsonl:no_::I20::12031-80-0,18,18;50,oxidizer,combustible_reducing;water,,MATCH,NOT_CHECKED,True,COLLECTED,UNSUPPORTED
1336-21-6,AMMONIUM HYDROXIDE,wave1,curated_curriculum,curriculum,커리큘럼 실사용 근거: 일반화학 / 착물형성/완충,01_collection/build_undergrad_target_list.py CURATED_LIST | evaluation_data:gold_pair.jsonl:pair::1024-57-3::1336-21-6::t0;gold_pair.jsonl:pair::1024-57-3::1336-21-6::t1;gold_pair.jsonl:pair::1024-57-3::1336-21-6::t2,19,19;68,water,combustible_reducing;metal;water,,MATCH,NOT_CHECKED,True,COLLECTED,KEEP_MANDATORY
12124-99-1,"AMMONIUM HYDROSULFIDE, SOLUTION",wave1,pool_supplement,wave1_topup,UNKNOWN(그룹 슬롯 자동 보충 — 물질 단위 개별 선정 근거 없음),01_collection/build_undergrad_target_list.py GROUP_TIER/TIER_SLOTS(근거 미기록) | evaluation_data:gold_pair.jsonl:pair::12057-74-8::12124-99-1::t0;gold_pair.jsonl:pair::12057-74-8::12124-99-1::t1;gold_pair.jsonl:pair::12057-74-8::12124-99-1::t2,19,18;19;63;68,water,no_data,,MATCH,NOT_CHECKED,True,COLLECTED,UNSUPPORTED
1305-62-0,CALCIUM HYDROXIDE,wave1,pool_supplement,wave1_topup,UNKNOWN(그룹 슬롯 자동 보충 — 물질 단위 개별 선정 근거 없음),01_collection/build_undergrad_target_list.py GROUP_TIER/TIER_SLOTS(근거 미기록) | evaluation_data:gold_pair.jsonl:pair::1191-80-6::1305-62-0::t0;gold_pair.jsonl:pair::1191-80-6::1305-62-0::t1;gold_pair.jsonl:pair::1191-80-6::1305-62-0::t2,19,19,,combustible_reducing;water,,MATCH,NOT_CHECKED,True,COLLECTED,UNSUPPORTED
1310-61-8,POTASSIUM HYDROSULFIDE,wave1,pool_supplement,wave1_topup,UNKNOWN(그룹 슬롯 자동 보충 — 물질 단위 개별 선정 근거 없음),01_collection/build_undergrad_target_list.py GROUP_TIER/TIER_SLOTS(근거 미기록) | evaluation_data:gold_pair.jsonl:pair::101-20-2::1310-61-8::t0;gold_pair.jsonl:pair::101-20-2::1310-61-8::t1;gold_pair.jsonl:pair::101-20-2::1310-61-8::t2,19,19;63,,water,,MATCH,NOT_CHECKED,True,COLLECTED,UNSUPPORTED
1313-82-2,"SODIUM SULFIDE, ANHYDROUS",wave1,pool_supplement,wave1_topup,UNKNOWN(그룹 슬롯 자동 보충 — 물질 단위 개별 선정 근거 없음),01_collection/build_undergrad_target_list.py GROUP_TIER/TIER_SLOTS(근거 미기록) | evaluation_data:gold_pair.jsonl:pair::100-22-1::1313-82-2::t0;gold_pair.jsonl:pair::100-22-1::1313-82-2::t1;gold_pair.jsonl:pair::100-22-1::1313-82-2::t2,19,19;63;68,water,water,,MATCH,NOT_CHECKED,True,COLLECTED,UNSUPPORTED
13983-17-0,WOLLASTONITE,wave1,pool_supplement,wave1_topup,UNKNOWN(그룹 슬롯 자동 보충 — 물질 단위 개별 선정 근거 없음),01_collection/build_undergrad_target_list.py GROUP_TIER/TIER_SLOTS(근거 미기록) | evaluation_data:gold_pair.jsonl:pair::13983-17-0::7722-64-7::t0;gold_pair.jsonl:pair::13983-17-0::7722-64-7::t1;gold_pair.jsonl:pair::13983-17-0::7722-64-7::t2,19,19;61;62,,combustible_reducing;water,scarce_group:62,MATCH,NOT_CHECKED,True,COLLECTED,KEEP_COVERAGE
143-33-9,SODIUM CYANIDE,wave1,pool_topup,wave1_topup,UNKNOWN(그룹 슬롯 자동 보충 — 물질 단위 개별 선정 근거 없음),01_collection/build_undergrad_target_list.py GROUP_TIER/TIER_SLOTS(근거 미기록) | evaluation_data:gold_pair.jsonl:pair::143-33-9::1762-95-4::t0;gold_pair.jsonl:pair::143-33-9::1762-95-4::t1;gold_pair.jsonl:pair::143-33-9::1762-95-4::t2,19,19;24;68,water,metal;water,,MATCH,NOT_CHECKED,True,COLLECTED,UNSUPPORTED
7664-41-7,AMMONIA,reactive_basics,reactive_basics_tier2,section10_empirical,§10 전수조사(197종) 실측 1순위 반응 상대(물 등) 기본물질 보강,docs/decisions.md §1.2a-upd,19,19;68,water,water,,NOT_IN_REPORT,NOT_CHECKED,False,COLLECTED,KEEP_EMPIRICAL
101-21-3,ISOPROPYL-N-(3-CHLOROPHENYL)CARBAMATE,wave1,pool_supplement,wave1_topup,UNKNOWN(그룹 슬롯 자동 보충 — 물질 단위 개별 선정 근거 없음),01_collection/build_undergrad_target_list.py GROUP_TIER/TIER_SLOTS(근거 미기록) | evaluation_data:gold_pair.jsonl:pair::101-21-3::12136-45-7::t0;gold_pair.jsonl:pair::101-21-3::12136-45-7::t1;gold_pair.jsonl:pair::101-21-3::12136-45-7::t2,20,16;20,,no_data,scarce_group:20,MATCH,NOT_CHECKED,True,COLLECTED,KEEP_COVERAGE
506-87-6,AMMONIUM CARBONATE,wave1,pool_replacement,wave1_topup,원 후보가 KOSHA 미등록이라 같은 그룹 내 다음 후보로 자동 대체,01_collection/backfill_group_replacements.py | evaluation_data:gold_pair.jsonl:pair::10026-11-6::506-87-6::t0;gold_pair.jsonl:pair::10026-11-6::506-87-6::t1;gold_pair.jsonl:pair::10026-11-6::506-87-6::t2,21,21;60,,combustible_reducing;water,,MATCH,NOT_CHECKED,True,COLLECTED,REVIEW
1066-33-7,AMMONIUM BICARBONATE,wave1,pool_supplement,wave1_topup,UNKNOWN(그룹 슬롯 자동 보충 — 물질 단위 개별 선정 근거 없음),01_collection/build_undergrad_target_list.py GROUP_TIER/TIER_SLOTS(근거 미기록) | evaluation_data:gold_pair.jsonl:pair::10025-91-9::1066-33-7::t0;gold_pair.jsonl:pair::10025-91-9::1066-33-7::t1;gold_pair.jsonl:pair::10025-91-9::1066-33-7::t2,21,21;61,,combustible_reducing;water,,MATCH,NOT_CHECKED,True,COLLECTED,UNSUPPORTED
1317-65-3,LIMESTONE,wave1,pool_supplement,wave1_topup,UNKNOWN(그룹 슬롯 자동 보충 — 물질 단위 개별 선정 근거 없음),01_collection/build_undergrad_target_list.py GROUP_TIER/TIER_SLOTS(근거 미기록) | evaluation_data:gold_pair.jsonl:pair::1317-65-3::132259-10-0::t0;gold_pair.jsonl:pair::1317-65-3::132259-10-0::t1;gold_pair.jsonl:pair::1317-65-3::132259-10-0::t2,21,21,,combustible_reducing;water,,ERROR,NOT_CHECKED,True,COLLECTED,UNSUPPORTED
144-55-8,SODIUM BICARBONATE,wave1,pool_supplement,wave1_topup,UNKNOWN(그룹 슬롯 자동 보충 — 물질 단위 개별 선정 근거 없음),01_collection/build_undergrad_target_list.py GROUP_TIER/TIER_SLOTS(근거 미기록) | evaluation_data:gold_pair.jsonl:pair::13007-92-6::144-55-8::t0;gold_pair.jsonl:pair::13007-92-6::144-55-8::t1;gold_pair.jsonl:pair::13007-92-6::144-55-8::t2,21,21,,combustible_reducing;water,,MATCH,NOT_CHECKED,True,COLLECTED,UNSUPPORTED
15630-89-4,SODIUM PERCARBONATE,wave1,pool_supplement,wave1_topup,UNKNOWN(그룹 슬롯 자동 보충 — 물질 단위 개별 선정 근거 없음),01_collection/build_undergrad_target_list.py GROUP_TIER/TIER_SLOTS(근거 미기록) | evaluation_data:gold_pair.jsonl:pair::101-02-0::15630-89-4::t0;gold_pair.jsonl:pair::101-02-0::15630-89-4::t1;gold_pair.jsonl:pair::101-02-0::15630-89-4::t2,21,21;50;61,oxidizer,combustible_reducing;water,,MATCH,NOT_CHECKED,True,COLLECTED,UNSUPPORTED
3486-35-9,ZINC CARBONATE,wave1,pool_supplement,wave1_topup,UNKNOWN(그룹 슬롯 자동 보충 — 물질 단위 개별 선정 근거 없음),01_collection/build_undergrad_target_list.py GROUP_TIER/TIER_SLOTS(근거 미기록) | evaluation_data:gold_pair.jsonl:pair::3486-35-9::7761-88-8::t0;gold_pair.jsonl:pair::3486-35-9::7761-88-8::t1;gold_pair.jsonl:pair::3486-35-9::7761-88-8::t2,21,21,,no_data,,MATCH,NOT_CHECKED,True,COLLECTED,UNSUPPORTED
471-34-1,CALCIUM CARBONATE,wave1,pool_topup,wave1_topup,UNKNOWN(그룹 슬롯 자동 보충 — 물질 단위 개별 선정 근거 없음),01_collection/build_undergrad_target_list.py GROUP_TIER/TIER_SLOTS(근거 미기록) | evaluation_data:gold_pair.jsonl:pair::471-34-1::7440-25-7::t0;gold_pair.jsonl:pair::471-34-1::7440-25-7::t1;gold_pair.jsonl:pair::471-34-1::7440-25-7::t2,21,21,,combustible_reducing;water,,MATCH,NOT_CHECKED,True,COLLECTED,UNSUPPORTED
1558-25-4,TRICHLORO(CHLOROMETHYL)SILANE,wave1,pool_replacement,wave1_topup,원 후보가 KOSHA 미등록이라 같은 그룹 내 다음 후보로 자동 대체,01_collection/backfill_group_replacements.py | evaluation_data:gold_retrieval.jsonl:ans::J08::1558-25-4;gold_abstain.jsonl:no_::B02::1558-25-4;gold_abstain.jsonl:no_::B0404::1558-25-4,22,22;31,,combustible_reducing;water,scarce_group:22,MATCH,NOT_CHECKED,True,COLLECTED,KEEP_COVERAGE
110-16-7,MALEIC ACID,wave1,pool_supplement,wave1_topup,UNKNOWN(그룹 슬롯 자동 보충 — 물질 단위 개별 선정 근거 없음),01_collection/build_undergrad_target_list.py GROUP_TIER/TIER_SLOTS(근거 미기록) | evaluation_data:gold_pair.jsonl:pair::106-31-0::110-16-7::t0;gold_pair.jsonl:pair::106-31-0::110-16-7::t1;gold_pair.jsonl:pair::106-31-0::110-16-7::t2,23,2;23;34,,combustible_reducing;water,scarce_group:23,MATCH,NOT_CHECKED,True,COLLECTED,KEEP_COVERAGE
1335-31-5,MERCURIC OXYCYANIDE,wave1,pool_supplement,wave1_topup,UNKNOWN(그룹 슬롯 자동 보충 — 물질 단위 개별 선정 근거 없음),01_collection/build_undergrad_target_list.py GROUP_TIER/TIER_SLOTS(근거 미기록) | evaluation_data:gold_pair.jsonl:pair::1335-31-5::16940-66-2::t0;gold_pair.jsonl:pair::1335-31-5::16940-66-2::t1;gold_pair.jsonl:pair::1335-31-5::16940-66-2::t2,24,24,,no_data,,MATCH,NOT_CHECKED,True,COLLECTED,UNSUPPORTED
101-90-6,DIGLYCIDYL RESORCINOL ETHER,wave1,pool_supplement,wave1_topup,UNKNOWN(그룹 슬롯 자동 보충 — 물질 단위 개별 선정 근거 없음),01_collection/build_undergrad_target_list.py GROUP_TIER/TIER_SLOTS(근거 미기록) | evaluation_data:gold_pair.jsonl:pair::101-90-6::1344-00-9::t0;gold_pair.jsonl:pair::101-90-6::1344-00-9::t1;gold_pair.jsonl:pair::101-90-6::1344-00-9::t2,26,26;28;35,,combustible_reducing;water,,MATCH,NOT_CHECKED,True,COLLECTED,UNSUPPORTED
105-79-3,ISOBUTYL CAPROATE,wave1,pool_replacement_v2,wave1_topup,원 후보가 KOSHA 미등록이라 같은 그룹 내 다음 후보로 자동 대체,01_collection/backfill_group_replacements.py | evaluation_data:gold_pair.jsonl:pair::105-79-3::7705-08-0::t0;gold_pair.jsonl:pair::105-79-3::7705-08-0::t1;gold_pair.jsonl:pair::105-79-3::7705-08-0::t2,27,27,,combustible_reducing;water,,MATCH,NOT_CHECKED,True,COLLECTED,REVIEW
10031-87-5,2-ETHYLBUTYL ACETATE,wave1,pool_supplement,wave1_topup,UNKNOWN(그룹 슬롯 자동 보충 — 물질 단위 개별 선정 근거 없음),01_collection/build_undergrad_target_list.py GROUP_TIER/TIER_SLOTS(근거 미기록) | evaluation_data:gold_pair.jsonl:pair::10025-91-9::10031-87-5::t0;gold_pair.jsonl:pair::10025-91-9::10031-87-5::t1;gold_pair.jsonl:pair::10025-91-9::10031-87-5::t2,27,27,,no_data,,MATCH,NOT_CHECKED,True,COLLECTED,UNSUPPORTED
102-16-9,BENZYL PHENYLACETATE,wave1,pool_supplement,wave1_topup,UNKNOWN(그룹 슬롯 자동 보충 — 물질 단위 개별 선정 근거 없음),01_collection/build_undergrad_target_list.py GROUP_TIER/TIER_SLOTS(근거 미기록) | evaluation_data:gold_pair.jsonl:pair::102-16-9::13774-25-9::t0;gold_pair.jsonl:pair::102-16-9::13774-25-9::t1;gold_pair.jsonl:pair::102-16-9::13774-25-9::t2,27,27,,no_data,,MATCH,NOT_CHECKED,True,COLLECTED,UNSUPPORTED
103-09-3,ETHYLHEXYL ACETATE,wave1,pool_supplement,wave1_topup,UNKNOWN(그룹 슬롯 자동 보충 — 물질 단위 개별 선정 근거 없음),01_collection/build_undergrad_target_list.py GROUP_TIER/TIER_SLOTS(근거 미기록) | evaluation_data:gold_pair.jsonl:pair::103-09-3::7440-25-7::t0;gold_pair.jsonl:pair::103-09-3::7440-25-7::t1;gold_pair.jsonl:pair::103-09-3::7440-25-7::t2,27,27,,no_data,,MATCH,NOT_CHECKED,True,COLLECTED,UNSUPPORTED
103-23-1,BIS(2-ETHYLHEXYL) ADIPATE,wave1,pool_supplement,wave1_topup,UNKNOWN(그룹 슬롯 자동 보충 — 물질 단위 개별 선정 근거 없음),01_collection/build_undergrad_target_list.py GROUP_TIER/TIER_SLOTS(근거 미기록) | evaluation_data:gold_pair.jsonl:pair::103-23-1::1066-33-7::t0;gold_pair.jsonl:pair::103-23-1::1066-33-7::t1;gold_pair.jsonl:pair::103-23-1::1066-33-7::t2,27,27,,combustible_reducing;water,,MATCH,NOT_CHECKED,True,COLLECTED,UNSUPPORTED
1031-07-8,ENDOSULFAN SULFATE,wave1,pool_supplement,wave1_topup,UNKNOWN(그룹 슬롯 자동 보충 — 물질 단위 개별 선정 근거 없음),01_collection/build_undergrad_target_list.py GROUP_TIER/TIER_SLOTS(근거 미기록) | evaluation_data:gold_pair.jsonl:pair::1031-07-8::107-35-7::t0;gold_pair.jsonl:pair::1031-07-8::107-35-7::t1;gold_pair.jsonl:pair::1031-07-8::107-35-7::t2,27,27;31;34,,no_data,,MATCH,NOT_CHECKED,True,COLLECTED,UNSUPPORTED
1031-47-6,TRIAMIPHOS,wave1,pool_topup,wave1_topup,UNKNOWN(그룹 슬롯 자동 보충 — 물질 단위 개별 선정 근거 없음),01_collection/build_undergrad_target_list.py GROUP_TIER/TIER_SLOTS(근거 미기록) | evaluation_data:gold_pair_abstain.jsonl:pair::1031-47-6::3486-35-9::t0;gold_pair_abstain.jsonl:pair::1031-47-6::3486-35-9::t1;gold_pair_abstain.jsonl:pair::1031-47-6::3486-35-9::t2,27,14;17;27,,no_data,,MATCH,NOT_CHECKED,True,COLLECTED,UNSUPPORTED
60-29-7,ETHYL ETHER,wave1,curated_curriculum,curriculum,커리큘럼 실사용 근거: 유기화학 / 추출 용매(과산화물 형성주의),01_collection/build_undergrad_target_list.py CURATED_LIST | evaluation_data:gold_pair.jsonl:pair::16940-66-2::60-29-7::t0;gold_pair.jsonl:pair::16940-66-2::60-29-7::t1;gold_pair.jsonl:pair::16940-66-2::60-29-7::t2,28,28,,no_data,,MATCH,NOT_CHECKED,True,COLLECTED,KEEP_MANDATORY
104-46-1,ANETHOLE,wave1,pool_replacement,wave1_topup,원 후보가 KOSHA 미등록이라 같은 그룹 내 다음 후보로 자동 대체,01_collection/backfill_group_replacements.py | evaluation_data:gold_pair.jsonl:pair::104-46-1::110-16-7::t0;gold_pair.jsonl:pair::104-46-1::110-16-7::t1;gold_pair.jsonl:pair::104-46-1::110-16-7::t2,28,28;34,,no_data,,MATCH,NOT_CHECKED,True,COLLECTED,REVIEW
108-60-1,BIS(2-CHLORO-1-METHYLETHYL)ETHER,wave1,pool_replacement,wave1_topup,원 후보가 KOSHA 미등록이라 같은 그룹 내 다음 후보로 자동 대체,01_collection/backfill_group_replacements.py | evaluation_data:gold_pair.jsonl:pair::108-60-1::7722-84-1::t0;gold_pair.jsonl:pair::108-60-1::7722-84-1::t1;gold_pair.jsonl:pair::108-60-1::7722-84-1::t2,28,28;31,,metal,,MATCH,NOT_CHECKED,True,COLLECTED,REVIEW
109-53-5,VINYL ISOBUTYL ETHER,wave1,pool_replacement,wave1_topup,원 후보가 KOSHA 미등록이라 같은 그룹 내 다음 후보로 자동 대체,01_collection/backfill_group_replacements.py | evaluation_data:gold_pair.jsonl:pair::103-80-0::109-53-5::t0;gold_pair.jsonl:pair::103-80-0::109-53-5::t1;gold_pair.jsonl:pair::103-80-0::109-53-5::t2,28,28;34;56,,no_data,,MATCH,NOT_CHECKED,True,COLLECTED,REVIEW
109-59-1,ETHYLENE GLYCOL ISOPROPYL ETHER,wave1,pool_replacement_v2,wave1_topup,원 후보가 KOSHA 미등록이라 같은 그룹 내 다음 후보로 자동 대체,01_collection/backfill_group_replacements.py | evaluation_data:gold_pair.jsonl:pair::10118-76-0::109-59-1::t0;gold_pair.jsonl:pair::10118-76-0::109-59-1::t1;gold_pair.jsonl:pair::10118-76-0::109-59-1::t2,28,8;28,,no_data,,MATCH,NOT_CHECKED,True,COLLECTED,REVIEW
101-80-4,"4,4&#39;-DIAMINODIPHENYL ETHER",wave1,pool_supplement,wave1_topup,UNKNOWN(그룹 슬롯 자동 보충 — 물질 단위 개별 선정 근거 없음),01_collection/build_undergrad_target_list.py GROUP_TIER/TIER_SLOTS(근거 미기록) | evaluation_data:gold_pair.jsonl:pair::101-80-4::143-33-9::t0;gold_pair.jsonl:pair::101-80-4::143-33-9::t1;gold_pair.jsonl:pair::101-80-4::143-33-9::t2,28,13;28,,no_data,,MATCH,NOT_CHECKED,True,COLLECTED,UNSUPPORTED
103-50-4,DIBENZYL ETHER,wave1,pool_supplement,wave1_topup,UNKNOWN(그룹 슬롯 자동 보충 — 물질 단위 개별 선정 근거 없음),01_collection/build_undergrad_target_list.py GROUP_TIER/TIER_SLOTS(근거 미기록) | evaluation_data:gold_pair.jsonl:pair::103-50-4::13718-59-7::t0;gold_pair.jsonl:pair::103-50-4::13718-59-7::t1;gold_pair.jsonl:pair::103-50-4::13718-59-7::t2,28,28,,no_data,,MATCH,NOT_CHECKED,True,COLLECTED,UNSUPPORTED
12125-01-8,AMMONIUM FLUORIDE,wave1,pool_supplement,wave1_topup,UNKNOWN(그룹 슬롯 자동 보충 — 물질 단위 개별 선정 근거 없음),01_collection/build_undergrad_target_list.py GROUP_TIER/TIER_SLOTS(근거 미기록) | evaluation_data:gold_pair.jsonl:pair::10361-37-2::12125-01-8::t0;gold_pair.jsonl:pair::10361-37-2::12125-01-8::t1;gold_pair.jsonl:pair::10361-37-2::12125-01-8::t2,29,29;60,,combustible_reducing;metal;water,,MATCH,NOT_CHECKED,True,COLLECTED,UNSUPPORTED
1333-83-1,"SODIUM BIFLUORIDE, SOLID",wave1,pool_supplement,wave1_topup,UNKNOWN(그룹 슬롯 자동 보충 — 물질 단위 개별 선정 근거 없음),01_collection/build_undergrad_target_list.py GROUP_TIER/TIER_SLOTS(근거 미기록) | evaluation_data:gold_retrieval.jsonl:ans::B040808::1333-83-1;gold_retrieval.jsonl:ans::I0202::1333-83-1;gold_retrieval.jsonl:ans::I0204::1333-83-1,29,29;60;68,water,combustible_reducing;metal;water,,MATCH,NOT_CHECKED,True,COLLECTED,UNSUPPORTED
121-17-5,3-NITRO-4-CHLOROBENZOTRIFLUORIDE,wave1,pool_replacement,wave1_topup,원 후보가 KOSHA 미등록이라 같은 그룹 내 다음 후보로 자동 대체,01_collection/backfill_group_replacements.py | evaluation_data:gold_pair.jsonl:pair::10026-17-2::121-17-5::t0;gold_pair.jsonl:pair::10026-17-2::121-17-5::t1;gold_pair.jsonl:pair::10026-17-2::121-17-5::t2,30,16;30;46,,no_data,scarce_group:30,MATCH,NOT_CHECKED,True,COLLECTED,KEEP_COVERAGE
107-04-0,1-CHLORO-2-BROMOETHANE,wave1,pool_replacement,wave1_topup,원 후보가 KOSHA 미등록이라 같은 그룹 내 다음 후보로 자동 대체,01_collection/backfill_group_replacements.py | evaluation_data:gold_pair.jsonl:pair::107-04-0::1304-82-1::t0;gold_pair.jsonl:pair::107-04-0::1304-82-1::t1;gold_pair.jsonl:pair::107-04-0::1304-82-1::t2,31,31,,metal,,MATCH,NOT_CHECKED,True,COLLECTED,REVIEW
107-81-3,2-BROMOPENTANE,wave1,pool_replacement_v2,wave1_topup,원 후보가 KOSHA 미등록이라 같은 그룹 내 다음 후보로 자동 대체,01_collection/backfill_group_replacements.py | evaluation_data:gold_pair.jsonl:pair::10034-82-9::107-81-3::t0;gold_pair.jsonl:pair::10034-82-9::107-81-3::t1;gold_pair.jsonl:pair::10034-82-9::107-81-3::t2,31,31,,,,MATCH,NOT_CHECKED,True,COLLECTED,REVIEW
100-14-1,"BENZENE, 1-(CHLOROMETHYL)-4-NITRO-",wave1,pool_supplement,wave1_topup,UNKNOWN(그룹 슬롯 자동 보충 — 물질 단위 개별 선정 근거 없음),01_collection/build_undergrad_target_list.py GROUP_TIER/TIER_SLOTS(근거 미기록) | evaluation_data:gold_pair_abstain.jsonl:pair::100-14-1::10101-63-0::t0;gold_pair_abstain.jsonl:pair::100-14-1::10101-63-0::t1;gold_pair_abstain.jsonl:pair::100-14-1::10101-63-0::t2,31,31;46,,no_data,,MATCH,NOT_CHECKED,True,COLLECTED,UNSUPPORTED
10222-01-2,"2,2-DIBROMO-3-NITRILOPROPIONAMIDE",wave1,pool_supplement,wave1_topup,UNKNOWN(그룹 슬롯 자동 보충 — 물질 단위 개별 선정 근거 없음),01_collection/build_undergrad_target_list.py GROUP_TIER/TIER_SLOTS(근거 미기록) | evaluation_data:gold_pair.jsonl:pair::10222-01-2::7786-81-4::t0;gold_pair.jsonl:pair::10222-01-2::7786-81-4::t1;gold_pair.jsonl:pair::10222-01-2::7786-81-4::t2,31,12;31;45,,no_data,,MATCH,NOT_CHECKED,True,COLLECTED,UNSUPPORTED
1024-57-3,HEPTACHLOR EPOXIDE,wave1,pool_supplement,wave1_topup,UNKNOWN(그룹 슬롯 자동 보충 — 물질 단위 개별 선정 근거 없음),01_collection/build_undergrad_target_list.py GROUP_TIER/TIER_SLOTS(근거 미기록) | evaluation_data:gold_pair.jsonl:pair::1024-57-3::1336-21-6::t0;gold_pair.jsonl:pair::1024-57-3::1336-21-6::t1;gold_pair.jsonl:pair::1024-57-3::1336-21-6::t2,31,26;31;34,,no_data,,MATCH,NOT_CHECKED,True,COLLECTED,UNSUPPORTED
10311-84-9,DIALIFOR,wave1,pool_supplement,wave1_topup,UNKNOWN(그룹 슬롯 자동 보충 — 물질 단위 개별 선정 근거 없음),01_collection/build_undergrad_target_list.py GROUP_TIER/TIER_SLOTS(근거 미기록) | evaluation_data:gold_pair.jsonl:pair::10311-84-9::119-53-9::t0;gold_pair.jsonl:pair::10311-84-9::119-53-9::t1;gold_pair.jsonl:pair::10311-84-9::119-53-9::t2,31,12;27;31,,no_data,,MATCH,NOT_CHECKED,True,COLLECTED,UNSUPPORTED
105-48-6,ISOPROPYL CHLOROACETATE,wave1,pool_topup,wave1_topup,UNKNOWN(그룹 슬롯 자동 보충 — 물질 단위 개별 선정 근거 없음),01_collection/build_undergrad_target_list.py GROUP_TIER/TIER_SLOTS(근거 미기록) | evaluation_data:gold_pair.jsonl:pair::101-20-2::105-48-6::t0;gold_pair.jsonl:pair::101-20-2::105-48-6::t1;gold_pair.jsonl:pair::101-20-2::105-48-6::t2,31,27;31,,metal;water,,MATCH,NOT_CHECKED,True,COLLECTED,UNSUPPORTED
10241-05-1,MOLYBDENUM PENTACHLORIDE,wave1,pool_supplement,wave1_topup,UNKNOWN(그룹 슬롯 자동 보충 — 물질 단위 개별 선정 근거 없음),01_collection/build_undergrad_target_list.py GROUP_TIER/TIER_SLOTS(근거 미기록) | evaluation_data:gold_pair.jsonl:pair::10026-06-9::10241-05-1::t0;gold_pair.jsonl:pair::10026-06-9::10241-05-1::t1;gold_pair.jsonl:pair::10026-06-9::10241-05-1::t2,32,32,,metal;water,,MATCH,NOT_CHECKED,True,COLLECTED,UNSUPPORTED
118-52-5,"1,3-DICHLORO-5,5-DIMETHYLHYDANTOIN",wave1,pool_supplement,wave1_topup,UNKNOWN(그룹 슬롯 자동 보충 — 물질 단위 개별 선정 근거 없음),01_collection/build_undergrad_target_list.py GROUP_TIER/TIER_SLOTS(근거 미기록) | evaluation_data:gold_pair.jsonl:pair::100-07-2::118-52-5::t0;gold_pair.jsonl:pair::100-07-2::118-52-5::t1;gold_pair.jsonl:pair::100-07-2::118-52-5::t2,32,7;32;50,oxidizer,combustible_reducing;water,,MATCH,NOT_CHECKED,True,COLLECTED,UNSUPPORTED
110-54-3,HEXANE,wave1,curated_curriculum,curriculum,커리큘럼 실사용 근거: 유기화학 / 추출 용매,01_collection/build_undergrad_target_list.py CURATED_LIST | evaluation_data:gold_pair.jsonl:pair::110-54-3::7439-89-6::t0;gold_pair.jsonl:pair::110-54-3::7439-89-6::t1;gold_pair.jsonl:pair::110-54-3::7439-89-6::t2,33,33,,no_data,,MATCH,NOT_CHECKED,True,COLLECTED,KEEP_MANDATORY
112-95-8,N-EICOSANE,wave1,pool_supplement,wave1_topup,UNKNOWN(그룹 슬롯 자동 보충 — 물질 단위 개별 선정 근거 없음),01_collection/build_undergrad_target_list.py GROUP_TIER/TIER_SLOTS(근거 미기록) | evaluation_data:gold_pair.jsonl:pair::10025-91-9::112-95-8::t0;gold_pair.jsonl:pair::10025-91-9::112-95-8::t1;gold_pair.jsonl:pair::10025-91-9::112-95-8::t2,33,33,,combustible_reducing;water,,MATCH,NOT_CHECKED,True,COLLECTED,UNSUPPORTED
12002-43-6,GILSONITE,wave1,pool_supplement,wave1_topup,UNKNOWN(그룹 슬롯 자동 보충 — 물질 단위 개별 선정 근거 없음),01_collection/build_undergrad_target_list.py GROUP_TIER/TIER_SLOTS(근거 미기록) | evaluation_data:gold_pair.jsonl:pair::100-57-2::12002-43-6::t0;gold_pair.jsonl:pair::100-57-2::12002-43-6::t1;gold_pair.jsonl:pair::100-57-2::12002-43-6::t2,33,33;35,,combustible_reducing;water,,ERROR,NOT_CHECKED,True,COLLECTED,UNSUPPORTED
123-01-3,DODECYLBENZENE,wave1,pool_supplement,wave1_topup,UNKNOWN(그룹 슬롯 자동 보충 — 물질 단위 개별 선정 근거 없음),01_collection/build_undergrad_target_list.py GROUP_TIER/TIER_SLOTS(근거 미기록) | evaluation_data:gold_pair.jsonl:pair::101-27-9::123-01-3::t0;gold_pair.jsonl:pair::101-27-9::123-01-3::t1;gold_pair.jsonl:pair::101-27-9::123-01-3::t2,33,33;35,,combustible_reducing;water,,MATCH,NOT_CHECKED,True,COLLECTED,UNSUPPORTED
1333-86-4,CARBON BLACK,wave1,pool_supplement,wave1_topup,UNKNOWN(그룹 슬롯 자동 보충 — 물질 단위 개별 선정 근거 없음),01_collection/build_undergrad_target_list.py GROUP_TIER/TIER_SLOTS(근거 미기록) | evaluation_data:gold_pair.jsonl:pair::1333-86-4::27176-87-0::t0;gold_pair.jsonl:pair::1333-86-4::27176-87-0::t1;gold_pair.jsonl:pair::1333-86-4::27176-87-0::t2,33,33;59,reducer,no_data,,MATCH,NOT_CHECKED,True,COLLECTED,UNSUPPORTED
1338-02-9,COPPER NAPHTHENATE,wave1,pool_supplement,wave1_topup,UNKNOWN(그룹 슬롯 자동 보충 — 물질 단위 개별 선정 근거 없음),01_collection/build_undergrad_target_list.py GROUP_TIER/TIER_SLOTS(근거 미기록) | evaluation_data:gold_pair.jsonl:pair::1338-02-9::497-19-8::t0;gold_pair.jsonl:pair::1338-02-9::497-19-8::t1;gold_pair.jsonl:pair::1338-02-9::497-19-8::t2,33,33;61,,no_data,,ERROR,NOT_CHECKED,True,COLLECTED,UNSUPPORTED
151-21-3,"DODECYL SULFATE, [SODIUM SALT]",wave1,pool_topup,wave1_topup,UNKNOWN(그룹 슬롯 자동 보충 — 물질 단위 개별 선정 근거 없음),01_collection/build_undergrad_target_list.py GROUP_TIER/TIER_SLOTS(근거 미기록) | evaluation_data:gold_pair.jsonl:pair::151-21-3::7439-93-2::t0;gold_pair.jsonl:pair::151-21-3::7439-93-2::t1;gold_pair.jsonl:pair::151-21-3::7439-93-2::t2,33,33;61,,combustible_reducing;water,,MATCH,NOT_CHECKED,True,COLLECTED,UNSUPPORTED
105-87-3,GERANYL ACETATE,wave1,pool_replacement,wave1_topup,원 후보가 KOSHA 미등록이라 같은 그룹 내 다음 후보로 자동 대체,01_collection/backfill_group_replacements.py | evaluation_data:gold_pair.jsonl:pair::10026-06-9::105-87-3::t0;gold_pair.jsonl:pair::10026-06-9::105-87-3::t1;gold_pair.jsonl:pair::10026-06-9::105-87-3::t2,34,27;34,,no_data,,MATCH,NOT_CHECKED,True,COLLECTED,REVIEW
1025-15-6,TRIALLYL ISOCYANURATE,wave1,pool_supplement,wave1_topup,UNKNOWN(그룹 슬롯 자동 보충 — 물질 단위 개별 선정 근거 없음),01_collection/build_undergrad_target_list.py GROUP_TIER/TIER_SLOTS(근거 미기록) | evaluation_data:gold_pair.jsonl:pair::1025-15-6::60-00-4::t0;gold_pair.jsonl:pair::1025-15-6::60-00-4::t1;gold_pair.jsonl:pair::1025-15-6::60-00-4::t2,34,34;37,,combustible_reducing;water,scarce_group:37,MATCH,NOT_CHECKED,True,COLLECTED,KEEP_COVERAGE
108-88-3,TOLUENE,wave1,curated_curriculum,curriculum,커리큘럼 실사용 근거: 유기화학 / 재결정/추출,01_collection/build_undergrad_target_list.py CURATED_LIST | evaluation_data:gold_pair.jsonl:pair::10118-76-0::108-88-3::t0;gold_pair.jsonl:pair::10118-76-0::108-88-3::t1;gold_pair.jsonl:pair::10118-76-0::108-88-3::t2,35,35,,no_data,,MATCH,NOT_CHECKED,True,COLLECTED,KEEP_MANDATORY
115-86-6,TRIPHENYL PHOSPHATE,wave1,pool_replacement,wave1_topup,원 후보가 KOSHA 미등록이라 같은 그룹 내 다음 후보로 자동 대체,01_collection/backfill_group_replacements.py | evaluation_data:gold_pair.jsonl:pair::107-94-8::115-86-6::t0;gold_pair.jsonl:pair::107-94-8::115-86-6::t1;gold_pair.jsonl:pair::107-94-8::115-86-6::t2,35,27;35,,,,MATCH,NOT_CHECKED,True,COLLECTED,REVIEW
102-08-9,THIOCARBANILIDE,wave1,pool_supplement,wave1_topup,UNKNOWN(그룹 슬롯 자동 보충 — 물질 단위 개별 선정 근거 없음),01_collection/build_undergrad_target_list.py GROUP_TIER/TIER_SLOTS(근거 미기록) | evaluation_data:gold_pair.jsonl:pair::102-08-9::42615-29-2::t0;gold_pair.jsonl:pair::102-08-9::42615-29-2::t1;gold_pair.jsonl:pair::102-08-9::42615-29-2::t2,35,12;35;64,,combustible_reducing;metal;water,,MATCH,NOT_CHECKED,True,COLLECTED,UNSUPPORTED
102-54-5,FERROCENE,wave1,pool_supplement,wave1_topup,UNKNOWN(그룹 슬롯 자동 보충 — 물질 단위 개별 선정 근거 없음),01_collection/build_undergrad_target_list.py GROUP_TIER/TIER_SLOTS(근거 미기록) | evaluation_data:gold_pair.jsonl:pair::102-54-5::1066-33-7::t0;gold_pair.jsonl:pair::102-54-5::1066-33-7::t1;gold_pair.jsonl:pair::102-54-5::1066-33-7::t2,35,35;49,,no_data,,MATCH,NOT_CHECKED,True,COLLECTED,UNSUPPORTED
104-72-3,N-DECYLBENZENE,wave1,pool_supplement,wave1_topup,UNKNOWN(그룹 슬롯 자동 보충 — 물질 단위 개별 선정 근거 없음),01_collection/build_undergrad_target_list.py GROUP_TIER/TIER_SLOTS(근거 미기록) | evaluation_data:gold_pair.jsonl:pair::104-72-3::105-16-8::t0;gold_pair.jsonl:pair::104-72-3::105-16-8::t1;gold_pair.jsonl:pair::104-72-3::105-16-8::t2,35,35,,combustible_reducing;water,,MATCH,NOT_CHECKED,True,COLLECTED,UNSUPPORTED
104-88-1,4-CHLOROBENZALDEHYDE,wave1,pool_supplement,wave1_topup,UNKNOWN(그룹 슬롯 자동 보충 — 물질 단위 개별 선정 근거 없음),01_collection/build_undergrad_target_list.py GROUP_TIER/TIER_SLOTS(근거 미기록) | evaluation_data:gold_pair.jsonl:pair::104-88-1::7440-21-3::t0;gold_pair.jsonl:pair::104-88-1::7440-21-3::t1;gold_pair.jsonl:pair::104-88-1::7440-21-3::t2,35,9;16;35,,combustible_reducing;water,,MATCH,NOT_CHECKED,True,COLLECTED,UNSUPPORTED
114-49-8,SCOPOLAMINE HYDROBROMIDE,wave1,pool_topup,wave1_topup,UNKNOWN(그룹 슬롯 자동 보충 — 물질 단위 개별 선정 근거 없음),01_collection/build_undergrad_target_list.py GROUP_TIER/TIER_SLOTS(근거 미기록) | evaluation_data:gold_pair.jsonl:pair::10102-49-5::114-49-8::t0;gold_pair.jsonl:pair::10102-49-5::114-49-8::t1;gold_pair.jsonl:pair::10102-49-5::114-49-8::t2,35,8;26;27;35;60,,combustible_reducing;water,,MATCH,NOT_CHECKED,True,COLLECTED,UNSUPPORTED
101-68-8,"DIPHENYLMETHANE-4,4&#39;-DIISOCYANATE",wave1,pool_supplement,wave1_topup,UNKNOWN(그룹 슬롯 자동 보충 — 물질 단위 개별 선정 근거 없음),01_collection/build_undergrad_target_list.py GROUP_TIER/TIER_SLOTS(근거 미기록) | evaluation_data:gold_pair.jsonl:pair::101-68-8::1310-73-2::t0;gold_pair.jsonl:pair::101-68-8::1310-73-2::t1;gold_pair.jsonl:pair::101-68-8::1310-73-2::t2,37,37,,no_data,scarce_group:37,MATCH,NOT_CHECKED,True,COLLECTED,KEEP_COVERAGE
67-64-1,ACETONE,wave1,curated_curriculum,curriculum,커리큘럼 실사용 근거: 유기화학 / 세척/추출 용매,01_collection/build_undergrad_target_list.py CURATED_LIST | evaluation_data:gold_pair.jsonl:pair::12136-45-7::67-64-1::t0;gold_pair.jsonl:pair::12136-45-7::67-64-1::t1;gold_pair.jsonl:pair::12136-45-7::67-64-1::t2,38,38,,no_data,,MATCH,NOT_CHECKED,True,COLLECTED,KEEP_MANDATORY
117-39-5,QUERCETIN,wave1,pool_replacement_v2,wave1_topup,원 후보가 KOSHA 미등록이라 같은 그룹 내 다음 후보로 자동 대체,01_collection/backfill_group_replacements.py | evaluation_data:gold_pair.jsonl:pair::10025-91-9::117-39-5::t0;gold_pair.jsonl:pair::10025-91-9::117-39-5::t1;gold_pair.jsonl:pair::10025-91-9::117-39-5::t2,38,38;55,,combustible_reducing;metal;water,,MATCH,NOT_CHECKED,True,COLLECTED,REVIEW
119-53-9,BENZOIN,wave1,pool_replacement_v3_manual,manual_addition,자동 안전필터로 못 거른 물질을 사람이 검토해 대체,01_collection/backfill_round3_manual_picks.py | evaluation_data:gold_pair.jsonl:pair::119-53-9::7429-90-5::t0;gold_pair.jsonl:pair::119-53-9::7429-90-5::t1;gold_pair.jsonl:pair::119-53-9::7429-90-5::t2,38,8;35;38,,combustible_reducing;water,,MATCH,NOT_CHECKED,True,COLLECTED,REVIEW
102-01-2,ACETOACETANILIDE,wave1,pool_supplement,wave1_topup,UNKNOWN(그룹 슬롯 자동 보충 — 물질 단위 개별 선정 근거 없음),01_collection/build_undergrad_target_list.py GROUP_TIER/TIER_SLOTS(근거 미기록) | evaluation_data:gold_pair.jsonl:pair::102-01-2::107-97-1::t0;gold_pair.jsonl:pair::102-01-2::107-97-1::t1;gold_pair.jsonl:pair::102-01-2::107-97-1::t2,38,12;13;38,,combustible_reducing;water,,MATCH,NOT_CHECKED,True,COLLECTED,UNSUPPORTED
106-51-4,BENZOQUINONE,wave1,pool_supplement,wave1_topup,UNKNOWN(그룹 슬롯 자동 보충 — 물질 단위 개별 선정 근거 없음),01_collection/build_undergrad_target_list.py GROUP_TIER/TIER_SLOTS(근거 미기록) | evaluation_data:gold_pair.jsonl:pair::105-11-3::106-51-4::t0;gold_pair.jsonl:pair::105-11-3::106-51-4::t1;gold_pair.jsonl:pair::105-11-3::106-51-4::t2,38,38,,metal,,MATCH,NOT_CHECKED,True,COLLECTED,UNSUPPORTED
107-70-0,4-METHOXY-4-METHYLPENTAN-2-ONE,wave1,pool_supplement,wave1_topup,UNKNOWN(그룹 슬롯 자동 보충 — 물질 단위 개별 선정 근거 없음),01_collection/build_undergrad_target_list.py GROUP_TIER/TIER_SLOTS(근거 미기록) | evaluation_data:gold_pair_abstain.jsonl:pair::101-05-3::107-70-0::t0;gold_pair_abstain.jsonl:pair::101-05-3::107-70-0::t1;gold_pair_abstain.jsonl:pair::101-05-3::107-70-0::t2,38,28;38,,no_data,,MATCH,NOT_CHECKED,True,COLLECTED,UNSUPPORTED
110-13-4,"2,5-HEXANEDIONE",wave1,pool_supplement,wave1_topup,UNKNOWN(그룹 슬롯 자동 보충 — 물질 단위 개별 선정 근거 없음),01_collection/build_undergrad_target_list.py GROUP_TIER/TIER_SLOTS(근거 미기록) | evaluation_data:gold_pair.jsonl:pair::110-13-4::7439-89-6::t0;gold_pair.jsonl:pair::110-13-4::7439-89-6::t1;gold_pair.jsonl:pair::110-13-4::7439-89-6::t2,38,38,,no_data,,MATCH,NOT_CHECKED,True,COLLECTED,UNSUPPORTED
16940-66-2,SODIUM BOROHYDRIDE,wave1,curated_curriculum,curriculum,커리큘럼 실사용 근거: 유기화학 / 환원반응,01_collection/build_undergrad_target_list.py CURATED_LIST | evaluation_data:gold_pair.jsonl:pair::1335-31-5::16940-66-2::t0;gold_pair.jsonl:pair::1335-31-5::16940-66-2::t1;gold_pair.jsonl:pair::1335-31-5::16940-66-2::t2,39,18;39;68,water,water,,MATCH,NOT_CHECKED,True,COLLECTED,KEEP_MANDATORY
102-67-0,TRIPROPYLALUMINUM,wave1,pool_supplement,wave1_topup,UNKNOWN(그룹 슬롯 자동 보충 — 물질 단위 개별 선정 근거 없음),01_collection/build_undergrad_target_list.py GROUP_TIER/TIER_SLOTS(근거 미기록) | evaluation_data:gold_pair.jsonl:pair::10118-76-0::102-67-0::t0;gold_pair.jsonl:pair::10118-76-0::102-67-0::t1;gold_pair.jsonl:pair::10118-76-0::102-67-0::t2,39,39,,,,MATCH,NOT_CHECKED,True,COLLECTED,UNSUPPORTED
7440-09-7,POTASSIUM,wave1,pool_replacement,wave1_topup,원 후보가 KOSHA 미등록이라 같은 그룹 내 다음 후보로 자동 대체,01_collection/backfill_group_replacements.py | evaluation_data:gold_pair_abstain.jsonl:pair::10102-49-5::7440-09-7::t0;gold_pair_abstain.jsonl:pair::10102-49-5::7440-09-7::t1;gold_pair_abstain.jsonl:pair::10102-49-5::7440-09-7::t2,40,40,metal,no_data,,MATCH,NOT_CHECKED,True,COLLECTED,REVIEW
7439-93-2,LITHIUM,wave1,pool_supplement,wave1_topup,UNKNOWN(그룹 슬롯 자동 보충 — 물질 단위 개별 선정 근거 없음),01_collection/build_undergrad_target_list.py GROUP_TIER/TIER_SLOTS(근거 미기록) | evaluation_data:gold_pair.jsonl:pair::1002-89-7::7439-93-2::t0;gold_pair.jsonl:pair::1002-89-7::7439-93-2::t1;gold_pair.jsonl:pair::1002-89-7::7439-93-2::t2,40,40,metal,water,,MATCH,NOT_CHECKED,True,COLLECTED,UNSUPPORTED
7440-66-6,ZINC ASHES,wave1,curated_curriculum,curriculum,커리큘럼 실사용 근거: 물리화학 / 갈바니 전지(아연),01_collection/build_undergrad_target_list.py CURATED_LIST | evaluation_data:gold_pair.jsonl:pair::7440-66-6::7761-88-8::t0;gold_pair.jsonl:pair::7440-66-6::7761-88-8::t1;gold_pair.jsonl:pair::7440-66-6::7761-88-8::t2,41,41,metal,water,,MATCH,NOT_CHECKED,True,COLLECTED,KEEP_MANDATORY
7439-95-4,MAGNESIUM,wave1,pool_replacement,wave1_topup,원 후보가 KOSHA 미등록이라 같은 그룹 내 다음 후보로 자동 대체,01_collection/backfill_group_replacements.py | evaluation_data:gold_pair.jsonl:pair::105-74-8::7439-95-4::t0;gold_pair.jsonl:pair::105-74-8::7439-95-4::t1;gold_pair.jsonl:pair::105-74-8::7439-95-4::t2,41,41,metal,water,,MATCH,NOT_CHECKED,True,COLLECTED,REVIEW
7440-02-0,NICKEL,wave1,pool_replacement,wave1_topup,원 후보가 KOSHA 미등록이라 같은 그룹 내 다음 후보로 자동 대체,01_collection/backfill_group_replacements.py | evaluation_data:gold_pair.jsonl:pair::10102-20-2::7440-02-0::t0;gold_pair.jsonl:pair::10102-20-2::7440-02-0::t1;gold_pair.jsonl:pair::10102-20-2::7440-02-0::t2,41,41,metal,water,,MATCH,NOT_CHECKED,True,COLLECTED,REVIEW
7440-21-3,"SILICON POWDER, AMORPHOUS",wave1,pool_replacement,wave1_topup,원 후보가 KOSHA 미등록이라 같은 그룹 내 다음 후보로 자동 대체,01_collection/backfill_group_replacements.py | evaluation_data:gold_pair.jsonl:pair::104-88-1::7440-21-3::t0;gold_pair.jsonl:pair::104-88-1::7440-21-3::t1;gold_pair.jsonl:pair::104-88-1::7440-21-3::t2,41,41,metal,water,,MATCH,NOT_CHECKED,True,COLLECTED,REVIEW
7440-25-7,TANTALUM (METAL AND OXIDE DUST),wave1,pool_replacement,wave1_topup,원 후보가 KOSHA 미등록이라 같은 그룹 내 다음 후보로 자동 대체,01_collection/backfill_group_replacements.py | evaluation_data:gold_pair.jsonl:pair::13718-59-7::7440-25-7::t0;gold_pair.jsonl:pair::13718-59-7::7440-25-7::t1;gold_pair.jsonl:pair::13718-59-7::7440-25-7::t2,41,41,metal,water,,MATCH,NOT_CHECKED,True,COLLECTED,REVIEW
7429-90-5,"ALUMINUM POWDER, COATED",wave1,pool_supplement,wave1_topup,UNKNOWN(그룹 슬롯 자동 보충 — 물질 단위 개별 선정 근거 없음),01_collection/build_undergrad_target_list.py GROUP_TIER/TIER_SLOTS(근거 미기록) | evaluation_data:gold_pair.jsonl:pair::119-53-9::7429-90-5::t0;gold_pair.jsonl:pair::119-53-9::7429-90-5::t1;gold_pair.jsonl:pair::119-53-9::7429-90-5::t2,41,41,metal,water,,MATCH,NOT_CHECKED,True,COLLECTED,UNSUPPORTED
7439-89-6,"IRON, [POWDERED]",wave1,pool_topup,wave1_topup,UNKNOWN(그룹 슬롯 자동 보충 — 물질 단위 개별 선정 근거 없음),01_collection/build_undergrad_target_list.py GROUP_TIER/TIER_SLOTS(근거 미기록) | evaluation_data:gold_pair.jsonl:pair::101-39-3::7439-89-6::t0;gold_pair.jsonl:pair::101-39-3::7439-89-6::t1;gold_pair.jsonl:pair::101-39-3::7439-89-6::t2,41,41,metal,water,,MATCH,NOT_CHECKED,True,COLLECTED,UNSUPPORTED
7440-50-8,COPPER,wave1,curated_curriculum,curriculum,커리큘럼 실사용 근거: 물리화학 / 갈바니 전지(구리),01_collection/build_undergrad_target_list.py CURATED_LIST | evaluation_data:gold_pair.jsonl:pair::10026-06-9::7440-50-8::t0;gold_pair.jsonl:pair::10026-06-9::7440-50-8::t1;gold_pair.jsonl:pair::10026-06-9::7440-50-8::t2,42,42,metal,water,,MATCH,NOT_CHECKED,True,COLLECTED,KEEP_MANDATORY
10112-91-1,MERCUROUS CHLORIDE,wave1,pool_supplement,wave1_topup,UNKNOWN(그룹 슬롯 자동 보충 — 물질 단위 개별 선정 근거 없음),01_collection/build_undergrad_target_list.py GROUP_TIER/TIER_SLOTS(근거 미기록) | evaluation_data:gold_pair.jsonl:pair::10112-91-1::10169-02-5::t0;gold_pair.jsonl:pair::10112-91-1::10169-02-5::t1;gold_pair.jsonl:pair::10112-91-1::10169-02-5::t2,42,42;47,metal,combustible_reducing;metal;water,,MATCH,NOT_CHECKED,True,COLLECTED,UNSUPPORTED
10124-48-8,MERCURY AMMONIUM CHLORIDE,wave1,pool_supplement,wave1_topup,UNKNOWN(그룹 슬롯 자동 보충 — 물질 단위 개별 선정 근거 없음),01_collection/build_undergrad_target_list.py GROUP_TIER/TIER_SLOTS(근거 미기록) | evaluation_data:gold_pair.jsonl:pair::10124-48-8::102-01-2::t0;gold_pair.jsonl:pair::10124-48-8::102-01-2::t1;gold_pair.jsonl:pair::10124-48-8::102-01-2::t2,42,42;47,metal,no_data,,MATCH,NOT_CHECKED,True,COLLECTED,UNSUPPORTED
10294-26-5,SILVER SULFATE,wave1,pool_supplement,wave1_topup,UNKNOWN(그룹 슬롯 자동 보충 — 물질 단위 개별 선정 근거 없음),01_collection/build_undergrad_target_list.py GROUP_TIER/TIER_SLOTS(근거 미기록) | evaluation_data:gold_pair.jsonl:pair::10294-26-5::105-11-3::t0;gold_pair.jsonl:pair::10294-26-5::105-11-3::t1;gold_pair.jsonl:pair::10294-26-5::105-11-3::t2,42,42;47,metal,no_data,,MATCH,NOT_CHECKED,True,COLLECTED,UNSUPPORTED
1191-80-6,MERCURY OLEATE,wave1,pool_supplement,wave1_topup,UNKNOWN(그룹 슬롯 자동 보충 — 물질 단위 개별 선정 근거 없음),01_collection/build_undergrad_target_list.py GROUP_TIER/TIER_SLOTS(근거 미기록) | evaluation_data:gold_pair.jsonl:pair::1191-80-6::1305-62-0::t0;gold_pair.jsonl:pair::1191-80-6::1305-62-0::t1;gold_pair.jsonl:pair::1191-80-6::1305-62-0::t2,42,34;42;51;61,metal;oxidizer,no_data,,MATCH,NOT_CHECKED,True,COLLECTED,UNSUPPORTED
1304-82-1,BISMUTH TELLURIDE,wave1,pool_supplement,wave1_topup,UNKNOWN(그룹 슬롯 자동 보충 — 물질 단위 개별 선정 근거 없음),01_collection/build_undergrad_target_list.py GROUP_TIER/TIER_SLOTS(근거 미기록) | evaluation_data:gold_pair.jsonl:pair::1304-82-1::27176-87-0::t0;gold_pair.jsonl:pair::1304-82-1::27176-87-0::t1;gold_pair.jsonl:pair::1304-82-1::27176-87-0::t2,42,42,metal,no_data,,ERROR,NOT_CHECKED,True,COLLECTED,UNSUPPORTED
10099-74-8,LEAD NITRATE,wave1,curated_curriculum,curriculum,커리큘럼 실사용 근거: 분석화학 / 침전실험,01_collection/build_undergrad_target_list.py CURATED_LIST | evaluation_data:gold_pair.jsonl:pair::10099-74-8::107-97-1::t0;gold_pair.jsonl:pair::10099-74-8::107-97-1::t1;gold_pair.jsonl:pair::10099-74-8::107-97-1::t2,43,43,,no_data,,MATCH,NOT_CHECKED,True,COLLECTED,KEEP_MANDATORY
7761-88-8,SILVER NITRATE,wave1,curated_curriculum,curriculum,커리큘럼 실사용 근거: 분석화학 / 침전적정(할로겐 정량),01_collection/build_undergrad_target_list.py CURATED_LIST | evaluation_data:gold_pair.jsonl:pair::7440-66-6::7761-88-8::t0;gold_pair.jsonl:pair::7440-66-6::7761-88-8::t1;gold_pair.jsonl:pair::7440-66-6::7761-88-8::t2,43,43,,combustible_reducing;water,,MATCH,NOT_CHECKED,True,COLLECTED,KEEP_MANDATORY
12057-74-8,MAGNESIUM PHOSPHIDE,wave1,pool_supplement,wave1_topup,UNKNOWN(그룹 슬롯 자동 보충 — 물질 단위 개별 선정 근거 없음),01_collection/build_undergrad_target_list.py GROUP_TIER/TIER_SLOTS(근거 미기록) | evaluation_data:gold_pair.jsonl:pair::12057-74-8::12124-99-1::t0;gold_pair.jsonl:pair::12057-74-8::12124-99-1::t1;gold_pair.jsonl:pair::12057-74-8::12124-99-1::t2,44,44,,water,scarce_group:44,MATCH,NOT_CHECKED,True,COLLECTED,KEEP_COVERAGE
104-85-8,P-TOLUNITRILE,wave1,pool_supplement,wave1_topup,UNKNOWN(그룹 슬롯 자동 보충 — 물질 단위 개별 선정 근거 없음),01_collection/build_undergrad_target_list.py GROUP_TIER/TIER_SLOTS(근거 미기록) | evaluation_data:gold_pair.jsonl:pair::10026-17-2::104-85-8::t0;gold_pair.jsonl:pair::10026-17-2::104-85-8::t1;gold_pair.jsonl:pair::10026-17-2::104-85-8::t2,45,45,,no_data,,MATCH,NOT_CHECKED,True,COLLECTED,UNSUPPORTED
105-56-6,ETHYL CYANOACETATE,wave1,pool_supplement,wave1_topup,UNKNOWN(그룹 슬롯 자동 보충 — 물질 단위 개별 선정 근거 없음),01_collection/build_undergrad_target_list.py GROUP_TIER/TIER_SLOTS(근거 미기록) | evaluation_data:gold_pair.jsonl:pair::105-56-6::1344-00-9::t0;gold_pair.jsonl:pair::105-56-6::1344-00-9::t1;gold_pair.jsonl:pair::105-56-6::1344-00-9::t2,45,27;45,,no_data,,MATCH,NOT_CHECKED,True,COLLECTED,UNSUPPORTED
100-02-7,4-NITROPHENOL,wave1,pool_supplement,wave1_topup,UNKNOWN(그룹 슬롯 자동 보충 — 물질 단위 개별 선정 근거 없음),01_collection/build_undergrad_target_list.py GROUP_TIER/TIER_SLOTS(근거 미기록) | evaluation_data:gold_pair.jsonl:pair::100-02-7::109-53-5::t0;gold_pair.jsonl:pair::100-02-7::109-53-5::t1;gold_pair.jsonl:pair::100-02-7::109-53-5::t2,46,46;55,,metal,,MATCH,NOT_CHECKED,True,COLLECTED,UNSUPPORTED
10361-37-2,BARIUM CHLORIDE,wave1,curated_curriculum,curriculum,커리큘럼 실사용 근거: 분석화학 / 황산염 침전정량,01_collection/build_undergrad_target_list.py CURATED_LIST | evaluation_data:gold_pair.jsonl:pair::10361-37-2::27176-87-0::t0;gold_pair.jsonl:pair::10361-37-2::27176-87-0::t1;gold_pair.jsonl:pair::10361-37-2::27176-87-0::t2,47,47,,combustible_reducing;metal;water,,MATCH,NOT_CHECKED,True,COLLECTED,KEEP_MANDATORY
7447-40-7,POTASSIUM CHLORIDE,wave1,curated_curriculum,curriculum,커리큘럼 실사용 근거: 물리화학 / 전도도/전기화학 셀,01_collection/build_undergrad_target_list.py CURATED_LIST | evaluation_data:gold_pair.jsonl:pair::105-56-6::7447-40-7::t0;gold_pair.jsonl:pair::105-56-6::7447-40-7::t1;gold_pair.jsonl:pair::105-56-6::7447-40-7::t2,47,47,,combustible_reducing;water,,MATCH,NOT_CHECKED,True,COLLECTED,KEEP_MANDATORY
1002-89-7,AMMONIUM STEARATE,wave1,pool_supplement,wave1_topup,UNKNOWN(그룹 슬롯 자동 보충 — 물질 단위 개별 선정 근거 없음),01_collection/build_undergrad_target_list.py GROUP_TIER/TIER_SLOTS(근거 미기록) | evaluation_data:gold_pair.jsonl:pair::1002-89-7::7439-93-2::t0;gold_pair.jsonl:pair::1002-89-7::7439-93-2::t1;gold_pair.jsonl:pair::1002-89-7::7439-93-2::t2,47,47,,no_data,,MATCH,NOT_CHECKED,True,COLLECTED,UNSUPPORTED
10025-73-7,CHROMIC CHLORIDE,wave1,pool_supplement,wave1_topup,UNKNOWN(그룹 슬롯 자동 보충 — 물질 단위 개별 선정 근거 없음),01_collection/build_undergrad_target_list.py GROUP_TIER/TIER_SLOTS(근거 미기록) | evaluation_data:gold_pair.jsonl:pair::10025-73-7::10026-13-8::t0;gold_pair.jsonl:pair::10025-73-7::10026-13-8::t1;gold_pair.jsonl:pair::10025-73-7::10026-13-8::t2,47,47,,no_data,,MATCH,NOT_CHECKED,True,COLLECTED,UNSUPPORTED
10101-63-0,LEAD IODIDE,wave1,pool_supplement,wave1_topup,UNKNOWN(그룹 슬롯 자동 보충 — 물질 단위 개별 선정 근거 없음),01_collection/build_undergrad_target_list.py GROUP_TIER/TIER_SLOTS(근거 미기록) | evaluation_data:gold_pair.jsonl:pair::10101-63-0::103-80-0::t0;gold_pair.jsonl:pair::10101-63-0::103-80-0::t1;gold_pair.jsonl:pair::10101-63-0::103-80-0::t2,47,47,,no_data,,ERROR,NOT_CHECKED,True,COLLECTED,UNSUPPORTED
10102-50-8,FERROUS ARSENATE,wave1,pool_supplement,wave1_topup,UNKNOWN(그룹 슬롯 자동 보충 — 물질 단위 개별 선정 근거 없음),01_collection/build_undergrad_target_list.py GROUP_TIER/TIER_SLOTS(근거 미기록) | evaluation_data:gold_pair.jsonl:pair::10102-50-8::105-74-8::t0;gold_pair.jsonl:pair::10102-50-8::105-74-8::t1;gold_pair.jsonl:pair::10102-50-8::105-74-8::t2,47,47,,no_data,,MATCH,NOT_CHECKED,True,COLLECTED,UNSUPPORTED
7727-37-9,NITROGEN,reactive_basics,reactive_basics_tier1,section10_empirical,§10 전수조사(197종) 실측 1순위 반응 상대(물 등) 기본물질 보강,docs/decisions.md §1.2a-upd,48,26;48;56,,no_data,scarce_group:48,MISMATCH,NOT_CHECKED,False,COLLECTED,KEEP_COVERAGE
1271-28-9,NICKELOCENE,wave1,pool_replacement_v2,wave1_topup,원 후보가 KOSHA 미등록이라 같은 그룹 내 다음 후보로 자동 대체,01_collection/backfill_group_replacements.py | evaluation_data:gold_pair.jsonl:pair::1271-28-9::506-87-6::t0;gold_pair.jsonl:pair::1271-28-9::506-87-6::t1;gold_pair.jsonl:pair::1271-28-9::506-87-6::t2,49,49,,no_data,,MATCH,REVIEWED_H351_KEPT(01_collection/backfill_round3_manual_picks.py),True,COLLECTED,REVIEW
13007-92-6,CHROMIUM CARBONYL,wave1,pool_replacement_v3_manual,manual_addition,자동 안전필터로 못 거른 물질을 사람이 검토해 대체,01_collection/backfill_round3_manual_picks.py | evaluation_data:gold_pair.jsonl:pair::10034-81-8::13007-92-6::t0;gold_pair.jsonl:pair::10034-81-8::13007-92-6::t1;gold_pair.jsonl:pair::10034-81-8::13007-92-6::t2,49,49,,no_data,,MATCH,NOT_CHECKED,True,COLLECTED,REVIEW
7722-64-7,POTASSIUM PERMANGANATE,wave1,curated_curriculum,curriculum,커리큘럼 실사용 근거: 일반화학 / 산화환원 적정,01_collection/build_undergrad_target_list.py CURATED_LIST | evaluation_data:gold_pair.jsonl:pair::13983-17-0::7722-64-7::t0;gold_pair.jsonl:pair::13983-17-0::7722-64-7::t1;gold_pair.jsonl:pair::13983-17-0::7722-64-7::t2,50,50,oxidizer,no_data,,MATCH,NOT_CHECKED,True,COLLECTED,KEEP_MANDATORY
7722-84-1,HYDROGEN PEROXIDE,wave1,curated_curriculum,curriculum,커리큘럼 실사용 근거: 일반화학 / 산화환원반응(자기반응성 주의),01_collection/build_undergrad_target_list.py CURATED_LIST | evaluation_data:gold_pair.jsonl:pair::108-60-1::7722-84-1::t0;gold_pair.jsonl:pair::108-60-1::7722-84-1::t1;gold_pair.jsonl:pair::108-60-1::7722-84-1::t2,50,50;68,oxidizer;water,no_data,,MATCH,NOT_CHECKED,True,COLLECTED,KEEP_MANDATORY
10034-81-8,MAGNESIUM PERCHLORATE,wave1,pool_supplement,wave1_topup,UNKNOWN(그룹 슬롯 자동 보충 — 물질 단위 개별 선정 근거 없음),01_collection/build_undergrad_target_list.py GROUP_TIER/TIER_SLOTS(근거 미기록) | evaluation_data:gold_pair.jsonl:pair::10034-81-8::13007-92-6::t0;gold_pair.jsonl:pair::10034-81-8::13007-92-6::t1;gold_pair.jsonl:pair::10034-81-8::13007-92-6::t2,50,50,oxidizer,combustible_reducing;water,,MATCH,NOT_CHECKED,True,COLLECTED,UNSUPPORTED
10034-82-9,SODIUM CHROMATE TETRAHYDRATE,wave1,pool_supplement,wave1_topup,UNKNOWN(그룹 슬롯 자동 보충 — 물질 단위 개별 선정 근거 없음),01_collection/build_undergrad_target_list.py GROUP_TIER/TIER_SLOTS(근거 미기록) | evaluation_data:gold_pair.jsonl:pair::10034-82-9::101-27-9::t0;gold_pair.jsonl:pair::10034-82-9::101-27-9::t1;gold_pair.jsonl:pair::10034-82-9::101-27-9::t2,50,50;61,oxidizer,no_data,,MATCH,NOT_CHECKED,True,COLLECTED,UNSUPPORTED
10101-50-5,SODIUM PERMANGANATE,wave1,pool_supplement,wave1_topup,UNKNOWN(그룹 슬롯 자동 보충 — 물질 단위 개별 선정 근거 없음),01_collection/build_undergrad_target_list.py GROUP_TIER/TIER_SLOTS(근거 미기록) | evaluation_data:gold_pair.jsonl:pair::10101-50-5::112-02-7::t0;gold_pair.jsonl:pair::10101-50-5::112-02-7::t1;gold_pair.jsonl:pair::10101-50-5::112-02-7::t2,50,50,oxidizer,combustible_reducing;water,,MATCH,NOT_CHECKED,True,COLLECTED,UNSUPPORTED
10118-76-0,CALCIUM PERMANGANATE,wave1,pool_supplement,wave1_topup,UNKNOWN(그룹 슬롯 자동 보충 — 물질 단위 개별 선정 근거 없음),01_collection/build_undergrad_target_list.py GROUP_TIER/TIER_SLOTS(근거 미기록) | evaluation_data:gold_pair.jsonl:pair::10118-76-0::102-67-0::t0;gold_pair.jsonl:pair::10118-76-0::102-67-0::t1;gold_pair.jsonl:pair::10118-76-0::102-67-0::t2,50,50,oxidizer,combustible_reducing;water,,MATCH,NOT_CHECKED,True,COLLECTED,UNSUPPORTED
7782-44-7,OXYGEN,reactive_basics,reactive_basics_tier1,section10_empirical,§10 전수조사(197종) 실측 1순위 반응 상대(물 등) 기본물질 보강,docs/decisions.md §1.2a-upd,50,50,oxidizer,combustible_reducing;water,,MATCH,NOT_CHECKED,False,COLLECTED,KEEP_EMPIRICAL
7553-56-2,IODINE,wave1,curated_curriculum,curriculum,커리큘럼 실사용 근거: 분석화학 / 요오드 적정,01_collection/build_undergrad_target_list.py CURATED_LIST | evaluation_data:gold_pair.jsonl:pair::104-15-4::7553-56-2::t0;gold_pair.jsonl:pair::104-15-4::7553-56-2::t1;gold_pair.jsonl:pair::104-15-4::7553-56-2::t2,51,51,oxidizer,no_data,,MATCH,NOT_CHECKED,True,COLLECTED,KEEP_MANDATORY
132259-10-0,"AIR, COMPRESSED",wave1,pool_replacement,wave1_topup,원 후보가 KOSHA 미등록이라 같은 그룹 내 다음 후보로 자동 대체,01_collection/backfill_group_replacements.py | evaluation_data:gold_pair.jsonl:pair::1317-65-3::132259-10-0::t0;gold_pair.jsonl:pair::1317-65-3::132259-10-0::t1;gold_pair.jsonl:pair::1317-65-3::132259-10-0::t2,51,50;51,oxidizer,combustible_reducing;water,,MATCH,NOT_CHECKED,True,COLLECTED,REVIEW
10048-95-0,SODIUM ARSENATE HEPTAHYDRATE,wave1,pool_supplement,wave1_topup,UNKNOWN(그룹 슬롯 자동 보충 — 물질 단위 개별 선정 근거 없음),01_collection/build_undergrad_target_list.py GROUP_TIER/TIER_SLOTS(근거 미기록) | evaluation_data:gold_pair.jsonl:pair::10048-95-0::107-97-1::t0;gold_pair.jsonl:pair::10048-95-0::107-97-1::t1;gold_pair.jsonl:pair::10048-95-0::107-97-1::t2,51,51;61,oxidizer,no_data,,MATCH,NOT_CHECKED,True,COLLECTED,UNSUPPORTED
10102-49-5,FERRIC ARSENATE,wave1,pool_supplement,wave1_topup,UNKNOWN(그룹 슬롯 자동 보충 — 물질 단위 개별 선정 근거 없음),01_collection/build_undergrad_target_list.py GROUP_TIER/TIER_SLOTS(근거 미기록) | evaluation_data:gold_pair.jsonl:pair::10102-49-5::105-74-8::t0;gold_pair.jsonl:pair::10102-49-5::105-74-8::t1;gold_pair.jsonl:pair::10102-49-5::105-74-8::t2,51,51;61,oxidizer,no_data,,MATCH,NOT_CHECKED,True,COLLECTED,UNSUPPORTED
1303-28-2,ARSENIC PENTOXIDE,wave1,pool_supplement,wave1_topup,UNKNOWN(그룹 슬롯 자동 보충 — 물질 단위 개별 선정 근거 없음),01_collection/build_undergrad_target_list.py GROUP_TIER/TIER_SLOTS(근거 미기록) | evaluation_data:gold_pair.jsonl:pair::102-08-9::1303-28-2::t0;gold_pair.jsonl:pair::102-08-9::1303-28-2::t1;gold_pair.jsonl:pair::102-08-9::1303-28-2::t2,51,5;15;51,oxidizer,no_data,,MATCH,NOT_CHECKED,True,COLLECTED,UNSUPPORTED
1312-03-4,"MERCURIC SUBSULFATE, [SOLID]",wave1,pool_supplement,wave1_topup,UNKNOWN(그룹 슬롯 자동 보충 — 물질 단위 개별 선정 근거 없음),01_collection/build_undergrad_target_list.py GROUP_TIER/TIER_SLOTS(근거 미기록) | evaluation_data:gold_pair.jsonl:pair::100-15-2::1312-03-4::t0;gold_pair.jsonl:pair::100-15-2::1312-03-4::t1;gold_pair.jsonl:pair::100-15-2::1312-03-4::t2,51,42;51;61,metal;oxidizer,no_data,,MATCH,NOT_CHECKED,True,COLLECTED,UNSUPPORTED
100-64-1,CYCLOHEXANONE OXIME,wave1,pool_supplement,wave1_topup,UNKNOWN(그룹 슬롯 자동 보충 — 물질 단위 개별 선정 근거 없음),01_collection/build_undergrad_target_list.py GROUP_TIER/TIER_SLOTS(근거 미기록) | evaluation_data:gold_pair.jsonl:pair::100-64-1::27176-87-0::t0;gold_pair.jsonl:pair::100-64-1::27176-87-0::t1;gold_pair.jsonl:pair::100-64-1::27176-87-0::t2,52,52,,combustible_reducing;water,scarce_group:52,MATCH,NOT_CHECKED,True,COLLECTED,KEEP_COVERAGE
105-64-6,DIISOPROPYL PEROXYDICARBONATE,wave1,pool_supplement,wave1_topup,UNKNOWN(그룹 슬롯 자동 보충 — 물질 단위 개별 선정 근거 없음),01_collection/build_undergrad_target_list.py GROUP_TIER/TIER_SLOTS(근거 미기록) | evaluation_data:gold_pair.jsonl:pair::105-64-6::105-74-8::t0;gold_pair.jsonl:pair::105-64-6::105-74-8::t1;gold_pair.jsonl:pair::105-64-6::105-74-8::t2,53,53,,combustible_reducing;water,,MATCH,NOT_CHECKED,True,COLLECTED,UNSUPPORTED
105-74-8,LAUROYL PEROXIDE,wave1,pool_supplement,wave1_topup,UNKNOWN(그룹 슬롯 자동 보충 — 물질 단위 개별 선정 근거 없음),01_collection/build_undergrad_target_list.py GROUP_TIER/TIER_SLOTS(근거 미기록) | evaluation_data:gold_pair.jsonl:pair::105-64-6::105-74-8::t0;gold_pair.jsonl:pair::105-64-6::105-74-8::t1;gold_pair.jsonl:pair::105-64-6::105-74-8::t2,53,53,,combustible_reducing;water,,MATCH,NOT_CHECKED,True,COLLECTED,UNSUPPORTED
131-52-2,SODIUM PENTACHLOROPHENATE,wave1,pool_supplement,wave1_topup,UNKNOWN(그룹 슬롯 자동 보충 — 물질 단위 개별 선정 근거 없음),01_collection/build_undergrad_target_list.py GROUP_TIER/TIER_SLOTS(근거 미기록) | evaluation_data:gold_pair.jsonl:pair::100-57-2::131-52-2::t0;gold_pair.jsonl:pair::100-57-2::131-52-2::t1;gold_pair.jsonl:pair::100-57-2::131-52-2::t2,54,16;54,,combustible_reducing;metal;water,,MATCH,NOT_CHECKED,True,COLLECTED,UNSUPPORTED
101-18-8,3-HYDROXY-N-PHENYLANILINE,wave1,pool_supplement,wave1_topup,UNKNOWN(그룹 슬롯 자동 보충 — 물질 단위 개별 선정 근거 없음),01_collection/build_undergrad_target_list.py GROUP_TIER/TIER_SLOTS(근거 미기록) | evaluation_data:gold_pair.jsonl:pair::101-18-8::7697-37-2::t0;gold_pair.jsonl:pair::101-18-8::7697-37-2::t1;gold_pair.jsonl:pair::101-18-8::7697-37-2::t2,55,14;55,,combustible_reducing;water,,MATCH,NOT_CHECKED,True,COLLECTED,UNSUPPORTED
10169-02-5,C.I. ACID RED 97,wave1,pool_supplement,wave1_topup,UNKNOWN(그룹 슬롯 자동 보충 — 물질 단위 개별 선정 근거 없음),01_collection/build_undergrad_target_list.py GROUP_TIER/TIER_SLOTS(근거 미기록) | evaluation_data:gold_pair.jsonl:pair::10169-02-5::13774-25-9::t0;gold_pair.jsonl:pair::10169-02-5::13774-25-9::t1;gold_pair.jsonl:pair::10169-02-5::13774-25-9::t2,55,17;55;61;66,,no_data,,MATCH,NOT_CHECKED,True,COLLECTED,UNSUPPORTED
105-60-2,CAPROLACTAM,wave1,pool_supplement,wave1_topup,UNKNOWN(그룹 슬롯 자동 보충 — 물질 단위 개별 선정 근거 없음),01_collection/build_undergrad_target_list.py GROUP_TIER/TIER_SLOTS(근거 미기록) | evaluation_data:gold_pair.jsonl:pair::10034-82-9::105-60-2::t0;gold_pair.jsonl:pair::10034-82-9::105-60-2::t1;gold_pair.jsonl:pair::10034-82-9::105-60-2::t2,56,12;56,,combustible_reducing;water,,MATCH,NOT_CHECKED,True,COLLECTED,UNSUPPORTED
106-87-6,1-VINYL-3-CYCLOHEXENE DIOXIDE,wave1,pool_supplement,wave1_topup,UNKNOWN(그룹 슬롯 자동 보충 — 물질 단위 개별 선정 근거 없음),01_collection/build_undergrad_target_list.py GROUP_TIER/TIER_SLOTS(근거 미기록) | evaluation_data:gold_pair.jsonl:pair::103-80-0::106-87-6::t0;gold_pair.jsonl:pair::103-80-0::106-87-6::t1;gold_pair.jsonl:pair::103-80-0::106-87-6::t2,56,26;56,,metal,,MATCH,NOT_CHECKED,True,COLLECTED,UNSUPPORTED
112-02-7,HEXADECYLTRIMETHYLAMMONIUM CHLORIDE,wave1,pool_supplement,wave1_topup,UNKNOWN(그룹 슬롯 자동 보충 — 물질 단위 개별 선정 근거 없음),01_collection/build_undergrad_target_list.py GROUP_TIER/TIER_SLOTS(근거 미기록) | evaluation_data:gold_pair.jsonl:pair::112-02-7::7429-90-5::t0;gold_pair.jsonl:pair::112-02-7::7429-90-5::t1;gold_pair.jsonl:pair::112-02-7::7429-90-5::t2,57,47;57,,no_data,scarce_group:57,MATCH,NOT_CHECKED,True,COLLECTED,KEEP_COVERAGE
1762-95-4,AMMONIUM THIOCYANATE,wave1,curated_curriculum,curriculum,커리큘럼 실사용 근거: 무기화학 / 착물 색반응,01_collection/build_undergrad_target_list.py CURATED_LIST | evaluation_data:gold_pair.jsonl:pair::1762-95-4::64-19-7::t0;gold_pair.jsonl:pair::1762-95-4::64-19-7::t1;gold_pair.jsonl:pair::1762-95-4::64-19-7::t2,58,58;60;68,reducer;water,combustible_reducing;water,,MATCH,NOT_CHECKED,True,COLLECTED,KEEP_MANDATORY
10039-54-0,HYDROXYLAMINE SULFATE,wave1,pool_supplement,wave1_topup,UNKNOWN(그룹 슬롯 자동 보충 — 물질 단위 개별 선정 근거 없음),01_collection/build_undergrad_target_list.py GROUP_TIER/TIER_SLOTS(근거 미기록) | evaluation_data:gold_pair.jsonl:pair::100-16-3::10039-54-0::t0;gold_pair.jsonl:pair::100-16-3::10039-54-0::t1;gold_pair.jsonl:pair::100-16-3::10039-54-0::t2,58,58;60,reducer,combustible_reducing;metal;water,,MATCH,NOT_CHECKED,True,COLLECTED,UNSUPPORTED
10026-17-2,COBALT FLUORIDE,wave1,pool_supplement,wave1_topup,UNKNOWN(그룹 슬롯 자동 보충 — 물질 단위 개별 선정 근거 없음),01_collection/build_undergrad_target_list.py GROUP_TIER/TIER_SLOTS(근거 미기록) | evaluation_data:gold_pair.jsonl:pair::10026-17-2::121-17-5::t0;gold_pair.jsonl:pair::10026-17-2::121-17-5::t1;gold_pair.jsonl:pair::10026-17-2::121-17-5::t2,59,59;61,reducer,combustible_reducing;metal;water,,MATCH,NOT_CHECKED,True,COLLECTED,UNSUPPORTED
101-02-0,TRIPHENYL PHOSPHITE,wave1,pool_supplement,wave1_topup,UNKNOWN(그룹 슬롯 자동 보충 — 물질 단위 개별 선정 근거 없음),01_collection/build_undergrad_target_list.py GROUP_TIER/TIER_SLOTS(근거 미기록) | evaluation_data:gold_pair.jsonl:pair::101-02-0::15630-89-4::t0;gold_pair.jsonl:pair::101-02-0::15630-89-4::t1;gold_pair.jsonl:pair::101-02-0::15630-89-4::t2,59,59;66,reducer,no_data,,MATCH,NOT_CHECKED,True,COLLECTED,UNSUPPORTED
1333-74-0,HYDROGEN,reactive_basics,reactive_basics_tier2,section10_empirical,§10 전수조사(197종) 실측 1순위 반응 상대(물 등) 기본물질 보강,docs/decisions.md §1.2a-upd,59,59,reducer,no_data,,NOT_IN_REPORT,NOT_CHECKED,False,COLLECTED,KEEP_EMPIRICAL
7758-98-7,CUPRIC SULFATE,wave1,curated_curriculum,curriculum,커리큘럼 실사용 근거: 분석화학 / 착물형성/전기화학,01_collection/build_undergrad_target_list.py CURATED_LIST | evaluation_data:gold_pair.jsonl:pair::7697-37-2::7758-98-7::t0;gold_pair.jsonl:pair::7697-37-2::7758-98-7::t1;gold_pair.jsonl:pair::7697-37-2::7758-98-7::t2,60,60,,no_data,,MATCH,NOT_CHECKED,True,COLLECTED,KEEP_MANDATORY
7786-81-4,NICKEL SULFATE,wave1,curated_curriculum,curriculum,커리큘럼 실사용 근거: 무기화학 / 착물합성,01_collection/build_undergrad_target_list.py CURATED_LIST | evaluation_data:gold_pair.jsonl:pair::104-88-1::7786-81-4::t0;gold_pair.jsonl:pair::104-88-1::7786-81-4::t1;gold_pair.jsonl:pair::104-88-1::7786-81-4::t2,60,60,,combustible_reducing;metal;water,,MATCH,NOT_CHECKED,True,COLLECTED,KEEP_MANDATORY
10031-13-7,LEAD(II) ARSENITE,wave1,pool_supplement,wave1_topup,UNKNOWN(그룹 슬롯 자동 보충 — 물질 단위 개별 선정 근거 없음),01_collection/build_undergrad_target_list.py GROUP_TIER/TIER_SLOTS(근거 미기록) | evaluation_data:gold_pair.jsonl:pair::10031-13-7::105-59-9::t0;gold_pair.jsonl:pair::10031-13-7::105-59-9::t1;gold_pair.jsonl:pair::10031-13-7::105-59-9::t2,61,61,,no_data,,MATCH,NOT_CHECKED,True,COLLECTED,UNSUPPORTED
10102-20-2,SODIUM TELLURITE,wave1,pool_supplement,wave1_topup,UNKNOWN(그룹 슬롯 자동 보충 — 물질 단위 개별 선정 근거 없음),01_collection/build_undergrad_target_list.py GROUP_TIER/TIER_SLOTS(근거 미기록) | evaluation_data:gold_pair.jsonl:pair::10102-20-2::7440-02-0::t0;gold_pair.jsonl:pair::10102-20-2::7440-02-0::t1;gold_pair.jsonl:pair::10102-20-2::7440-02-0::t2,61,59;61,reducer,no_data,,MATCH,NOT_CHECKED,True,COLLECTED,UNSUPPORTED
1344-00-9,SODIUM ALUMINOSILICATE,wave1,pool_replacement_v2,wave1_topup,원 후보가 KOSHA 미등록이라 같은 그룹 내 다음 후보로 자동 대체,01_collection/backfill_group_replacements.py | evaluation_data:gold_pair.jsonl:pair::101-90-6::1344-00-9::t0;gold_pair.jsonl:pair::101-90-6::1344-00-9::t1;gold_pair.jsonl:pair::101-90-6::1344-00-9::t2,62,61;62,,combustible_reducing;water,scarce_group:62,MATCH,NOT_CHECKED,True,COLLECTED,KEEP_COVERAGE
1185-81-5,DIBUTYLTIN-BIS(LAURYL MERCAPTIDE),wave1,pool_supplement,wave1_topup,UNKNOWN(그룹 슬롯 자동 보충 — 물질 단위 개별 선정 근거 없음),01_collection/build_undergrad_target_list.py GROUP_TIER/TIER_SLOTS(근거 미기록) | evaluation_data:gold_pair.jsonl:pair::115-19-5::1185-81-5::t0;gold_pair.jsonl:pair::115-19-5::1185-81-5::t1;gold_pair.jsonl:pair::115-19-5::1185-81-5::t2,63,49;63,,combustible_reducing;water,,MATCH,NOT_CHECKED,True,COLLECTED,UNSUPPORTED
12035-72-2,NICKEL SUBSULFIDE,wave1,pool_supplement,wave1_topup,UNKNOWN(그룹 슬롯 자동 보충 — 물질 단위 개별 선정 근거 없음),01_collection/build_undergrad_target_list.py GROUP_TIER/TIER_SLOTS(근거 미기록) | evaluation_data:gold_pair.jsonl:pair::101-27-9::12035-72-2::t0;gold_pair.jsonl:pair::101-27-9::12035-72-2::t1;gold_pair.jsonl:pair::101-27-9::12035-72-2::t2,63,63,,combustible_reducing;metal;water,,MATCH,NOT_CHECKED,True,COLLECTED,UNSUPPORTED
7220-79-3,METHYLENE BLUE TRIHYDRATE,wave1,pool_replacement_v3_manual,manual_addition,자동 안전필터로 못 거른 물질을 사람이 검토해 대체,01_collection/backfill_round3_manual_picks.py | evaluation_data:gold_pair.jsonl:pair::131-52-2::7220-79-3::t0;gold_pair.jsonl:pair::131-52-2::7220-79-3::t1;gold_pair.jsonl:pair::131-52-2::7220-79-3::t2,64,14;35;57;64,,no_data,scarce_group:57,MATCH,NOT_CHECKED,True,COLLECTED,KEEP_COVERAGE
7772-98-7,SODIUM THIOSULFATE,wave1,curated_curriculum,curriculum,커리큘럼 실사용 근거: 분석화학 / 요오드 적정 환원제,01_collection/build_undergrad_target_list.py CURATED_LIST | evaluation_data:gold_pair.jsonl:pair::100-00-5::7772-98-7::t0;gold_pair.jsonl:pair::100-00-5::7772-98-7::t1;gold_pair.jsonl:pair::100-00-5::7772-98-7::t2,65,65,,combustible_reducing;water,,NO_PUBCHEM_DATA,NOT_CHECKED,True,COLLECTED,KEEP_MANDATORY
10192-30-0,"AMMONIUM BISULFITE, SOLID",wave1,pool_supplement,wave1_topup,UNKNOWN(그룹 슬롯 자동 보충 — 물질 단위 개별 선정 근거 없음),01_collection/build_undergrad_target_list.py GROUP_TIER/TIER_SLOTS(근거 미기록) | evaluation_data:gold_pair.jsonl:pair::100-16-3::10192-30-0::t0;gold_pair.jsonl:pair::100-16-3::10192-30-0::t1;gold_pair.jsonl:pair::100-16-3::10192-30-0::t2,65,60;65;68,water,combustible_reducing;metal;water,,MATCH,NOT_CHECKED,True,COLLECTED,UNSUPPORTED
10196-04-0,AMMONIUM SULFITE,wave1,pool_supplement,wave1_topup,UNKNOWN(그룹 슬롯 자동 보충 — 물질 단위 개별 선정 근거 없음),01_collection/build_undergrad_target_list.py GROUP_TIER/TIER_SLOTS(근거 미기록) | evaluation_data:gold_pair.jsonl:pair::10196-04-0::104-72-3::t0;gold_pair.jsonl:pair::10196-04-0::104-72-3::t1;gold_pair.jsonl:pair::10196-04-0::104-72-3::t2,65,60;65,,combustible_reducing;water,,MATCH,NOT_CHECKED,True,COLLECTED,UNSUPPORTED
10431-47-7,POTASSIUM SELENITE,wave1,pool_supplement,wave1_topup,UNKNOWN(그룹 슬롯 자동 보충 — 물질 단위 개별 선정 근거 없음),01_collection/build_undergrad_target_list.py GROUP_TIER/TIER_SLOTS(근거 미기록) | evaluation_data:gold_pair_abstain.jsonl:pair::10431-47-7::1333-86-4::t0;gold_pair_abstain.jsonl:pair::10431-47-7::1333-86-4::t1;gold_pair_abstain.jsonl:pair::10431-47-7::1333-86-4::t2,65,65,,no_data,,MATCH,NOT_CHECKED,True,COLLECTED,UNSUPPORTED
13718-59-7,BARIUM SELENITE,wave1,pool_supplement,wave1_topup,UNKNOWN(그룹 슬롯 자동 보충 — 물질 단위 개별 선정 근거 없음),01_collection/build_undergrad_target_list.py GROUP_TIER/TIER_SLOTS(근거 미기록) | evaluation_data:gold_pair.jsonl:pair::13718-59-7::7440-25-7::t0;gold_pair.jsonl:pair::13718-59-7::7440-25-7::t1;gold_pair.jsonl:pair::13718-59-7::7440-25-7::t2,65,65,,combustible_reducing;metal;water,,MATCH,NOT_CHECKED,True,COLLECTED,UNSUPPORTED
13774-25-9,MAGNESIUM BISULFITE SOLUTION,wave1,pool_supplement,wave1_topup,UNKNOWN(그룹 슬롯 자동 보충 — 물질 단위 개별 선정 근거 없음),01_collection/build_undergrad_target_list.py GROUP_TIER/TIER_SLOTS(근거 미기록) | evaluation_data:gold_pair.jsonl:pair::10169-02-5::13774-25-9::t0;gold_pair.jsonl:pair::10169-02-5::13774-25-9::t1;gold_pair.jsonl:pair::10169-02-5::13774-25-9::t2,65,65;68,water,combustible_reducing;metal;water,,MATCH,NOT_CHECKED,True,COLLECTED,UNSUPPORTED
1071-83-6,GLYPHOSATE,wave1,pool_supplement,wave1_topup,UNKNOWN(그룹 슬롯 자동 보충 — 물질 단위 개별 선정 근거 없음),01_collection/build_undergrad_target_list.py GROUP_TIER/TIER_SLOTS(근거 미기록) | evaluation_data:gold_retrieval.jsonl:ans::B0406::1071-83-6;gold_retrieval.jsonl:ans::I30::1071-83-6;gold_abstain.jsonl:no_::I14::1071-83-6,66,2;14;66,,combustible_reducing;water,,MATCH,NOT_CHECKED,True,COLLECTED,UNSUPPORTED
111-54-6,"ETHYLENEBISDITHIOCARBAMIC ACID, SALTS AND ESTERS",wave1,pool_supplement,wave1_topup,UNKNOWN(그룹 슬롯 자동 보충 — 물질 단위 개별 선정 근거 없음),01_collection/build_undergrad_target_list.py GROUP_TIER/TIER_SLOTS(근거 미기록) | evaluation_data:gold_pair.jsonl:pair::103-80-0::111-54-6::t0;gold_pair.jsonl:pair::103-80-0::111-54-6::t1;gold_pair.jsonl:pair::103-80-0::111-54-6::t2,67,5;67,,no_data,,MATCH,NOT_CHECKED,True,COLLECTED,UNSUPPORTED
10043-01-3,"ALUMINUM SULFATE, SOLID",wave1,pool_supplement,wave1_topup,UNKNOWN(그룹 슬롯 자동 보충 — 물질 단위 개별 선정 근거 없음),01_collection/build_undergrad_target_list.py GROUP_TIER/TIER_SLOTS(근거 미기록) | evaluation_data:gold_pair.jsonl:pair::100-73-2::10043-01-3::t0;gold_pair.jsonl:pair::100-73-2::10043-01-3::t1;gold_pair.jsonl:pair::100-73-2::10043-01-3::t2,68,60;68,water,combustible_reducing;water,,MATCH,NOT_CHECKED,True,COLLECTED,UNSUPPORTED
7732-18-5,WATER,reactive_basics,reactive_basics_tier1,section10_empirical,§10 전수조사(197종) 실측 1순위 반응 상대(물 등) 기본물질 보강,docs/decisions.md §1.2a-upd,68,68,water,water,,MATCH,NOT_CHECKED,False,COLLECTED,KEEP_EMPIRICAL
68848-64-6,LITHIUM SILICON,wave2,reaction_frequency_high,wave2_expansion,실측 §10 위험관계 고빈도 그룹(위험관계=metal) 소속으로 무제한 편입,01_collection/expand_by_reaction_frequency.py FREQ_GROUPS + docs/decisions.md §1.2a-upd | evaluation_data:gold_abstain.jsonl:nomsds::68848-64-6,40,40,metal,,,MATCH,NOT_CHECKED,True,ABSTAIN_NOT_FOUND,NOT_COLLECTED
7440-17-7,RUBIDIUM,wave2,reaction_frequency_high,wave2_expansion,실측 §10 위험관계 고빈도 그룹(위험관계=metal) 소속으로 무제한 편입,01_collection/expand_by_reaction_frequency.py FREQ_GROUPS + docs/decisions.md §1.2a-upd,40,40,metal,water,,MATCH,NOT_CHECKED,False,COLLECTED,REVIEW
7440-23-5,SODIUM,wave2,reaction_frequency_high,wave2_expansion,실측 §10 위험관계 고빈도 그룹(위험관계=metal) 소속으로 무제한 편입,"01_collection/expand_by_reaction_frequency.py FREQ_GROUPS + docs/decisions.md §1.2a-upd | signature_duplicate_of=7440-17-7(동일 true_cameo_groups=(40,) 조합 물질 3종 중 대표 1종 제외 나머지)",40,40,metal,no_data,,MATCH,NOT_CHECKED,False,COLLECTED,DUPLICATE
7440-46-2,CESIUM,wave2,reaction_frequency_high,wave2_expansion,실측 §10 위험관계 고빈도 그룹(위험관계=metal) 소속으로 무제한 편입,"01_collection/expand_by_reaction_frequency.py FREQ_GROUPS + docs/decisions.md §1.2a-upd | signature_duplicate_of=7440-17-7(동일 true_cameo_groups=(40,) 조합 물질 3종 중 대표 1종 제외 나머지)",40,40,metal,water,,MATCH,NOT_CHECKED,False,COLLECTED,DUPLICATE
54413-15-9,TRITONAL,wave2,reaction_frequency_high,wave2_expansion,실측 §10 위험관계 고빈도 그룹(위험관계=metal) 소속으로 무제한 편입,01_collection/expand_by_reaction_frequency.py FREQ_GROUPS + docs/decisions.md §1.2a-upd | evaluation_data:gold_abstain.jsonl:nomsds::54413-15-9,41,41;46,metal,,,MATCH,NOT_CHECKED,True,ABSTAIN_NOT_FOUND,NOT_COLLECTED
70399-13-2,LITHIUM FERROSILICON,wave2,reaction_frequency_high,wave2_expansion,실측 §10 위험관계 고빈도 그룹(위험관계=metal) 소속으로 무제한 편입,01_collection/expand_by_reaction_frequency.py FREQ_GROUPS + docs/decisions.md §1.2a-upd | evaluation_data:gold_abstain.jsonl:nomsds::70399-13-2,41,41,metal,,,MATCH,NOT_CHECKED,True,ABSTAIN_NOT_FOUND,NOT_COLLECTED
7440-32-6,"TITANIUM POWDER, DRY",wave2,reaction_frequency_high,wave2_expansion,"실측 §10 위험관계 고빈도 그룹(위험관계=metal,water) 소속으로 무제한 편입",01_collection/expand_by_reaction_frequency.py FREQ_GROUPS + docs/decisions.md §1.2a-upd,41,41;68,metal;water,water,,MATCH,NOT_CHECKED,False,COLLECTED,REVIEW
7440-36-0,ANTIMONY POWDER,wave2,reaction_frequency_high,wave2_expansion,실측 §10 위험관계 고빈도 그룹(위험관계=metal) 소속으로 무제한 편입,01_collection/expand_by_reaction_frequency.py FREQ_GROUPS + docs/decisions.md §1.2a-upd,41,41,metal,water,,MATCH,NOT_CHECKED,False,COLLECTED,REVIEW
7440-39-3,BARIUM,wave2,reaction_frequency_high,wave2_expansion,실측 §10 위험관계 고빈도 그룹(위험관계=metal) 소속으로 무제한 편입,"01_collection/expand_by_reaction_frequency.py FREQ_GROUPS + docs/decisions.md §1.2a-upd | signature_duplicate_of=7440-36-0(동일 true_cameo_groups=(41,) 조합 물질 12종 중 대표 1종 제외 나머지)",41,41,metal,water,,MATCH,NOT_CHECKED,False,COLLECTED,DUPLICATE
7440-41-7,"BERYLLIUM COMPOUND, N.O.S.",wave2,reaction_frequency_high,wave2_expansion,실측 §10 위험관계 고빈도 그룹(위험관계=metal) 소속으로 무제한 편입,01_collection/expand_by_reaction_frequency.py FREQ_GROUPS + docs/decisions.md §1.2a-upd,41,36;41,metal,metal,scarce_group:36,MATCH,NOT_CHECKED,False,COLLECTED,KEEP_COVERAGE
7440-43-9,CADMIUM,wave2,reaction_frequency_high,wave2_expansion,실측 §10 위험관계 고빈도 그룹(위험관계=metal) 소속으로 무제한 편입,"01_collection/expand_by_reaction_frequency.py FREQ_GROUPS + docs/decisions.md §1.2a-upd | signature_duplicate_of=7440-36-0(동일 true_cameo_groups=(41,) 조합 물질 12종 중 대표 1종 제외 나머지)",41,41,metal,no_data,,MATCH,NOT_CHECKED,False,COLLECTED,DUPLICATE
7440-45-1,"CERIUM, SLABS, INGOTS OR RODS",wave2,reaction_frequency_high,wave2_expansion,실측 §10 위험관계 고빈도 그룹(위험관계=metal) 소속으로 무제한 편입,"01_collection/expand_by_reaction_frequency.py FREQ_GROUPS + docs/decisions.md §1.2a-upd | signature_duplicate_of=7440-36-0(동일 true_cameo_groups=(41,) 조합 물질 12종 중 대표 1종 제외 나머지)",41,41,metal,water,,MATCH,NOT_CHECKED,False,COLLECTED,DUPLICATE
7440-47-3,CHROMIUM,wave2,reaction_frequency_high,wave2_expansion,실측 §10 위험관계 고빈도 그룹(위험관계=metal) 소속으로 무제한 편입,"01_collection/expand_by_reaction_frequency.py FREQ_GROUPS + docs/decisions.md §1.2a-upd | signature_duplicate_of=7440-36-0(동일 true_cameo_groups=(41,) 조합 물질 12종 중 대표 1종 제외 나머지)",41,41,metal,combustible_reducing;water,,MATCH,NOT_CHECKED,False,COLLECTED,DUPLICATE
7440-48-4,COBALT,wave2,reaction_frequency_high,wave2_expansion,실측 §10 위험관계 고빈도 그룹(위험관계=metal) 소속으로 무제한 편입,"01_collection/expand_by_reaction_frequency.py FREQ_GROUPS + docs/decisions.md §1.2a-upd | signature_duplicate_of=7440-36-0(동일 true_cameo_groups=(41,) 조합 물질 12종 중 대표 1종 제외 나머지)",41,41,metal,water,,MATCH,NOT_CHECKED,False,COLLECTED,DUPLICATE
7440-58-6,"HAFNIUM POWDER, DRY",wave2,reaction_frequency_high,wave2_expansion,"실측 §10 위험관계 고빈도 그룹(위험관계=metal,water) 소속으로 무제한 편입","01_collection/expand_by_reaction_frequency.py FREQ_GROUPS + docs/decisions.md §1.2a-upd | signature_duplicate_of=7440-32-6(동일 true_cameo_groups=(41, 68) 조합 물질 3종 중 대표 1종 제외 나머지)",41,41;68,metal;water,water,,MATCH,NOT_CHECKED,False,COLLECTED,DUPLICATE
7440-62-2,VANADIUM (FUME OR DUST),wave2,reaction_frequency_high,wave2_expansion,실측 §10 위험관계 고빈도 그룹(위험관계=metal) 소속으로 무제한 편입,"01_collection/expand_by_reaction_frequency.py FREQ_GROUPS + docs/decisions.md §1.2a-upd | signature_duplicate_of=7440-36-0(동일 true_cameo_groups=(41,) 조합 물질 12종 중 대표 1종 제외 나머지)",41,41,metal,no_data,,MATCH,NOT_CHECKED,False,COLLECTED,DUPLICATE
7440-65-5,YTTRIUM,wave2,reaction_frequency_high,wave2_expansion,실측 §10 위험관계 고빈도 그룹(위험관계=metal) 소속으로 무제한 편입,"01_collection/expand_by_reaction_frequency.py FREQ_GROUPS + docs/decisions.md §1.2a-upd | signature_duplicate_of=7440-36-0(동일 true_cameo_groups=(41,) 조합 물질 12종 중 대표 1종 제외 나머지)",41,41,metal,water,,MATCH,NOT_CHECKED,False,COLLECTED,DUPLICATE
7440-67-7,ZIRCONIUM POWDER WET,wave2,reaction_frequency_high,wave2_expansion,"실측 §10 위험관계 고빈도 그룹(위험관계=metal,water) 소속으로 무제한 편입","01_collection/expand_by_reaction_frequency.py FREQ_GROUPS + docs/decisions.md §1.2a-upd | signature_duplicate_of=7440-32-6(동일 true_cameo_groups=(41, 68) 조합 물질 3종 중 대표 1종 제외 나머지)",41,41;68,metal;water,water,,MATCH,NOT_CHECKED,False,COLLECTED,DUPLICATE
7440-70-2,CALCIUM,wave2,reaction_frequency_high,wave2_expansion,실측 §10 위험관계 고빈도 그룹(위험관계=metal) 소속으로 무제한 편입,"01_collection/expand_by_reaction_frequency.py FREQ_GROUPS + docs/decisions.md §1.2a-upd | signature_duplicate_of=7440-36-0(동일 true_cameo_groups=(41,) 조합 물질 12종 중 대표 1종 제외 나머지)",41,41,metal,water,,MATCH,NOT_CHECKED,False,COLLECTED,DUPLICATE
7440-74-6,INDIUM,wave2,reaction_frequency_high,wave2_expansion,실측 §10 위험관계 고빈도 그룹(위험관계=metal) 소속으로 무제한 편입,"01_collection/expand_by_reaction_frequency.py FREQ_GROUPS + docs/decisions.md §1.2a-upd | signature_duplicate_of=7440-36-0(동일 true_cameo_groups=(41,) 조합 물질 12종 중 대표 1종 제외 나머지)",41,41,metal,water,,MATCH,NOT_CHECKED,False,COLLECTED,DUPLICATE
7782-49-2,SELENIUM POWDER,wave2,reaction_frequency_high,wave2_expansion,실측 §10 위험관계 고빈도 그룹(위험관계=metal) 소속으로 무제한 편입,"01_collection/expand_by_reaction_frequency.py FREQ_GROUPS + docs/decisions.md §1.2a-upd | signature_duplicate_of=7440-36-0(동일 true_cameo_groups=(41,) 조합 물질 12종 중 대표 1종 제외 나머지)",41,41,metal,no_data,,MATCH,NOT_CHECKED,False,COLLECTED,DUPLICATE
8049-17-0,FERROSILICON,wave2,reaction_frequency_high,wave2_expansion,실측 §10 위험관계 고빈도 그룹(위험관계=metal) 소속으로 무제한 편입,"01_collection/expand_by_reaction_frequency.py FREQ_GROUPS + docs/decisions.md §1.2a-upd | signature_duplicate_of=7440-36-0(동일 true_cameo_groups=(41,) 조합 물질 12종 중 대표 1종 제외 나머지)",41,41,metal,water,,MATCH,NOT_CHECKED,False,COLLECTED,DUPLICATE
13494-80-9,TELLURIUM,wave2,reaction_frequency_high,wave2_expansion,실측 §10 위험관계 고빈도 그룹(위험관계=metal) 소속으로 무제한 편입,01_collection/expand_by_reaction_frequency.py FREQ_GROUPS + docs/decisions.md §1.2a-upd,42,42,metal,no_data,,MATCH,NOT_CHECKED,False,COLLECTED,REVIEW
15385-58-7,MERCUROUS BROMIDE,wave2,reaction_frequency_high,wave2_expansion,실측 §10 위험관계 고빈도 그룹(위험관계=metal) 소속으로 무제한 편입,01_collection/expand_by_reaction_frequency.py FREQ_GROUPS + docs/decisions.md §1.2a-upd,42,42;47,metal,combustible_reducing;metal;water,,MATCH,NOT_CHECKED,False,COLLECTED,REVIEW
15829-53-5,MERCURY OXIDE,wave2,reaction_frequency_high,wave2_expansion,"실측 §10 위험관계 고빈도 그룹(위험관계=metal,oxidizer) 소속으로 무제한 편입",01_collection/expand_by_reaction_frequency.py FREQ_GROUPS + docs/decisions.md §1.2a-upd,42,42;51,metal;oxidizer,no_data,,MATCH,NOT_CHECKED,False,COLLECTED,REVIEW
21908-53-2,"MERCURIC OXIDE, [SOLID]",wave2,reaction_frequency_high,wave2_expansion,"실측 §10 위험관계 고빈도 그룹(위험관계=metal,oxidizer) 소속으로 무제한 편입","01_collection/expand_by_reaction_frequency.py FREQ_GROUPS + docs/decisions.md §1.2a-upd | signature_duplicate_of=15829-53-5(동일 true_cameo_groups=(42, 51) 조합 물질 2종 중 대표 1종 제외 나머지)",42,42;51,metal;oxidizer,no_data,,MATCH,NOT_CHECKED,False,COLLECTED,DUPLICATE
63937-14-4,MERCURY GLUCONATE,wave2,reaction_frequency_high,wave2_expansion,실측 §10 위험관계 고빈도 그룹(위험관계=metal) 소속으로 무제한 편입,01_collection/expand_by_reaction_frequency.py FREQ_GROUPS + docs/decisions.md §1.2a-upd,42,8;42;61,metal,,,MATCH,NOT_CHECKED,False,ABSTAIN_NOT_FOUND,NOT_COLLECTED
7439-92-1,LEAD,wave2,reaction_frequency_high,wave2_expansion,실측 §10 위험관계 고빈도 그룹(위험관계=metal) 소속으로 무제한 편입,"01_collection/expand_by_reaction_frequency.py FREQ_GROUPS + docs/decisions.md §1.2a-upd | signature_duplicate_of=13494-80-9(동일 true_cameo_groups=(42,) 조합 물질 12종 중 대표 1종 제외 나머지)",42,42,metal,combustible_reducing;water,,MATCH,NOT_CHECKED,False,COLLECTED,DUPLICATE
7439-96-5,MANGANESE,wave2,reaction_frequency_high,wave2_expansion,실측 §10 위험관계 고빈도 그룹(위험관계=metal) 소속으로 무제한 편입,"01_collection/expand_by_reaction_frequency.py FREQ_GROUPS + docs/decisions.md §1.2a-upd | signature_duplicate_of=13494-80-9(동일 true_cameo_groups=(42,) 조합 물질 12종 중 대표 1종 제외 나머지)",42,42,metal,water,,MATCH,NOT_CHECKED,False,COLLECTED,DUPLICATE
7439-98-7,MOLYBDENUM,wave2,reaction_frequency_high,wave2_expansion,실측 §10 위험관계 고빈도 그룹(위험관계=metal) 소속으로 무제한 편입,"01_collection/expand_by_reaction_frequency.py FREQ_GROUPS + docs/decisions.md §1.2a-upd | signature_duplicate_of=13494-80-9(동일 true_cameo_groups=(42,) 조합 물질 12종 중 대표 1종 제외 나머지)",42,42,metal,water,,MATCH,NOT_CHECKED,False,COLLECTED,DUPLICATE
7440-06-4,PLATINUM,wave2,reaction_frequency_high,wave2_expansion,실측 §10 위험관계 고빈도 그룹(위험관계=metal) 소속으로 무제한 편입,"01_collection/expand_by_reaction_frequency.py FREQ_GROUPS + docs/decisions.md §1.2a-upd | signature_duplicate_of=13494-80-9(동일 true_cameo_groups=(42,) 조합 물질 12종 중 대표 1종 제외 나머지)",42,42,metal,water,,MATCH,NOT_CHECKED,False,COLLECTED,DUPLICATE
7440-16-6,RHODIUM (METAL FUME),wave2,reaction_frequency_high,wave2_expansion,실측 §10 위험관계 고빈도 그룹(위험관계=metal) 소속으로 무제한 편입,"01_collection/expand_by_reaction_frequency.py FREQ_GROUPS + docs/decisions.md §1.2a-upd | signature_duplicate_of=13494-80-9(동일 true_cameo_groups=(42,) 조합 물질 12종 중 대표 1종 제외 나머지)",42,42,metal,water,,MATCH,NOT_CHECKED,False,COLLECTED,DUPLICATE
7440-22-4,SILVER,wave2,reaction_frequency_high,wave2_expansion,실측 §10 위험관계 고빈도 그룹(위험관계=metal) 소속으로 무제한 편입,"01_collection/expand_by_reaction_frequency.py FREQ_GROUPS + docs/decisions.md §1.2a-upd | signature_duplicate_of=13494-80-9(동일 true_cameo_groups=(42,) 조합 물질 12종 중 대표 1종 제외 나머지)",42,42,metal,combustible_reducing;water,,MATCH,NOT_CHECKED,False,COLLECTED,DUPLICATE
7440-28-0,THALLIUM,wave2,reaction_frequency_high,wave2_expansion,실측 §10 위험관계 고빈도 그룹(위험관계=metal) 소속으로 무제한 편입,"01_collection/expand_by_reaction_frequency.py FREQ_GROUPS + docs/decisions.md §1.2a-upd | signature_duplicate_of=13494-80-9(동일 true_cameo_groups=(42,) 조합 물질 12종 중 대표 1종 제외 나머지)",42,42,metal,no_data,,MATCH,NOT_CHECKED,False,COLLECTED,DUPLICATE
7440-31-5,TIN,wave2,reaction_frequency_high,wave2_expansion,실측 §10 위험관계 고빈도 그룹(위험관계=metal) 소속으로 무제한 편입,"01_collection/expand_by_reaction_frequency.py FREQ_GROUPS + docs/decisions.md §1.2a-upd | signature_duplicate_of=13494-80-9(동일 true_cameo_groups=(42,) 조합 물질 12종 중 대표 1종 제외 나머지)",42,42,metal,combustible_reducing;water,,MATCH,NOT_CHECKED,False,COLLECTED,DUPLICATE
7440-33-7,TUNGSTEN,wave2,reaction_frequency_high,wave2_expansion,실측 §10 위험관계 고빈도 그룹(위험관계=metal) 소속으로 무제한 편입,"01_collection/expand_by_reaction_frequency.py FREQ_GROUPS + docs/decisions.md §1.2a-upd | signature_duplicate_of=13494-80-9(동일 true_cameo_groups=(42,) 조합 물질 12종 중 대표 1종 제외 나머지)",42,42,metal,water,,MATCH,NOT_CHECKED,False,COLLECTED,DUPLICATE
7440-38-2,ARSENIC,wave2,reaction_frequency_high,wave2_expansion,실측 §10 위험관계 고빈도 그룹(위험관계=metal) 소속으로 무제한 편입,"01_collection/expand_by_reaction_frequency.py FREQ_GROUPS + docs/decisions.md §1.2a-upd | signature_duplicate_of=13494-80-9(동일 true_cameo_groups=(42,) 조합 물질 12종 중 대표 1종 제외 나머지)",42,42,metal,no_data,,MATCH,NOT_CHECKED,False,COLLECTED,DUPLICATE
7440-55-3,GALLIUM,wave2,reaction_frequency_high,wave2_expansion,실측 §10 위험관계 고빈도 그룹(위험관계=metal) 소속으로 무제한 편입,"01_collection/expand_by_reaction_frequency.py FREQ_GROUPS + docs/decisions.md §1.2a-upd | signature_duplicate_of=13494-80-9(동일 true_cameo_groups=(42,) 조합 물질 12종 중 대표 1종 제외 나머지)",42,42,metal,no_data,,MATCH,NOT_CHECKED,False,COLLECTED,DUPLICATE
7487-94-7,MERCURIC CHLORIDE,wave2,reaction_frequency_high,wave2_expansion,실측 §10 위험관계 고빈도 그룹(위험관계=metal) 소속으로 무제한 편입,01_collection/expand_by_reaction_frequency.py FREQ_GROUPS + docs/decisions.md §1.2a-upd,42,42;60,metal,combustible_reducing;metal;water,,MATCH,NOT_CHECKED,False,COLLECTED,REVIEW
7647-10-1,PALLADIUM CHLORIDE,wave2,reaction_frequency_high,wave2_expansion,"실측 §10 위험관계 고빈도 그룹(위험관계=metal,oxidizer) 소속으로 무제한 편입",01_collection/expand_by_reaction_frequency.py FREQ_GROUPS + docs/decisions.md §1.2a-upd,42,42;51;60,metal;oxidizer,combustible_reducing;water,,MATCH,NOT_CHECKED,False,COLLECTED,REVIEW
7774-29-0,MERCURY IODIDE,wave2,reaction_frequency_high,wave2_expansion,"실측 §10 위험관계 고빈도 그룹(위험관계=metal,reducer) 소속으로 무제한 편입",01_collection/expand_by_reaction_frequency.py FREQ_GROUPS + docs/decisions.md §1.2a-upd,42,42;59,metal;reducer,no_data,,MATCH,NOT_CHECKED,False,COLLECTED,REVIEW
7783-33-7,"MERCURIC POTASSIUM IODIDE, [SOLID]",wave2,reaction_frequency_high,wave2_expansion,실측 §10 위험관계 고빈도 그룹(위험관계=metal) 소속으로 무제한 편입,"01_collection/expand_by_reaction_frequency.py FREQ_GROUPS + docs/decisions.md §1.2a-upd | signature_duplicate_of=7487-94-7(동일 true_cameo_groups=(42, 60) 조합 물질 4종 중 대표 1종 제외 나머지)",42,42;60,metal,no_data,,MATCH,NOT_CHECKED,False,COLLECTED,DUPLICATE
7783-35-9,MERCURIC SULFATE,wave2,reaction_frequency_high,wave2_expansion,실측 §10 위험관계 고빈도 그룹(위험관계=metal) 소속으로 무제한 편입,"01_collection/expand_by_reaction_frequency.py FREQ_GROUPS + docs/decisions.md §1.2a-upd | signature_duplicate_of=7487-94-7(동일 true_cameo_groups=(42, 60) 조합 물질 4종 중 대표 1종 제외 나머지)",42,42;60,metal,no_data,,MATCH,NOT_CHECKED,False,COLLECTED,DUPLICATE
7783-36-0,MERCUROUS SULFATE,wave2,reaction_frequency_high,wave2_expansion,실측 §10 위험관계 고빈도 그룹(위험관계=metal) 소속으로 무제한 편입,"01_collection/expand_by_reaction_frequency.py FREQ_GROUPS + docs/decisions.md §1.2a-upd | signature_duplicate_of=7487-94-7(동일 true_cameo_groups=(42, 60) 조합 물질 4종 중 대표 1종 제외 나머지)",42,42;60,metal,no_data,,MATCH,NOT_CHECKED,False,COLLECTED,DUPLICATE
7789-47-1,MERCURIC BROMIDE,wave2,reaction_frequency_high,wave2_expansion,실측 §10 위험관계 고빈도 그룹(위험관계=metal) 소속으로 무제한 편입,"01_collection/expand_by_reaction_frequency.py FREQ_GROUPS + docs/decisions.md §1.2a-upd | signature_duplicate_of=15385-58-7(동일 true_cameo_groups=(42, 47) 조합 물질 2종 중 대표 1종 제외 나머지)",42,42;47,metal,combustible_reducing;metal;water,,MATCH,NOT_CHECKED,False,COLLECTED,DUPLICATE
8049-19-2,FERROPHOSPHORUS,wave2,reaction_frequency_high,wave2_expansion,실측 §10 위험관계 고빈도 그룹(위험관계=metal) 소속으로 무제한 편입,01_collection/expand_by_reaction_frequency.py FREQ_GROUPS + docs/decisions.md §1.2a-upd,42,42,metal,,,MATCH,NOT_CHECKED,False,ABSTAIN_NOT_FOUND,NOT_COLLECTED
10137-74-3,CALCIUM CHLORATE,wave2,reaction_frequency_high,wave2_expansion,"실측 §10 위험관계 고빈도 그룹(위험관계=oxidizer,water) 소속으로 무제한 편입",01_collection/expand_by_reaction_frequency.py FREQ_GROUPS + docs/decisions.md §1.2a-upd,50,50;61;68,oxidizer;water,combustible_reducing;water,,MATCH,NOT_CHECKED,False,COLLECTED,REVIEW
10326-21-3,MAGNESIUM CHLORATE,wave2,reaction_frequency_high,wave2_expansion,실측 §10 위험관계 고빈도 그룹(위험관계=oxidizer) 소속으로 무제한 편입,01_collection/expand_by_reaction_frequency.py FREQ_GROUPS + docs/decisions.md §1.2a-upd,50,50,oxidizer,no_data,,MATCH,NOT_CHECKED,False,COLLECTED,REVIEW
10361-95-2,ZINC CHLORATE,wave2,reaction_frequency_high,wave2_expansion,실측 §10 위험관계 고빈도 그룹(위험관계=oxidizer) 소속으로 무제한 편입,"01_collection/expand_by_reaction_frequency.py FREQ_GROUPS + docs/decisions.md §1.2a-upd | signature_duplicate_of=10326-21-3(동일 true_cameo_groups=(50,) 조합 물질 25종 중 대표 1종 제외 나머지)",50,50,oxidizer,no_data,,MATCH,NOT_CHECKED,False,COLLECTED,DUPLICATE
11084-85-8,CHLORINATED TRISODIUM PHOSPHATE,wave2,reaction_frequency_high,wave2_expansion,실측 §10 위험관계 고빈도 그룹(위험관계=oxidizer) 소속으로 무제한 편입,01_collection/expand_by_reaction_frequency.py FREQ_GROUPS + docs/decisions.md §1.2a-upd,50,50;61,oxidizer,combustible_reducing;water,,MATCH,NOT_CHECKED,False,COLLECTED,REVIEW
1189-85-1,T-BUTYL CHROMATE,wave2,reaction_frequency_high,wave2_expansion,실측 §10 위험관계 고빈도 그룹(위험관계=oxidizer) 소속으로 무제한 편입,"01_collection/expand_by_reaction_frequency.py FREQ_GROUPS + docs/decisions.md §1.2a-upd | signature_duplicate_of=10326-21-3(동일 true_cameo_groups=(50,) 조합 물질 25종 중 대표 1종 제외 나머지)",50,50,oxidizer,combustible_reducing;water,,MATCH,NOT_CHECKED,False,COLLECTED,DUPLICATE
12034-12-7,SODIUM SUPEROXIDE,wave2,reaction_frequency_high,wave2_expansion,실측 §10 위험관계 고빈도 그룹(위험관계=oxidizer) 소속으로 무제한 편입,01_collection/expand_by_reaction_frequency.py FREQ_GROUPS + docs/decisions.md §1.2a-upd | evaluation_data:gold_abstain.jsonl:nomsds::12034-12-7,50,18;50,oxidizer,,,MATCH,NOT_CHECKED,True,ABSTAIN_NOT_FOUND,NOT_COLLECTED
12036-71-4,URANIUM PEROXIDE,wave2,reaction_frequency_high,wave2_expansion,실측 §10 위험관계 고빈도 그룹(위험관계=oxidizer) 소속으로 무제한 편입,01_collection/expand_by_reaction_frequency.py FREQ_GROUPS + docs/decisions.md §1.2a-upd,50,50,oxidizer,,,MATCH,NOT_CHECKED,False,ABSTAIN_NOT_FOUND,NOT_COLLECTED
1304-29-6,BARIUM PEROXIDE,wave2,reaction_frequency_high,wave2_expansion,실측 §10 위험관계 고빈도 그룹(위험관계=oxidizer) 소속으로 무제한 편입,"01_collection/expand_by_reaction_frequency.py FREQ_GROUPS + docs/decisions.md §1.2a-upd | signature_duplicate_of=11084-85-8(동일 true_cameo_groups=(50, 61) 조합 물질 15종 중 대표 1종 제외 나머지)",50,50;61,oxidizer,combustible_reducing;water,,MATCH,NOT_CHECKED,False,COLLECTED,DUPLICATE
1305-79-9,CALCIUM PEROXIDE,wave2,reaction_frequency_high,wave2_expansion,실측 §10 위험관계 고빈도 그룹(위험관계=oxidizer) 소속으로 무제한 편입,"01_collection/expand_by_reaction_frequency.py FREQ_GROUPS + docs/decisions.md §1.2a-upd | signature_duplicate_of=11084-85-8(동일 true_cameo_groups=(50, 61) 조합 물질 15종 중 대표 1종 제외 나머지)",50,50;61,oxidizer,combustible_reducing;water,,MATCH,NOT_CHECKED,False,COLLECTED,DUPLICATE
1309-60-0,LEAD DIOXIDE,wave2,reaction_frequency_high,wave2_expansion,실측 §10 위험관계 고빈도 그룹(위험관계=oxidizer) 소속으로 무제한 편입,"01_collection/expand_by_reaction_frequency.py FREQ_GROUPS + docs/decisions.md §1.2a-upd | signature_duplicate_of=10326-21-3(동일 true_cameo_groups=(50,) 조합 물질 25종 중 대표 1종 제외 나머지)",50,50,oxidizer,combustible_reducing;water,,MATCH,NOT_CHECKED,False,COLLECTED,DUPLICATE
1313-60-6,SODIUM PEROXIDE,wave2,reaction_frequency_high,wave2_expansion,실측 §10 위험관계 고빈도 그룹(위험관계=oxidizer) 소속으로 무제한 편입,01_collection/expand_by_reaction_frequency.py FREQ_GROUPS + docs/decisions.md §1.2a-upd,50,18;50,oxidizer,no_data,,MATCH,NOT_CHECKED,False,COLLECTED,REVIEW
1314-18-7,STRONTIUM PEROXIDE,wave2,reaction_frequency_high,wave2_expansion,실측 §10 위험관계 고빈도 그룹(위험관계=oxidizer) 소속으로 무제한 편입,"01_collection/expand_by_reaction_frequency.py FREQ_GROUPS + docs/decisions.md §1.2a-upd | signature_duplicate_of=1313-60-6(동일 true_cameo_groups=(18, 50) 조합 물질 3종 중 대표 1종 제외 나머지)",50,18;50,oxidizer,combustible_reducing;water,,MATCH,NOT_CHECKED,False,COLLECTED,DUPLICATE
1314-22-3,ZINC PEROXIDE,wave2,reaction_frequency_high,wave2_expansion,실측 §10 위험관계 고빈도 그룹(위험관계=oxidizer) 소속으로 무제한 편입,"01_collection/expand_by_reaction_frequency.py FREQ_GROUPS + docs/decisions.md §1.2a-upd | signature_duplicate_of=10326-21-3(동일 true_cameo_groups=(50,) 조합 물질 25종 중 대표 1종 제외 나머지)",50,50,oxidizer,combustible_reducing;water,,MATCH,NOT_CHECKED,False,COLLECTED,DUPLICATE
1314-62-1,VANADIUM PENTOXIDE,wave2,reaction_frequency_high,wave2_expansion,실측 §10 위험관계 고빈도 그룹(위험관계=oxidizer) 소속으로 무제한 편입,01_collection/expand_by_reaction_frequency.py FREQ_GROUPS + docs/decisions.md §1.2a-upd,50,50;60,oxidizer,no_data,,MATCH,NOT_CHECKED,False,COLLECTED,REVIEW
1317-35-7,MANGANESE TETROXIDE,wave2,reaction_frequency_high,wave2_expansion,실측 §10 위험관계 고빈도 그룹(위험관계=oxidizer) 소속으로 무제한 편입,"01_collection/expand_by_reaction_frequency.py FREQ_GROUPS + docs/decisions.md §1.2a-upd | signature_duplicate_of=11084-85-8(동일 true_cameo_groups=(50, 61) 조합 물질 15종 중 대표 1종 제외 나머지)",50,50;61,oxidizer,combustible_reducing;water,,MATCH,NOT_CHECKED,False,COLLECTED,DUPLICATE
1333-82-0,"CHROMIUM TRIOXIDE, ANHYDROUS",wave2,reaction_frequency_high,wave2_expansion,실측 §10 위험관계 고빈도 그룹(위험관계=oxidizer) 소속으로 무제한 편입,01_collection/expand_by_reaction_frequency.py FREQ_GROUPS + docs/decisions.md §1.2a-upd,50,15;50,oxidizer,no_data,,MATCH,NOT_CHECKED,False,COLLECTED,REVIEW
13446-10-1,AMMONIUM PERMANGANATE,wave2,reaction_frequency_high,wave2_expansion,실측 §10 위험관계 고빈도 그룹(위험관계=oxidizer) 소속으로 무제한 편입,"01_collection/expand_by_reaction_frequency.py FREQ_GROUPS + docs/decisions.md §1.2a-upd | signature_duplicate_of=1314-62-1(동일 true_cameo_groups=(50, 60) 조합 물질 5종 중 대표 1종 제외 나머지)",50,50;60,oxidizer,combustible_reducing;water,,MATCH,NOT_CHECKED,False,COLLECTED,DUPLICATE
13450-97-0,STRONTIUM PERCHLORATE,wave2,reaction_frequency_high,wave2_expansion,실측 §10 위험관계 고빈도 그룹(위험관계=oxidizer) 소속으로 무제한 편입,"01_collection/expand_by_reaction_frequency.py FREQ_GROUPS + docs/decisions.md §1.2a-upd | signature_duplicate_of=10326-21-3(동일 true_cameo_groups=(50,) 조합 물질 25종 중 대표 1종 제외 나머지)",50,50,oxidizer,combustible_reducing;water,,MATCH,NOT_CHECKED,False,COLLECTED,DUPLICATE
13453-30-0,THALLIUM CHLORATE,wave2,reaction_frequency_high,wave2_expansion,실측 §10 위험관계 고빈도 그룹(위험관계=oxidizer) 소속으로 무제한 편입,01_collection/expand_by_reaction_frequency.py FREQ_GROUPS + docs/decisions.md §1.2a-upd,50,50,oxidizer,,,MATCH,NOT_CHECKED,False,ABSTAIN_NOT_FOUND,NOT_COLLECTED
13477-10-6,"BARIUM HYPOCHLORITE, WITH MORE THAN 22% AVAILABLE CHLORINE",wave2,reaction_frequency_high,wave2_expansion,실측 §10 위험관계 고빈도 그룹(위험관계=oxidizer) 소속으로 무제한 편입,"01_collection/expand_by_reaction_frequency.py FREQ_GROUPS + docs/decisions.md §1.2a-upd | signature_duplicate_of=11084-85-8(동일 true_cameo_groups=(50, 61) 조합 물질 15종 중 대표 1종 제외 나머지)",50,50;61,oxidizer,combustible_reducing;water,,MATCH,NOT_CHECKED,False,COLLECTED,DUPLICATE
13477-36-6,CALCIUM PERCHLORATE,wave2,reaction_frequency_high,wave2_expansion,실측 §10 위험관계 고빈도 그룹(위험관계=oxidizer) 소속으로 무제한 편입,"01_collection/expand_by_reaction_frequency.py FREQ_GROUPS + docs/decisions.md §1.2a-upd | signature_duplicate_of=10326-21-3(동일 true_cameo_groups=(50,) 조합 물질 25종 중 대표 1종 제외 나머지)",50,50,oxidizer,combustible_reducing;water,,MATCH,NOT_CHECKED,False,COLLECTED,DUPLICATE
13530-65-9,ZINC CHROMATE,wave2,reaction_frequency_high,wave2_expansion,실측 §10 위험관계 고빈도 그룹(위험관계=oxidizer) 소속으로 무제한 편입,"01_collection/expand_by_reaction_frequency.py FREQ_GROUPS + docs/decisions.md §1.2a-upd | signature_duplicate_of=11084-85-8(동일 true_cameo_groups=(50, 61) 조합 물질 15종 중 대표 1종 제외 나머지)",50,50;61,oxidizer,no_data,,MATCH,NOT_CHECKED,False,COLLECTED,DUPLICATE
13637-76-8,LEAD PERCHLORATE,wave2,reaction_frequency_high,wave2_expansion,실측 §10 위험관계 고빈도 그룹(위험관계=oxidizer) 소속으로 무제한 편입,"01_collection/expand_by_reaction_frequency.py FREQ_GROUPS + docs/decisions.md §1.2a-upd | signature_duplicate_of=10326-21-3(동일 true_cameo_groups=(50,) 조합 물질 25종 중 대표 1종 제외 나머지)",50,50,oxidizer,combustible_reducing;water,,MATCH,NOT_CHECKED,False,COLLECTED,DUPLICATE
13765-19-0,CALCIUM CHROMATE,wave2,reaction_frequency_high,wave2_expansion,실측 §10 위험관계 고빈도 그룹(위험관계=oxidizer) 소속으로 무제한 편입,"01_collection/expand_by_reaction_frequency.py FREQ_GROUPS + docs/decisions.md §1.2a-upd | signature_duplicate_of=11084-85-8(동일 true_cameo_groups=(50, 61) 조합 물질 15종 중 대표 1종 제외 나머지)",50,50;61,oxidizer,no_data,,MATCH,NOT_CHECKED,False,COLLECTED,DUPLICATE
13768-86-0,SELENIUM TRIOXIDE,wave2,reaction_frequency_high,wave2_expansion,실측 §10 위험관계 고빈도 그룹(위험관계=oxidizer) 소속으로 무제한 편입,01_collection/expand_by_reaction_frequency.py FREQ_GROUPS + docs/decisions.md §1.2a-upd,50,50,oxidizer,,,MATCH,NOT_CHECKED,False,ABSTAIN_NOT_FOUND,NOT_COLLECTED
13843-81-7,LITHIUM DICHROMATE,wave2,reaction_frequency_high,wave2_expansion,실측 §10 위험관계 고빈도 그룹(위험관계=oxidizer) 소속으로 무제한 편입,01_collection/expand_by_reaction_frequency.py FREQ_GROUPS + docs/decisions.md §1.2a-upd,50,50;61,oxidizer,,,MATCH,NOT_CHECKED,False,ABSTAIN_NOT_FOUND,NOT_COLLECTED
13967-90-3,BARIUM BROMATE,wave2,reaction_frequency_high,wave2_expansion,실측 §10 위험관계 고빈도 그룹(위험관계=oxidizer) 소속으로 무제한 편입,"01_collection/expand_by_reaction_frequency.py FREQ_GROUPS + docs/decisions.md §1.2a-upd | signature_duplicate_of=10326-21-3(동일 true_cameo_groups=(50,) 조합 물질 25종 중 대표 1종 제외 나머지)",50,50,oxidizer,combustible_reducing;water,,MATCH,NOT_CHECKED,False,COLLECTED,DUPLICATE
14018-95-2,ZINC DICHROMATE,wave2,reaction_frequency_high,wave2_expansion,실측 §10 위험관계 고빈도 그룹(위험관계=oxidizer) 소속으로 무제한 편입,"01_collection/expand_by_reaction_frequency.py FREQ_GROUPS + docs/decisions.md §1.2a-upd | signature_duplicate_of=11084-85-8(동일 true_cameo_groups=(50, 61) 조합 물질 15종 중 대표 1종 제외 나머지)",50,50;61,oxidizer,combustible_reducing;metal;water,,MATCH,NOT_CHECKED,False,COLLECTED,DUPLICATE
14307-35-8,LITHIUM CHROMATE,wave2,reaction_frequency_high,wave2_expansion,실측 §10 위험관계 고빈도 그룹(위험관계=oxidizer) 소속으로 무제한 편입,"01_collection/expand_by_reaction_frequency.py FREQ_GROUPS + docs/decisions.md §1.2a-upd | signature_duplicate_of=11084-85-8(동일 true_cameo_groups=(50, 61) 조합 물질 15종 중 대표 1종 제외 나머지)",50,50;61,oxidizer,combustible_reducing;water,,MATCH,NOT_CHECKED,False,COLLECTED,DUPLICATE
14333-13-2,"PERMANGANATE, N.O.S.",wave2,reaction_frequency_high,wave2_expansion,실측 §10 위험관계 고빈도 그룹(위험관계=oxidizer) 소속으로 무제한 편입,01_collection/expand_by_reaction_frequency.py FREQ_GROUPS + docs/decisions.md §1.2a-upd,50,50,oxidizer,,,MATCH,NOT_CHECKED,False,ABSTAIN_NOT_FOUND,NOT_COLLECTED
14452-57-4,MAGNESIUM PEROXIDE,wave2,reaction_frequency_high,wave2_expansion,실측 §10 위험관계 고빈도 그룹(위험관계=oxidizer) 소속으로 무제한 편입,"01_collection/expand_by_reaction_frequency.py FREQ_GROUPS + docs/decisions.md §1.2a-upd | signature_duplicate_of=11084-85-8(동일 true_cameo_groups=(50, 61) 조합 물질 15종 중 대표 1종 제외 나머지)",50,50;61,oxidizer,combustible_reducing;water,,MATCH,NOT_CHECKED,False,COLLECTED,DUPLICATE
14519-07-4,ZINC BROMATE,wave2,reaction_frequency_high,wave2_expansion,실측 §10 위험관계 고빈도 그룹(위험관계=oxidizer) 소속으로 무제한 편입,"01_collection/expand_by_reaction_frequency.py FREQ_GROUPS + docs/decisions.md §1.2a-upd | signature_duplicate_of=10326-21-3(동일 true_cameo_groups=(50,) 조합 물질 25종 중 대표 1종 제외 나머지)",50,50,oxidizer,no_data,,MATCH,NOT_CHECKED,False,COLLECTED,DUPLICATE
14519-17-6,MAGNESIUM BROMATE,wave2,reaction_frequency_high,wave2_expansion,실측 §10 위험관계 고빈도 그룹(위험관계=oxidizer) 소속으로 무제한 편입,"01_collection/expand_by_reaction_frequency.py FREQ_GROUPS + docs/decisions.md §1.2a-upd | signature_duplicate_of=10326-21-3(동일 true_cameo_groups=(50,) 조합 물질 25종 중 대표 1종 제외 나머지)",50,50,oxidizer,combustible_reducing;water,,MATCH,NOT_CHECKED,False,COLLECTED,DUPLICATE
146-84-9,"SILVER PICRATE, WETTED WITH NOT LESS THAN 30% WATER",wave2,reaction_frequency_high,wave2_expansion,"실측 §10 위험관계 고빈도 그룹(위험관계=oxidizer,water) 소속으로 무제한 편입",01_collection/expand_by_reaction_frequency.py FREQ_GROUPS + docs/decisions.md §1.2a-upd,50,46;50;54;68,oxidizer;water,no_data,,MATCH,NOT_CHECKED,False,COLLECTED,REVIEW
14674-72-7,CALCIUM CHLORITE,wave2,reaction_frequency_high,wave2_expansion,실측 §10 위험관계 고빈도 그룹(위험관계=oxidizer) 소속으로 무제한 편입,01_collection/expand_by_reaction_frequency.py FREQ_GROUPS + docs/decisions.md §1.2a-upd,50,50;61,oxidizer,,,MATCH,NOT_CHECKED,False,ABSTAIN_NOT_FOUND,NOT_COLLECTED
14797-73-0,"PERCHLORATE, N.O.S.",wave2,reaction_frequency_high,wave2_expansion,실측 §10 위험관계 고빈도 그룹(위험관계=oxidizer) 소속으로 무제한 편입,01_collection/expand_by_reaction_frequency.py FREQ_GROUPS + docs/decisions.md §1.2a-upd,50,50,oxidizer,,,MATCH,NOT_CHECKED,False,ABSTAIN_NOT_FOUND,NOT_COLLECTED
14866-68-3,"CHLORATE, N.O.S., WET",wave2,reaction_frequency_high,wave2_expansion,"실측 §10 위험관계 고빈도 그룹(위험관계=oxidizer,water) 소속으로 무제한 편입",01_collection/expand_by_reaction_frequency.py FREQ_GROUPS + docs/decisions.md §1.2a-upd,50,50;68,oxidizer;water,,,MATCH,NOT_CHECKED,False,ABSTAIN_NOT_FOUND,NOT_COLLECTED
14977-61-8,CHROMIUM OXYCHLORIDE,wave2,reaction_frequency_high,wave2_expansion,실측 §10 위험관계 고빈도 그룹(위험관계=oxidizer) 소속으로 무제한 편입,01_collection/expand_by_reaction_frequency.py FREQ_GROUPS + docs/decisions.md §1.2a-upd,50,32;50,oxidizer,combustible_reducing;metal;water,,MATCH,NOT_CHECKED,False,COLLECTED,REVIEW
15541-45-4,"BROMATES, INORGANIC, N.O.S.",wave2,reaction_frequency_high,wave2_expansion,실측 §10 위험관계 고빈도 그룹(위험관계=oxidizer) 소속으로 무제한 편입,"01_collection/expand_by_reaction_frequency.py FREQ_GROUPS + docs/decisions.md §1.2a-upd | signature_duplicate_of=10326-21-3(동일 true_cameo_groups=(50,) 조합 물질 25종 중 대표 1종 제외 나머지)",50,50,oxidizer,combustible_reducing;water,,MATCH,NOT_CHECKED,False,COLLECTED,DUPLICATE
17014-71-0,POTASSIUM PEROXIDE,wave2,reaction_frequency_high,wave2_expansion,실측 §10 위험관계 고빈도 그룹(위험관계=oxidizer) 소속으로 무제한 편입,"01_collection/expand_by_reaction_frequency.py FREQ_GROUPS + docs/decisions.md §1.2a-upd | signature_duplicate_of=1313-60-6(동일 true_cameo_groups=(18, 50) 조합 물질 3종 중 대표 1종 제외 나머지)",50,18;50,oxidizer,combustible_reducing;metal;water,,MATCH,NOT_CHECKED,False,COLLECTED,DUPLICATE
20816-12-0,OSMIUM TETROXIDE,wave2,reaction_frequency_high,wave2_expansion,실측 §10 위험관계 고빈도 그룹(위험관계=oxidizer) 소속으로 무제한 편입,"01_collection/expand_by_reaction_frequency.py FREQ_GROUPS + docs/decisions.md §1.2a-upd | signature_duplicate_of=10326-21-3(동일 true_cameo_groups=(50,) 조합 물질 25종 중 대표 1종 제외 나머지)",50,50,oxidizer,combustible_reducing;metal;water,,MATCH,NOT_CHECKED,False,COLLECTED,DUPLICATE
2244-21-5,"POTASSIUM DICHLORO-S-TRIAZINETRIONE, DRY",wave2,reaction_frequency_high,wave2_expansion,실측 §10 위험관계 고빈도 그룹(위험관계=oxidizer) 소속으로 무제한 편입,01_collection/expand_by_reaction_frequency.py FREQ_GROUPS + docs/decisions.md §1.2a-upd,50,7;32;50;60,oxidizer,combustible_reducing;water,,MATCH,NOT_CHECKED,False,COLLECTED,REVIEW
23414-72-4,ZINC PERMANGANATE,wave2,reaction_frequency_high,wave2_expansion,실측 §10 위험관계 고빈도 그룹(위험관계=oxidizer) 소속으로 무제한 편입,"01_collection/expand_by_reaction_frequency.py FREQ_GROUPS + docs/decisions.md §1.2a-upd | signature_duplicate_of=10326-21-3(동일 true_cameo_groups=(50,) 조합 물질 25종 중 대표 1종 제외 나머지)",50,50,oxidizer,no_data,,MATCH,NOT_CHECKED,False,COLLECTED,DUPLICATE
2567-83-1,"TETRAETHYLAMMONIUM PERCHLORATE, [DRY]",wave2,reaction_frequency_high,wave2_expansion,실측 §10 위험관계 고빈도 그룹(위험관계=oxidizer) 소속으로 무제한 편입,01_collection/expand_by_reaction_frequency.py FREQ_GROUPS + docs/decisions.md §1.2a-upd,50,50;57,oxidizer,,,MATCH,NOT_CHECKED,False,ABSTAIN_NOT_FOUND,NOT_COLLECTED
26506-47-8,COPPER CHLORATE,wave2,reaction_frequency_high,wave2_expansion,실측 §10 위험관계 고빈도 그룹(위험관계=oxidizer) 소속으로 무제한 편입,01_collection/expand_by_reaction_frequency.py FREQ_GROUPS + docs/decisions.md §1.2a-upd,50,50,oxidizer,,,MATCH,NOT_CHECKED,False,ABSTAIN_NOT_FOUND,NOT_COLLECTED
2782-57-2,"DICHLOROISOCYANURIC ACID, DRY",wave2,reaction_frequency_high,wave2_expansion,실측 §10 위험관계 고빈도 그룹(위험관계=oxidizer) 소속으로 무제한 편입,01_collection/expand_by_reaction_frequency.py FREQ_GROUPS + docs/decisions.md §1.2a-upd,50,7;32;50,oxidizer,combustible_reducing;water,,MATCH,NOT_CHECKED,False,COLLECTED,REVIEW
2893-78-9,SODIUM DICHLORO-S-TRIAZINETRIONE,wave2,reaction_frequency_high,wave2_expansion,실측 §10 위험관계 고빈도 그룹(위험관계=oxidizer) 소속으로 무제한 편입,"01_collection/expand_by_reaction_frequency.py FREQ_GROUPS + docs/decisions.md §1.2a-upd | signature_duplicate_of=2244-21-5(동일 true_cameo_groups=(7, 32, 50, 60) 조합 물질 3종 중 대표 1종 제외 나머지)",50,7;32;50;60,oxidizer,no_data,,MATCH,NOT_CHECKED,False,COLLECTED,DUPLICATE
34651-95-1,"(MONO)-(TRICHLORO)-TETRA-(MONOPOTASSIUM DICHLORO)-PENTA-S-TRIAZINETRIONE, DRY",wave2,reaction_frequency_high,wave2_expansion,실측 §10 위험관계 고빈도 그룹(위험관계=oxidizer) 소속으로 무제한 편입,01_collection/expand_by_reaction_frequency.py FREQ_GROUPS + docs/decisions.md §1.2a-upd,50,7;32;50;60,oxidizer,,,MATCH,NOT_CHECKED,False,ABSTAIN_NOT_FOUND,NOT_COLLECTED
37224-57-0,ZINC POTASSIUM CHROMATE,wave2,reaction_frequency_high,wave2_expansion,실측 §10 위험관계 고빈도 그룹(위험관계=oxidizer) 소속으로 무제한 편입,01_collection/expand_by_reaction_frequency.py FREQ_GROUPS + docs/decisions.md §1.2a-upd,50,50;61,oxidizer,,,MATCH,NOT_CHECKED,False,ABSTAIN_NOT_FOUND,NOT_COLLECTED
3811-04-9,POTASSIUM CHLORATE,wave2,reaction_frequency_high,wave2_expansion,"실측 §10 위험관계 고빈도 그룹(위험관계=oxidizer,water) 소속으로 무제한 편입",01_collection/expand_by_reaction_frequency.py FREQ_GROUPS + docs/decisions.md §1.2a-upd,50,50;68,oxidizer;water,combustible_reducing;water,,MATCH,NOT_CHECKED,False,COLLECTED,REVIEW
507-40-4,TERT-BUTYL HYPOCHLORITE,wave2,reaction_frequency_high,wave2_expansion,실측 §10 위험관계 고빈도 그룹(위험관계=oxidizer) 소속으로 무제한 편입,"01_collection/expand_by_reaction_frequency.py FREQ_GROUPS + docs/decisions.md §1.2a-upd | signature_duplicate_of=10326-21-3(동일 true_cameo_groups=(50,) 조합 물질 25종 중 대표 1종 제외 나머지)",50,50,oxidizer,,,MATCH,NOT_CHECKED,False,COLLECTED,DUPLICATE
54075-76-2,TRIMETHYLOXONIUM HEXACHLORANTIMONATE,wave2,reaction_frequency_high,wave2_expansion,실측 §10 위험관계 고빈도 그룹(위험관계=oxidizer) 소속으로 무제한 편입,01_collection/expand_by_reaction_frequency.py FREQ_GROUPS + docs/decisions.md §1.2a-upd,50,50,oxidizer,,,MATCH,NOT_CHECKED,False,ABSTAIN_NOT_FOUND,NOT_COLLECTED
546-67-8,LEAD TETRAACETATE,wave2,reaction_frequency_high,wave2_expansion,실측 §10 위험관계 고빈도 그룹(위험관계=oxidizer) 소속으로 무제한 편입,"01_collection/expand_by_reaction_frequency.py FREQ_GROUPS + docs/decisions.md §1.2a-upd | signature_duplicate_of=10326-21-3(동일 true_cameo_groups=(50,) 조합 물질 25종 중 대표 1종 제외 나머지)",50,50,oxidizer,no_data,,MATCH,NOT_CHECKED,False,COLLECTED,DUPLICATE
7446-08-4,SELENIUM DIOXIDE,wave2,reaction_frequency_high,wave2_expansion,실측 §10 위험관계 고빈도 그룹(위험관계=oxidizer) 소속으로 무제한 편입,"01_collection/expand_by_reaction_frequency.py FREQ_GROUPS + docs/decisions.md §1.2a-upd | signature_duplicate_of=10326-21-3(동일 true_cameo_groups=(50,) 조합 물질 25종 중 대표 1종 제외 나머지)",50,50,oxidizer,combustible_reducing;metal;water,,MATCH,NOT_CHECKED,False,COLLECTED,DUPLICATE
7601-89-0,SODIUM PERCHLORATE,wave2,reaction_frequency_high,wave2_expansion,실측 §10 위험관계 고빈도 그룹(위험관계=oxidizer) 소속으로 무제한 편입,"01_collection/expand_by_reaction_frequency.py FREQ_GROUPS + docs/decisions.md §1.2a-upd | signature_duplicate_of=10326-21-3(동일 true_cameo_groups=(50,) 조합 물질 25종 중 대표 1종 제외 나머지)",50,50,oxidizer,combustible_reducing;water,,MATCH,NOT_CHECKED,False,COLLECTED,DUPLICATE
7727-21-1,POTASSIUM PERSULFATE,wave2,reaction_frequency_high,wave2_expansion,실측 §10 위험관계 고빈도 그룹(위험관계=oxidizer) 소속으로 무제한 편입,"01_collection/expand_by_reaction_frequency.py FREQ_GROUPS + docs/decisions.md §1.2a-upd | signature_duplicate_of=10326-21-3(동일 true_cameo_groups=(50,) 조합 물질 25종 중 대표 1종 제외 나머지)",50,50,oxidizer,combustible_reducing;water,,MATCH,NOT_CHECKED,False,COLLECTED,DUPLICATE
7727-54-0,AMMONIUM PERSULFATE,wave2,reaction_frequency_high,wave2_expansion,실측 §10 위험관계 고빈도 그룹(위험관계=oxidizer) 소속으로 무제한 편입,"01_collection/expand_by_reaction_frequency.py FREQ_GROUPS + docs/decisions.md §1.2a-upd | signature_duplicate_of=1314-62-1(동일 true_cameo_groups=(50, 60) 조합 물질 5종 중 대표 1종 제외 나머지)",50,50;60,oxidizer,combustible_reducing;water,,MATCH,NOT_CHECKED,False,COLLECTED,DUPLICATE
7758-01-2,POTASSIUM BROMATE,wave2,reaction_frequency_high,wave2_expansion,실측 §10 위험관계 고빈도 그룹(위험관계=oxidizer) 소속으로 무제한 편입,"01_collection/expand_by_reaction_frequency.py FREQ_GROUPS + docs/decisions.md §1.2a-upd | signature_duplicate_of=10326-21-3(동일 true_cameo_groups=(50,) 조합 물질 25종 중 대표 1종 제외 나머지)",50,50,oxidizer,combustible_reducing;water,,MATCH,NOT_CHECKED,False,COLLECTED,DUPLICATE
7758-19-2,SODIUM CHLORITE,wave2,reaction_frequency_high,wave2_expansion,실측 §10 위험관계 고빈도 그룹(위험관계=oxidizer) 소속으로 무제한 편입,"01_collection/expand_by_reaction_frequency.py FREQ_GROUPS + docs/decisions.md §1.2a-upd | signature_duplicate_of=11084-85-8(동일 true_cameo_groups=(50, 61) 조합 물질 15종 중 대표 1종 제외 나머지)",50,50;61,oxidizer,combustible_reducing;water,,MATCH,NOT_CHECKED,False,COLLECTED,DUPLICATE
7758-97-6,LEAD CHROMATE,wave2,reaction_frequency_high,wave2_expansion,실측 §10 위험관계 고빈도 그룹(위험관계=oxidizer) 소속으로 무제한 편입,"01_collection/expand_by_reaction_frequency.py FREQ_GROUPS + docs/decisions.md §1.2a-upd | signature_duplicate_of=11084-85-8(동일 true_cameo_groups=(50, 61) 조합 물질 15종 중 대표 1종 제외 나머지)",50,50;61,oxidizer,combustible_reducing;metal;water,,MATCH,NOT_CHECKED,False,COLLECTED,DUPLICATE
7775-09-9,SODIUM CHLORATE,wave2,reaction_frequency_high,wave2_expansion,"실측 §10 위험관계 고빈도 그룹(위험관계=oxidizer,water) 소속으로 무제한 편입","01_collection/expand_by_reaction_frequency.py FREQ_GROUPS + docs/decisions.md §1.2a-upd | signature_duplicate_of=3811-04-9(동일 true_cameo_groups=(50, 68) 조합 물질 2종 중 대표 1종 제외 나머지)",50,50;68,oxidizer;water,combustible_reducing;water,,MATCH,NOT_CHECKED,False,COLLECTED,DUPLICATE
7775-11-3,SODIUM CHROMATE,wave2,reaction_frequency_high,wave2_expansion,"실측 §10 위험관계 고빈도 그룹(위험관계=oxidizer,water) 소속으로 무제한 편입","01_collection/expand_by_reaction_frequency.py FREQ_GROUPS + docs/decisions.md §1.2a-upd | signature_duplicate_of=10137-74-3(동일 true_cameo_groups=(50, 61, 68) 조합 물질 3종 중 대표 1종 제외 나머지)",50,50;61;68,oxidizer;water,no_data,,MATCH,NOT_CHECKED,False,COLLECTED,DUPLICATE
7775-27-1,SODIUM PERSULFATE,wave2,reaction_frequency_high,wave2_expansion,실측 §10 위험관계 고빈도 그룹(위험관계=oxidizer) 소속으로 무제한 편입,"01_collection/expand_by_reaction_frequency.py FREQ_GROUPS + docs/decisions.md §1.2a-upd | signature_duplicate_of=10326-21-3(동일 true_cameo_groups=(50,) 조합 물질 25종 중 대표 1종 제외 나머지)",50,50,oxidizer,combustible_reducing;water,,MATCH,NOT_CHECKED,False,COLLECTED,DUPLICATE
7778-50-9,POTASSIUM BICHROMATE,wave2,reaction_frequency_high,wave2_expansion,실측 §10 위험관계 고빈도 그룹(위험관계=oxidizer) 소속으로 무제한 편입,"01_collection/expand_by_reaction_frequency.py FREQ_GROUPS + docs/decisions.md §1.2a-upd | signature_duplicate_of=11084-85-8(동일 true_cameo_groups=(50, 61) 조합 물질 15종 중 대표 1종 제외 나머지)",50,50;61,oxidizer,no_data,,MATCH,NOT_CHECKED,False,COLLECTED,DUPLICATE
7778-54-3,CALCIUM HYPOCHLORITE,wave2,reaction_frequency_high,wave2_expansion,"실측 §10 위험관계 고빈도 그룹(위험관계=oxidizer,water) 소속으로 무제한 편입",01_collection/expand_by_reaction_frequency.py FREQ_GROUPS + docs/decisions.md §1.2a-upd,50,18;50;61;68,oxidizer;water,combustible_reducing;water,,MATCH,NOT_CHECKED,False,COLLECTED,REVIEW
7778-66-7,POTASSIUM HYPOCHLORITE SOLUTION,wave2,reaction_frequency_high,wave2_expansion,"실측 §10 위험관계 고빈도 그룹(위험관계=oxidizer,water) 소속으로 무제한 편입","01_collection/expand_by_reaction_frequency.py FREQ_GROUPS + docs/decisions.md §1.2a-upd | signature_duplicate_of=10137-74-3(동일 true_cameo_groups=(50, 61, 68) 조합 물질 3종 중 대표 1종 제외 나머지)",50,50;61;68,oxidizer;water,combustible_reducing;metal;water,,MATCH,NOT_CHECKED,False,COLLECTED,DUPLICATE
7778-74-7,POTASSIUM PERCHLORATE,wave2,reaction_frequency_high,wave2_expansion,실측 §10 위험관계 고빈도 그룹(위험관계=oxidizer) 소속으로 무제한 편입,"01_collection/expand_by_reaction_frequency.py FREQ_GROUPS + docs/decisions.md §1.2a-upd | signature_duplicate_of=10326-21-3(동일 true_cameo_groups=(50,) 조합 물질 25종 중 대표 1종 제외 나머지)",50,50,oxidizer,no_data,,MATCH,NOT_CHECKED,False,COLLECTED,DUPLICATE
7783-00-8,SELENIOUS ACID,wave2,reaction_frequency_high,wave2_expansion,실측 §10 위험관계 고빈도 그룹(위험관계=oxidizer) 소속으로 무제한 편입,01_collection/expand_by_reaction_frequency.py FREQ_GROUPS + docs/decisions.md §1.2a-upd,50,5;50,oxidizer,combustible_reducing;metal;water,,MATCH,NOT_CHECKED,False,COLLECTED,REVIEW
7783-56-4,ANTIMONY TRIFLUORIDE,wave2,reaction_frequency_high,wave2_expansion,실측 §10 위험관계 고빈도 그룹(위험관계=oxidizer) 소속으로 무제한 편입,01_collection/expand_by_reaction_frequency.py FREQ_GROUPS + docs/decisions.md §1.2a-upd,50,3;29;50,oxidizer,no_data,,MATCH,NOT_CHECKED,False,COLLECTED,REVIEW
7783-66-6,IODINE PENTAFLUORIDE,wave2,reaction_frequency_high,wave2_expansion,실측 §10 위험관계 고빈도 그룹(위험관계=oxidizer) 소속으로 무제한 편입,"01_collection/expand_by_reaction_frequency.py FREQ_GROUPS + docs/decisions.md §1.2a-upd | signature_duplicate_of=14977-61-8(동일 true_cameo_groups=(32, 50) 조합 물질 4종 중 대표 1종 제외 나머지)",50,32;50,oxidizer,combustible_reducing;metal;water,,MATCH,NOT_CHECKED,False,COLLECTED,DUPLICATE
7783-97-3,SILVER IODATE,wave2,reaction_frequency_high,wave2_expansion,실측 §10 위험관계 고빈도 그룹(위험관계=oxidizer) 소속으로 무제한 편입,01_collection/expand_by_reaction_frequency.py FREQ_GROUPS + docs/decisions.md §1.2a-upd,50,50,oxidizer,,,MATCH,NOT_CHECKED,False,ABSTAIN_NOT_FOUND,NOT_COLLECTED
7787-36-2,BARIUM PERMANGANATE,wave2,reaction_frequency_high,wave2_expansion,실측 §10 위험관계 고빈도 그룹(위험관계=oxidizer) 소속으로 무제한 편입,"01_collection/expand_by_reaction_frequency.py FREQ_GROUPS + docs/decisions.md §1.2a-upd | signature_duplicate_of=10326-21-3(동일 true_cameo_groups=(50,) 조합 물질 25종 중 대표 1종 제외 나머지)",50,50,oxidizer,combustible_reducing;water,,MATCH,NOT_CHECKED,False,COLLECTED,DUPLICATE
7789-00-6,POTASSIUM CHROMATE,wave2,reaction_frequency_high,wave2_expansion,실측 §10 위험관계 고빈도 그룹(위험관계=oxidizer) 소속으로 무제한 편입,"01_collection/expand_by_reaction_frequency.py FREQ_GROUPS + docs/decisions.md §1.2a-upd | signature_duplicate_of=11084-85-8(동일 true_cameo_groups=(50, 61) 조합 물질 15종 중 대표 1종 제외 나머지)",50,50;61,oxidizer,no_data,,MATCH,NOT_CHECKED,False,COLLECTED,DUPLICATE
7789-06-2,STRONTIUM CHROMATE,wave2,reaction_frequency_high,wave2_expansion,실측 §10 위험관계 고빈도 그룹(위험관계=oxidizer) 소속으로 무제한 편입,"01_collection/expand_by_reaction_frequency.py FREQ_GROUPS + docs/decisions.md §1.2a-upd | signature_duplicate_of=11084-85-8(동일 true_cameo_groups=(50, 61) 조합 물질 15종 중 대표 1종 제외 나머지)",50,50;61,oxidizer,combustible_reducing;water,,MATCH,NOT_CHECKED,False,COLLECTED,DUPLICATE
7789-09-5,AMMONIUM DICHROMATE,wave2,reaction_frequency_high,wave2_expansion,실측 §10 위험관계 고빈도 그룹(위험관계=oxidizer) 소속으로 무제한 편입,"01_collection/expand_by_reaction_frequency.py FREQ_GROUPS + docs/decisions.md §1.2a-upd | signature_duplicate_of=1314-62-1(동일 true_cameo_groups=(50, 60) 조합 물질 5종 중 대표 1종 제외 나머지)",50,50;60,oxidizer,combustible_reducing;water,,MATCH,NOT_CHECKED,False,COLLECTED,DUPLICATE
7789-38-0,SODIUM BROMATE,wave2,reaction_frequency_high,wave2_expansion,실측 §10 위험관계 고빈도 그룹(위험관계=oxidizer) 소속으로 무제한 편입,"01_collection/expand_by_reaction_frequency.py FREQ_GROUPS + docs/decisions.md §1.2a-upd | signature_duplicate_of=10326-21-3(동일 true_cameo_groups=(50,) 조합 물질 25종 중 대표 1종 제외 나머지)",50,50,oxidizer,combustible_reducing;water,,MATCH,NOT_CHECKED,False,COLLECTED,DUPLICATE
7789-61-9,ANTIMONY TRIBROMIDE,wave2,reaction_frequency_high,wave2_expansion,실측 §10 위험관계 고빈도 그룹(위험관계=oxidizer) 소속으로 무제한 편입,01_collection/expand_by_reaction_frequency.py FREQ_GROUPS + docs/decisions.md §1.2a-upd,50,3;32;50,oxidizer,metal;water,,MATCH,NOT_CHECKED,False,COLLECTED,REVIEW
7789-69-7,PHOSPHORUS PENTABROMIDE,wave2,reaction_frequency_high,wave2_expansion,실측 §10 위험관계 고빈도 그룹(위험관계=oxidizer) 소속으로 무제한 편입,"01_collection/expand_by_reaction_frequency.py FREQ_GROUPS + docs/decisions.md §1.2a-upd | signature_duplicate_of=7789-61-9(동일 true_cameo_groups=(3, 32, 50) 조합 물질 2종 중 대표 1종 제외 나머지)",50,3;32;50,oxidizer,combustible_reducing;metal;water,,MATCH,NOT_CHECKED,False,COLLECTED,DUPLICATE
7790-98-9,AMMONIUM PERCHLORATE,wave2,reaction_frequency_high,wave2_expansion,실측 §10 위험관계 고빈도 그룹(위험관계=oxidizer) 소속으로 무제한 편입,"01_collection/expand_by_reaction_frequency.py FREQ_GROUPS + docs/decisions.md §1.2a-upd | signature_duplicate_of=1314-62-1(동일 true_cameo_groups=(50, 60) 조합 물질 5종 중 대표 1종 제외 나머지)",50,50;60,oxidizer,combustible_reducing;water,,MATCH,NOT_CHECKED,False,COLLECTED,DUPLICATE
7790-99-0,IODINE MONOCHLORIDE,wave2,reaction_frequency_high,wave2_expansion,실측 §10 위험관계 고빈도 그룹(위험관계=oxidizer) 소속으로 무제한 편입,"01_collection/expand_by_reaction_frequency.py FREQ_GROUPS + docs/decisions.md §1.2a-upd | signature_duplicate_of=14977-61-8(동일 true_cameo_groups=(32, 50) 조합 물질 4종 중 대표 1종 제외 나머지)",50,32;50,oxidizer,metal;water,,MATCH,NOT_CHECKED,False,COLLECTED,DUPLICATE
7791-10-8,STRONTIUM CHLORATE,wave2,reaction_frequency_high,wave2_expansion,실측 §10 위험관계 고빈도 그룹(위험관계=oxidizer) 소속으로 무제한 편입,"01_collection/expand_by_reaction_frequency.py FREQ_GROUPS + docs/decisions.md §1.2a-upd | signature_duplicate_of=10326-21-3(동일 true_cameo_groups=(50,) 조합 물질 25종 중 대표 1종 제외 나머지)",50,50,oxidizer,no_data,,MATCH,NOT_CHECKED,False,COLLECTED,DUPLICATE
7791-21-1,CHLORINE MONOXIDE,wave2,reaction_frequency_high,wave2_expansion,실측 §10 위험관계 고빈도 그룹(위험관계=oxidizer) 소속으로 무제한 편입,"01_collection/expand_by_reaction_frequency.py FREQ_GROUPS + docs/decisions.md §1.2a-upd | signature_duplicate_of=14977-61-8(동일 true_cameo_groups=(32, 50) 조합 물질 4종 중 대표 1종 제외 나머지)",50,32;50,oxidizer,combustible_reducing;water,,MATCH,NOT_CHECKED,False,COLLECTED,DUPLICATE
8012-75-7,CALCIUM CHROMATE DIHYDRATE,wave2,reaction_frequency_high,wave2_expansion,실측 §10 위험관계 고빈도 그룹(위험관계=oxidizer) 소속으로 무제한 편입,01_collection/expand_by_reaction_frequency.py FREQ_GROUPS + docs/decisions.md §1.2a-upd,50,50;61,oxidizer,,,MATCH,NOT_CHECKED,False,ABSTAIN_NOT_FOUND,NOT_COLLECTED
87-90-1,"TRICHLORO-S-TRIAZINETRIONE, DRY",wave2,reaction_frequency_high,wave2_expansion,실측 §10 위험관계 고빈도 그룹(위험관계=oxidizer) 소속으로 무제한 편입,"01_collection/expand_by_reaction_frequency.py FREQ_GROUPS + docs/decisions.md §1.2a-upd | signature_duplicate_of=2244-21-5(동일 true_cameo_groups=(7, 32, 50, 60) 조합 물질 3종 중 대표 1종 제외 나머지)",50,7;32;50;60,oxidizer,no_data,,MATCH,NOT_CHECKED,False,COLLECTED,DUPLICATE
1124-33-0,"PYRIDINE, 4-NITRO-, 1-OXIDE",wave2,reaction_frequency_high,wave2_expansion,실측 §10 위험관계 고빈도 그룹(위험관계=oxidizer) 소속으로 무제한 편입,01_collection/expand_by_reaction_frequency.py FREQ_GROUPS + docs/decisions.md §1.2a-upd | evaluation_data:gold_abstain.jsonl:nomsds::1124-33-0,51,14;46;51,oxidizer,,,MATCH,NOT_CHECKED,True,ABSTAIN_NOT_FOUND,NOT_COLLECTED
13410-01-0,SODIUM SELENATE,wave2,reaction_frequency_high,wave2_expansion,실측 §10 위험관계 고빈도 그룹(위험관계=oxidizer) 소속으로 무제한 편입,01_collection/expand_by_reaction_frequency.py FREQ_GROUPS + docs/decisions.md §1.2a-upd,51,51;61,oxidizer,no_data,,MATCH,NOT_CHECKED,False,COLLECTED,REVIEW
13464-33-0,ZINC ARSENATE AND ZINC ARSENITE MIXTURE,wave2,reaction_frequency_high,wave2_expansion,실측 §10 위험관계 고빈도 그룹(위험관계=oxidizer) 소속으로 무제한 편입,01_collection/expand_by_reaction_frequency.py FREQ_GROUPS + docs/decisions.md §1.2a-upd,51,51;61,oxidizer,,,MATCH,NOT_CHECKED,False,ABSTAIN_NOT_FOUND,NOT_COLLECTED
13597-54-1,ZINC SELENATE,wave2,reaction_frequency_high,wave2_expansion,실측 §10 위험관계 고빈도 그룹(위험관계=oxidizer) 소속으로 무제한 편입,01_collection/expand_by_reaction_frequency.py FREQ_GROUPS + docs/decisions.md §1.2a-upd,51,51;61,oxidizer,,,MATCH,NOT_CHECKED,False,ABSTAIN_NOT_FOUND,NOT_COLLECTED
13718-26-8,SODIUM VANADATE,wave2,reaction_frequency_high,wave2_expansion,실측 §10 위험관계 고빈도 그룹(위험관계=oxidizer) 소속으로 무제한 편입,"01_collection/expand_by_reaction_frequency.py FREQ_GROUPS + docs/decisions.md §1.2a-upd | signature_duplicate_of=13410-01-0(동일 true_cameo_groups=(51, 61) 조합 물질 9종 중 대표 1종 제외 나머지)",51,51;61,oxidizer,combustible_reducing;metal;water,,MATCH,NOT_CHECKED,False,COLLECTED,DUPLICATE
13769-43-2,POTASSIUM METAVANADATE,wave2,reaction_frequency_high,wave2_expansion,실측 §10 위험관계 고빈도 그룹(위험관계=oxidizer) 소속으로 무제한 편입,"01_collection/expand_by_reaction_frequency.py FREQ_GROUPS + docs/decisions.md §1.2a-upd | signature_duplicate_of=13410-01-0(동일 true_cameo_groups=(51, 61) 조합 물질 9종 중 대표 1종 제외 나머지)",51,51;61,oxidizer,no_data,,MATCH,NOT_CHECKED,False,COLLECTED,DUPLICATE
14019-91-1,CALCIUM SELENATE,wave2,reaction_frequency_high,wave2_expansion,실측 §10 위험관계 고빈도 그룹(위험관계=oxidizer) 소속으로 무제한 편입,"01_collection/expand_by_reaction_frequency.py FREQ_GROUPS + docs/decisions.md §1.2a-upd | signature_duplicate_of=13410-01-0(동일 true_cameo_groups=(51, 61) 조합 물질 9종 중 대표 1종 제외 나머지)",51,51;61,oxidizer,no_data,,MATCH,NOT_CHECKED,False,COLLECTED,DUPLICATE
14124-68-6,SELENATES,wave2,reaction_frequency_high,wave2_expansion,실측 §10 위험관계 고빈도 그룹(위험관계=oxidizer) 소속으로 무제한 편입,01_collection/expand_by_reaction_frequency.py FREQ_GROUPS + docs/decisions.md §1.2a-upd,51,51;61,oxidizer,,,MATCH,NOT_CHECKED,False,ABSTAIN_NOT_FOUND,NOT_COLLECTED
15699-18-0,NICKEL AMMONIUM SULFATE,wave2,reaction_frequency_high,wave2_expansion,실측 §10 위험관계 고빈도 그룹(위험관계=oxidizer) 소속으로 무제한 편입,01_collection/expand_by_reaction_frequency.py FREQ_GROUPS + docs/decisions.md §1.2a-upd,51,51;60,oxidizer,combustible_reducing;water,,MATCH,NOT_CHECKED,False,COLLECTED,REVIEW
1643-20-5,DIMETHYLDODECYLAMINE-N-OXIDE,wave2,reaction_frequency_high,wave2_expansion,실측 §10 위험관계 고빈도 그룹(위험관계=oxidizer) 소속으로 무제한 편입,01_collection/expand_by_reaction_frequency.py FREQ_GROUPS + docs/decisions.md §1.2a-upd,51,14;51,oxidizer,no_data,,MATCH,NOT_CHECKED,False,COLLECTED,REVIEW
25843-45-2,AZOXYMETHANE,wave2,reaction_frequency_high,wave2_expansion,실측 §10 위험관계 고빈도 그룹(위험관계=oxidizer) 소속으로 무제한 편입,01_collection/expand_by_reaction_frequency.py FREQ_GROUPS + docs/decisions.md §1.2a-upd,51,17;51,oxidizer,,,MATCH,NOT_CHECKED,False,ABSTAIN_NOT_FOUND,NOT_COLLECTED
438-41-5,CHLORDIAZEPOXIDE HYDROCHLORIDE,wave2,reaction_frequency_high,wave2_expansion,실측 §10 위험관계 고빈도 그룹(위험관계=oxidizer) 소속으로 무제한 편입,01_collection/expand_by_reaction_frequency.py FREQ_GROUPS + docs/decisions.md §1.2a-upd,51,14;16;51;60,oxidizer,,,MATCH,NOT_CHECKED,False,ABSTAIN_NOT_FOUND,NOT_COLLECTED
4637-56-3,4-QUINOLINAMINE-N-HYDROXY-1-OXIDE,wave2,reaction_frequency_high,wave2_expansion,실측 §10 위험관계 고빈도 그룹(위험관계=oxidizer) 소속으로 무제한 편입,01_collection/expand_by_reaction_frequency.py FREQ_GROUPS + docs/decisions.md §1.2a-upd,51,14;51,oxidizer,,,MATCH,NOT_CHECKED,False,ABSTAIN_NOT_FOUND,NOT_COLLECTED
495-48-7,AZOXYBENZENE,wave2,reaction_frequency_high,wave2_expansion,실측 §10 위험관계 고빈도 그룹(위험관계=oxidizer) 소속으로 무제한 편입,01_collection/expand_by_reaction_frequency.py FREQ_GROUPS + docs/decisions.md §1.2a-upd,51,17;35;51,oxidizer,,,MATCH,NOT_CHECKED,False,ABSTAIN_NOT_FOUND,NOT_COLLECTED
56-57-5,4-NITROQUINOLINE-1-OXIDE,wave2,reaction_frequency_high,wave2_expansion,실측 §10 위험관계 고빈도 그룹(위험관계=oxidizer) 소속으로 무제한 편입,01_collection/expand_by_reaction_frequency.py FREQ_GROUPS + docs/decisions.md §1.2a-upd,51,35;46;51,oxidizer,,,MATCH,NOT_CHECKED,False,ABSTAIN_NOT_FOUND,NOT_COLLECTED
70027-50-8,COPPER SELENATE,wave2,reaction_frequency_high,wave2_expansion,실측 §10 위험관계 고빈도 그룹(위험관계=oxidizer) 소속으로 무제한 편입,01_collection/expand_by_reaction_frequency.py FREQ_GROUPS + docs/decisions.md §1.2a-upd,51,51;61,oxidizer,,,MATCH,NOT_CHECKED,False,ABSTAIN_NOT_FOUND,NOT_COLLECTED
7631-89-2,SODIUM ARSENATE,wave2,reaction_frequency_high,wave2_expansion,실측 §10 위험관계 고빈도 그룹(위험관계=oxidizer) 소속으로 무제한 편입,"01_collection/expand_by_reaction_frequency.py FREQ_GROUPS + docs/decisions.md §1.2a-upd | signature_duplicate_of=13410-01-0(동일 true_cameo_groups=(51, 61) 조합 물질 9종 중 대표 1종 제외 나머지)",51,51;61,oxidizer,no_data,,MATCH,NOT_CHECKED,False,COLLECTED,DUPLICATE
7778-39-4,"ARSENIC ACID, LIQUID",wave2,reaction_frequency_high,wave2_expansion,"실측 §10 위험관계 고빈도 그룹(위험관계=oxidizer,water) 소속으로 무제한 편입",01_collection/expand_by_reaction_frequency.py FREQ_GROUPS + docs/decisions.md §1.2a-upd,51,5;51;68,oxidizer;water,combustible_reducing;metal;water,,MATCH,NOT_CHECKED,False,COLLECTED,REVIEW
7778-44-1,CALCIUM ARSENATE,wave2,reaction_frequency_high,wave2_expansion,실측 §10 위험관계 고빈도 그룹(위험관계=oxidizer) 소속으로 무제한 편입,"01_collection/expand_by_reaction_frequency.py FREQ_GROUPS + docs/decisions.md §1.2a-upd | signature_duplicate_of=13410-01-0(동일 true_cameo_groups=(51, 61) 조합 물질 9종 중 대표 1종 제외 나머지)",51,51;61,oxidizer,no_data,,MATCH,NOT_CHECKED,False,COLLECTED,DUPLICATE
7784-37-4,MERCURIC ARSENATE,wave2,reaction_frequency_high,wave2_expansion,실측 §10 위험관계 고빈도 그룹(위험관계=oxidizer) 소속으로 무제한 편입,"01_collection/expand_by_reaction_frequency.py FREQ_GROUPS + docs/decisions.md §1.2a-upd | signature_duplicate_of=13410-01-0(동일 true_cameo_groups=(51, 61) 조합 물질 9종 중 대표 1종 제외 나머지)",51,51;61,oxidizer,no_data,,MATCH,NOT_CHECKED,False,COLLECTED,DUPLICATE
7784-44-3,AMMONIUM ARSENATE,wave2,reaction_frequency_high,wave2_expansion,실측 §10 위험관계 고빈도 그룹(위험관계=oxidizer) 소속으로 무제한 편입,"01_collection/expand_by_reaction_frequency.py FREQ_GROUPS + docs/decisions.md §1.2a-upd | signature_duplicate_of=15699-18-0(동일 true_cameo_groups=(51, 60) 조합 물질 3종 중 대표 1종 제외 나머지)",51,51;60,oxidizer,no_data,,MATCH,NOT_CHECKED,False,COLLECTED,DUPLICATE
7787-41-9,BARIUM SELENATE,wave2,reaction_frequency_high,wave2_expansion,실측 §10 위험관계 고빈도 그룹(위험관계=oxidizer) 소속으로 무제한 편입,"01_collection/expand_by_reaction_frequency.py FREQ_GROUPS + docs/decisions.md §1.2a-upd | signature_duplicate_of=13410-01-0(동일 true_cameo_groups=(51, 61) 조합 물질 9종 중 대표 1종 제외 나머지)",51,51;61,oxidizer,combustible_reducing;metal;water,,MATCH,NOT_CHECKED,False,COLLECTED,DUPLICATE
7790-59-2,POTASSIUM SELENATE,wave2,reaction_frequency_high,wave2_expansion,실측 §10 위험관계 고빈도 그룹(위험관계=oxidizer) 소속으로 무제한 편입,"01_collection/expand_by_reaction_frequency.py FREQ_GROUPS + docs/decisions.md §1.2a-upd | signature_duplicate_of=13410-01-0(동일 true_cameo_groups=(51, 61) 조합 물질 9종 중 대표 1종 제외 나머지)",51,51;61,oxidizer,no_data,,MATCH,NOT_CHECKED,False,COLLECTED,DUPLICATE
7803-55-6,AMMONIUM METAVANADATE,wave2,reaction_frequency_high,wave2_expansion,실측 §10 위험관계 고빈도 그룹(위험관계=oxidizer) 소속으로 무제한 편입,"01_collection/expand_by_reaction_frequency.py FREQ_GROUPS + docs/decisions.md §1.2a-upd | signature_duplicate_of=15699-18-0(동일 true_cameo_groups=(51, 60) 조합 물질 3종 중 대표 1종 제외 나머지)",51,51;60,oxidizer,combustible_reducing;metal;water,,MATCH,NOT_CHECKED,False,COLLECTED,DUPLICATE
10049-05-5,CHROMOUS CHLORIDE,wave2,reaction_frequency_high,wave2_expansion,실측 §10 위험관계 고빈도 그룹(위험관계=reducer) 소속으로 무제한 편입,01_collection/expand_by_reaction_frequency.py FREQ_GROUPS + docs/decisions.md §1.2a-upd,58,58,reducer,combustible_reducing;water,,MATCH,NOT_CHECKED,False,COLLECTED,REVIEW
122-66-7,"1,2-DIPHENYLHYDRAZINE",wave2,reaction_frequency_high,wave2_expansion,실측 §10 위험관계 고빈도 그룹(위험관계=reducer) 소속으로 무제한 편입,01_collection/expand_by_reaction_frequency.py FREQ_GROUPS + docs/decisions.md §1.2a-upd,58,14;17;35;58,reducer,combustible_reducing;metal;water,,MATCH,NOT_CHECKED,False,COLLECTED,REVIEW
142868-93-7,"1,4-BIS(2-CHLOROETHYLTHIO)-N-BUTANE",wave2,reaction_frequency_high,wave2_expansion,실측 §10 위험관계 고빈도 그룹(위험관계=reducer) 소속으로 무제한 편입,01_collection/expand_by_reaction_frequency.py FREQ_GROUPS + docs/decisions.md §1.2a-upd,58,31;58;64,reducer,,,MATCH,NOT_CHECKED,False,ABSTAIN_NOT_FOUND,NOT_COLLECTED
142868-94-8,"1,5-BIS(2-CHLOROETHYLTHIO)-N-PENTANE",wave2,reaction_frequency_high,wave2_expansion,실측 §10 위험관계 고빈도 그룹(위험관계=reducer) 소속으로 무제한 편입,01_collection/expand_by_reaction_frequency.py FREQ_GROUPS + docs/decisions.md §1.2a-upd,58,31;58;64,reducer,,,MATCH,NOT_CHECKED,False,ABSTAIN_NOT_FOUND,NOT_COLLECTED
21651-19-4,TIN(II) OXIDE,wave2,reaction_frequency_high,wave2_expansion,실측 §10 위험관계 고빈도 그룹(위험관계=reducer) 소속으로 무제한 편입,"01_collection/expand_by_reaction_frequency.py FREQ_GROUPS + docs/decisions.md §1.2a-upd | signature_duplicate_of=10049-05-5(동일 true_cameo_groups=(58,) 조합 물질 3종 중 대표 1종 제외 나머지)",58,58,reducer,combustible_reducing;water,,MATCH,NOT_CHECKED,False,COLLECTED,DUPLICATE
2625-76-5,2-CHLOROETHYLCHLOROMETHYLSULFIDE,wave2,reaction_frequency_high,wave2_expansion,실측 §10 위험관계 고빈도 그룹(위험관계=reducer) 소속으로 무제한 편입,01_collection/expand_by_reaction_frequency.py FREQ_GROUPS + docs/decisions.md §1.2a-upd,58,31;58;64,reducer,,,MATCH,NOT_CHECKED,False,ABSTAIN_NOT_FOUND,NOT_COLLECTED
3563-36-8,SESQUIMUSTARD,wave2,reaction_frequency_high,wave2_expansion,실측 §10 위험관계 고빈도 그룹(위험관계=reducer) 소속으로 무제한 편입,01_collection/expand_by_reaction_frequency.py FREQ_GROUPS + docs/decisions.md §1.2a-upd,58,31;58;64,reducer,,,MATCH,NOT_CHECKED,False,ABSTAIN_NOT_FOUND,NOT_COLLECTED
540-72-7,SODIUM THIOCYANATE,wave2,reaction_frequency_high,wave2_expansion,"실측 §10 위험관계 고빈도 그룹(위험관계=reducer,water) 소속으로 무제한 편입",01_collection/expand_by_reaction_frequency.py FREQ_GROUPS + docs/decisions.md §1.2a-upd,58,58;61;68,reducer;water,combustible_reducing;water,,MATCH,NOT_CHECKED,False,COLLECTED,REVIEW
5470-11-1,HYDROXYLAMINE HYDROCHLORIDE,wave2,reaction_frequency_high,wave2_expansion,실측 §10 위험관계 고빈도 그룹(위험관계=reducer) 소속으로 무제한 편입,01_collection/expand_by_reaction_frequency.py FREQ_GROUPS + docs/decisions.md §1.2a-upd,58,58;60,reducer,combustible_reducing;metal;water,,MATCH,NOT_CHECKED,False,COLLECTED,REVIEW
592-85-8,MERCURY THIOCYANATE,wave2,reaction_frequency_high,wave2_expansion,실측 §10 위험관계 고빈도 그룹(위험관계=reducer) 소속으로 무제한 편입,01_collection/expand_by_reaction_frequency.py FREQ_GROUPS + docs/decisions.md §1.2a-upd,58,58;61,reducer,no_data,,MATCH,NOT_CHECKED,False,COLLECTED,REVIEW
592-87-0,LEAD THIOCYANATE,wave2,reaction_frequency_high,wave2_expansion,실측 §10 위험관계 고빈도 그룹(위험관계=reducer) 소속으로 무제한 편입,"01_collection/expand_by_reaction_frequency.py FREQ_GROUPS + docs/decisions.md §1.2a-upd | signature_duplicate_of=592-85-8(동일 true_cameo_groups=(58, 61) 조합 물질 2종 중 대표 1종 제외 나머지)",58,58;61,reducer,no_data,,MATCH,NOT_CHECKED,False,COLLECTED,DUPLICATE
603-35-0,TRIPHENYL PHOSPHINE,wave2,reaction_frequency_high,wave2_expansion,실측 §10 위험관계 고빈도 그룹(위험관계=reducer) 소속으로 무제한 편입,01_collection/expand_by_reaction_frequency.py FREQ_GROUPS + docs/decisions.md §1.2a-upd,58,14;58,reducer,combustible_reducing;water,,MATCH,NOT_CHECKED,False,COLLECTED,REVIEW
6303-21-5,HYPOPHOSPHOROUS ACID,wave2,reaction_frequency_high,wave2_expansion,실측 §10 위험관계 고빈도 그룹(위험관계=reducer) 소속으로 무제한 편입,01_collection/expand_by_reaction_frequency.py FREQ_GROUPS + docs/decisions.md §1.2a-upd,58,5;58,reducer,combustible_reducing;metal;water,,MATCH,NOT_CHECKED,False,COLLECTED,REVIEW
63869-13-6,BIS(2-CHLOROETHYLTHIO)METHANE,wave2,reaction_frequency_high,wave2_expansion,실측 §10 위험관계 고빈도 그룹(위험관계=reducer) 소속으로 무제한 편입,01_collection/expand_by_reaction_frequency.py FREQ_GROUPS + docs/decisions.md §1.2a-upd,58,31;58;64,reducer,,,MATCH,NOT_CHECKED,False,ABSTAIN_NOT_FOUND,NOT_COLLECTED
63905-10-2,"1,3-BIS(2-CHLOROETHYLTHIO)-N-PROPANE",wave2,reaction_frequency_high,wave2_expansion,실측 §10 위험관계 고빈도 그룹(위험관계=reducer) 소속으로 무제한 편입,01_collection/expand_by_reaction_frequency.py FREQ_GROUPS + docs/decisions.md §1.2a-upd,58,31;58;64,reducer,,,MATCH,NOT_CHECKED,False,ABSTAIN_NOT_FOUND,NOT_COLLECTED
63918-89-8,O-MUSTARD (T),wave2,reaction_frequency_high,wave2_expansion,실측 §10 위험관계 고빈도 그룹(위험관계=reducer) 소속으로 무제한 편입,01_collection/expand_by_reaction_frequency.py FREQ_GROUPS + docs/decisions.md §1.2a-upd,58,28;31;58;64,reducer,,,MATCH,NOT_CHECKED,False,ABSTAIN_NOT_FOUND,NOT_COLLECTED
63918-90-1,BIS(2-CHLOROETHYLTHIOMETHYL)ETHER,wave2,reaction_frequency_high,wave2_expansion,실측 §10 위험관계 고빈도 그룹(위험관계=reducer) 소속으로 무제한 편입,01_collection/expand_by_reaction_frequency.py FREQ_GROUPS + docs/decisions.md §1.2a-upd,58,28;31;58;64,reducer,,,MATCH,NOT_CHECKED,False,ABSTAIN_NOT_FOUND,NOT_COLLECTED
7704-34-9,"SULFUR, MOLTEN",wave2,reaction_frequency_high,wave2_expansion,실측 §10 위험관계 고빈도 그룹(위험관계=reducer) 소속으로 무제한 편입,"01_collection/expand_by_reaction_frequency.py FREQ_GROUPS + docs/decisions.md §1.2a-upd | signature_duplicate_of=10049-05-5(동일 true_cameo_groups=(58,) 조합 물질 3종 중 대표 1종 제외 나머지)",58,58,reducer,no_data,,MATCH,NOT_CHECKED,False,COLLECTED,DUPLICATE
7758-94-3,"FERROUS CHLORIDE, SOLID",wave2,reaction_frequency_high,wave2_expansion,"실측 §10 위험관계 고빈도 그룹(위험관계=reducer,water) 소속으로 무제한 편입",01_collection/expand_by_reaction_frequency.py FREQ_GROUPS + docs/decisions.md §1.2a-upd,58,58;68,reducer;water,combustible_reducing;metal;water,,MATCH,NOT_CHECKED,False,COLLECTED,REVIEW
7772-99-8,"STANNOUS CHLORIDE, SOLID",wave2,reaction_frequency_high,wave2_expansion,실측 §10 위험관계 고빈도 그룹(위험관계=reducer) 소속으로 무제한 편입,"01_collection/expand_by_reaction_frequency.py FREQ_GROUPS + docs/decisions.md §1.2a-upd | signature_duplicate_of=5470-11-1(동일 true_cameo_groups=(58, 60) 조합 물질 3종 중 대표 1종 제외 나머지)",58,58;60,reducer,combustible_reducing;metal;water,,MATCH,NOT_CHECKED,False,COLLECTED,DUPLICATE
7783-47-3,STANNOUS FLUORIDE,wave2,reaction_frequency_high,wave2_expansion,실측 §10 위험관계 고빈도 그룹(위험관계=reducer) 소속으로 무제한 편입,01_collection/expand_by_reaction_frequency.py FREQ_GROUPS + docs/decisions.md §1.2a-upd,58,29;58;60,reducer,no_data,,MATCH,NOT_CHECKED,False,COLLECTED,REVIEW
7789-60-8,PHOSPHORUS TRIBROMIDE,wave2,reaction_frequency_high,wave2_expansion,실측 §10 위험관계 고빈도 그룹(위험관계=reducer) 소속으로 무제한 편입,01_collection/expand_by_reaction_frequency.py FREQ_GROUPS + docs/decisions.md §1.2a-upd,58,3;58,reducer,combustible_reducing;metal;water,,MATCH,NOT_CHECKED,False,COLLECTED,REVIEW
7803-65-8,AMMONIUM HYPOPHOSPHITE,wave2,reaction_frequency_high,wave2_expansion,실측 §10 위험관계 고빈도 그룹(위험관계=reducer) 소속으로 무제한 편입,"01_collection/expand_by_reaction_frequency.py FREQ_GROUPS + docs/decisions.md §1.2a-upd | signature_duplicate_of=5470-11-1(동일 true_cameo_groups=(58, 60) 조합 물질 3종 중 대표 1종 제외 나머지)",58,58;60,reducer,combustible_reducing;water,,MATCH,NOT_CHECKED,False,COLLECTED,DUPLICATE
127-95-7,POTASSIUM HYDROGEN OXALATE,wave2,reaction_frequency_high,wave2_expansion,실측 §10 위험관계 고빈도 그룹(위험관계=reducer) 소속으로 무제한 편입,01_collection/expand_by_reaction_frequency.py FREQ_GROUPS + docs/decisions.md §1.2a-upd,59,59;61,reducer,combustible_reducing;water,,MATCH,NOT_CHECKED,False,COLLECTED,REVIEW
1327-53-3,ARSENIC TRIOXIDE,wave2,reaction_frequency_high,wave2_expansion,실측 §10 위험관계 고빈도 그룹(위험관계=reducer) 소속으로 무제한 편입,01_collection/expand_by_reaction_frequency.py FREQ_GROUPS + docs/decisions.md §1.2a-upd,59,59;60,reducer,no_data,,MATCH,NOT_CHECKED,False,COLLECTED,REVIEW
140-08-9,TRIS(2-CHLOROETHYL)PHOSPHITE,wave2,reaction_frequency_high,wave2_expansion,실측 §10 위험관계 고빈도 그룹(위험관계=reducer) 소속으로 무제한 편입,01_collection/expand_by_reaction_frequency.py FREQ_GROUPS + docs/decisions.md §1.2a-upd,59,31;59;66,reducer,no_data,,MATCH,NOT_CHECKED,False,COLLECTED,REVIEW
15283-51-9,FERROUS FLUOROBORATE,wave2,reaction_frequency_high,wave2_expansion,"실측 §10 위험관계 고빈도 그룹(위험관계=reducer,water) 소속으로 무제한 편입",01_collection/expand_by_reaction_frequency.py FREQ_GROUPS + docs/decisions.md §1.2a-upd,59,59;68,reducer;water,no_data,,MATCH,NOT_CHECKED,False,COLLECTED,REVIEW
15715-41-0,DIETHYL METHYLPHOSPHONITE,wave2,reaction_frequency_high,wave2_expansion,실측 §10 위험관계 고빈도 그룹(위험관계=reducer) 소속으로 무제한 편입,01_collection/expand_by_reaction_frequency.py FREQ_GROUPS + docs/decisions.md §1.2a-upd,59,14;59,reducer,,,MATCH,NOT_CHECKED,False,ABSTAIN_NOT_FOUND,NOT_COLLECTED
1758-73-2,THIOUREA DIOXIDE,wave2,reaction_frequency_high,wave2_expansion,실측 §10 위험관계 고빈도 그룹(위험관계=reducer) 소속으로 무제한 편입,01_collection/expand_by_reaction_frequency.py FREQ_GROUPS + docs/decisions.md §1.2a-upd,59,5;12;59,reducer,water,,MATCH,NOT_CHECKED,False,COLLECTED,REVIEW
301-13-3,TRIS(2-ETHYLHEXYL) PHOSPHITE,wave2,reaction_frequency_high,wave2_expansion,실측 §10 위험관계 고빈도 그룹(위험관계=reducer) 소속으로 무제한 편입,01_collection/expand_by_reaction_frequency.py FREQ_GROUPS + docs/decisions.md §1.2a-upd,59,59;66,reducer,combustible_reducing;water,,MATCH,NOT_CHECKED,False,COLLECTED,REVIEW
516-03-0,FERROUS OXALATE,wave2,reaction_frequency_high,wave2_expansion,실측 §10 위험관계 고빈도 그룹(위험관계=reducer) 소속으로 무제한 편입,"01_collection/expand_by_reaction_frequency.py FREQ_GROUPS + docs/decisions.md §1.2a-upd | signature_duplicate_of=127-95-7(동일 true_cameo_groups=(59, 61) 조합 물질 5종 중 대표 1종 제외 나머지)",59,59;61,reducer,combustible_reducing;water,,MATCH,NOT_CHECKED,False,COLLECTED,DUPLICATE
591-08-2,1-ACETYL-2-THIOUREA,wave2,reaction_frequency_high,wave2_expansion,실측 §10 위험관계 고빈도 그룹(위험관계=reducer) 소속으로 무제한 편입,01_collection/expand_by_reaction_frequency.py FREQ_GROUPS + docs/decisions.md §1.2a-upd,59,12;59;64,reducer,combustible_reducing;metal;water,,MATCH,NOT_CHECKED,False,COLLECTED,REVIEW
62-76-0,SODIUM OXALATE,wave2,reaction_frequency_high,wave2_expansion,실측 §10 위험관계 고빈도 그룹(위험관계=reducer) 소속으로 무제한 편입,"01_collection/expand_by_reaction_frequency.py FREQ_GROUPS + docs/decisions.md §1.2a-upd | signature_duplicate_of=127-95-7(동일 true_cameo_groups=(59, 61) 조합 물질 5종 중 대표 1종 제외 나머지)",59,59;61,reducer,combustible_reducing;water,,MATCH,NOT_CHECKED,False,COLLECTED,DUPLICATE
6487-48-5,POTASSIUM OXALATE MONOHYDRATE,wave2,reaction_frequency_high,wave2_expansion,실측 §10 위험관계 고빈도 그룹(위험관계=reducer) 소속으로 무제한 편입,"01_collection/expand_by_reaction_frequency.py FREQ_GROUPS + docs/decisions.md §1.2a-upd | signature_duplicate_of=127-95-7(동일 true_cameo_groups=(59, 61) 조합 물질 5종 중 대표 1종 제외 나머지)",59,59;61,reducer,combustible_reducing;metal;water,,MATCH,NOT_CHECKED,False,COLLECTED,DUPLICATE
7681-11-0,POTASSIUM IODIDE,wave2,reaction_frequency_high,wave2_expansion,실측 §10 위험관계 고빈도 그룹(위험관계=reducer) 소속으로 무제한 편입,"01_collection/expand_by_reaction_frequency.py FREQ_GROUPS + docs/decisions.md §1.2a-upd | signature_duplicate_of=127-95-7(동일 true_cameo_groups=(59, 61) 조합 물질 5종 중 대표 1종 제외 나머지)",59,59;61,reducer,combustible_reducing;water,,MATCH,NOT_CHECKED,False,COLLECTED,DUPLICATE
7782-42-5,GRAPHITE (NATURAL),wave2,reaction_frequency_high,wave2_expansion,실측 §10 위험관계 고빈도 그룹(위험관계=reducer) 소속으로 무제한 편입,01_collection/expand_by_reaction_frequency.py FREQ_GROUPS + docs/decisions.md §1.2a-upd,59,33;59,reducer,no_data,,MATCH,NOT_CHECKED,False,COLLECTED,REVIEW
824-11-3,TRIMETHYLOLPROPANE PHOSPHITE,wave2,reaction_frequency_high,wave2_expansion,실측 §10 위험관계 고빈도 그룹(위험관계=reducer) 소속으로 무제한 편입,01_collection/expand_by_reaction_frequency.py FREQ_GROUPS + docs/decisions.md §1.2a-upd,59,59;66,reducer,,,MATCH,NOT_CHECKED,False,ABSTAIN_NOT_FOUND,NOT_COLLECTED
998-40-3,TRIBUTYLPHOSPHANE,wave2,reaction_frequency_high,wave2_expansion,실측 §10 위험관계 고빈도 그룹(위험관계=reducer) 소속으로 무제한 편입,01_collection/expand_by_reaction_frequency.py FREQ_GROUPS + docs/decisions.md §1.2a-upd,59,14;59,reducer,water,,MATCH,NOT_CHECKED,False,COLLECTED,REVIEW
108-95-2,"PHENOL SOLUTION, [AQUEOUS]",wave2,reaction_frequency_high,wave2_expansion,실측 §10 위험관계 고빈도 그룹(위험관계=water) 소속으로 무제한 편입,01_collection/expand_by_reaction_frequency.py FREQ_GROUPS + docs/decisions.md §1.2a-upd,68,5;55;68,water,metal,,MATCH,NOT_CHECKED,False,COLLECTED,REVIEW
110-22-5,"ACETYL PEROXIDE SOLUTION, [&lt;= 25% PEROXIDE]",wave2,reaction_frequency_high,wave2_expansion,실측 §10 위험관계 고빈도 그룹(위험관계=water) 소속으로 무제한 편입,01_collection/expand_by_reaction_frequency.py FREQ_GROUPS + docs/decisions.md §1.2a-upd,68,53;68,water,combustible_reducing;water,,MATCH,NOT_CHECKED,False,COLLECTED,REVIEW
117-80-6,DICHLONE,wave2,reaction_frequency_high,wave2_expansion,실측 §10 위험관계 고빈도 그룹(위험관계=water) 소속으로 무제한 편입,01_collection/expand_by_reaction_frequency.py FREQ_GROUPS + docs/decisions.md §1.2a-upd,68,16;38;68,water,combustible_reducing;metal;water,,MATCH,NOT_CHECKED,False,COLLECTED,REVIEW
118-96-7,"TNT, WETTED WITH NOT LESS THAN 30% WATER",wave2,reaction_frequency_high,wave2_expansion,실측 §10 위험관계 고빈도 그룹(위험관계=water) 소속으로 무제한 편입,01_collection/expand_by_reaction_frequency.py FREQ_GROUPS + docs/decisions.md §1.2a-upd,68,46;68,water,no_data,,MATCH,NOT_CHECKED,False,COLLECTED,REVIEW
1194-65-6,DICHLOBENIL,wave2,reaction_frequency_high,wave2_expansion,실측 §10 위험관계 고빈도 그룹(위험관계=water) 소속으로 무제한 편입,01_collection/expand_by_reaction_frequency.py FREQ_GROUPS + docs/decisions.md §1.2a-upd,68,16;45;68,water,combustible_reducing;water,,MATCH,NOT_CHECKED,False,COLLECTED,REVIEW
121-82-4,"CYCLOTRIMETHYLENE TRINITRAMINE, [DESENSITIZED]",wave2,reaction_frequency_high,wave2_expansion,실측 §10 위험관계 고빈도 그룹(위험관계=water) 소속으로 무제한 편입,01_collection/expand_by_reaction_frequency.py FREQ_GROUPS + docs/decisions.md §1.2a-upd,68,17;46;68,water,no_data,,MATCH,NOT_CHECKED,False,COLLECTED,REVIEW
12262-58-7,"CYCLOHEXANONE PEROXIDE, NOT MORE THAN 72% IN SOLUTION",wave2,reaction_frequency_high,wave2_expansion,실측 §10 위험관계 고빈도 그룹(위험관계=water) 소속으로 무제한 편입,01_collection/expand_by_reaction_frequency.py FREQ_GROUPS + docs/decisions.md §1.2a-upd,68,1;8;53;68,water,combustible_reducing;water,,MATCH,NOT_CHECKED,False,COLLECTED,REVIEW
124-09-4,"HEXAMETHYLENEDIAMINE, SOLID",wave2,reaction_frequency_high,wave2_expansion,실측 §10 위험관계 고빈도 그룹(위험관계=water) 소속으로 무제한 편입,01_collection/expand_by_reaction_frequency.py FREQ_GROUPS + docs/decisions.md §1.2a-upd,68,14;68,water,metal,,MATCH,NOT_CHECKED,False,COLLECTED,REVIEW
128-03-0,POTASSIUM DIMETHYLDITHIOCARBAMATE,wave2,reaction_frequency_high,wave2_expansion,실측 §10 위험관계 고빈도 그룹(위험관계=water) 소속으로 무제한 편입,01_collection/expand_by_reaction_frequency.py FREQ_GROUPS + docs/decisions.md §1.2a-upd,68,67;68,water,no_data,,MATCH,NOT_CHECKED,False,COLLECTED,REVIEW
131-74-8,"AMMONIUM PICRATE, WETTED WITH NOT LESS THAN 10% WATER",wave2,reaction_frequency_high,wave2_expansion,실측 §10 위험관계 고빈도 그룹(위험관계=water) 소속으로 무제한 편입,01_collection/expand_by_reaction_frequency.py FREQ_GROUPS + docs/decisions.md §1.2a-upd,68,46;54;60;68,water,no_data,,MATCH,NOT_CHECKED,False,COLLECTED,REVIEW
1310-65-2,"LITHIUM HYDROXIDE, SOLUTION",wave2,reaction_frequency_high,wave2_expansion,실측 §10 위험관계 고빈도 그룹(위험관계=water) 소속으로 무제한 편입,01_collection/expand_by_reaction_frequency.py FREQ_GROUPS + docs/decisions.md §1.2a-upd,68,18;68,water,combustible_reducing;metal;water,,MATCH,NOT_CHECKED,False,COLLECTED,REVIEW
1310-82-3,RUBIDIUM HYDROXIDE,wave2,reaction_frequency_high,wave2_expansion,실측 §10 위험관계 고빈도 그룹(위험관계=water) 소속으로 무제한 편입,"01_collection/expand_by_reaction_frequency.py FREQ_GROUPS + docs/decisions.md §1.2a-upd | signature_duplicate_of=1310-65-2(동일 true_cameo_groups=(18, 68) 조합 물질 3종 중 대표 1종 제외 나머지)",68,18;68,water,combustible_reducing;metal;water,,MATCH,NOT_CHECKED,False,COLLECTED,DUPLICATE
1312-73-8,"POTASSIUM SULFIDE, HYDRATED, WITH NOT LESS THAN 30% WATER OF CRYSTALLIZATION",wave2,reaction_frequency_high,wave2_expansion,실측 §10 위험관계 고빈도 그룹(위험관계=water) 소속으로 무제한 편입,01_collection/expand_by_reaction_frequency.py FREQ_GROUPS + docs/decisions.md §1.2a-upd,68,63;68,water,water,,MATCH,NOT_CHECKED,False,COLLECTED,REVIEW
1341-49-7,"AMMONIUM BIFLUORIDE, SOLID",wave2,reaction_frequency_high,wave2_expansion,실측 §10 위험관계 고빈도 그룹(위험관계=water) 소속으로 무제한 편입,01_collection/expand_by_reaction_frequency.py FREQ_GROUPS + docs/decisions.md §1.2a-upd,68,29;60;68,water,combustible_reducing;metal;water,,MATCH,NOT_CHECKED,False,COLLECTED,REVIEW
137-41-7,POTASSIUM N-METHYLDITHIOCARBAMATE,wave2,reaction_frequency_high,wave2_expansion,실측 §10 위험관계 고빈도 그룹(위험관계=water) 소속으로 무제한 편입,"01_collection/expand_by_reaction_frequency.py FREQ_GROUPS + docs/decisions.md §1.2a-upd | signature_duplicate_of=128-03-0(동일 true_cameo_groups=(67, 68) 조합 물질 3종 중 대표 1종 제외 나머지)",68,67;68,water,no_data,,MATCH,NOT_CHECKED,False,COLLECTED,DUPLICATE
137-42-8,"METAM SODIUM (COMPOUNDS, WEED, KILLING, LIQUID)",wave2,reaction_frequency_high,wave2_expansion,실측 §10 위험관계 고빈도 그룹(위험관계=water) 소속으로 무제한 편입,"01_collection/expand_by_reaction_frequency.py FREQ_GROUPS + docs/decisions.md §1.2a-upd | signature_duplicate_of=128-03-0(동일 true_cameo_groups=(67, 68) 조합 물질 3종 중 대표 1종 제외 나머지)",68,67;68,water,no_data,,MATCH,NOT_CHECKED,False,COLLECTED,DUPLICATE
13780-03-5,"CALCIUM HYDROGEN SULFITE, SOLUTION",wave2,reaction_frequency_high,wave2_expansion,실측 §10 위험관계 고빈도 그룹(위험관계=water) 소속으로 무제한 편입,01_collection/expand_by_reaction_frequency.py FREQ_GROUPS + docs/decisions.md §1.2a-upd,68,65;68,water,combustible_reducing;water,,MATCH,NOT_CHECKED,False,COLLECTED,REVIEW
13814-96-5,LEAD FLUOBORATE,wave2,reaction_frequency_high,wave2_expansion,실측 §10 위험관계 고빈도 그룹(위험관계=water) 소속으로 무제한 편입,01_collection/expand_by_reaction_frequency.py FREQ_GROUPS + docs/decisions.md §1.2a-upd,68,47;68,water,combustible_reducing;metal;water,,MATCH,NOT_CHECKED,False,COLLECTED,REVIEW
13826-88-5,ZINC FLUOROBORATE,wave2,reaction_frequency_high,wave2_expansion,실측 §10 위험관계 고빈도 그룹(위험관계=water) 소속으로 무제한 편입,01_collection/expand_by_reaction_frequency.py FREQ_GROUPS + docs/decisions.md §1.2a-upd,68,60;68,water,combustible_reducing;metal;water,,MATCH,NOT_CHECKED,False,COLLECTED,REVIEW
14311-93-4,ZIRCONIUM ACETATE,wave2,reaction_frequency_high,wave2_expansion,실측 §10 위험관계 고빈도 그룹(위험관계=water) 소속으로 무제한 편입,01_collection/expand_by_reaction_frequency.py FREQ_GROUPS + docs/decisions.md §1.2a-upd,68,47;68,water,,,MATCH,NOT_CHECKED,False,ABSTAIN_NOT_FOUND,NOT_COLLECTED
14486-19-2,CADMIUM FLUOROBORATE,wave2,reaction_frequency_high,wave2_expansion,실측 §10 위험관계 고빈도 그룹(위험관계=water) 소속으로 무제한 편입,"01_collection/expand_by_reaction_frequency.py FREQ_GROUPS + docs/decisions.md §1.2a-upd | signature_duplicate_of=13826-88-5(동일 true_cameo_groups=(60, 68) 조합 물질 5종 중 대표 1종 제외 나머지)",68,60;68,water,combustible_reducing;metal;water,,MATCH,NOT_CHECKED,False,COLLECTED,DUPLICATE
14708-14-6,NICKEL FLUOROBORATE,wave2,reaction_frequency_high,wave2_expansion,실측 §10 위험관계 고빈도 그룹(위험관계=water) 소속으로 무제한 편입,"01_collection/expand_by_reaction_frequency.py FREQ_GROUPS + docs/decisions.md §1.2a-upd | signature_duplicate_of=13814-96-5(동일 true_cameo_groups=(47, 68) 조합 물질 3종 중 대표 1종 제외 나머지)",68,47;68,water,combustible_reducing;metal;water,,MATCH,NOT_CHECKED,False,COLLECTED,DUPLICATE
151-50-8,POTASSIUM CYANIDE,wave2,reaction_frequency_high,wave2_expansion,실측 §10 위험관계 고빈도 그룹(위험관계=water) 소속으로 무제한 편입,01_collection/expand_by_reaction_frequency.py FREQ_GROUPS + docs/decisions.md §1.2a-upd,68,19;24;68,water,metal;water,,MATCH,NOT_CHECKED,False,COLLECTED,REVIEW
15181-46-1,"BISULFITES, AQUEOUS SOLUTION, N.O.S.",wave2,reaction_frequency_high,wave2_expansion,실측 §10 위험관계 고빈도 그룹(위험관계=water) 소속으로 무제한 편입,01_collection/expand_by_reaction_frequency.py FREQ_GROUPS + docs/decisions.md §1.2a-upd,68,65;68,water,,,MATCH,NOT_CHECKED,False,ABSTAIN_NOT_FOUND,NOT_COLLECTED
15245-44-0,"LEAD STYPHNATE, [WETTED WITH &gt;= 20 % WATER OR MIXTURE OF ALCOHOL AND WATER]",wave2,reaction_frequency_high,wave2_expansion,실측 §10 위험관계 고빈도 그룹(위험관계=water) 소속으로 무제한 편입,01_collection/expand_by_reaction_frequency.py FREQ_GROUPS + docs/decisions.md §1.2a-upd,68,46;54;68,water,no_data,,MATCH,NOT_CHECKED,False,COLLECTED,REVIEW
15457-98-4,ZINC BISULFITE SOLUTION,wave2,reaction_frequency_high,wave2_expansion,실측 §10 위험관계 고빈도 그룹(위험관계=water) 소속으로 무제한 편입,01_collection/expand_by_reaction_frequency.py FREQ_GROUPS + docs/decisions.md §1.2a-upd,68,65;68,water,,,MATCH,NOT_CHECKED,False,ABSTAIN_NOT_FOUND,NOT_COLLECTED
15825-70-4,"MANITOL HEXANITRATE, [WET WITH &gt;= 40 % WATER OR MIXTURE OF ALCOHOL AND WATER]",wave2,reaction_frequency_high,wave2_expansion,실측 §10 위험관계 고빈도 그룹(위험관계=water) 소속으로 무제한 편입,"01_collection/expand_by_reaction_frequency.py FREQ_GROUPS + docs/decisions.md §1.2a-upd | signature_duplicate_of=118-96-7(동일 true_cameo_groups=(46, 68) 조합 물질 4종 중 대표 1종 제외 나머지)",68,46;68,water,no_data,,MATCH,NOT_CHECKED,False,COLLECTED,DUPLICATE
16721-80-5,"SODIUM HYDROSULFIDE, SOLID, WITH LESS THAN 25% WATER OF CRYSTALLIZATION",wave2,reaction_frequency_high,wave2_expansion,실측 §10 위험관계 고빈도 그룹(위험관계=water) 소속으로 무제한 편입,01_collection/expand_by_reaction_frequency.py FREQ_GROUPS + docs/decisions.md §1.2a-upd,68,19;63;68,water,combustible_reducing;metal;water,,MATCH,NOT_CHECKED,False,COLLECTED,REVIEW
16940-81-1,HEXAFLUOROPHOSPHORIC ACID,wave2,reaction_frequency_high,wave2_expansion,실측 §10 위험관계 고빈도 그룹(위험관계=water) 소속으로 무제한 편입,01_collection/expand_by_reaction_frequency.py FREQ_GROUPS + docs/decisions.md §1.2a-upd,68,3;29;68,water,combustible_reducing;metal;water,,MATCH,NOT_CHECKED,False,COLLECTED,REVIEW
16961-83-4,FLUOROSILICIC ACID,wave2,reaction_frequency_high,wave2_expansion,실측 §10 위험관계 고빈도 그룹(위험관계=water) 소속으로 무제한 편입,"01_collection/expand_by_reaction_frequency.py FREQ_GROUPS + docs/decisions.md §1.2a-upd | signature_duplicate_of=16940-81-1(동일 true_cameo_groups=(3, 29, 68) 조합 물질 2종 중 대표 1종 제외 나머지)",68,3;29;68,water,combustible_reducing;metal;water,,MATCH,NOT_CHECKED,False,COLLECTED,DUPLICATE
1854-26-8,DIMETHYLOLDIHYDROXYETHYLENEUREA,wave2,reaction_frequency_high,wave2_expansion,실측 §10 위험관계 고빈도 그룹(위험관계=water) 소속으로 무제한 편입,01_collection/expand_by_reaction_frequency.py FREQ_GROUPS + docs/decisions.md §1.2a-upd,68,8;12;68,water,combustible_reducing;water,,MATCH,NOT_CHECKED,False,COLLECTED,REVIEW
18810-58-7,"BARIUM AZIDE, WETTED WITH NOT LESS THAN 50% WATER",wave2,reaction_frequency_high,wave2_expansion,실측 §10 위험관계 고빈도 그룹(위험관계=water) 소속으로 무제한 편입,01_collection/expand_by_reaction_frequency.py FREQ_GROUPS + docs/decisions.md §1.2a-upd,68,17;68,water,no_data,,MATCH,NOT_CHECKED,False,COLLECTED,REVIEW
1918-00-9,DICAMBA,wave2,reaction_frequency_high,wave2_expansion,실측 §10 위험관계 고빈도 그룹(위험관계=water) 소속으로 무제한 편입,01_collection/expand_by_reaction_frequency.py FREQ_GROUPS + docs/decisions.md §1.2a-upd,68,2;16;28;68,water,combustible_reducing;water,,MATCH,NOT_CHECKED,False,COLLECTED,REVIEW
21351-79-1,CESIUM HYDROXIDE,wave2,reaction_frequency_high,wave2_expansion,실측 §10 위험관계 고빈도 그룹(위험관계=water) 소속으로 무제한 편입,"01_collection/expand_by_reaction_frequency.py FREQ_GROUPS + docs/decisions.md §1.2a-upd | signature_duplicate_of=1310-65-2(동일 true_cameo_groups=(18, 68) 조합 물질 3종 중 대표 1종 제외 나머지)",68,18;68,water,metal;water,,MATCH,NOT_CHECKED,False,COLLECTED,DUPLICATE
2217-06-3,"DIPICRYL SULFIDE, WETTED WITH NOT LESS THAN 10% WATER",wave2,reaction_frequency_high,wave2_expansion,실측 §10 위험관계 고빈도 그룹(위험관계=water) 소속으로 무제한 편입,01_collection/expand_by_reaction_frequency.py FREQ_GROUPS + docs/decisions.md §1.2a-upd,68,46;64;68,water,no_data,,MATCH,NOT_CHECKED,False,COLLECTED,REVIEW
22397-33-7,"3,3,6,6,9,9-HEXAMETHYL-1,2,4,5-TETRAOXACYCLONONANE",wave2,reaction_frequency_high,wave2_expansion,실측 §10 위험관계 고빈도 그룹(위험관계=water) 소속으로 무제한 편입,"01_collection/expand_by_reaction_frequency.py FREQ_GROUPS + docs/decisions.md §1.2a-upd | signature_duplicate_of=110-22-5(동일 true_cameo_groups=(53, 68) 조합 물질 3종 중 대표 1종 제외 나머지)",68,53;68,water,no_data,,MATCH,NOT_CHECKED,False,COLLECTED,DUPLICATE
2492-26-4,SODIUM 2-MERCAPTOBENZOTHIAZOL SOLUTION,wave2,reaction_frequency_high,wave2_expansion,실측 §10 위험관계 고빈도 그룹(위험관계=water) 소속으로 무제한 편입,01_collection/expand_by_reaction_frequency.py FREQ_GROUPS + docs/decisions.md §1.2a-upd,68,17;64;68,water,combustible_reducing;water,,MATCH,NOT_CHECKED,False,COLLECTED,REVIEW
25167-32-2,DODECYL DIPHENYL ETHER DISULFONATE SOLUTION,wave2,reaction_frequency_high,wave2_expansion,실측 §10 위험관계 고빈도 그룹(위험관계=water) 소속으로 무제한 편입,01_collection/expand_by_reaction_frequency.py FREQ_GROUPS + docs/decisions.md §1.2a-upd,68,28;61;66;68,water,combustible_reducing;water,,MATCH,NOT_CHECKED,False,COLLECTED,REVIEW
25550-58-7,"DINITROPHENOL, SOLUTION",wave2,reaction_frequency_high,wave2_expansion,실측 §10 위험관계 고빈도 그룹(위험관계=water) 소속으로 무제한 편입,01_collection/expand_by_reaction_frequency.py FREQ_GROUPS + docs/decisions.md §1.2a-upd,68,46;55;68,water,no_data,,MATCH,NOT_CHECKED,False,COLLECTED,REVIEW
25641-53-6,"SODIUM DINITRO-O-CRESOLATE, WETTED WITH NOT LESS THAN 15% WATER",wave2,reaction_frequency_high,wave2_expansion,실측 §10 위험관계 고빈도 그룹(위험관계=water) 소속으로 무제한 편입,01_collection/expand_by_reaction_frequency.py FREQ_GROUPS + docs/decisions.md §1.2a-upd,68,46;54;68,water,,,MATCH,NOT_CHECKED,False,ABSTAIN_NOT_FOUND,NOT_COLLECTED
2691-41-0,"CYCLOTETRAMETHYLENE TETRANITRAMINE, [WET WITH &gt;= 10% WATER]",wave2,reaction_frequency_high,wave2_expansion,실측 §10 위험관계 고빈도 그룹(위험관계=water) 소속으로 무제한 편입,"01_collection/expand_by_reaction_frequency.py FREQ_GROUPS + docs/decisions.md §1.2a-upd | signature_duplicate_of=121-82-4(동일 true_cameo_groups=(17, 46, 68) 조합 물질 2종 중 대표 1종 제외 나머지)",68,17;46;68,water,no_data,,MATCH,NOT_CHECKED,False,COLLECTED,DUPLICATE
26952-42-1,"2,3,4-TRINITROANILINE",wave2,reaction_frequency_high,wave2_expansion,실측 §10 위험관계 고빈도 그룹(위험관계=water) 소속으로 무제한 편입,01_collection/expand_by_reaction_frequency.py FREQ_GROUPS + docs/decisions.md §1.2a-upd,68,13;46;68,water,,,MATCH,NOT_CHECKED,False,ABSTAIN_NOT_FOUND,NOT_COLLECTED
298-12-4,GLYOXYLIC ACID (50% OR LESS),wave2,reaction_frequency_high,wave2_expansion,실측 §10 위험관계 고빈도 그룹(위험관계=water) 소속으로 무제한 편입,01_collection/expand_by_reaction_frequency.py FREQ_GROUPS + docs/decisions.md §1.2a-upd,68,2;68,water,combustible_reducing;metal;water,,MATCH,NOT_CHECKED,False,COLLECTED,REVIEW
3025-88-5,"2,5-DIMETHYL-2,5-DIHYDROPEROXY HEXANE, NOT MORE THAN 82% WITH WATER",wave2,reaction_frequency_high,wave2_expansion,실측 §10 위험관계 고빈도 그룹(위험관계=water) 소속으로 무제한 편입,"01_collection/expand_by_reaction_frequency.py FREQ_GROUPS + docs/decisions.md §1.2a-upd | signature_duplicate_of=110-22-5(동일 true_cameo_groups=(53, 68) 조합 물질 3종 중 대표 1종 제외 나머지)",68,53;68,water,combustible_reducing;water,,MATCH,NOT_CHECKED,False,COLLECTED,DUPLICATE
3179-56-4,"ACETYL CYCLOHEXANESULFONYL PEROXIDE, [&lt;= 82%, WETTED WITH &gt;= 12% WATER]",wave2,reaction_frequency_high,wave2_expansion,실측 §10 위험관계 고빈도 그룹(위험관계=water) 소속으로 무제한 편입,01_collection/expand_by_reaction_frequency.py FREQ_GROUPS + docs/decisions.md §1.2a-upd,68,53;66;68,water,,,MATCH,NOT_CHECKED,False,ABSTAIN_NOT_FOUND,NOT_COLLECTED
38465-60-0,COPPER FLUOROBORATE,wave2,reaction_frequency_high,wave2_expansion,실측 §10 위험관계 고빈도 그룹(위험관계=water) 소속으로 무제한 편입,"01_collection/expand_by_reaction_frequency.py FREQ_GROUPS + docs/decisions.md §1.2a-upd | signature_duplicate_of=13814-96-5(동일 true_cameo_groups=(47, 68) 조합 물질 3종 중 대표 1종 제외 나머지)",68,47;68,water,combustible_reducing;metal;water,,MATCH,NOT_CHECKED,False,COLLECTED,DUPLICATE
50-00-0,FORMALDEHYDE,wave2,reaction_frequency_high,wave2_expansion,실측 §10 위험관계 고빈도 그룹(위험관계=water) 소속으로 무제한 편입,01_collection/expand_by_reaction_frequency.py FREQ_GROUPS + docs/decisions.md §1.2a-upd,68,9;56;68,water,no_data,,MATCH,NOT_CHECKED,False,COLLECTED,REVIEW
50-99-7,DEXTROSE SOLUTION,wave2,reaction_frequency_high,wave2_expansion,실측 §10 위험관계 고빈도 그룹(위험관계=water) 소속으로 무제한 편입,01_collection/expand_by_reaction_frequency.py FREQ_GROUPS + docs/decisions.md §1.2a-upd,68,8;68,water,combustible_reducing;water,,MATCH,NOT_CHECKED,False,COLLECTED,REVIEW
545-55-1,TRIS(1-AZIRIDINYL) PHOSPHINE OXIDE,wave2,reaction_frequency_high,wave2_expansion,실측 §10 위험관계 고빈도 그룹(위험관계=water) 소속으로 무제한 편입,01_collection/expand_by_reaction_frequency.py FREQ_GROUPS + docs/decisions.md §1.2a-upd,68,26;27;56;68,water,,,MATCH,NOT_CHECKED,False,COLLECTED,REVIEW
556-88-7,"NITROGUANIDINE, WETTED WITH NOT LESS THAN 20% WATER",wave2,reaction_frequency_high,wave2_expansion,실측 §10 위험관계 고빈도 그룹(위험관계=water) 소속으로 무제한 편입,01_collection/expand_by_reaction_frequency.py FREQ_GROUPS + docs/decisions.md §1.2a-upd,68,14;17;46;68,water,no_data,,MATCH,NOT_CHECKED,False,COLLECTED,REVIEW
57-12-5,"CYANIDE SOLUTION, N.O.S.",wave2,reaction_frequency_high,wave2_expansion,실측 §10 위험관계 고빈도 그룹(위험관계=water) 소속으로 무제한 편입,01_collection/expand_by_reaction_frequency.py FREQ_GROUPS + docs/decisions.md §1.2a-upd,68,24;68,water,no_data,,MATCH,NOT_CHECKED,False,COLLECTED,REVIEW
57607-37-1,"OCTOLITE, [DRY OR WET WITH &lt; 15% WATER]",wave2,reaction_frequency_high,wave2_expansion,실측 §10 위험관계 고빈도 그룹(위험관계=water) 소속으로 무제한 편입,01_collection/expand_by_reaction_frequency.py FREQ_GROUPS + docs/decisions.md §1.2a-upd,68,17;46;68,water,,,MATCH,NOT_CHECKED,False,ABSTAIN_NOT_FOUND,NOT_COLLECTED
628-86-4,"MERCURY FULMINATE, [WET]",wave2,reaction_frequency_high,wave2_expansion,실측 §10 위험관계 고빈도 그룹(위험관계=water) 소속으로 무제한 편입,"01_collection/expand_by_reaction_frequency.py FREQ_GROUPS + docs/decisions.md §1.2a-upd | signature_duplicate_of=57-12-5(동일 true_cameo_groups=(24, 68) 조합 물질 2종 중 대표 1종 제외 나머지)",68,24;68,water,no_data,,MATCH,NOT_CHECKED,False,COLLECTED,DUPLICATE
63868-82-6,ZIRCONIUM PICRAMATE,wave2,reaction_frequency_high,wave2_expansion,실측 §10 위험관계 고빈도 그룹(위험관계=water) 소속으로 무제한 편입,01_collection/expand_by_reaction_frequency.py FREQ_GROUPS + docs/decisions.md §1.2a-upd,68,13;46;54;68,water,no_data,,MATCH,NOT_CHECKED,False,COLLECTED,REVIEW
6484-52-2,AMMONIUM NITRATE,wave2,reaction_frequency_high,wave2_expansion,실측 §10 위험관계 고빈도 그룹(위험관계=water) 소속으로 무제한 편입,01_collection/expand_by_reaction_frequency.py FREQ_GROUPS + docs/decisions.md §1.2a-upd,68,12;19;43;60;68,water,combustible_reducing;water,,MATCH,NOT_CHECKED,False,COLLECTED,REVIEW
65-30-5,"NICOTINE SULFATE, SOLID",wave2,reaction_frequency_high,wave2_expansion,실측 §10 위험관계 고빈도 그룹(위험관계=water) 소속으로 무제한 편입,"01_collection/expand_by_reaction_frequency.py FREQ_GROUPS + docs/decisions.md §1.2a-upd | signature_duplicate_of=13826-88-5(동일 true_cameo_groups=(60, 68) 조합 물질 5종 중 대표 1종 제외 나머지)",68,60;68,water,no_data,,MATCH,NOT_CHECKED,False,COLLECTED,DUPLICATE
7446-70-0,"ALUMINUM CHLORIDE, ANHYDROUS",wave2,reaction_frequency_high,wave2_expansion,실측 §10 위험관계 고빈도 그룹(위험관계=water) 소속으로 무제한 편입,01_collection/expand_by_reaction_frequency.py FREQ_GROUPS + docs/decisions.md §1.2a-upd,68,3;32;68,water,combustible_reducing;metal;water,,MATCH,NOT_CHECKED,False,COLLECTED,REVIEW
74893-76-8,"DINITROPHENOLATES, WETTED WITH NOT LESS THAN 15% WATER",wave2,reaction_frequency_high,wave2_expansion,실측 §10 위험관계 고빈도 그룹(위험관계=water) 소속으로 무제한 편입,01_collection/expand_by_reaction_frequency.py FREQ_GROUPS + docs/decisions.md §1.2a-upd,68,46;54;68,water,,,MATCH,NOT_CHECKED,False,ABSTAIN_NOT_FOUND,NOT_COLLECTED
76-03-9,TRICHLOROACETIC ACID,wave2,reaction_frequency_high,wave2_expansion,실측 §10 위험관계 고빈도 그룹(위험관계=water) 소속으로 무제한 편입,01_collection/expand_by_reaction_frequency.py FREQ_GROUPS + docs/decisions.md §1.2a-upd,68,2;31;68,water,metal,,MATCH,NOT_CHECKED,False,COLLECTED,REVIEW
7631-90-5,SODIUM BISULFITE,wave2,reaction_frequency_high,wave2_expansion,실측 §10 위험관계 고빈도 그룹(위험관계=water) 소속으로 무제한 편입,"01_collection/expand_by_reaction_frequency.py FREQ_GROUPS + docs/decisions.md §1.2a-upd | signature_duplicate_of=13780-03-5(동일 true_cameo_groups=(65, 68) 조합 물질 3종 중 대표 1종 제외 나머지)",68,65;68,water,combustible_reducing;metal;water,,MATCH,NOT_CHECKED,False,COLLECTED,DUPLICATE
7632-00-0,SODIUM NITRITE,wave2,reaction_frequency_high,wave2_expansion,실측 §10 위험관계 고빈도 그룹(위험관계=water) 소속으로 무제한 편입,01_collection/expand_by_reaction_frequency.py FREQ_GROUPS + docs/decisions.md §1.2a-upd,68,43;68,water,combustible_reducing;water,,MATCH,NOT_CHECKED,False,COLLECTED,REVIEW
7646-85-7,"ZINC CHLORIDE, ANHYDROUS",wave2,reaction_frequency_high,wave2_expansion,실측 §10 위험관계 고빈도 그룹(위험관계=water) 소속으로 무제한 편입,01_collection/expand_by_reaction_frequency.py FREQ_GROUPS + docs/decisions.md §1.2a-upd,68,3;68,water,combustible_reducing;metal;water,,MATCH,NOT_CHECKED,False,COLLECTED,REVIEW
7681-38-1,"SODIUM BISULFATE, SOLID",wave2,reaction_frequency_high,wave2_expansion,실측 §10 위험관계 고빈도 그룹(위험관계=water) 소속으로 무제한 편입,"01_collection/expand_by_reaction_frequency.py FREQ_GROUPS + docs/decisions.md §1.2a-upd | signature_duplicate_of=13826-88-5(동일 true_cameo_groups=(60, 68) 조합 물질 5종 중 대표 1종 제외 나머지)",68,60;68,water,combustible_reducing;metal;water,,MATCH,NOT_CHECKED,False,COLLECTED,DUPLICATE
7681-49-4,SODIUM FLUORIDE,wave2,reaction_frequency_high,wave2_expansion,실측 §10 위험관계 고빈도 그룹(위험관계=water) 소속으로 무제한 편입,01_collection/expand_by_reaction_frequency.py FREQ_GROUPS + docs/decisions.md §1.2a-upd,68,61;68,water,combustible_reducing;metal;water,,MATCH,NOT_CHECKED,False,COLLECTED,REVIEW
7773-03-7,POTASSIUM BISULFITE SOLUTION,wave2,reaction_frequency_high,wave2_expansion,실측 §10 위험관계 고빈도 그룹(위험관계=water) 소속으로 무제한 편입,"01_collection/expand_by_reaction_frequency.py FREQ_GROUPS + docs/decisions.md §1.2a-upd | signature_duplicate_of=13780-03-5(동일 true_cameo_groups=(65, 68) 조합 물질 3종 중 대표 1종 제외 나머지)",68,65;68,water,water,,MATCH,NOT_CHECKED,False,COLLECTED,DUPLICATE
7783-18-8,AMMONIUM THIOSULFATE,wave2,reaction_frequency_high,wave2_expansion,실측 §10 위험관계 고빈도 그룹(위험관계=water) 소속으로 무제한 편입,01_collection/expand_by_reaction_frequency.py FREQ_GROUPS + docs/decisions.md §1.2a-upd,68,60;65;68,water,combustible_reducing;water,,MATCH,NOT_CHECKED,False,COLLECTED,REVIEW
7784-30-7,"ALUMINUM PHOSPHATE, SOLUTION",wave2,reaction_frequency_high,wave2_expansion,실측 §10 위험관계 고빈도 그룹(위험관계=water) 소속으로 무제한 편입,"01_collection/expand_by_reaction_frequency.py FREQ_GROUPS + docs/decisions.md §1.2a-upd | signature_duplicate_of=13826-88-5(동일 true_cameo_groups=(60, 68) 조합 물질 5종 중 대표 1종 제외 나머지)",68,60;68,water,combustible_reducing;metal;water,,MATCH,NOT_CHECKED,False,COLLECTED,DUPLICATE
7784-46-5,"SODIUM ARSENITE, AQUEOUS SOLUTION",wave2,reaction_frequency_high,wave2_expansion,실측 §10 위험관계 고빈도 그룹(위험관계=water) 소속으로 무제한 편입,"01_collection/expand_by_reaction_frequency.py FREQ_GROUPS + docs/decisions.md §1.2a-upd | signature_duplicate_of=7681-49-4(동일 true_cameo_groups=(61, 68) 조합 물질 3종 중 대표 1종 제외 나머지)",68,61;68,water,no_data,,MATCH,NOT_CHECKED,False,COLLECTED,DUPLICATE
7788-97-8,"CHROMIC FLUORIDE, SOLID",wave2,reaction_frequency_high,wave2_expansion,실측 §10 위험관계 고빈도 그룹(위험관계=water) 소속으로 무제한 편입,"01_collection/expand_by_reaction_frequency.py FREQ_GROUPS + docs/decisions.md §1.2a-upd | signature_duplicate_of=7681-49-4(동일 true_cameo_groups=(61, 68) 조합 물질 3종 중 대표 1종 제외 나머지)",68,61;68,water,combustible_reducing;metal;water,,MATCH,NOT_CHECKED,False,COLLECTED,DUPLICATE
7789-29-9,POTASSIUM BIFLUORIDE,wave2,reaction_frequency_high,wave2_expansion,실측 §10 위험관계 고빈도 그룹(위험관계=water) 소속으로 무제한 편입,"01_collection/expand_by_reaction_frequency.py FREQ_GROUPS + docs/decisions.md §1.2a-upd | signature_duplicate_of=1341-49-7(동일 true_cameo_groups=(29, 60, 68) 조합 물질 2종 중 대표 1종 제외 나머지)",68,29;60;68,water,combustible_reducing;metal;water,,MATCH,NOT_CHECKED,False,COLLECTED,DUPLICATE
78-11-5,PENTAERYTHRITE TETRANITRATE,wave2,reaction_frequency_high,wave2_expansion,실측 §10 위험관계 고빈도 그룹(위험관계=water) 소속으로 무제한 편입,"01_collection/expand_by_reaction_frequency.py FREQ_GROUPS + docs/decisions.md §1.2a-upd | signature_duplicate_of=118-96-7(동일 true_cameo_groups=(46, 68) 조합 물질 4종 중 대표 1종 제외 나머지)",68,46;68,water,,,MATCH,NOT_CHECKED,False,COLLECTED,DUPLICATE
78-18-2,1-HYDROXY-1&#39;-HYDROPEROXY DICYCLOHEXYL PEROXIDE,wave2,reaction_frequency_high,wave2_expansion,실측 §10 위험관계 고빈도 그룹(위험관계=water) 소속으로 무제한 편입,"01_collection/expand_by_reaction_frequency.py FREQ_GROUPS + docs/decisions.md §1.2a-upd | signature_duplicate_of=12262-58-7(동일 true_cameo_groups=(1, 8, 53, 68) 조합 물질 2종 중 대표 1종 제외 나머지)",68,1;8;53;68,water,combustible_reducing;water,,MATCH,NOT_CHECKED,False,COLLECTED,DUPLICATE
79-06-1,ACRYLAMIDE,wave2,reaction_frequency_high,wave2_expansion,실측 §10 위험관계 고빈도 그룹(위험관계=water) 소속으로 무제한 편입,01_collection/expand_by_reaction_frequency.py FREQ_GROUPS + docs/decisions.md §1.2a-upd,68,6;12;56;68,water,metal,,MATCH,NOT_CHECKED,False,COLLECTED,REVIEW
79-08-3,BROMOACETIC ACID,wave2,reaction_frequency_high,wave2_expansion,실측 §10 위험관계 고빈도 그룹(위험관계=water) 소속으로 무제한 편입,"01_collection/expand_by_reaction_frequency.py FREQ_GROUPS + docs/decisions.md §1.2a-upd | signature_duplicate_of=76-03-9(동일 true_cameo_groups=(2, 31, 68) 조합 물질 2종 중 대표 1종 제외 나머지)",68,2;31;68,water,no_data,,MATCH,NOT_CHECKED,False,COLLECTED,DUPLICATE
82-71-3,TRINITRORESORCINOL,wave2,reaction_frequency_high,wave2_expansion,실측 §10 위험관계 고빈도 그룹(위험관계=water) 소속으로 무제한 편입,"01_collection/expand_by_reaction_frequency.py FREQ_GROUPS + docs/decisions.md §1.2a-upd | signature_duplicate_of=25550-58-7(동일 true_cameo_groups=(46, 55, 68) 조합 물질 3종 중 대표 1종 제외 나머지)",68,46;55;68,water,no_data,,MATCH,NOT_CHECKED,False,COLLECTED,DUPLICATE
831-52-7,SODIUM PICRAMATE,wave2,reaction_frequency_high,wave2_expansion,실측 §10 위험관계 고빈도 그룹(위험관계=water) 소속으로 무제한 편입,"01_collection/expand_by_reaction_frequency.py FREQ_GROUPS + docs/decisions.md §1.2a-upd | signature_duplicate_of=63868-82-6(동일 true_cameo_groups=(13, 46, 54, 68) 조합 물질 2종 중 대표 1종 제외 나머지)",68,13;46;54;68,water,no_data,,MATCH,NOT_CHECKED,False,COLLECTED,DUPLICATE
88-89-1,"PICRIC ACID, WETTED WITH NOT LESS THAN 30% WATER BY MASS",wave2,reaction_frequency_high,wave2_expansion,실측 §10 위험관계 고빈도 그룹(위험관계=water) 소속으로 무제한 편입,"01_collection/expand_by_reaction_frequency.py FREQ_GROUPS + docs/decisions.md §1.2a-upd | signature_duplicate_of=25550-58-7(동일 true_cameo_groups=(46, 55, 68) 조합 물질 3종 중 대표 1종 제외 나머지)",68,46;55;68,water,no_data,,MATCH,NOT_CHECKED,False,COLLECTED,DUPLICATE
924-42-5,N-METHYLOLACRYLAMIDE,wave2,reaction_frequency_high,wave2_expansion,실측 §10 위험관계 고빈도 그룹(위험관계=water) 소속으로 무제한 편입,01_collection/expand_by_reaction_frequency.py FREQ_GROUPS + docs/decisions.md §1.2a-upd,68,6;8;12;56;68,water,combustible_reducing;water,,MATCH,NOT_CHECKED,False,COLLECTED,REVIEW
96-91-3,"2-AMINO-4,6-DINITROPHENOL",wave2,reaction_frequency_high,wave2_expansion,실측 §10 위험관계 고빈도 그룹(위험관계=water) 소속으로 무제한 편입,01_collection/expand_by_reaction_frequency.py FREQ_GROUPS + docs/decisions.md §1.2a-upd,68,13;46;55;68,water,no_data,,MATCH,NOT_CHECKED,False,COLLECTED,REVIEW
99-35-4,"TRINITROBENZENE, WETTED WITH NOT LESS THAN 30% WATER",wave2,reaction_frequency_high,wave2_expansion,실측 §10 위험관계 고빈도 그룹(위험관계=water) 소속으로 무제한 편입,"01_collection/expand_by_reaction_frequency.py FREQ_GROUPS + docs/decisions.md §1.2a-upd | signature_duplicate_of=118-96-7(동일 true_cameo_groups=(46, 68) 조합 물질 4종 중 대표 1종 제외 나머지)",68,46;68,water,no_data,,MATCH,NOT_CHECKED,False,COLLECTED,DUPLICATE
