cas_number,chemical_name,expected_group,pubchem_cid,pubchem_groups,status
100-00-5,P-NITROCHLOROBENZENE,"Aryl Halides;Nitro, Nitroso, Nitrate, and Nitrite Compounds, Organic",7474,"Aryl Halides;Nitro, Nitroso, Nitrate, and Nitrite Compounds, Organic",MATCH
100-01-6,"P-NITROANILINE, [SOLID]","Amines, Aromatic;Nitro, Nitroso, Nitrate, and Nitrite Compounds, Organic",7475,"Amines, Aromatic;Nitro, Nitroso, Nitrate, and Nitrite Compounds, Organic",MATCH
100-02-7,4-NITROPHENOL,"Nitro, Nitroso, Nitrate, and Nitrite Compounds, Organic;Phenols and Cresols",980,"Nitro, Nitroso, Nitrate, and Nitrite Compounds, Organic;Phenols and Cresols",MATCH
100-07-2,4-METHOXYBENZOYL CHLORIDE,"Acyl Halides, Sulfonyl Halides, and Chloroformates",7477,"Acyl Halides, Sulfonyl Halides, and Chloroformates",MATCH
100-14-1,"BENZENE, 1-(CHLOROMETHYL)-4-NITRO-","Halogenated Organic Compounds;Nitro, Nitroso, Nitrate, and Nitrite Compounds, Organic",7482,"Halogenated Organic Compounds;Nitro, Nitroso, Nitrate, and Nitrite Compounds, Organic",MATCH
100-15-2,N-METHYL-4-NITROANILINE,"Amines, Aromatic;Nitro, Nitroso, Nitrate, and Nitrite Compounds, Organic",7483,"Amines, Aromatic;Nitro, Nitroso, Nitrate, and Nitrite Compounds, Organic",MATCH
100-16-3,"4-NITROPHENYLHYDRAZINE, [WETTED WITH NOT LESS THAN 30% WATER BY MASS]","Azo, Diazo, Azido, Hydrazine, and Azide Compounds;Nitro, Nitroso, Nitrate, and Nitrite Compounds, Organic;Water and Aqueous Solutions",3310889,"Azo, Diazo, Azido, Hydrazine, and Azide Compounds;Nitro, Nitroso, Nitrate, and Nitrite Compounds, Organic;Water and Aqueous Solutions",MATCH
100-19-6,P-NITROACETOPHENONE,"Ketones;Nitro, Nitroso, Nitrate, and Nitrite Compounds, Organic",7487,"Ketones;Nitro, Nitroso, Nitrate, and Nitrite Compounds, Organic",MATCH
100-21-0,TEREPHTHALIC ACID,"Acids, Carboxylic;Hydrocarbons, Aromatic",7489,"Acids, Carboxylic;Hydrocarbons, Aromatic",MATCH
100-22-1,"N,N,N&#39;,N&#39;-TETRAMETHYL-P-PHENYLENEDIAMINE","Amines, Phosphines, and Pyridines",7490,"Amines, Phosphines, and Pyridines",MATCH
100-25-4,P-DINITROBENZENE,"Nitro, Nitroso, Nitrate, and Nitrite Compounds, Organic",7492,"Nitro, Nitroso, Nitrate, and Nitrite Compounds, Organic",MATCH
100-27-6,P-NITROPHENETHYL ALCOHOL,"Alcohols and Polyols;Nitro, Nitroso, Nitrate, and Nitrite Compounds, Organic",7494,"Alcohols and Polyols;Nitro, Nitroso, Nitrate, and Nitrite Compounds, Organic",MATCH
100-38-9,"2-(N,N-DIETHYLAMINO)ETHANETHIOL","Amines, Phosphines, and Pyridines;Sulfides, Organic",16032,"Amines, Phosphines, and Pyridines;Sulfides, Organic",MATCH
100-51-6,BENZYL ALCOHOL,Alcohols and Polyols,244,Alcohols and Polyols,MATCH
100-57-2,PHENYLMERCURIC HYDROXIDE,"Bases, Strong;Organometallics",7512,"Bases, Strong;Organometallics",MATCH
100-64-1,CYCLOHEXANONE OXIME,Oximes,7517,Oximes,MATCH
100-65-2,N-PHENYLHYDROXYLAMINE,"Alcohols and Polyols;Amines, Phosphines, and Pyridines",7518,"Alcohols and Polyols;Amines, Phosphines, and Pyridines",MATCH
100-73-2,"ACROLEIN DIMER, STABILIZED","Aldehydes;Ethers;Hydrocarbons, Aliphatic Unsaturated;Polymerizable Compounds",60994,"Aldehydes;Ethers;Hydrocarbons, Aliphatic Unsaturated;Polymerizable Compounds",MATCH
100-75-4,N-NITROSOPIPERIDINE,"Azo, Diazo, Azido, Hydrazine, and Azide Compounds;Nitro, Nitroso, Nitrate, and Nitrite Compounds, Organic",7526,"Azo, Diazo, Azido, Hydrazine, and Azide Compounds;Nitro, Nitroso, Nitrate, and Nitrite Compounds, Organic",MATCH
100-97-0,HEXAMETHYLENETETRAMINE,"Amines, Phosphines, and Pyridines",4101,"Amines, Phosphines, and Pyridines",MATCH
10016-20-3,ALPHA-CYCLODEXTRIN,Alcohols and Polyols,444913,Alcohols and Polyols,MATCH
1002-89-7,AMMONIUM STEARATE,Non-Redox-Active Inorganic Compounds,9861187,Non-Redox-Active Inorganic Compounds,MATCH
10022-31-8,BARIUM NITRATE,"Nitrate and Nitrite Compounds, Inorganic",24798,"Nitrate and Nitrite Compounds, Inorganic",MATCH
10025-73-7,CHROMIC CHLORIDE,Non-Redox-Active Inorganic Compounds,24808,Non-Redox-Active Inorganic Compounds,MATCH
10025-91-9,ANTIMONY TRICHLORIDE,"Acids, Strong Non-oxidizing;Halogenating Agents;Oxidizing Agents, Strong",24814,"Acids, Strong Non-oxidizing;Halogenating Agents;Oxidizing Agents, Strong",MATCH
10026-06-9,"STANNIC CHLORIDE, PENTAHYDRATE","Acids, Strong Non-oxidizing",61442,"Acids, Strong Non-oxidizing",MATCH
10026-11-6,ZIRCONIUM TETRACHLORIDE,"Acids, Strong Non-oxidizing",,,ERROR
10026-13-8,PHOSPHORUS PENTACHLORIDE,"Acids, Strong Non-oxidizing;Halogenating Agents;Oxidizing Agents, Strong",24819,"Acids, Strong Non-oxidizing;Halogenating Agents;Oxidizing Agents, Strong",MATCH
10026-17-2,COBALT FLUORIDE,"Reducing Agents, Weak;Salts, Basic",24820,"Reducing Agents, Weak;Salts, Basic",MATCH
10026-24-1,COBALT SULFATE HEPTAHYDRATE,"Salts, Acidic",61444,"Salts, Acidic",MATCH
10028-22-5,FERRIC SULFATE,"Salts, Acidic",24826,"Salts, Acidic",MATCH
10031-13-7,LEAD(II) ARSENITE,"Salts, Basic",197119,"Salts, Basic",MATCH
10031-87-5,2-ETHYLBUTYL ACETATE,"Esters, Sulfate Esters, Phosphate Esters, Thiophosphate Esters, and Borate Esters",61448,"Esters, Sulfate Esters, Phosphate Esters, Thiophosphate Esters, and Borate Esters",MATCH
10034-81-8,MAGNESIUM PERCHLORATE,"Oxidizing Agents, Strong",24840,"Oxidizing Agents, Strong",MATCH
10034-82-9,SODIUM CHROMATE TETRAHYDRATE,"Oxidizing Agents, Strong;Salts, Basic",22146515,"Oxidizing Agents, Strong;Salts, Basic",MATCH
10034-96-5,MANGANESE(II) SULFATE MONOHYDRATE,"Salts, Acidic",177577,"Salts, Acidic",MATCH
10039-54-0,HYDROXYLAMINE SULFATE,"Reducing Agents, Strong;Salts, Acidic",24846,"Reducing Agents, Strong;Salts, Acidic",MATCH
10042-76-9,STRONTIUM NITRATE,"Nitrate and Nitrite Compounds, Inorganic",24848,"Nitrate and Nitrite Compounds, Inorganic",MATCH
10043-01-3,"ALUMINUM SULFATE, SOLID","Salts, Acidic;Water and Aqueous Solutions",24850,"Salts, Acidic;Water and Aqueous Solutions",MATCH
10043-52-4,CALCIUM CHLORIDE,"Salts, Acidic",5284359,"Salts, Acidic",MATCH
10045-89-3,FERROUS AMMONIUM SULFATE,"Salts, Acidic",24863,"Salts, Acidic",MATCH
10045-94-0,MERCURIC NITRATE,"Nitrate and Nitrite Compounds, Inorganic",24864,"Nitrate and Nitrite Compounds, Inorganic",MATCH
10048-95-0,SODIUM ARSENATE HEPTAHYDRATE,"Oxidizing Agents, Weak;Salts, Basic",61460,"Oxidizing Agents, Weak;Salts, Basic",MATCH
10049-05-5,CHROMOUS CHLORIDE,"Reducing Agents, Strong",24871,"Reducing Agents, Strong",MATCH
10099-58-8,LANTHANUM CHLORIDE,"Salts, Acidic",64735,"Salts, Acidic",MATCH
10099-74-8,LEAD NITRATE,"Nitrate and Nitrite Compounds, Inorganic",24924,"Nitrate and Nitrite Compounds, Inorganic",MATCH
101-02-0,TRIPHENYL PHOSPHITE,"Reducing Agents, Weak;Sulfonates, Phosphonates, and Thiophosphonates, Organic",7540,"Reducing Agents, Weak;Sulfonates, Phosphonates, and Thiophosphonates, Organic",MATCH
101-05-3,ANILAZINE,"Amines, Phosphines, and Pyridines;Aryl Halides",7541,"Amines, Phosphines, and Pyridines;Aryl Halides",MATCH
101-14-4,"4,4&#39;-METHYLENEBIS(2-CHLOROANILINE)","Amines, Aromatic;Aryl Halides",7543,"Amines, Aromatic;Aryl Halides",MATCH
101-18-8,3-HYDROXY-N-PHENYLANILINE,"Amines, Phosphines, and Pyridines;Phenols and Cresols",7546,"Amines, Phosphines, and Pyridines;Phenols and Cresols",MATCH
101-20-2,TRICLOCARBAN,"Amides and Imides;Amines, Aromatic;Aryl Halides",7547,"Amides and Imides;Amines, Aromatic;Aryl Halides",MATCH
101-21-3,ISOPROPYL-N-(3-CHLOROPHENYL)CARBAMATE,Aryl Halides;Carbamates,2728,Aryl Halides;Carbamates,MATCH
101-25-7,"N,N&#39;-DINITROSOPENTAMETHYLENE TETRAMINE","Amines, Phosphines, and Pyridines;Azo, Diazo, Azido, Hydrazine, and Azide Compounds;Nitro, Nitroso, Nitrate, and Nitrite Compounds, Organic",7549,"Amines, Phosphines, and Pyridines;Azo, Diazo, Azido, Hydrazine, and Azide Compounds;Nitro, Nitroso, Nitrate, and Nitrite Compounds, Organic",MATCH
101-27-9,BARBAN,"Alkynes, with No Acetylenic Hydrogen;Aryl Halides;Carbamates;Halogenated Organic Compounds",7551,"Alkynes, with No Acetylenic Hydrogen;Aryl Halides;Carbamates;Halogenated Organic Compounds",MATCH
101-39-3,ALPHA-METHYLCINNAMALDEHYDE,"Aldehydes;Hydrocarbons, Aliphatic Unsaturated;Hydrocarbons, Aromatic",5372813,"Aldehydes;Hydrocarbons, Aliphatic Unsaturated;Hydrocarbons, Aromatic",MATCH
101-54-2,N-PHENYL-P-PHENYLENEDIAMINE,"Amines, Aromatic",7564,"Amines, Aromatic",MATCH
101-55-3,4-BROMOPHENYL PHENYL ETHER,Aryl Halides;Ethers,7565,Aryl Halides;Ethers,MATCH
101-61-1,"4,4&#39;-METHYLENEBIS(N,N-DIMETHYL)BENZENAMINE","Amines, Phosphines, and Pyridines",7567,"Amines, Phosphines, and Pyridines",MATCH
101-67-7,"4,4&#39;-DIOCTYLDIPHENYLAMINE","Amines, Phosphines, and Pyridines",7569,"Amines, Phosphines, and Pyridines",MATCH
101-68-8,"DIPHENYLMETHANE-4,4&#39;-DIISOCYANATE",Isocyanates and Isothiocyanates,7570,Isocyanates and Isothiocyanates,MATCH
101-70-2,"4,4&#39;-DIMETHOXYDIPHENYLAMINE","Amines, Phosphines, and Pyridines",7571,"Amines, Phosphines, and Pyridines",MATCH
101-72-4,N-ISOPROPYL-N&#39;-PHENYL-P-PHENYLENEDIAMINE,"Amines, Aromatic",7573,"Amines, Aromatic",MATCH
101-73-5,P-ISOPROPOXYDIPHENYLAMINE,"Amines, Phosphines, and Pyridines;Ethers",7574,"Amines, Phosphines, and Pyridines;Ethers",MATCH
101-77-9,"4,4&#39;-DIAMINODIPHENYLMETHANE","Amines, Aromatic",7577,"Amines, Aromatic",MATCH
101-80-4,"4,4&#39;-DIAMINODIPHENYL ETHER","Amines, Aromatic;Ethers",7579,"Amines, Aromatic;Ethers",MATCH
101-83-7,DICYCLOHEXYLAMINE,"Amines, Phosphines, and Pyridines",7582,"Amines, Phosphines, and Pyridines",MATCH
101-90-6,DIGLYCIDYL RESORCINOL ETHER,"Epoxides;Ethers;Hydrocarbons, Aromatic",7586,"Epoxides;Ethers;Hydrocarbons, Aromatic",MATCH
101-96-2,"N,N&#39;-DI-SEC-BUTYL-P-PHENYLENEDIAMINE","Amines, Aromatic",7589,"Amines, Aromatic",MATCH
10101-50-5,SODIUM PERMANGANATE,"Oxidizing Agents, Strong",23673458,"Oxidizing Agents, Strong",MATCH
10101-53-8,CHROMIC SULFATE,"Salts, Acidic",24930,"Acids, Strong Oxidizing;Salts, Acidic",MATCH
10101-63-0,LEAD IODIDE,Non-Redox-Active Inorganic Compounds,,,ERROR
10101-97-0,NICKEL SULFATE HEXAHYDRATE,"Salts, Acidic",5284429,"Salts, Acidic",MATCH
10102-20-2,SODIUM TELLURITE,"Reducing Agents, Weak;Salts, Basic",24935,"Reducing Agents, Weak;Salts, Basic",MATCH
10102-45-1,THALLIUM NITRATE,"Nitrate and Nitrite Compounds, Inorganic",24937,"Nitrate and Nitrite Compounds, Inorganic",MATCH
10102-49-5,FERRIC ARSENATE,"Oxidizing Agents, Weak;Salts, Basic",61477,"Oxidizing Agents, Weak;Salts, Basic",MATCH
10102-50-8,FERROUS ARSENATE,Non-Redox-Active Inorganic Compounds,24938,Non-Redox-Active Inorganic Compounds,MATCH
10102-71-3,SODIUM ALUMINUM SULPHATE,"Salts, Acidic",24939,"Salts, Acidic",MATCH
10103-50-1,MAGNESIUM ARSENATE,Non-Redox-Active Inorganic Compounds,24943,Non-Redox-Active Inorganic Compounds,MATCH
10108-64-2,CADMIUM CHLORIDE,"Salts, Acidic",24947,"Salts, Acidic",MATCH
10112-91-1,MERCUROUS CHLORIDE,"Metals, Less Reactive agents;Non-Redox-Active Inorganic Compounds",24956,"Metals, Less Reactive agents;Non-Redox-Active Inorganic Compounds",MATCH
10118-76-0,CALCIUM PERMANGANATE,"Oxidizing Agents, Strong",24959,"Oxidizing Agents, Strong",MATCH
101200-48-0,TRIBENURON-METHYL,"Amides and Imides;Amines, Phosphines, and Pyridines;Esters, Sulfate Esters, Phosphate Esters, Thiophosphate Esters, and Borate Esters;Sulfonates, Phosphonates, and Thiophosphonates, Organic",153909,"Amides and Imides;Amines, Phosphines, and Pyridines;Esters, Sulfate Esters, Phosphate Esters, Thiophosphate Esters, and Borate Esters;Sulfonates, Phosphonates, and Thiophosphonates, Organic",MATCH
10124-36-4,CADMIUM SULFATE,"Salts, Acidic",24962,"Salts, Acidic",MATCH
10124-43-3,COBALT SULFATE,"Salts, Acidic",24965,"Salts, Acidic",MATCH
10124-48-8,MERCURY AMMONIUM CHLORIDE,"Metals, Less Reactive agents;Non-Redox-Active Inorganic Compounds",3032553,"Metals, Less Reactive agents;Non-Redox-Active Inorganic Compounds",MATCH
10124-50-2,POTASSIUM ARSENITE,"Salts, Basic",24967,"Salts, Basic",MATCH
10137-69-6,CYCLOHEXENYLTRICHLOROSILANE,"Chlorosilanes;Hydrocarbons, Aliphatic Unsaturated",61483,"Chlorosilanes;Hydrocarbons, Aliphatic Unsaturated",MATCH
10137-74-3,CALCIUM CHLORATE,"Oxidizing Agents, Strong;Salts, Basic;Water and Aqueous Solutions",24978,"Oxidizing Agents, Strong;Salts, Basic;Water and Aqueous Solutions",MATCH
10141-05-6,COBALT NITRATE,"Nitrate and Nitrite Compounds, Inorganic",25000,"Nitrate and Nitrite Compounds, Inorganic",MATCH
10143-23-4,"2,3-DIMETHYL-1-PENTANOL",Alcohols and Polyols,25006,Alcohols and Polyols,MATCH
10169-02-5,C.I. ACID RED 97,"Azo, Diazo, Azido, Hydrazine, and Azide Compounds;Phenols and Cresols;Salts, Basic;Sulfonates, Phosphonates, and Thiophosphonates, Organic",25026,"Azo, Diazo, Azido, Hydrazine, and Azide Compounds;Phenols and Cresols;Salts, Basic;Sulfonates, Phosphonates, and Thiophosphonates, Organic",MATCH
10192-30-0,"AMMONIUM BISULFITE, SOLID","Salts, Acidic;Sulfite and Thiosulfate Salts;Water and Aqueous Solutions",10441651,"Salts, Acidic;Sulfite and Thiosulfate Salts;Water and Aqueous Solutions",MATCH
10196-04-0,AMMONIUM SULFITE,"Salts, Acidic;Sulfite and Thiosulfate Salts",25041,"Salts, Acidic;Sulfite and Thiosulfate Salts",MATCH
102-01-2,ACETOACETANILIDE,"Amides and Imides;Amines, Aromatic;Ketones",7592,"Amides and Imides;Amines, Aromatic;Ketones",MATCH
102-06-7,"1,3-DIPHENYLGUANIDINE","Amines, Phosphines, and Pyridines",7594,"Amines, Phosphines, and Pyridines",MATCH
102-08-9,THIOCARBANILIDE,"Amides and Imides;Hydrocarbons, Aromatic;Sulfides, Organic",700999,"Amides and Imides;Hydrocarbons, Aromatic;Sulfides, Organic",MATCH
102-16-9,BENZYL PHENYLACETATE,"Esters, Sulfate Esters, Phosphate Esters, Thiophosphate Esters, and Borate Esters",60999,"Esters, Sulfate Esters, Phosphate Esters, Thiophosphate Esters, and Borate Esters",MATCH
102-27-2,N-ETHYL-M-TOLUIDINE,"Amines, Aromatic",7603,"Amines, Aromatic",MATCH
102-28-3,M-AMINOACETANILIDE,"Amides and Imides;Amines, Aromatic",7604,"Amides and Imides;Amines, Aromatic",MATCH
102-36-3,"ISOCYANIC ACID, 3,4-DICHLOROPHENYL ESTER",Aryl Halides;Isocyanates and Isothiocyanates,7607,Aryl Halides;Isocyanates and Isothiocyanates,MATCH
102-50-1,M-CRESIDINE,"Amines, Aromatic",7610,"Amines, Aromatic",MATCH
102-54-5,FERROCENE,"Hydrocarbons, Aromatic;Organometallics",10219726,"Hydrocarbons, Aromatic;Organometallics",MATCH
102-67-0,TRIPROPYLALUMINUM,"Metal Hydrides, Metal Alkyls, Metal Aryls, and Silanes",16683069,"Metal Hydrides, Metal Alkyls, Metal Aryls, and Silanes",MATCH
102-71-6,TRIETHANOLAMINE,"Alcohols and Polyols;Amines, Phosphines, and Pyridines",7618,"Alcohols and Polyols;Amines, Phosphines, and Pyridines",MATCH
102-81-8,DIBUTYLAMINOETHANOL,"Alcohols and Polyols;Amines, Phosphines, and Pyridines",7621,"Alcohols and Polyols;Amines, Phosphines, and Pyridines",MATCH
102-96-5,BETA-NITROSTYRENE,"Hydrocarbons, Aliphatic Unsaturated;Nitro, Nitroso, Nitrate, and Nitrite Compounds, Organic",7626,"Hydrocarbons, Aliphatic Unsaturated;Nitro, Nitroso, Nitrate, and Nitrite Compounds, Organic",MATCH
10213-75-9,3-[(2-ETHYLHEXYL)OXY]PROPIONITRILE,Ethers;Nitriles,25053,Ethers;Nitriles,MATCH
10222-01-2,"2,2-DIBROMO-3-NITRILOPROPIONAMIDE",Amides and Imides;Halogenated Organic Compounds;Nitriles,25059,Amides and Imides;Halogenated Organic Compounds;Nitriles,MATCH
1024-57-3,HEPTACHLOR EPOXIDE,"Epoxides;Halogenated Organic Compounds;Hydrocarbons, Aliphatic Unsaturated",15559699,"Epoxides;Halogenated Organic Compounds;Hydrocarbons, Aliphatic Unsaturated",MATCH
10241-05-1,MOLYBDENUM PENTACHLORIDE,Halogenating Agents,61497,Halogenating Agents,MATCH
1025-15-6,TRIALLYL ISOCYANURATE,"Hydrocarbons, Aliphatic Unsaturated;Isocyanates and Isothiocyanates",13931,"Hydrocarbons, Aliphatic Unsaturated;Isocyanates and Isothiocyanates",MATCH
10265-92-6,METHAMIDOPHOS,"Acids, Weak;Esters, Sulfate Esters, Phosphate Esters, Thiophosphate Esters, and Borate Esters",4096,"Acids, Weak;Esters, Sulfate Esters, Phosphate Esters, Thiophosphate Esters, and Borate Esters",MATCH
10277-43-7,LANTHANUM NITRATE HEXAHYDRATE,"Nitrate and Nitrite Compounds, Inorganic",16211478,"Nitrate and Nitrite Compounds, Inorganic",MATCH
10290-12-7,COPPER ARSENITE,"Salts, Basic",25130,"Salts, Basic",MATCH
10294-26-5,SILVER SULFATE,"Metals, Less Reactive agents;Non-Redox-Active Inorganic Compounds",159865,"Metals, Less Reactive agents;Non-Redox-Active Inorganic Compounds",MATCH
103-09-3,ETHYLHEXYL ACETATE,"Esters, Sulfate Esters, Phosphate Esters, Thiophosphate Esters, and Borate Esters",7635,"Esters, Sulfate Esters, Phosphate Esters, Thiophosphate Esters, and Borate Esters",MATCH
103-23-1,BIS(2-ETHYLHEXYL) ADIPATE,"Esters, Sulfate Esters, Phosphate Esters, Thiophosphate Esters, and Borate Esters",7641,"Esters, Sulfate Esters, Phosphate Esters, Thiophosphate Esters, and Borate Esters",MATCH
103-30-0,TRANS-STILBENE,"Hydrocarbons, Aliphatic Unsaturated",638088,"Hydrocarbons, Aliphatic Unsaturated",MATCH
103-33-3,AZOBENZENE,"Azo, Diazo, Azido, Hydrazine, and Azide Compounds",2272,"Azo, Diazo, Azido, Hydrazine, and Azide Compounds",MATCH
103-50-4,DIBENZYL ETHER,Ethers,7657,Ethers,MATCH
103-70-8,FORMANILIDE,"Amides and Imides;Amines, Aromatic",7671,"Amides and Imides;Amines, Aromatic",MATCH
103-75-3,ETHOXYDIHYDROPYRAN,"Acetals, Ketals, Hemiacetals, and Hemiketals;Ethers;Hydrocarbons, Aliphatic Unsaturated",7676,"Acetals, Ketals, Hemiacetals, and Hemiketals;Ethers;Hydrocarbons, Aliphatic Unsaturated",MATCH
103-80-0,PHENYLACETYL CHLORIDE,"Acyl Halides, Sulfonyl Halides, and Chloroformates",7679,"Acyl Halides, Sulfonyl Halides, and Chloroformates",MATCH
103-83-3,BENZYLDIMETHYLAMINE,"Amines, Phosphines, and Pyridines",7681,"Amines, Phosphines, and Pyridines",MATCH
103-84-4,ACETANILIDE,"Amides and Imides;Amines, Aromatic",904,"Amides and Imides;Amines, Aromatic",MATCH
103-85-5,PHENYLTHIOUREA,Amides and Imides,676454,Amides and Imides,MATCH
103-89-9,N-ACETYL-P-TOLUIDINE,"Amides and Imides;Amines, Aromatic",7684,"Amides and Imides;Amines, Aromatic",MATCH
103-90-2,4-HYDROXYACETANILIDE,Amides and Imides;Phenols and Cresols,1983,Amides and Imides;Phenols and Cresols,MATCH
1031-07-8,ENDOSULFAN SULFATE,"Esters, Sulfate Esters, Phosphate Esters, Thiophosphate Esters, and Borate Esters;Halogenated Organic Compounds;Hydrocarbons, Aliphatic Unsaturated",13940,"Esters, Sulfate Esters, Phosphate Esters, Thiophosphate Esters, and Borate Esters;Halogenated Organic Compounds;Hydrocarbons, Aliphatic Unsaturated",MATCH
1031-47-6,TRIAMIPHOS,"Amines, Phosphines, and Pyridines;Azo, Diazo, Azido, Hydrazine, and Azide Compounds;Esters, Sulfate Esters, Phosphate Esters, Thiophosphate Esters, and Borate Esters",13943,"Amines, Phosphines, and Pyridines;Azo, Diazo, Azido, Hydrazine, and Azide Compounds;Esters, Sulfate Esters, Phosphate Esters, Thiophosphate Esters, and Borate Esters",MATCH
10311-84-9,DIALIFOR,"Amides and Imides;Esters, Sulfate Esters, Phosphate Esters, Thiophosphate Esters, and Borate Esters;Halogenated Organic Compounds",25146,"Amides and Imides;Esters, Sulfate Esters, Phosphate Esters, Thiophosphate Esters, and Borate Esters;Halogenated Organic Compounds",MATCH
10318-26-0,DIBROMODULCITOL,Alcohols and Polyols;Halogenated Organic Compounds,5284380,Alcohols and Polyols;Halogenated Organic Compounds,MATCH
10325-94-7,CADMIUM NITRATE,"Nitrate and Nitrite Compounds, Inorganic",25154,"Nitrate and Nitrite Compounds, Inorganic",MATCH
10326-21-3,MAGNESIUM CHLORATE,"Oxidizing Agents, Strong",25155,"Oxidizing Agents, Strong",MATCH
10326-24-6,ZINC ARSENITE,"Salts, Basic",25156,"Salts, Basic",MATCH
10326-27-9,BARIUM CHLORIDE DIHYDRATE,Non-Redox-Active Inorganic Compounds,5284346,Non-Redox-Active Inorganic Compounds,MATCH
1034-41-9,KEPONE ALCOHOL,Alcohols and Polyols;Halogenated Organic Compounds,13946,Alcohols and Polyols;Halogenated Organic Compounds,MATCH
10347-54-3,"1,4-BIS(METHYLISOCYANATE)CYCLOHEXANE",Isocyanates and Isothiocyanates,61504,Isocyanates and Isothiocyanates,MATCH
10353-73-8,"ISOOCTYL ACID PHOSPHATE, [CORROSIVE LIQUID]","Acids, Weak;Esters, Sulfate Esters, Phosphate Esters, Thiophosphate Esters, and Borate Esters",13032452,"Acids, Weak;Esters, Sulfate Esters, Phosphate Esters, Thiophosphate Esters, and Borate Esters",MATCH
10356-76-0,5-FLUORO-2&#39;-DEOXYCYTIDINE,"Alcohols and Polyols;Amides and Imides;Amines, Phosphines, and Pyridines;Aryl Halides",515328,"Alcohols and Polyols;Amides and Imides;Amines, Phosphines, and Pyridines;Aryl Halides",MATCH
10361-37-2,BARIUM CHLORIDE,Non-Redox-Active Inorganic Compounds,25204,Non-Redox-Active Inorganic Compounds,MATCH
10361-95-2,ZINC CHLORATE,"Oxidizing Agents, Strong",25206,"Oxidizing Agents, Strong",MATCH
10377-60-3,MAGNESIUM NITRATE,"Nitrate and Nitrite Compounds, Inorganic",25212,"Nitrate and Nitrite Compounds, Inorganic",MATCH
10377-66-9,MANGANESE NITRATE,"Nitrate and Nitrite Compounds, Inorganic",61511,"Nitrate and Nitrite Compounds, Inorganic",MATCH
10380-29-7,"CUPRIC SULFATE, AMMONIATED","Amines, Phosphines, and Pyridines;Salts, Acidic",61513,"Amines, Phosphines, and Pyridines;Salts, Acidic",MATCH
10386-84-2,"4,4&#39;-DIBROMOOCTAFLUOROBIPHENYL",Aryl Halides,82600,Aryl Halides,MATCH
104-01-8,4-METHOXYPHENYLACETIC ACID,"Acids, Carboxylic;Ethers",7690,"Acids, Carboxylic;Ethers",MATCH
104-12-1,P-CHLOROPHENYL ISOCYANATE,Aryl Halides;Isocyanates and Isothiocyanates,7693,Aryl Halides;Isocyanates and Isothiocyanates,MATCH
104-15-4,"TOLUENE SULFONIC ACID, LIQUID, WITH MORE THAN 5% FREE SULFURIC ACID","Acids, Strong Oxidizing",6101,"Acids, Strong Oxidizing",MATCH
104-28-9,2-ETHOXYETHYL-P-METHOXYCINNAMATE,"Esters, Sulfate Esters, Phosphate Esters, Thiophosphate Esters, and Borate Esters;Ethers;Hydrocarbons, Aliphatic Unsaturated",5373773,"Esters, Sulfate Esters, Phosphate Esters, Thiophosphate Esters, and Borate Esters;Ethers;Hydrocarbons, Aliphatic Unsaturated",MATCH
104-46-1,ANETHOLE,"Ethers;Hydrocarbons, Aliphatic Unsaturated",637563,"Ethers;Hydrocarbons, Aliphatic Unsaturated",MATCH
104-49-4,"1,4-PHENYLENE DIISOCYANATE",Isocyanates and Isothiocyanates,61009,Isocyanates and Isothiocyanates,MATCH
104-72-3,N-DECYLBENZENE,"Hydrocarbons, Aromatic",7716,"Hydrocarbons, Aromatic",MATCH
104-75-6,2-ETHYLHEXYLAMINE,"Amines, Phosphines, and Pyridines",7719,"Amines, Phosphines, and Pyridines",MATCH
104-85-8,P-TOLUNITRILE,Nitriles,7724,Nitriles,MATCH
104-88-1,4-CHLOROBENZALDEHYDE,"Aldehydes;Aryl Halides;Hydrocarbons, Aromatic",7726,"Aldehydes;Aryl Halides;Hydrocarbons, Aromatic",MATCH
104-94-9,P-ANISIDINE,"Amines, Aromatic;Ethers",7732,"Amines, Aromatic;Ethers",MATCH
10421-48-4,FERRIC NITRATE,"Nitrate and Nitrite Compounds, Inorganic",25251,"Nitrate and Nitrite Compounds, Inorganic",MATCH
10431-47-7,POTASSIUM SELENITE,Sulfite and Thiosulfate Salts,23677934,Sulfite and Thiosulfate Salts,MATCH
10453-86-8,RESMETHRIN,"Esters, Sulfate Esters, Phosphate Esters, Thiophosphate Esters, and Borate Esters;Ethers;Hydrocarbons, Aliphatic Unsaturated",5053,"Esters, Sulfate Esters, Phosphate Esters, Thiophosphate Esters, and Borate Esters;Ethers;Hydrocarbons, Aliphatic Unsaturated",MATCH
105-11-3,P-QUINONE DIOXIME,"Alcohols and Polyols;Amines, Phosphines, and Pyridines;Hydrocarbons, Aliphatic Unsaturated",7737,"Alcohols and Polyols;Amines, Phosphines, and Pyridines;Hydrocarbons, Aliphatic Unsaturated",MATCH
105-16-8,"DIETHYLAMINOETHYLMETHACRYLATE, [LIQUID]","Acrylates and Acrylic Acids;Amines, Phosphines, and Pyridines;Polymerizable Compounds",61012,"Acrylates and Acrylic Acids;Amines, Phosphines, and Pyridines;Polymerizable Compounds",MATCH
105-40-8,"N-METHYLCARBAMIC ACID, ETHYL ESTER",Carbamates,7752,Carbamates,MATCH
105-48-6,ISOPROPYL CHLOROACETATE,"Esters, Sulfate Esters, Phosphate Esters, Thiophosphate Esters, and Borate Esters;Halogenated Organic Compounds",7759,"Esters, Sulfate Esters, Phosphate Esters, Thiophosphate Esters, and Borate Esters;Halogenated Organic Compounds",MATCH
105-55-5,"N,N&#39;-DIETHYLTHIOUREA",Amides and Imides,2735009,Amides and Imides,MATCH
105-56-6,ETHYL CYANOACETATE,"Esters, Sulfate Esters, Phosphate Esters, Thiophosphate Esters, and Borate Esters;Nitriles",7764,"Esters, Sulfate Esters, Phosphate Esters, Thiophosphate Esters, and Borate Esters;Nitriles",MATCH
105-59-9,METHYLDIETHANOLAMINE,"Alcohols and Polyols;Amines, Phosphines, and Pyridines",7767,"Alcohols and Polyols;Amines, Phosphines, and Pyridines",MATCH
105-60-2,CAPROLACTAM,Amides and Imides;Polymerizable Compounds,7768,Amides and Imides;Polymerizable Compounds,MATCH
105-64-6,DIISOPROPYL PEROXYDICARBONATE,"Peroxides, Organic",7769,"Peroxides, Organic",MATCH
105-74-8,LAUROYL PEROXIDE,"Peroxides, Organic",7773,"Peroxides, Organic",MATCH
105-79-3,ISOBUTYL CAPROATE,"Esters, Sulfate Esters, Phosphate Esters, Thiophosphate Esters, and Borate Esters",7775,"Esters, Sulfate Esters, Phosphate Esters, Thiophosphate Esters, and Borate Esters",MATCH
105-87-3,GERANYL ACETATE,"Esters, Sulfate Esters, Phosphate Esters, Thiophosphate Esters, and Borate Esters;Hydrocarbons, Aliphatic Unsaturated",1549026,"Esters, Sulfate Esters, Phosphate Esters, Thiophosphate Esters, and Borate Esters;Hydrocarbons, Aliphatic Unsaturated",MATCH
10544-63-5,ETHYL CROTONATE,"Esters, Sulfate Esters, Phosphate Esters, Thiophosphate Esters, and Borate Esters;Hydrocarbons, Aliphatic Unsaturated",12191,"Esters, Sulfate Esters, Phosphate Esters, Thiophosphate Esters, and Borate Esters;Hydrocarbons, Aliphatic Unsaturated",MATCH
106-20-7,"2,2&#39;-DIETHYLHEXYLAMINE","Amines, Phosphines, and Pyridines",7791,"Amines, Phosphines, and Pyridines",MATCH
106-24-1,GERANIOL,"Alcohols and Polyols;Hydrocarbons, Aliphatic Unsaturated",637566,"Alcohols and Polyols;Hydrocarbons, Aliphatic Unsaturated",MATCH
106-31-0,BUTYRIC ANHYDRIDE,Anhydrides,7798,Anhydrides,MATCH
106-38-7,P-BROMOTOLUENE,Aryl Halides,7805,Aryl Halides,MATCH
106-40-1,P-BROMOANILINE,"Amines, Aromatic;Aryl Halides",7807,"Amines, Aromatic;Aryl Halides",MATCH
106-47-8,P-CHLOROANILINE,"Amines, Aromatic;Aryl Halides",7812,"Amines, Aromatic;Aryl Halides",MATCH
106-48-9,P-CHLOROPHENOL,Aryl Halides;Phenols and Cresols,4684,Aryl Halides;Phenols and Cresols,MATCH
106-49-0,P-TOLUIDINE,"Amines, Aromatic",7813,"Amines, Aromatic",MATCH
106-50-3,P-PHENYLENEDIAMINE,"Amines, Aromatic",7814,"Amines, Aromatic",MATCH
106-51-4,BENZOQUINONE,Ketones,4650,Ketones,MATCH
106-70-7,METHYL CAPROATE,"Esters, Sulfate Esters, Phosphate Esters, Thiophosphate Esters, and Borate Esters",7824,"Esters, Sulfate Esters, Phosphate Esters, Thiophosphate Esters, and Borate Esters",MATCH
106-87-6,1-VINYL-3-CYCLOHEXENE DIOXIDE,Epoxides;Polymerizable Compounds,7833,Epoxides;Polymerizable Compounds,MATCH
106-90-1,GLYCIDYL ACRYLATE,Acrylates and Acrylic Acids;Epoxides;Polymerizable Compounds,7836,Acrylates and Acrylic Acids;Epoxides;Polymerizable Compounds,MATCH
106-91-2,GLYCIDYL METHACRYLATE,Acrylates and Acrylic Acids;Epoxides;Polymerizable Compounds,7837,Acrylates and Acrylic Acids;Epoxides;Polymerizable Compounds,MATCH
10605-21-7,CARBENDAZIM,"Amines, Phosphines, and Pyridines;Carbamates",25429,"Amines, Phosphines, and Pyridines;Carbamates",MATCH
1064-48-8,C.I. ACID BLACK 1,"Azo, Diazo, Azido, Hydrazine, and Azide Compounds;Nitro, Nitroso, Nitrate, and Nitrite Compounds, Organic;Salts, Basic",135442942,"Azo, Diazo, Azido, Hydrazine, and Azide Compounds;Nitro, Nitroso, Nitrate, and Nitrite Compounds, Organic;Salts, Basic",MATCH
1066-30-4,CHROMIC ACETATE,"Salts, Basic",14012,"Salts, Basic",MATCH
1066-33-7,AMMONIUM BICARBONATE,"Carbonate Salts;Salts, Basic",14013,"Carbonate Salts;Salts, Basic",MATCH
1066-45-1,TRIMETHYLTIN CHLORIDE,"Organometallics;Salts, Acidic",14016,"Organometallics;Salts, Acidic",MATCH
1067-14-7,TRIETHYL LEAD CHLORIDE,Organometallics,14019,Organometallics,MATCH
1067-33-0,DIBUTYLTIN DIACETATE,"Organometallics;Salts, Basic",16682740,"Organometallics;Salts, Basic",MATCH
1068-27-5,"2,5-DIMETHYL-2,5-BIS(TERT-BUTYLPEROXY)-3-HEXYNE","Alkynes, with No Acetylenic Hydrogen;Hydrocarbons, Aliphatic Unsaturated;Peroxides, Organic",14037,"Alkynes, with No Acetylenic Hydrogen;Hydrocarbons, Aliphatic Unsaturated;Peroxides, Organic",MATCH
107-04-0,1-CHLORO-2-BROMOETHANE,Halogenated Organic Compounds,7849,Halogenated Organic Compounds,MATCH
107-20-0,2-CHLOROETHANAL,Aldehydes;Halogenated Organic Compounds;Polymerizable Compounds,33,Aldehydes;Halogenated Organic Compounds;Polymerizable Compounds,MATCH
107-21-1,ETHYLENE GLYCOL,Alcohols and Polyols,174,Alcohols and Polyols,MATCH
107-27-7,ETHYL MERCURY CHLORIDE,Organometallics,7862,Organometallics,MATCH
107-29-9,ACETALDEHYDE OXIME,Oximes,7863,Oximes,MATCH
107-35-7,L-TAURINE,"Acids, Weak;Amines, Phosphines, and Pyridines",1123,"Acids, Weak;Amines, Phosphines, and Pyridines",MATCH
107-41-5,HEXYLENE GLYCOL,Alcohols and Polyols,7870,Alcohols and Polyols,MATCH
107-49-3,TETRAETHYL PYROPHOSPHATE,"Anhydrides;Esters, Sulfate Esters, Phosphate Esters, Thiophosphate Esters, and Borate Esters",7873,"Anhydrides;Esters, Sulfate Esters, Phosphate Esters, Thiophosphate Esters, and Borate Esters",MATCH
107-68-6,N-METHYLTAURINE,"Acids, Weak;Amines, Phosphines, and Pyridines",7882,"Acids, Weak;Amines, Phosphines, and Pyridines",MATCH
107-70-0,4-METHOXY-4-METHYLPENTAN-2-ONE,Ethers;Ketones,7884,Ethers;Ketones,MATCH
107-71-1,TERT-BUTYL PEROXYACETATE,"Peroxides, Organic",61019,"Peroxides, Organic",MATCH
107-81-3,2-BROMOPENTANE,Halogenated Organic Compounds,7890,Halogenated Organic Compounds,MATCH
107-94-8,3-CHLOROPROPIONIC ACID,"Acids, Carboxylic;Halogenated Organic Compounds",7899,"Acids, Carboxylic;Halogenated Organic Compounds",MATCH
107-97-1,SARCOSINE,"Acids, Carboxylic;Amides and Imides",1088,"Acids, Carboxylic;Amides and Imides",MATCH
1071-83-6,GLYPHOSATE,"Acids, Carboxylic;Amines, Phosphines, and Pyridines;Sulfonates, Phosphonates, and Thiophosphonates, Organic",3496,"Acids, Carboxylic;Amines, Phosphines, and Pyridines;Sulfonates, Phosphonates, and Thiophosphonates, Organic",MATCH
1072-52-2,1-AZIRIDINE ETHANOL,"Alcohols and Polyols;Amines, Phosphines, and Pyridines;Epoxides",14074,"Alcohols and Polyols;Amines, Phosphines, and Pyridines;Epoxides",MATCH
108-02-1,"2-(N,N-DIMETHYLAMINO)ETHANETHIOL","Amines, Phosphines, and Pyridines;Sulfides, Organic",25799,"Amines, Phosphines, and Pyridines;Sulfides, Organic",MATCH
108-09-8,"1,3-DIMETHYLBUTYLAMINE","Amines, Phosphines, and Pyridines",7908,"Amines, Phosphines, and Pyridines",MATCH
108-24-7,ACETIC ANHYDRIDE,Anhydrides,7918,Anhydrides,MATCH
108-29-2,GAMMA-VALEROLACTONE,"Esters, Sulfate Esters, Phosphate Esters, Thiophosphate Esters, and Borate Esters",7921,"Esters, Sulfate Esters, Phosphate Esters, Thiophosphate Esters, and Borate Esters",MATCH
108-30-5,SUCCINIC ANHYDRIDE,Anhydrides,7922,Anhydrides,MATCH
108-31-6,MALEIC ANHYDRIDE,"Anhydrides;Hydrocarbons, Aliphatic Unsaturated",7923,"Anhydrides;Hydrocarbons, Aliphatic Unsaturated",MATCH
108-42-9,M-CHLOROANILINE,"Amines, Aromatic;Aryl Halides",7932,"Amines, Aromatic;Aryl Halides",MATCH
108-45-2,"1,3-PHENYLENEDIAMINE","Amines, Aromatic",7935,"Amines, Aromatic",MATCH
108-46-3,RESORCINOL,Phenols and Cresols,5054,Phenols and Cresols,MATCH
108-60-1,BIS(2-CHLORO-1-METHYLETHYL)ETHER,Ethers;Halogenated Organic Compounds,7944,Ethers;Halogenated Organic Compounds,MATCH
108-68-9,"3,5-DIMETHYLPHENOL",Phenols and Cresols,7948,Phenols and Cresols,MATCH
108-69-0,"3,5-XYLIDINE","Amines, Aromatic",7949,"Amines, Aromatic",MATCH
108-70-3,"1,3,5-TRICHLOROBENZENE",Aryl Halides,7950,Aryl Halides,MATCH
108-78-1,MELAMINE,"Amines, Phosphines, and Pyridines",7955,"Amines, Phosphines, and Pyridines",MATCH
108-80-5,CYANURIC ACID,Amides and Imides,7956,Amides and Imides,MATCH
108-82-7,DIISOBUTYLCARBINOL,Alcohols and Polyols,7957,Alcohols and Polyols,MATCH
108-88-3,TOLUENE,"Hydrocarbons, Aromatic",1140,"Hydrocarbons, Aromatic",MATCH
108-95-2,"PHENOL SOLUTION, [AQUEOUS]","Acids, Weak;Phenols and Cresols;Water and Aqueous Solutions",996,"Acids, Weak;Phenols and Cresols;Water and Aqueous Solutions",MATCH
108171-26-2,CHLOROWAX 500C,Halogenated Organic Compounds,22833489,Halogenated Organic Compounds,MATCH
109-09-1,2-CHLOROPYRIDINE,"Amines, Phosphines, and Pyridines;Aryl Halides",7977,"Amines, Phosphines, and Pyridines;Aryl Halides",MATCH
109-13-7,"TERT-BUTYL PEROXYISOBUTYRATE, [&gt; 52% BUT &lt;= 77% IN BENZENE SOLUTION]","Peroxides, Organic",61023,"Peroxides, Organic",MATCH
109-27-3,TETRAZENE,"Azo, Diazo, Azido, Hydrazine, and Azide Compounds",5362443,"Amines, Phosphines, and Pyridines;Azo, Diazo, Azido, Hydrazine, and Azide Compounds;Nitro, Nitroso, Nitrate, and Nitrite Compounds, Organic",MATCH
109-52-4,PENTANOIC ACID,"Acids, Carboxylic",7991,"Acids, Carboxylic",MATCH
109-53-5,VINYL ISOBUTYL ETHER,"Ethers;Hydrocarbons, Aliphatic Unsaturated;Polymerizable Compounds",7992,"Ethers;Hydrocarbons, Aliphatic Unsaturated;Polymerizable Compounds",MATCH
109-56-8,ISOPROPYLAMINOETHANOL,"Alcohols and Polyols;Amines, Phosphines, and Pyridines",7994,"Alcohols and Polyols;Amines, Phosphines, and Pyridines",MATCH
109-57-9,ALLYLTHIOUREA,"Amides and Imides;Hydrocarbons, Aliphatic Unsaturated",1549517,"Amides and Imides;Hydrocarbons, Aliphatic Unsaturated",MATCH
109-59-1,ETHYLENE GLYCOL ISOPROPYL ETHER,Alcohols and Polyols;Ethers,7996,Alcohols and Polyols;Ethers,MATCH
109-70-6,1-BROMO-3-CHLOROPROPANE,Halogenated Organic Compounds,8006,Halogenated Organic Compounds,MATCH
109-78-4,ETHYLENE CYANOHYDRIN,Alcohols and Polyols;Nitriles,8011,Alcohols and Polyols;Nitriles,MATCH
109-80-8,"1,3-DIMERCAPTOPROPANE","Sulfides, Organic",8013,"Sulfides, Organic",MATCH
110-13-4,"2,5-HEXANEDIONE",Ketones,8035,Ketones,MATCH
110-15-6,SUCCINIC ACID,"Acids, Carboxylic",1110,"Acids, Carboxylic",MATCH
110-16-7,MALEIC ACID,"Acids, Carboxylic;Conjugated Dienes;Hydrocarbons, Aliphatic Unsaturated",444266,"Acids, Carboxylic;Conjugated Dienes;Hydrocarbons, Aliphatic Unsaturated",MATCH
110-17-8,FUMARIC ACID,"Acids, Carboxylic;Hydrocarbons, Aliphatic Unsaturated",444972,"Acids, Carboxylic;Hydrocarbons, Aliphatic Unsaturated",MATCH
110-21-4,BIUREA,"Amides and Imides;Amines, Phosphines, and Pyridines",8039,"Amides and Imides;Amines, Phosphines, and Pyridines",MATCH
110-22-5,"ACETYL PEROXIDE SOLUTION, [&lt;= 25% PEROXIDE]","Peroxides, Organic;Water and Aqueous Solutions",8040,"Peroxides, Organic;Water and Aqueous Solutions",MATCH
110-26-9,"N,N&#39;-METHYLENEBISACRYLAMIDE","Amides and Imides;Hydrocarbons, Aliphatic Unsaturated",8041,"Amides and Imides;Hydrocarbons, Aliphatic Unsaturated",MATCH
110-33-8,DI-N-HEXYL ADIPATE,"Esters, Sulfate Esters, Phosphate Esters, Thiophosphate Esters, and Borate Esters",8046,"Esters, Sulfate Esters, Phosphate Esters, Thiophosphate Esters, and Borate Esters",MATCH
110-44-1,SORBIC ACID,"Acids, Carboxylic;Conjugated Dienes;Hydrocarbons, Aliphatic Unsaturated",643460,"Acids, Carboxylic;Conjugated Dienes;Hydrocarbons, Aliphatic Unsaturated",MATCH
110-54-3,HEXANE,"Hydrocarbons, Aliphatic Saturated",8058,"Hydrocarbons, Aliphatic Saturated",MATCH
110-61-2,SUCCINONITRILE,Nitriles,8062,Nitriles,MATCH
110-63-4,"1,4-BUTANEDIOL",Alcohols and Polyols,8064,Alcohols and Polyols,MATCH
110-69-0,BUTYRALDOXIME,Oximes,8069,Oximes,MATCH
110-73-6,"ETHYLAMINOETHANOL, [COMBUSTIBLE LIQUID LABEL]","Alcohols and Polyols;Amines, Phosphines, and Pyridines",8072,"Alcohols and Polyols;Amines, Phosphines, and Pyridines",MATCH
110-75-8,2-CHLOROETHYL VINYL ETHER,"Ethers;Halogenated Organic Compounds;Hydrocarbons, Aliphatic Unsaturated;Polymerizable Compounds",8074,"Ethers;Halogenated Organic Compounds;Hydrocarbons, Aliphatic Unsaturated;Polymerizable Compounds",MATCH
110-78-1,N-PROPYL ISOCYANATE,Isocyanates and Isothiocyanates,61033,Isocyanates and Isothiocyanates,MATCH
110-85-0,"N,N-DIETHYLETHYLENEDIAMINE","Amines, Phosphines, and Pyridines",4837,"Amines, Phosphines, and Pyridines",MATCH
110-88-3,"1,3,5-TRIOXANE",Ethers,8081,Ethers,MATCH
110-94-1,GLUTARIC ACID,"Acids, Carboxylic",743,"Acids, Carboxylic",MATCH
110-97-4,DIISOPROPANOLAMINE,"Alcohols and Polyols;Amines, Phosphines, and Pyridines",8086,"Alcohols and Polyols;Amines, Phosphines, and Pyridines",MATCH
11024-24-1,DIGITONIN,Alcohols and Polyols,6474107,Alcohols and Polyols,MATCH
11041-12-6,CHOLESTYRAMINE,"Amines, Phosphines, and Pyridines",,,ERROR
11056-06-7,BLEOMYCIN,"Alcohols and Polyols;Amides and Imides;Amines, Phosphines, and Pyridines;Sulfides, Organic",5360373,"Alcohols and Polyols;Amides and Imides;Amines, Phosphines, and Pyridines;Sulfides, Organic",MATCH
11071-47-9,ISOOCTENE,"Hydrocarbons, Aliphatic Unsaturated",21122,"Hydrocarbons, Aliphatic Unsaturated",MATCH
11084-85-8,CHLORINATED TRISODIUM PHOSPHATE,"Oxidizing Agents, Strong;Salts, Basic",61532,"Oxidizing Agents, Strong;Salts, Basic",MATCH
11096-82-5,PCB-1260,Aryl Halides,38018,Aryl Halides,MATCH
11099-03-9,C.I. SOLVENT BLACK 5,Insufficient Information for Classification,19828004,Insufficient Information for Classification,MATCH
111-02-4,TRANS-SQUALENE,"Hydrocarbons, Aliphatic Unsaturated",638072,"Hydrocarbons, Aliphatic Unsaturated",MATCH
111-11-5,METHYL OCTANOATE,"Esters, Sulfate Esters, Phosphate Esters, Thiophosphate Esters, and Borate Esters",8091,"Esters, Sulfate Esters, Phosphate Esters, Thiophosphate Esters, and Borate Esters",MATCH
111-14-8,HEPTANOIC ACID,"Acids, Carboxylic",8094,"Acids, Carboxylic",MATCH
111-20-6,SEBACIC ACID,"Acids, Carboxylic",5192,"Acids, Carboxylic",MATCH
111-21-7,TRIETHYLENE GLYCOL DIACETATE,"Esters, Sulfate Esters, Phosphate Esters, Thiophosphate Esters, and Borate Esters;Ethers;Polymerizable Compounds",8098,"Esters, Sulfate Esters, Phosphate Esters, Thiophosphate Esters, and Borate Esters;Ethers;Polymerizable Compounds",MATCH
111-35-3,3-ETHOXY-1-PROPANOL,Alcohols and Polyols;Ethers,8109,Alcohols and Polyols;Ethers,MATCH
111-41-1,AMINOETHYLETHANOLAMINE,"Alcohols and Polyols;Amines, Phosphines, and Pyridines",8112,"Alcohols and Polyols;Amines, Phosphines, and Pyridines",MATCH
111-42-2,DIETHANOLAMINE,"Alcohols and Polyols;Amines, Phosphines, and Pyridines",8113,"Alcohols and Polyols;Amines, Phosphines, and Pyridines",MATCH
111-46-6,DIETHYLENE GLYCOL,Alcohols and Polyols;Ethers,8117,Alcohols and Polyols;Ethers,MATCH
111-48-8,THIODIGLYCOL,"Alcohols and Polyols;Sulfides, Organic",5447,"Alcohols and Polyols;Sulfides, Organic",MATCH
111-54-6,"ETHYLENEBISDITHIOCARBAMIC ACID, SALTS AND ESTERS","Acids, Weak;Thiocarbamate Esters and Salts/Dithiocarbamate Esters and Salts",3000605,"Acids, Weak;Thiocarbamate Esters and Salts/Dithiocarbamate Esters and Salts",MATCH
111-55-7,ETHYLENE GLYCOL DIACETATE,"Esters, Sulfate Esters, Phosphate Esters, Thiophosphate Esters, and Borate Esters",8121,"Esters, Sulfate Esters, Phosphate Esters, Thiophosphate Esters, and Borate Esters",MATCH
111-69-3,ADIPONITRILE,Nitriles,8128,Nitriles,MATCH
111-70-6,HEPTANOL,Alcohols and Polyols,8129,Alcohols and Polyols,MATCH
111-90-0,DIETHYLENE GLYCOL MONOETHYL ETHER,Alcohols and Polyols;Ethers,8146,Alcohols and Polyols;Ethers,MATCH
111-94-4,"3,3&#39;-IMINODIPROPIONITRILE","Amines, Phosphines, and Pyridines;Nitriles;Polymerizable Compounds",8149,"Amines, Phosphines, and Pyridines;Nitriles;Polymerizable Compounds",MATCH
11100-14-4,PCB-1268,Aryl Halides,,,ERROR
11103-57-4,VITAMIN A,"Alcohols and Polyols;Conjugated Dienes;Hydrocarbons, Aliphatic Unsaturated",445354,"Alcohols and Polyols;Conjugated Dienes;Hydrocarbons, Aliphatic Unsaturated",MATCH
11104-28-2,PCB-1221,Aryl Halides,16322,Aryl Halides,MATCH
11106-54-0,4-METHOXYBENZYLIDINE-4&#39;-N-BUTYLAZOXYBENZENE,"Amines, Phosphines, and Pyridines;Azo, Diazo, Azido, Hydrazine, and Azide Compounds;Hydrocarbons, Aromatic",82771,"Amines, Phosphines, and Pyridines;Azo, Diazo, Azido, Hydrazine, and Azide Compounds;Hydrocarbons, Aromatic",MATCH
1111-78-0,AMMONIUM CARBAMATE,"Carbamates;Salts, Acidic",517232,"Carbamates;Salts, Acidic",MATCH
11138-49-1,"SODIUM ALUMINATE, SOLUTION","Bases, Strong;Water and Aqueous Solutions",14766,"Bases, Strong;Water and Aqueous Solutions",MATCH
1114-71-2,PEBULATE,Thiocarbamate Esters and Salts/Dithiocarbamate Esters and Salts,14215,Thiocarbamate Esters and Salts/Dithiocarbamate Esters and Salts,MATCH
11141-16-5,PCB-1232,Aryl Halides,249266,Aryl Halides,MATCH
111512-56-2,"1,1-DICHLORO-1,2,3,3,3-PENTAFLUOROPROPANE",Fluorinated Organic Compounds,62310,Fluorinated Organic Compounds,MATCH
1116-40-1,TRIISOBUTYLAMINE,"Amines, Phosphines, and Pyridines",14222,"Amines, Phosphines, and Pyridines",MATCH
1116-54-7,N-NITROSODIETHANOLAMINE,"Alcohols and Polyols;Azo, Diazo, Azido, Hydrazine, and Azide Compounds;Nitro, Nitroso, Nitrate, and Nitrite Compounds, Organic",14223,"Alcohols and Polyols;Azo, Diazo, Azido, Hydrazine, and Azide Compounds;Nitro, Nitroso, Nitrate, and Nitrite Compounds, Organic",MATCH
1116-70-7,TRI-N-BUTYLALUMINUM,"Metal Hydrides, Metal Alkyls, Metal Aryls, and Silanes",16682950,"Metal Hydrides, Metal Alkyls, Metal Aryls, and Silanes",MATCH
1119-40-0,DIMETHYL GLUTARATE,"Esters, Sulfate Esters, Phosphate Esters, Thiophosphate Esters, and Borate Esters",14242,"Esters, Sulfate Esters, Phosphate Esters, Thiophosphate Esters, and Borate Esters",MATCH
111984-09-9,"3,3&#39;-DIMETHOXYBENZIDINE HYDROCHLORIDE","Ethers;Salts, Acidic",12309823,"Ethers;Salts, Acidic",MATCH
112-02-7,HEXADECYLTRIMETHYLAMMONIUM CHLORIDE,Non-Redox-Active Inorganic Compounds;Quaternary Ammonium and Phosphonium Salts,8154,Non-Redox-Active Inorganic Compounds;Quaternary Ammonium and Phosphonium Salts,MATCH
112-15-2,DIETHYLENE GLYCOL ETHYL ETHER ACETATE,"Esters, Sulfate Esters, Phosphate Esters, Thiophosphate Esters, and Borate Esters;Ethers",8165,"Esters, Sulfate Esters, Phosphate Esters, Thiophosphate Esters, and Borate Esters;Ethers",MATCH
112-18-5,"N,N-DIMETHYLDODECYLAMINE","Amines, Phosphines, and Pyridines",8168,"Amines, Phosphines, and Pyridines",MATCH
112-24-3,TRIETHYLENETETRAMINE,"Amines, Phosphines, and Pyridines",5565,"Amines, Phosphines, and Pyridines",MATCH
112-27-6,TRIETHYLENE GLYCOL,Alcohols and Polyols;Ethers,8172,Alcohols and Polyols;Ethers,MATCH
112-30-1,DECYL ALCOHOL,Alcohols and Polyols,8174,Alcohols and Polyols,MATCH
112-31-2,DECALDEHYDE,Aldehydes,8175,Aldehydes,MATCH
112-34-5,DIETHYLENE GLYCOL MONOBUTYL ETHER,Alcohols and Polyols;Ethers,8177,Alcohols and Polyols;Ethers,MATCH
112-35-6,TRIETHYLENE GLYCOL METHYL ETHER,Alcohols and Polyols;Ethers,8178,Alcohols and Polyols;Ethers,MATCH
112-37-8,UNDECANOIC ACID,"Acids, Carboxylic",8180,"Acids, Carboxylic",MATCH
112-41-4,1-DODECENE,"Hydrocarbons, Aliphatic Unsaturated",8183,"Hydrocarbons, Aliphatic Unsaturated",MATCH
112-48-1,ETHYLENE GLYCOL DIBUTYL ETHER,Ethers,8188,Ethers,MATCH
112-50-5,ETHOXY TRIGLYCOL,Alcohols and Polyols;Ethers,8190,Alcohols and Polyols;Ethers,MATCH
112-52-7,LAURYL CHLORIDE,Halogenated Organic Compounds,8192,Halogenated Organic Compounds,MATCH
112-53-8,DODECANOL,Alcohols and Polyols,8193,Alcohols and Polyols,MATCH
112-56-1,2-(2-BUTOXYETHOXY)ETHYL THIOCYANATE,Ethers;Isocyanates and Isothiocyanates,8196,Ethers;Isocyanates and Isothiocyanates,MATCH
112-57-2,TETRAETHYLENEPENTAMINE,"Amines, Phosphines, and Pyridines",8197,"Amines, Phosphines, and Pyridines",MATCH
112-59-4,DIETHYLENE GLYCOL N-HEXYL ETHER,Ethers,8199,Ethers,MATCH
112-60-7,TETRAETHYLENE GLYCOL,Alcohols and Polyols;Ethers,8200,Alcohols and Polyols;Ethers,MATCH
112-61-8,METHYL STEARATE,"Esters, Sulfate Esters, Phosphate Esters, Thiophosphate Esters, and Borate Esters",8201,"Esters, Sulfate Esters, Phosphate Esters, Thiophosphate Esters, and Borate Esters",MATCH
112-62-9,OLEIC ACID METHYL ESTER,"Esters, Sulfate Esters, Phosphate Esters, Thiophosphate Esters, and Borate Esters;Hydrocarbons, Aliphatic Unsaturated",5364509,"Esters, Sulfate Esters, Phosphate Esters, Thiophosphate Esters, and Borate Esters;Hydrocarbons, Aliphatic Unsaturated",MATCH
112-67-4,HEXADECANOYL CHLORIDE,"Acyl Halides, Sulfonyl Halides, and Chloroformates",8206,"Acyl Halides, Sulfonyl Halides, and Chloroformates",MATCH
112-69-6,DIMETHYL HEXADECANAMINE,"Amines, Phosphines, and Pyridines",16221,"Amines, Phosphines, and Pyridines",MATCH
112-72-1,TETRADECANOL,Alcohols and Polyols,8209,Alcohols and Polyols,MATCH
112-73-2,DIETHYLENE GLYCOL DIBUTYL ETHER,Ethers,8210,Ethers,MATCH
112-75-4,DIMETHYLTETRADECANAMINE,"Amines, Phosphines, and Pyridines",8211,"Amines, Phosphines, and Pyridines",MATCH
112-80-1,OLEIC ACID,"Acids, Carboxylic;Hydrocarbons, Aliphatic Unsaturated",445639,"Acids, Carboxylic;Hydrocarbons, Aliphatic Unsaturated",MATCH
112-95-8,N-EICOSANE,"Hydrocarbons, Aliphatic Saturated",8222,"Hydrocarbons, Aliphatic Saturated",MATCH
1120-01-0,"HEXADECYL SULFATE, [SODIUM SALT]","Salts, Basic",23695542,"Salts, Basic",MATCH
1120-36-1,1-TETRADECENE,"Hydrocarbons, Aliphatic Unsaturated",14260,"Hydrocarbons, Aliphatic Unsaturated",MATCH
1120-71-4,PROPANE SULTONE,"Acids, Strong Oxidizing;Sulfonates, Phosphonates, and Thiophosphonates, Organic",14264,"Acids, Strong Oxidizing;Sulfonates, Phosphonates, and Thiophosphonates, Organic",MATCH
1122-54-9,4-ACETYLPYRIDINE,"Amines, Phosphines, and Pyridines;Ketones",14282,"Amines, Phosphines, and Pyridines;Ketones",MATCH
1124-33-0,"PYRIDINE, 4-NITRO-, 1-OXIDE","Amines, Phosphines, and Pyridines;Nitro, Nitroso, Nitrate, and Nitrite Compounds, Organic;Oxidizing Agents, Weak",14300,"Amines, Phosphines, and Pyridines;Nitro, Nitroso, Nitrate, and Nitrite Compounds, Organic;Oxidizing Agents, Weak",MATCH
1125-27-5,ETHYLPHENYLDICHLOROSILANE,Chlorosilanes,14304,Chlorosilanes,MATCH
1126-78-9,N-BUTYLANILINE,"Amines, Aromatic",14310,"Amines, Aromatic",MATCH
1129-41-5,METOLCARB,Carbamates,14322,Carbamates,MATCH
113-92-8,CHLORPHENIRAMINE MALEATE,"Aryl Halides;Hydrocarbons, Aliphatic Unsaturated;Salts, Acidic",5281068,"Aryl Halides;Hydrocarbons, Aliphatic Unsaturated;Salts, Acidic",MATCH
1134-23-2,CYCLOATE,Thiocarbamate Esters and Salts/Dithiocarbamate Esters and Salts,14337,Thiocarbamate Esters and Salts/Dithiocarbamate Esters and Salts,MATCH
1134-47-0,BACLOFEN,"Acids, Carboxylic;Amines, Phosphines, and Pyridines;Aryl Halides;Halogenated Organic Compounds",2284,"Acids, Carboxylic;Amines, Phosphines, and Pyridines;Aryl Halides;Halogenated Organic Compounds",MATCH
114-26-1,PROPOXUR,Carbamates;Ethers,4944,Carbamates;Ethers,MATCH
114-49-8,SCOPOLAMINE HYDROBROMIDE,"Alcohols and Polyols;Epoxides;Esters, Sulfate Esters, Phosphate Esters, Thiophosphate Esters, and Borate Esters;Hydrocarbons, Aromatic;Salts, Acidic",6603108,"Alcohols and Polyols;Epoxides;Esters, Sulfate Esters, Phosphate Esters, Thiophosphate Esters, and Borate Esters;Hydrocarbons, Aromatic;Salts, Acidic",MATCH
114-83-0,1-ACETYL-2-PHENYLHYDRAZIDE,"Amides and Imides;Amines, Phosphines, and Pyridines;Azo, Diazo, Azido, Hydrazine, and Azide Compounds",8247,"Amides and Imides;Amines, Phosphines, and Pyridines;Azo, Diazo, Azido, Hydrazine, and Azide Compounds",MATCH
1143-38-0,ANTHRALIN,Ketones;Phenols and Cresols,2202,Ketones;Phenols and Cresols,MATCH
115-02-6,AZASERINE,"Acids, Carboxylic;Amines, Phosphines, and Pyridines;Azo, Diazo, Azido, Hydrazine, and Azide Compounds;Esters, Sulfate Esters, Phosphate Esters, Thiophosphate Esters, and Borate Esters",460129,"Acids, Carboxylic;Amines, Phosphines, and Pyridines;Azo, Diazo, Azido, Hydrazine, and Azide Compounds;Esters, Sulfate Esters, Phosphate Esters, Thiophosphate Esters, and Borate Esters",MATCH
115-09-3,METHYL MERCURY(II)CHLORIDE,Organometallics,409301,Organometallics,MATCH
115-18-4,METHYL BUTENOL,"Alcohols and Polyols;Hydrocarbons, Aliphatic Unsaturated",8257,"Alcohols and Polyols;Hydrocarbons, Aliphatic Unsaturated",MATCH
115-19-5,2-METHYL-2-HYDROXY-3-BUTYNE,"Alcohols and Polyols;Alkynes, with Acetylenic Hydrogen",8258,"Alcohols and Polyols;Alkynes, with Acetylenic Hydrogen",MATCH
115-26-4,DIMEFOX,"Amines, Phosphines, and Pyridines;Sulfonates, Phosphonates, and Thiophosphonates, Organic",8264,"Amines, Phosphines, and Pyridines;Sulfonates, Phosphonates, and Thiophosphonates, Organic",MATCH
115-28-6,CHLORENDIC ACID,"Acids, Carboxylic;Halogenated Organic Compounds;Hydrocarbons, Aliphatic Unsaturated",8266,"Acids, Carboxylic;Halogenated Organic Compounds;Hydrocarbons, Aliphatic Unsaturated",MATCH
115-29-7,ENDOSULFAN,"Esters, Sulfate Esters, Phosphate Esters, Thiophosphate Esters, and Borate Esters;Halogenated Organic Compounds;Hydrocarbons, Aliphatic Unsaturated",3224,"Esters, Sulfate Esters, Phosphate Esters, Thiophosphate Esters, and Borate Esters;Halogenated Organic Compounds;Hydrocarbons, Aliphatic Unsaturated",MATCH
115-32-2,DICOFOL,Alcohols and Polyols;Aryl Halides;Halogenated Organic Compounds,8268,Alcohols and Polyols;Aryl Halides;Halogenated Organic Compounds,MATCH
115-77-5,PENTAERYTHRITOL,Alcohols and Polyols,8285,Alcohols and Polyols,MATCH
115-86-6,TRIPHENYL PHOSPHATE,"Esters, Sulfate Esters, Phosphate Esters, Thiophosphate Esters, and Borate Esters;Hydrocarbons, Aromatic",8289,"Esters, Sulfate Esters, Phosphate Esters, Thiophosphate Esters, and Borate Esters;Hydrocarbons, Aromatic",MATCH
115-90-2,FENSULFOTHION,"Esters, Sulfate Esters, Phosphate Esters, Thiophosphate Esters, and Borate Esters;Sulfonates, Phosphonates, and Thiophosphonates, Organic",8292,"Esters, Sulfate Esters, Phosphate Esters, Thiophosphate Esters, and Borate Esters;Sulfonates, Phosphonates, and Thiophosphonates, Organic",MATCH
115-96-8,TRIS(2-CHLOROETHYL) PHOSPHATE,"Esters, Sulfate Esters, Phosphate Esters, Thiophosphate Esters, and Borate Esters;Halogenated Organic Compounds",8295,"Esters, Sulfate Esters, Phosphate Esters, Thiophosphate Esters, and Borate Esters;Halogenated Organic Compounds",MATCH
1156-19-0,TOLAZAMIDE,"Amides and Imides;Azo, Diazo, Azido, Hydrazine, and Azide Compounds;Sulfonates, Phosphonates, and Thiophosphonates, Organic",5503,"Amides and Imides;Azo, Diazo, Azido, Hydrazine, and Azide Compounds;Sulfonates, Phosphonates, and Thiophosphonates, Organic",MATCH
116-06-3,ALDICARB,Carbamates;Oximes,9570071,Carbamates;Oximes,MATCH
116-54-1,METHYL DICHLOROACETATE,"Esters, Sulfate Esters, Phosphate Esters, Thiophosphate Esters, and Borate Esters;Halogenated Organic Compounds",8315,"Esters, Sulfate Esters, Phosphate Esters, Thiophosphate Esters, and Borate Esters;Halogenated Organic Compounds",MATCH
116-71-2,VAT BLUE 20,"Hydrocarbons, Aromatic;Ketones",8317,"Hydrocarbons, Aromatic;Ketones",MATCH
1162-65-8,AFLATOXIN B-1,"Ethers;Hydrocarbons, Aliphatic Unsaturated;Ketones",186907,"Ethers;Hydrocarbons, Aliphatic Unsaturated;Ketones",MATCH
1163-19-5,DECABROMODIPHENYL OXIDE,Aryl Halides;Ethers,14410,Aryl Halides;Ethers,MATCH
117-08-8,TETRACHLOROPHTHALIC ANHYDRIDE,Anhydrides;Aryl Halides,8326,Anhydrides;Aryl Halides,MATCH
117-10-2,DANTHRON,Ketones;Phenols and Cresols,2950,Ketones;Phenols and Cresols,MATCH
117-18-0,"2,3,5,6-TETRACHLORONITROBENZENE","Aryl Halides;Nitro, Nitroso, Nitrate, and Nitrite Compounds, Organic",8330,"Aryl Halides;Nitro, Nitroso, Nitrate, and Nitrite Compounds, Organic",MATCH
117-39-5,QUERCETIN,Ketones;Phenols and Cresols,5280343,Ketones;Phenols and Cresols,MATCH
117-61-3,"BENZIDINE-2,2&#39;-DISULFONIC ACID","Acids, Weak;Amines, Aromatic;Sulfonates, Phosphonates, and Thiophosphonates, Organic",8337,"Acids, Weak;Amines, Aromatic;Sulfonates, Phosphonates, and Thiophosphonates, Organic",MATCH
117-79-3,2-AMINOANTHRAQUINONE,"Amines, Aromatic;Ketones",8341,"Amines, Aromatic;Ketones",MATCH
117-80-6,DICHLONE,Aryl Halides;Ketones;Water and Aqueous Solutions,8342,Aryl Halides;Ketones;Water and Aqueous Solutions,MATCH
117-81-7,DI(2-ETHYLHEXYL) PHTHALATE,"Esters, Sulfate Esters, Phosphate Esters, Thiophosphate Esters, and Borate Esters",8343,"Esters, Sulfate Esters, Phosphate Esters, Thiophosphate Esters, and Borate Esters",MATCH
117-84-0,DI-N-OCTYL PHTHALATE,"Esters, Sulfate Esters, Phosphate Esters, Thiophosphate Esters, and Borate Esters",8346,"Esters, Sulfate Esters, Phosphate Esters, Thiophosphate Esters, and Borate Esters",MATCH
1172-18-5,FLURAZEPAM DIHYDROCHLORIDE,"Amides and Imides;Amines, Phosphines, and Pyridines;Aryl Halides;Fluorinated Organic Compounds;Salts, Acidic",14434,"Amides and Imides;Amines, Phosphines, and Pyridines;Aryl Halides;Fluorinated Organic Compounds;Salts, Acidic",MATCH
1174-72-7,TETRAPHENOXYSILANE,Siloxanes,70896,Siloxanes,MATCH
118-52-5,"1,3-DICHLORO-5,5-DIMETHYLHYDANTOIN","Acyl Halides, Sulfonyl Halides, and Chloroformates;Halogenating Agents;Oxidizing Agents, Strong",8360,"Acyl Halides, Sulfonyl Halides, and Chloroformates;Halogenating Agents;Oxidizing Agents, Strong",MATCH
118-56-9,"3,3,5-TRIMETHYLCYCLOHEXYLSALICYLATE","Esters, Sulfate Esters, Phosphate Esters, Thiophosphate Esters, and Borate Esters;Phenols and Cresols",8362,"Esters, Sulfate Esters, Phosphate Esters, Thiophosphate Esters, and Borate Esters;Phenols and Cresols",MATCH
118-58-1,BENZYL SALICYLATE,"Esters, Sulfate Esters, Phosphate Esters, Thiophosphate Esters, and Borate Esters;Phenols and Cresols",8363,"Esters, Sulfate Esters, Phosphate Esters, Thiophosphate Esters, and Borate Esters;Phenols and Cresols",MATCH
118-71-8,MALTOL,Ethers;Ketones;Phenols and Cresols,8369,Ethers;Ketones;Phenols and Cresols,MATCH
118-74-1,HEXACHLOROBENZENE,Aryl Halides,8370,Aryl Halides,MATCH
118-75-2,CHLORANIL,"Halogenated Organic Compounds;Hydrocarbons, Aliphatic Unsaturated;Ketones",8371,"Halogenated Organic Compounds;Hydrocarbons, Aliphatic Unsaturated;Ketones",MATCH
118-79-6,"2,4,6-TRIBROMOPHENOL","Acids, Weak;Aryl Halides;Phenols and Cresols",1483,"Acids, Weak;Aryl Halides;Phenols and Cresols",MATCH
118-90-1,O-TOLUIC ACID,"Acids, Carboxylic",8373,"Acids, Carboxylic",MATCH
118-91-2,O-CHLOROBENZOIC ACID,"Acids, Carboxylic;Aryl Halides",8374,"Acids, Carboxylic;Aryl Halides",MATCH
118-92-3,ANTHRANILIC ACID,"Acids, Carboxylic;Amines, Aromatic",227,"Acids, Carboxylic;Amines, Aromatic",MATCH
118-96-7,"TNT, WETTED WITH NOT LESS THAN 30% WATER","Nitro, Nitroso, Nitrate, and Nitrite Compounds, Organic;Water and Aqueous Solutions",8376,"Nitro, Nitroso, Nitrate, and Nitrite Compounds, Organic;Water and Aqueous Solutions",MATCH
1184-57-2,METHYL MERCURY HYDROXIDE,"Organometallics;Salts, Basic",14451,"Organometallics;Salts, Basic",MATCH
1185-57-5,FERRIC AMMONIUM CITRATE,"Salts, Acidic",118984355,"Salts, Acidic",MATCH
1185-81-5,DIBUTYLTIN-BIS(LAURYL MERCAPTIDE),"Organometallics;Sulfides, Inorganic",9561614,"Organometallics;Sulfides, Inorganic",MATCH
1187-42-4,DIAMINOMALEONITRILE,"Amines, Phosphines, and Pyridines;Hydrocarbons, Aliphatic Unsaturated;Nitriles",2723951,"Amines, Phosphines, and Pyridines;Hydrocarbons, Aliphatic Unsaturated;Nitriles",MATCH
1189-85-1,T-BUTYL CHROMATE,"Oxidizing Agents, Strong",102059956,"Oxidizing Agents, Strong",MATCH
119-06-2,DITRIDECYL PHTHALATE,"Esters, Sulfate Esters, Phosphate Esters, Thiophosphate Esters, and Borate Esters",8379,"Esters, Sulfate Esters, Phosphate Esters, Thiophosphate Esters, and Borate Esters",MATCH
119-07-3,OCTYL DECYL PHTHALATE,"Esters, Sulfate Esters, Phosphate Esters, Thiophosphate Esters, and Borate Esters",8380,"Esters, Sulfate Esters, Phosphate Esters, Thiophosphate Esters, and Borate Esters",MATCH
119-15-3,"4-(2,4-DINITROANILINO)PHENOL","Amines, Aromatic;Nitro, Nitroso, Nitrate, and Nitrite Compounds, Organic;Phenols and Cresols",3858081,"Amines, Aromatic;Nitro, Nitroso, Nitrate, and Nitrite Compounds, Organic;Phenols and Cresols",MATCH
119-31-3,3-DIMETHYLAMINO-4-METHYLPHENOL,"Amines, Phosphines, and Pyridines;Phenols and Cresols",8389,"Amines, Phosphines, and Pyridines;Phenols and Cresols",MATCH
119-34-6,4-AMINO-2-NITROPHENOL,"Amines, Aromatic;Nitro, Nitroso, Nitrate, and Nitrite Compounds, Organic;Phenols and Cresols",3417419,"Amines, Aromatic;Nitro, Nitroso, Nitrate, and Nitrite Compounds, Organic;Phenols and Cresols",MATCH
119-38-0,ISOPROPYLMETHYLPYRAZOLYL DIMETHYLCARBAMATE,"Azo, Diazo, Azido, Hydrazine, and Azide Compounds;Carbamates",8393,"Azo, Diazo, Azido, Hydrazine, and Azide Compounds;Carbamates",MATCH
119-39-1,1-(2H)-PHTHALAZINONE,"Amides and Imides;Azo, Diazo, Azido, Hydrazine, and Azide Compounds;Hydrocarbons, Aromatic",8394,"Amides and Imides;Azo, Diazo, Azido, Hydrazine, and Azide Compounds;Hydrocarbons, Aromatic",MATCH
119-53-9,BENZOIN,"Alcohols and Polyols;Hydrocarbons, Aromatic;Ketones",8400,"Alcohols and Polyols;Hydrocarbons, Aromatic;Ketones",MATCH
119-61-9,BENZOPHENONE,"Hydrocarbons, Aromatic;Ketones",3102,"Hydrocarbons, Aromatic;Ketones",MATCH
119-75-5,2-NITRODIPHENYLAMINE,"Amines, Phosphines, and Pyridines;Nitro, Nitroso, Nitrate, and Nitrite Compounds, Organic",8407,"Amines, Phosphines, and Pyridines;Nitro, Nitroso, Nitrate, and Nitrite Compounds, Organic",MATCH
119-84-6,"3,4-DIHYDROCOUMARIN","Esters, Sulfate Esters, Phosphate Esters, Thiophosphate Esters, and Borate Esters",660,"Esters, Sulfate Esters, Phosphate Esters, Thiophosphate Esters, and Borate Esters",MATCH
119-90-4,"3,3&#39;-DIMETHOXYBENZIDINE","Amines, Aromatic;Ethers",8411,"Amines, Aromatic;Ethers",MATCH
119-93-7,"3,3&#39;-DIMETHYLBENZIDINE","Amines, Aromatic",8413,"Amines, Aromatic",MATCH
1191-41-9,ETHYL LINOLENATE,"Esters, Sulfate Esters, Phosphate Esters, Thiophosphate Esters, and Borate Esters;Hydrocarbons, Aliphatic Unsaturated",5367460,"Esters, Sulfate Esters, Phosphate Esters, Thiophosphate Esters, and Borate Esters;Hydrocarbons, Aliphatic Unsaturated",MATCH
1191-80-6,MERCURY OLEATE,"Hydrocarbons, Aliphatic Unsaturated;Metals, Less Reactive agents;Oxidizing Agents, Weak;Salts, Basic",6433251,"Hydrocarbons, Aliphatic Unsaturated;Metals, Less Reactive agents;Oxidizing Agents, Weak;Salts, Basic",MATCH
1194-65-6,DICHLOBENIL,Aryl Halides;Nitriles;Water and Aqueous Solutions,3031,Aryl Halides;Nitriles;Water and Aqueous Solutions,MATCH
1197-01-9,P-CYMEN-8-OL,Alcohols and Polyols,14529,Alcohols and Polyols,MATCH
1199-18-4,6-HYDROXYDOPAMINE,"Amines, Phosphines, and Pyridines;Phenols and Cresols",4624,"Amines, Phosphines, and Pyridines;Phenols and Cresols",MATCH
120-12-7,ANTHRACENE,"Hydrocarbons, Aromatic",8418,"Hydrocarbons, Aromatic",MATCH
120-14-9,VERATRALDEHYDE,"Aldehydes;Ethers;Hydrocarbons, Aromatic",8419,"Aldehydes;Ethers;Hydrocarbons, Aromatic",MATCH
120-22-9,P-NITROSODIETHYLANILINE,"Amines, Aromatic;Nitro, Nitroso, Nitrate, and Nitrite Compounds, Organic",67115,"Amines, Aromatic;Nitro, Nitroso, Nitrate, and Nitrite Compounds, Organic",MATCH
120-32-1,ORTHO-BENZYL-PARA-CHLOROPHENOL,Aryl Halides;Phenols and Cresols,8425,Aryl Halides;Phenols and Cresols,MATCH
120-36-5,"2,4-DP","Acids, Carboxylic;Aryl Halides;Ethers;Halogenated Organic Compounds",8427,"Acids, Carboxylic;Aryl Halides;Ethers;Halogenated Organic Compounds",MATCH
120-37-6,3-ETHYLAMINO-4-METHYLPHENOL,"Amines, Phosphines, and Pyridines;Phenols and Cresols",8428,"Amines, Phosphines, and Pyridines;Phenols and Cresols",MATCH
120-40-1,LAURIC ACID DIETHANOLAMINE CONDENSATE (1/1),Alcohols and Polyols;Amides and Imides,8430,Alcohols and Polyols;Amides and Imides,MATCH
120-57-0,PIPERONAL,"Acetals, Ketals, Hemiacetals, and Hemiketals;Aldehydes",8438,"Acetals, Ketals, Hemiacetals, and Hemiketals;Aldehydes",MATCH
120-58-1,ISOSAFROLE,"Acetals, Ketals, Hemiacetals, and Hemiketals;Esters, Sulfate Esters, Phosphate Esters, Thiophosphate Esters, and Borate Esters;Hydrocarbons, Aliphatic Unsaturated",637796,"Acetals, Ketals, Hemiacetals, and Hemiketals;Esters, Sulfate Esters, Phosphate Esters, Thiophosphate Esters, and Borate Esters;Hydrocarbons, Aliphatic Unsaturated",MATCH
120-61-6,DIMETHYL TEREPHTHALATE,"Esters, Sulfate Esters, Phosphate Esters, Thiophosphate Esters, and Borate Esters",8441,"Esters, Sulfate Esters, Phosphate Esters, Thiophosphate Esters, and Borate Esters",MATCH
120-62-7,PIPERONYL SULFOXIDE,"Acetals, Ketals, Hemiacetals, and Hemiketals;Sulfonates, Phosphonates, and Thiophosphonates, Organic",8442,"Acetals, Ketals, Hemiacetals, and Hemiketals;Sulfonates, Phosphonates, and Thiophosphonates, Organic",MATCH
120-66-1,O-ACETOTOLUIDIDE,"Amides and Imides;Amines, Aromatic",8443,"Amides and Imides;Amines, Aromatic",MATCH
120-71-8,P-CRESIDINE,"Amines, Aromatic;Ethers",8445,"Amines, Aromatic;Ethers",MATCH
120-78-5,"2,2&#39;-DITHIOBISBENZOTHIAZOLE","Amines, Phosphines, and Pyridines;Sulfides, Organic",8447,"Amines, Phosphines, and Pyridines;Sulfides, Organic",MATCH
120-80-9,CATECHOL,Phenols and Cresols,289,Phenols and Cresols,MATCH
120-83-2,"2,4-DICHLOROPHENOL","Acids, Weak;Aryl Halides;Phenols and Cresols",8449,"Acids, Weak;Aryl Halides;Phenols and Cresols",MATCH
12001-26-2,MICA (CONTAINING LESS THAN 1% QUARTZ),Non-Redox-Active Inorganic Compounds,131842327,Non-Redox-Active Inorganic Compounds,MATCH
12001-29-5,"ASBESTOS, WHITE",Not Chemically Reactive,25477,Not Chemically Reactive agents,MISMATCH
12002-03-8,COPPER ACETOARSENITE,Non-Redox-Active Inorganic Compounds,22833492,Non-Redox-Active Inorganic Compounds,MATCH
12002-19-6,MERCURY NUCLEATE,"Salts, Basic",44144408,"Salts, Basic",MATCH
12002-43-6,GILSONITE,"Hydrocarbons, Aliphatic Saturated;Hydrocarbons, Aromatic",,,ERROR
12002-48-1,"TRICHLOROBENZENES, LIQUID",Aryl Halides,6895,Aryl Halides,MATCH
12003-41-7,ALUMINUM FERROSILICON POWDER,"Metals, Elemental and Powder, Active",,,ERROR
12007-89-5,AMMONIUM PENTABORATE,"Salts, Basic",131634794,"Salts, Basic",MATCH
12024-21-4,GALLIUM OXIDE,Non-Redox-Active Inorganic Compounds,158605,Non-Redox-Active Inorganic Compounds,MATCH
12027-06-4,AMMONIUM IODIDE,"Salts, Acidic",25487,"Salts, Acidic",MATCH
12027-67-7,AMMONIUM MOLYBDATE,"Salts, Acidic",,,ERROR
12030-88-5,POTASSIUM SUPEROXIDE,"Bases, Strong;Oxidizing Agents, Strong",61541,"Bases, Strong;Oxidizing Agents, Strong",MATCH
12031-80-0,LITHIUM PEROXIDE,"Bases, Strong;Oxidizing Agents, Strong",25489,"Bases, Strong;Oxidizing Agents, Strong",MATCH
12034-12-7,SODIUM SUPEROXIDE,"Bases, Strong;Oxidizing Agents, Strong",61542,"Bases, Strong;Oxidizing Agents, Strong",MATCH
12035-72-2,NICKEL SUBSULFIDE,"Sulfides, Inorganic",25199732,"Sulfides, Inorganic",MATCH
12036-71-4,URANIUM PEROXIDE,"Oxidizing Agents, Strong",29645,"Oxidizing Agents, Strong",MATCH
12037-82-0,"PHOSPHORUS HEPTASULFIDE, FREE FROM YELLOW AND WHITE PHOSPHORUS","Sulfides, Inorganic",518483,"Sulfides, Inorganic",MATCH
12039-13-3,TITANIUM DISULFIDE,"Sulfides, Inorganic",61544,"Sulfides, Inorganic",MATCH
12039-52-0,"SELENIOUS ACID, DITHALLIUM(1+) SALT","Salts, Basic",22833476,"Salts, Basic",MATCH
12057-74-8,MAGNESIUM PHOSPHIDE,"Nitrides, Phosphides, Carbides, and Silicides",61546,"Nitrides, Phosphides, Carbides, and Silicides",MATCH
12058-85-4,SODIUM PHOSPHIDE,"Nitrides, Phosphides, Carbides, and Silicides",61547,"Nitrides, Phosphides, Carbides, and Silicides",MATCH
12075-68-2,ETHYL ALUMINUM SESQUICHLORIDE,"Metal Hydrides, Metal Alkyls, Metal Aryls, and Silanes",25508,"Metal Hydrides, Metal Alkyls, Metal Aryls, and Silanes",MATCH
12079-65-1,MANGANESE CYCLOPENTADIENYL TRICARBONYL,Organometallics,,,ERROR
1208-52-2,"2,4&#39;-DIAMINODIPHENYLMETHANE","Amines, Aromatic",14580,"Amines, Aromatic",MATCH
12083-48-6,BIS(CYCLOPENTADIENYL)VANADIUM DICHLORIDE,Organometallics,76030732,Organometallics,MATCH
121-14-2,"DINITROTOLUENES, MOLTEN","Nitro, Nitroso, Nitrate, and Nitrite Compounds, Organic",8461,"Nitro, Nitroso, Nitrate, and Nitrite Compounds, Organic",MATCH
121-17-5,3-NITRO-4-CHLOROBENZOTRIFLUORIDE,"Aryl Halides;Fluorinated Organic Compounds;Nitro, Nitroso, Nitrate, and Nitrite Compounds, Organic",8462,"Aryl Halides;Fluorinated Organic Compounds;Nitro, Nitroso, Nitrate, and Nitrite Compounds, Organic",MATCH
121-19-7,4-HYDROXY-3-NITROPHENYL ARSONIC ACID,"Acids, Weak;Nitro, Nitroso, Nitrate, and Nitrite Compounds, Organic;Phenols and Cresols",5104,"Acids, Weak;Nitro, Nitroso, Nitrate, and Nitrite Compounds, Organic;Phenols and Cresols",MATCH
121-32-4,ETHYL VANILLIN,Aldehydes;Ethers;Phenols and Cresols,8467,Aldehydes;Ethers;Phenols and Cresols,MATCH
121-33-5,VANILLIN,Aldehydes;Ethers;Phenols and Cresols,1183,Aldehydes;Ethers;Phenols and Cresols,MATCH
121-39-1,ETHYL-3-PHENYLGLYCIDATE,"Epoxides;Esters, Sulfate Esters, Phosphate Esters, Thiophosphate Esters, and Borate Esters;Polymerizable Compounds",8469,"Epoxides;Esters, Sulfate Esters, Phosphate Esters, Thiophosphate Esters, and Borate Esters;Polymerizable Compounds",MATCH
121-46-0,"2,5-NORBORNADIENE, STABILIZED","Hydrocarbons, Aliphatic Unsaturated;Polymerizable Compounds",8473,"Hydrocarbons, Aliphatic Unsaturated;Polymerizable Compounds",MATCH
121-47-1,3-AMINOBENZENE SULFONIC ACID,"Acids, Weak;Amines, Phosphines, and Pyridines",8474,"Acids, Weak;Amines, Phosphines, and Pyridines",MATCH
121-54-0,BENZETHONIUM CHLORIDE,"Ethers;Hydrocarbons, Aromatic;Non-Redox-Active Inorganic Compounds;Quaternary Ammonium and Phosphonium Salts",8478,"Ethers;Hydrocarbons, Aromatic;Non-Redox-Active Inorganic Compounds;Quaternary Ammonium and Phosphonium Salts",MATCH
121-57-3,4-AMINOBENZENE SULFONIC ACID,"Acids, Weak;Amines, Phosphines, and Pyridines",8479,"Acids, Weak;Amines, Phosphines, and Pyridines",MATCH
121-59-5,CARBARSONE,"Amides and Imides;Salts, Acidic",8480,"Amides and Imides;Salts, Acidic",MATCH
121-66-4,2-AMINO-5-NITROTHIAZOLE,"Amines, Phosphines, and Pyridines;Nitro, Nitroso, Nitrate, and Nitrite Compounds, Organic;Sulfides, Organic",8486,"Amines, Phosphines, and Pyridines;Nitro, Nitroso, Nitrate, and Nitrite Compounds, Organic;Sulfides, Organic",MATCH
121-72-2,"N,N-DIMETHYL-M-TOLUIDINE","Amines, Aromatic",8488,"Amines, Aromatic",MATCH
121-73-3,3-CHLORONITROBENZENE,"Aryl Halides;Nitro, Nitroso, Nitrate, and Nitrite Compounds, Organic",8489,"Aryl Halides;Nitro, Nitroso, Nitrate, and Nitrite Compounds, Organic",MATCH
121-75-5,MALATHION,"Esters, Sulfate Esters, Phosphate Esters, Thiophosphate Esters, and Borate Esters",4004,"Esters, Sulfate Esters, Phosphate Esters, Thiophosphate Esters, and Borate Esters",MATCH
121-79-9,PROPYL GALLATE,"Esters, Sulfate Esters, Phosphate Esters, Thiophosphate Esters, and Borate Esters;Phenols and Cresols",4947,"Esters, Sulfate Esters, Phosphate Esters, Thiophosphate Esters, and Borate Esters;Phenols and Cresols",MATCH
121-82-4,"CYCLOTRIMETHYLENE TRINITRAMINE, [DESENSITIZED]","Azo, Diazo, Azido, Hydrazine, and Azide Compounds;Nitro, Nitroso, Nitrate, and Nitrite Compounds, Organic",8490,"Azo, Diazo, Azido, Hydrazine, and Azide Compounds;Nitro, Nitroso, Nitrate, and Nitrite Compounds, Organic;Water and Aqueous Solutions",MATCH
121-87-9,2-CHLORO-4-NITROANILINE,"Amines, Aromatic;Aryl Halides;Nitro, Nitroso, Nitrate, and Nitrite Compounds, Organic",8492,"Amines, Aromatic;Aryl Halides;Nitro, Nitroso, Nitrate, and Nitrite Compounds, Organic",MATCH
121-88-0,2-AMINO-5-NITROPHENOL,"Amines, Aromatic;Nitro, Nitroso, Nitrate, and Nitrite Compounds, Organic;Phenols and Cresols",4984721,"Amines, Aromatic;Nitro, Nitroso, Nitrate, and Nitrite Compounds, Organic;Phenols and Cresols",MATCH
121-89-1,3-NITROACETOPHENONE,"Ketones;Nitro, Nitroso, Nitrate, and Nitrite Compounds, Organic",8494,"Ketones;Nitro, Nitroso, Nitrate, and Nitrite Compounds, Organic",MATCH
121-90-4,M-NITROBENZOYL CHLORIDE,"Acyl Halides, Sulfonyl Halides, and Chloroformates;Nitro, Nitroso, Nitrate, and Nitrite Compounds, Organic",8495,"Acyl Halides, Sulfonyl Halides, and Chloroformates;Nitro, Nitroso, Nitrate, and Nitrite Compounds, Organic",MATCH
121-91-5,ISOPHTHALIC ACID,"Acids, Carboxylic;Hydrocarbons, Aromatic",8496,"Acids, Carboxylic;Hydrocarbons, Aromatic",MATCH
121-92-6,M-NITROBENZOIC ACID,"Acids, Carboxylic;Nitro, Nitroso, Nitrate, and Nitrite Compounds, Organic",8497,"Acids, Carboxylic;Nitro, Nitroso, Nitrate, and Nitrite Compounds, Organic",MATCH
12108-13-3,METHYLCYCLOPENTADIENYLMANGANESE TRICARBONYL,Organometallics,,,ERROR
1212-29-9,"N,N&#39;-DICYCLOHEXYLTHIOUREA",Amides and Imides,727200,Amides and Imides,MATCH
12122-67-7,ZINEB,Thiocarbamate Esters and Salts/Dithiocarbamate Esters and Salts,5284484,Thiocarbamate Esters and Salts/Dithiocarbamate Esters and Salts,MATCH
12124-97-9,AMMONIUM BROMIDE,"Salts, Acidic",25514,"Salts, Acidic",MATCH
12124-99-1,"AMMONIUM HYDROSULFIDE, SOLUTION","Bases, Strong;Bases, Weak;Sulfides, Inorganic;Water and Aqueous Solutions",25515,"Bases, Strong;Bases, Weak;Sulfides, Inorganic;Water and Aqueous Solutions",MATCH
12125-01-8,AMMONIUM FLUORIDE,"Fluoride Salts, Soluble;Salts, Acidic",25516,"Fluoride Salts, Soluble;Salts, Acidic",MATCH
12125-02-9,AMMONIUM CHLORIDE,"Salts, Acidic",25517,"Salts, Acidic",MATCH
12136-45-7,POTASSIUM MONOXIDE,"Bases, Strong",9989219,"Bases, Strong",MATCH
12165-69-4,"PHOSPHORUS TRISULFIDE, FREE FROM YELLOW AND WHITE PHOSPHORUS","Sulfides, Inorganic",16211604,"Sulfides, Inorganic",MATCH
12167-20-3,NITROCRESOLS,"Nitro, Nitroso, Nitrate, and Nitrite Compounds, Organic;Phenols and Cresols",8391,"Nitro, Nitroso, Nitrate, and Nitrite Compounds, Organic;Phenols and Cresols",MATCH
12184-88-2,"METAL HYDRIDES, WATER-REACTIVE, N.O.S.","Metal Hydrides, Metal Alkyls, Metal Aryls, and Silanes",166653,"Metal Hydrides, Metal Alkyls, Metal Aryls, and Silanes",MATCH
122-04-3,P-NITROBENZOYL CHLORIDE,"Acyl Halides, Sulfonyl Halides, and Chloroformates;Nitro, Nitroso, Nitrate, and Nitrite Compounds, Organic",8502,"Acyl Halides, Sulfonyl Halides, and Chloroformates;Nitro, Nitroso, Nitrate, and Nitrite Compounds, Organic",MATCH
122-09-8,"BENZENEETHANAMINE, ALPHA,ALPHA-DIMETHYL-","Amines, Phosphines, and Pyridines",4771,"Amines, Phosphines, and Pyridines",MATCH
122-14-5,FENITROTHION,"Esters, Sulfate Esters, Phosphate Esters, Thiophosphate Esters, and Borate Esters;Nitro, Nitroso, Nitrate, and Nitrite Compounds, Organic",31200,"Esters, Sulfate Esters, Phosphate Esters, Thiophosphate Esters, and Borate Esters;Nitro, Nitroso, Nitrate, and Nitrite Compounds, Organic",MATCH
122-19-0,BENZYLDIMETHYLOCTADECYLAMMONIUM CHLORIDE,Non-Redox-Active Inorganic Compounds;Quaternary Ammonium and Phosphonium Salts,31204,Non-Redox-Active Inorganic Compounds;Quaternary Ammonium and Phosphonium Salts,MATCH
122-20-3,TRIISOPROPANOLAMINE,"Alcohols and Polyols;Amines, Phosphines, and Pyridines",24730,"Alcohols and Polyols;Amines, Phosphines, and Pyridines",MATCH
122-34-9,SIMAZINE,"Amines, Phosphines, and Pyridines;Aryl Halides",5216,"Amines, Phosphines, and Pyridines;Aryl Halides",MATCH
122-39-4,DIPHENYLAMINE,"Amines, Aromatic",11487,"Amines, Aromatic",MATCH
122-42-9,PROPHAM,Carbamates,24685,Carbamates,MATCH
122-51-0,ETHYL ORTHOFORMATE,Ethers,31214,Ethers,MATCH
122-59-8,PHENOXYACETIC ACID,"Acids, Carboxylic;Ethers",19188,"Acids, Carboxylic;Ethers",MATCH
122-60-1,PHENYL GLYCIDYL ETHER,Epoxides;Ethers,31217,Epoxides;Ethers,MATCH
122-62-3,BIS(2-ETHYLHEXYL) SEBACATE,"Esters, Sulfate Esters, Phosphate Esters, Thiophosphate Esters, and Borate Esters",75516,"Esters, Sulfate Esters, Phosphate Esters, Thiophosphate Esters, and Borate Esters",MATCH
122-66-7,"1,2-DIPHENYLHYDRAZINE","Azo, Diazo, Azido, Hydrazine, and Azide Compounds;Hydrocarbons, Aromatic;Reducing Agents, Strong",31222,"Amines, Phosphines, and Pyridines;Azo, Diazo, Azido, Hydrazine, and Azide Compounds;Hydrocarbons, Aromatic;Reducing Agents, Strong",MATCH
122-79-2,PHENOL ACETATE,"Esters, Sulfate Esters, Phosphate Esters, Thiophosphate Esters, and Borate Esters",31229,"Esters, Sulfate Esters, Phosphate Esters, Thiophosphate Esters, and Borate Esters",MATCH
122-80-5,P-AMINOACETANILIDE,"Amides and Imides;Amines, Aromatic",31230,"Amides and Imides;Amines, Aromatic",MATCH
122-99-6,ETHYLENE GLYCOL PHENYL ETHER,"Alcohols and Polyols;Ethers;Hydrocarbons, Aromatic",31236,"Alcohols and Polyols;Ethers;Hydrocarbons, Aromatic",MATCH
12224-98-5,C.I. PIGMENT RED 81,"Amines, Phosphines, and Pyridines;Esters, Sulfate Esters, Phosphate Esters, Thiophosphate Esters, and Borate Esters;Salts, Basic",65211,"Amines, Phosphines, and Pyridines;Esters, Sulfate Esters, Phosphate Esters, Thiophosphate Esters, and Borate Esters;Salts, Basic",MATCH
12225-21-7,C.I. PIGMENT YELLOW 100,"Amides and Imides;Azo, Diazo, Azido, Hydrazine, and Azide Compounds;Esters, Sulfate Esters, Phosphate Esters, Thiophosphate Esters, and Borate Esters;Salts, Basic;Sulfonates, Phosphonates, and Thiophosphonates, Organic",22833487,"Amides and Imides;Azo, Diazo, Azido, Hydrazine, and Azide Compounds;Esters, Sulfate Esters, Phosphate Esters, Thiophosphate Esters, and Borate Esters;Salts, Basic;Sulfonates, Phosphonates, and Thiophosphonates, Organic",MATCH
12262-58-7,"CYCLOHEXANONE PEROXIDE, NOT MORE THAN 72% IN SOLUTION","Acetals, Ketals, Hemiacetals, and Hemiketals;Alcohols and Polyols;Peroxides, Organic",6521,"Acetals, Ketals, Hemiacetals, and Hemiketals;Alcohols and Polyols;Peroxides, Organic;Water and Aqueous Solutions",MATCH
1229-35-2,METHDILAZINE HYDROCHLORIDE,"Amines, Phosphines, and Pyridines;Salts, Acidic;Sulfides, Organic",14676,"Amines, Phosphines, and Pyridines;Salts, Acidic;Sulfides, Organic",MATCH
123-00-2,N-AMINOPROPYLMORPHOLINE,"Amines, Phosphines, and Pyridines;Ethers",61055,"Amines, Phosphines, and Pyridines;Ethers",MATCH
123-01-3,DODECYLBENZENE,"Hydrocarbons, Aliphatic Saturated;Hydrocarbons, Aromatic",31237,"Hydrocarbons, Aliphatic Saturated;Hydrocarbons, Aromatic",MATCH
123-02-4,TRIDECYLBENZENE,"Hydrocarbons, Aromatic",31238,"Hydrocarbons, Aromatic",MATCH
123-15-9,ALPHA-METHYLVALERALDEHYDE,Aldehydes,31245,Aldehydes,MATCH
123-20-6,"VINYL BUTYRATE, STABILIZED","Esters, Sulfate Esters, Phosphate Esters, Thiophosphate Esters, and Borate Esters;Hydrocarbons, Aliphatic Unsaturated;Polymerizable Compounds",31247,"Esters, Sulfate Esters, Phosphate Esters, Thiophosphate Esters, and Borate Esters;Hydrocarbons, Aliphatic Unsaturated;Polymerizable Compounds",MATCH
123-23-9,SUCCINIC ACID PEROXIDE,"Acids, Carboxylic;Acids, Weak;Peroxides, Organic",31248,"Acids, Carboxylic;Acids, Weak;Peroxides, Organic",MATCH
123-30-8,P-AMINOPHENOL,"Amines, Aromatic;Phenols and Cresols",403,"Amines, Aromatic;Phenols and Cresols",MATCH
123-31-9,HYDROQUINONE,"Acids, Weak;Phenols and Cresols",785,"Acids, Weak;Phenols and Cresols",MATCH
123-33-1,MALEIC HYDRAZIDE,"Amides and Imides;Azo, Diazo, Azido, Hydrazine, and Azide Compounds;Hydrocarbons, Aliphatic Unsaturated",21954,"Amides and Imides;Azo, Diazo, Azido, Hydrazine, and Azide Compounds;Hydrocarbons, Aliphatic Unsaturated",MATCH
123-35-3,"MYRCENE, [LIQUID]","Conjugated Dienes;Hydrocarbons, Aliphatic Unsaturated",31253,"Conjugated Dienes;Hydrocarbons, Aliphatic Unsaturated",MATCH
123-39-7,N-METHYLFORMAMIDE,Amides and Imides,31254,Amides and Imides,MATCH
123-61-5,"1,3-PHENYLENE DIISOCYANATE",Isocyanates and Isothiocyanates,31262,Isocyanates and Isothiocyanates,MATCH
123-77-3,AZODICARBONAMIDE,"Amides and Imides;Azo, Diazo, Azido, Hydrazine, and Azide Compounds",5462814,"Amides and Imides;Azo, Diazo, Azido, Hydrazine, and Azide Compounds",MATCH
123-80-8,ETHYLENE GLYCOL DIPROPIONATE,"Esters, Sulfate Esters, Phosphate Esters, Thiophosphate Esters, and Borate Esters",135968,"Esters, Sulfate Esters, Phosphate Esters, Thiophosphate Esters, and Borate Esters",MATCH
123-88-6,METHOXYETHYL MERCURY CHLORIDE,Ethers;Organometallics,12521357,Ethers;Organometallics,MATCH
124-04-9,ADIPIC ACID,"Acids, Carboxylic",196,"Acids, Carboxylic",MATCH
124-07-2,OCTANOIC ACID,"Acids, Carboxylic",379,"Acids, Carboxylic",MATCH
124-09-4,"HEXAMETHYLENEDIAMINE, SOLID","Amines, Phosphines, and Pyridines;Water and Aqueous Solutions",16402,"Amines, Phosphines, and Pyridines;Water and Aqueous Solutions",MATCH
124-17-4,DIETHYLENE GLYCOL MONOBUTYL ETHER ACETATE,"Esters, Sulfate Esters, Phosphate Esters, Thiophosphate Esters, and Borate Esters;Ethers",31288,"Esters, Sulfate Esters, Phosphate Esters, Thiophosphate Esters, and Borate Esters;Ethers",MATCH
124-19-6,NONANAL,Aldehydes,31289,Aldehydes,MATCH
124-22-1,DODECANAMINE,"Amines, Phosphines, and Pyridines",13583,"Amines, Phosphines, and Pyridines",MATCH
124-28-7,"N,N-DIMETHYL-1-OCTADECANAMINE","Amines, Phosphines, and Pyridines",15365,"Amines, Phosphines, and Pyridines",MATCH
124-30-1,OCTADECYLAMINE,"Amines, Phosphines, and Pyridines",15793,"Amines, Phosphines, and Pyridines",MATCH
124-41-4,SODIUM METHYLATE,"Bases, Strong",10942334,"Bases, Strong",MATCH
124-43-6,UREA HYDROGEN PEROXIDE,"Amides and Imides;Peroxides, Organic",31294,"Amides and Imides;Peroxides, Organic",MATCH
124-48-1,CHLORODIBROMOMETHANE,Halogenated Organic Compounds,31296,Halogenated Organic Compounds,MATCH
124-64-1,TETRAKIS(HYDROXYMETHYL)PHOSPHONIUM CHLORIDE,"Acids, Weak;Non-Redox-Active Inorganic Compounds;Quaternary Ammonium and Phosphonium Salts",31298,"Acids, Weak;Non-Redox-Active Inorganic Compounds;Quaternary Ammonium and Phosphonium Salts",MATCH
124-65-2,SODIUM CACODYLATE,"Salts, Basic",2724247,"Salts, Basic",MATCH
124-87-8,COCCULUS,"Alcohols and Polyols;Epoxides;Esters, Sulfate Esters, Phosphate Esters, Thiophosphate Esters, and Borate Esters;Hydrocarbons, Aliphatic Unsaturated",31304,"Alcohols and Polyols;Epoxides;Esters, Sulfate Esters, Phosphate Esters, Thiophosphate Esters, and Borate Esters;Hydrocarbons, Aliphatic Unsaturated",MATCH
12401-86-4,SODIUM MONOXIDE,"Bases, Strong",61564,"Bases, Strong",MATCH
1241-94-7,2-ETHYLHEXYL DIPHENYL PHOSPHATE,"Esters, Sulfate Esters, Phosphate Esters, Thiophosphate Esters, and Borate Esters",14716,"Esters, Sulfate Esters, Phosphate Esters, Thiophosphate Esters, and Borate Esters",MATCH
12427-38-2,MANEB,Thiocarbamate Esters and Salts/Dithiocarbamate Esters and Salts,3032581,Thiocarbamate Esters and Salts/Dithiocarbamate Esters and Salts,MATCH
125-33-7,PRIMACLONE,Amides and Imides,4909,Amides and Imides,MATCH
12519-36-7,DIAMMONIUM SALT OF ZINC EDTA,"Salts, Acidic",51808,"Salts, Acidic",MATCH
126-07-8,GRISEOFULVIN,"Aryl Halides;Ethers;Hydrocarbons, Aliphatic Unsaturated;Ketones",441140,"Aryl Halides;Ethers;Hydrocarbons, Aliphatic Unsaturated;Ketones",MATCH
126-27-2,OXETHAZAINE,"Alcohols and Polyols;Amides and Imides;Amines, Phosphines, and Pyridines",4621,"Alcohols and Polyols;Amides and Imides;Amines, Phosphines, and Pyridines",MATCH
126-30-7,"2,2-DIMETHYLPROPANE-1,3-DIOL",Alcohols and Polyols,31344,Alcohols and Polyols,MATCH
126-31-8,"IODOMETHANESULFONIC ACID, SODIUM SALT","Halogenated Organic Compounds;Salts, Acidic",23662381,"Halogenated Organic Compounds;Salts, Acidic",MATCH
126-33-0,SULFOLANE,"Sulfonates, Phosphonates, and Thiophosphonates, Organic",31347,"Sulfonates, Phosphonates, and Thiophosphonates, Organic",MATCH
126-72-7,"TRIS(2,3-DIBROMOPROPYL) PHOSPHATE","Esters, Sulfate Esters, Phosphate Esters, Thiophosphate Esters, and Borate Esters;Halogenated Organic Compounds",31356,"Esters, Sulfate Esters, Phosphate Esters, Thiophosphate Esters, and Borate Esters;Halogenated Organic Compounds",MATCH
126-73-8,TRIBUTYL PHOSPHATE,"Esters, Sulfate Esters, Phosphate Esters, Thiophosphate Esters, and Borate Esters",31357,"Esters, Sulfate Esters, Phosphate Esters, Thiophosphate Esters, and Borate Esters",MATCH
126-92-1,SODIUM(2-ETHYLHEXYL)ALCOHOL SULFATE,"Esters, Sulfate Esters, Phosphate Esters, Thiophosphate Esters, and Borate Esters;Salts, Basic",24181097,"Esters, Sulfate Esters, Phosphate Esters, Thiophosphate Esters, and Borate Esters;Salts, Basic",MATCH
1260-17-9,CARMINIC ACID,"Acids, Carboxylic;Alcohols and Polyols;Phenols and Cresols",10255083,"Acids, Carboxylic;Alcohols and Polyols;Phenols and Cresols",MATCH
12654-97-6,"TRIAZINE PESTICIDE, LIQUID, FLAMMABLE, POISONOUS","Azo, Diazo, Azido, Hydrazine, and Azide Compounds",123047,"Azo, Diazo, Azido, Hydrazine, and Azide Compounds",MATCH
12672-29-6,PCB-1248,Aryl Halides,36400,Aryl Halides,MATCH
12674-11-2,PCB-1016,Aryl Halides,38037,Aryl Halides,MATCH
127-07-1,HYDROXYUREA,Alcohols and Polyols;Amides and Imides,3657,"Acids, Carboxylic;Alcohols and Polyols;Amides and Imides;Amines, Phosphines, and Pyridines;Ethers",MATCH
127-69-5,SULFISOXAZOLE,"Amines, Phosphines, and Pyridines;Oximes;Sulfonates, Phosphonates, and Thiophosphonates, Organic",5344,"Amines, Phosphines, and Pyridines;Oximes;Sulfonates, Phosphonates, and Thiophosphonates, Organic",MATCH
127-82-2,ZINC PHENOLSULFONATE,"Phenols and Cresols;Salts, Acidic",31391,"Phenols and Cresols;Salts, Acidic",MATCH
127-85-5,SODIUM ARSANILATE,"Amines, Aromatic;Salts, Basic",23670523,"Amines, Aromatic;Salts, Basic",MATCH
127-95-7,POTASSIUM HYDROGEN OXALATE,"Reducing Agents, Weak;Salts, Basic",23662386,"Reducing Agents, Weak;Salts, Basic",MATCH
12701-79-0,BIS(CYCLOPENTADIENYL)VANADIUM CHLORIDE,Organometallics,82917,Organometallics,MATCH
1271-19-8,TITANOCENE DICHLORIDE,"Acids, Strong Non-oxidizing;Hydrocarbons, Aromatic;Organometallics",76030824,"Acids, Strong Non-oxidizing;Hydrocarbons, Aromatic;Organometallics",MATCH
1271-24-5,BIS(CYCLOPENTADIENYL)CHROMIUM,Organometallics,79154,Organometallics,MATCH
1271-28-9,NICKELOCENE,Organometallics,62390,Organometallics,MATCH
12737-18-7,CALCIUM SILICIDE,"Nitrides, Phosphides, Carbides, and Silicides",,,ERROR
127564-92-5,DICHLOROPENTAFLUOROPROPANE,Fluorinated Organic Compounds,61112,Fluorinated Organic Compounds,MATCH
1277-43-6,COBALTOCENE,"Hydrocarbons, Aromatic;Organometallics",92884,"Hydrocarbons, Aromatic;Organometallics",MATCH
12772-47-3,1-PENTOL,"Alcohols and Polyols;Esters, Sulfate Esters, Phosphate Esters, Thiophosphate Esters, and Borate Esters;Hydrocarbons, Aliphatic Unsaturated;Polymerizable Compounds",6436385,"Alcohols and Polyols;Esters, Sulfate Esters, Phosphate Esters, Thiophosphate Esters, and Borate Esters;Hydrocarbons, Aliphatic Unsaturated;Polymerizable Compounds",MATCH
12788-93-1,ACID BUTYL PHOSPHATE,"Acids, Weak;Esters, Sulfate Esters, Phosphate Esters, Thiophosphate Esters, and Borate Esters",3033844,"Acids, Weak;Esters, Sulfate Esters, Phosphate Esters, Thiophosphate Esters, and Borate Esters",MATCH
12789-46-7,AMYL ACID PHOSPHATE,"Acids, Weak;Esters, Sulfate Esters, Phosphate Esters, Thiophosphate Esters, and Borate Esters",61572,"Acids, Weak;Esters, Sulfate Esters, Phosphate Esters, Thiophosphate Esters, and Borate Esters",MATCH
128-03-0,POTASSIUM DIMETHYLDITHIOCARBAMATE,Thiocarbamate Esters and Salts/Dithiocarbamate Esters and Salts;Water and Aqueous Solutions,23662387,Thiocarbamate Esters and Salts/Dithiocarbamate Esters and Salts;Water and Aqueous Solutions,MATCH
128-04-1,SODIUM DIMETHYLDITHIOCARBAMATE,Thiocarbamate Esters and Salts/Dithiocarbamate Esters and Salts,560256,Thiocarbamate Esters and Salts/Dithiocarbamate Esters and Salts,MATCH
128-37-0,BUTYLATED HYDROXYTOLUENE,Phenols and Cresols,31404,Phenols and Cresols,MATCH
128-39-2,"2,6-DI-TERT-BUTYLPHENOL",Phenols and Cresols,31405,Phenols and Cresols,MATCH
128-44-9,"SACCHARIN, SODIUM SALT","Amines, Phosphines, and Pyridines;Salts, Basic;Sulfonates, Phosphonates, and Thiophosphonates, Organic",656582,"Amines, Phosphines, and Pyridines;Salts, Basic;Sulfonates, Phosphonates, and Thiophosphonates, Organic",MATCH
128-66-5,C.I. VAT YELLOW 4,"Hydrocarbons, Aromatic;Ketones",31412,"Hydrocarbons, Aromatic;Ketones",MATCH
128903-21-9,"2,2-DICHLORO-1,1,1,3,3-PENTAFLUOROPROPANE",Fluorinated Organic Compounds,62315,Fluorinated Organic Compounds,MATCH
129-00-0,PYRENE,"Hydrocarbons, Aromatic",31423,"Hydrocarbons, Aromatic",MATCH
129-06-6,WARFARIN SODIUM,"Alcohols and Polyols;Esters, Sulfate Esters, Phosphate Esters, Thiophosphate Esters, and Borate Esters;Ketones;Salts, Basic",16204922,"Alcohols and Polyols;Esters, Sulfate Esters, Phosphate Esters, Thiophosphate Esters, and Borate Esters;Ketones;Salts, Basic",MATCH
129-15-7,2-METHYL-1-NITROANTHRAQUINONE,"Ketones;Nitro, Nitroso, Nitrate, and Nitrite Compounds, Organic",31426,"Ketones;Nitro, Nitroso, Nitrate, and Nitrite Compounds, Organic",MATCH
129-17-9,SULFAN BLUE,"Amines, Aromatic;Conjugated Dienes;Quaternary Ammonium and Phosphonium Salts;Salts, Basic",8507,"Amines, Aromatic;Conjugated Dienes;Quaternary Ammonium and Phosphonium Salts;Salts, Basic",MATCH
1291-32-3,ZIRCONOCENE DICHLORIDE,"Acids, Strong Non-oxidizing;Organometallics",102092,"Acids, Strong Non-oxidizing;Organometallics",MATCH
1295-35-8,"BIS(1,5-CYCLOOCTADIENE)NICKEL","Hydrocarbons, Aliphatic Unsaturated;Organometallics",6433264,"Hydrocarbons, Aliphatic Unsaturated;Organometallics",MATCH
1299-86-1,ALUMINUM CARBIDE,"Nitrides, Phosphides, Carbides, and Silicides",16685054,"Nitrides, Phosphides, Carbides, and Silicides",MATCH
130-15-4,"1,4-NAPHTHOQUINONE",Ketones,8530,Ketones,MATCH
130-17-6,2-(4-AMINOPHENYL)-6-METHYLBENZOTHIAZOLE SULFONIC ACID,"Acids, Weak;Amines, Phosphines, and Pyridines;Sulfides, Organic",174223,"Acids, Weak;Amines, Phosphines, and Pyridines;Sulfides, Organic",MATCH
130-26-7,IODOCHLOROHYDROXYQUINOLINE,"Amines, Phosphines, and Pyridines;Aryl Halides;Phenols and Cresols",2788,"Amines, Phosphines, and Pyridines;Aryl Halides;Phenols and Cresols",MATCH
130-80-3,DIETHYLSTILBESTROL DIPROPIONATE,"Esters, Sulfate Esters, Phosphate Esters, Thiophosphate Esters, and Borate Esters;Hydrocarbons, Aliphatic Unsaturated;Hydrocarbons, Aromatic",657220,"Esters, Sulfate Esters, Phosphate Esters, Thiophosphate Esters, and Borate Esters;Hydrocarbons, Aliphatic Unsaturated;Hydrocarbons, Aromatic",MATCH
1300-71-6,XYLENOLS,"Hydrocarbons, Aromatic",10687,"Bases, Strong;Hydrocarbons, Aromatic;Phenols and Cresols",MATCH
1300-73-8,XYLIDINES,"Amines, Aromatic",56846457,"Amines, Aromatic",MATCH
13007-92-6,CHROMIUM CARBONYL,Organometallics,25589,Organometallics,MATCH
1301-70-8,FERRIC GLYCEROPHOSPHATE,"Esters, Sulfate Esters, Phosphate Esters, Thiophosphate Esters, and Borate Esters;Non-Redox-Active Inorganic Compounds",14765,"Esters, Sulfate Esters, Phosphate Esters, Thiophosphate Esters, and Borate Esters;Non-Redox-Active Inorganic Compounds",MATCH
13014-18-1,"2,4,ALPHA,ALPHA,ALPHA-PENTACHLOROTOLUENE",Aryl Halides;Halogenated Organic Compounds,25607,Aryl Halides;Halogenated Organic Compounds,MATCH
13014-24-9,"3,4,ALPHA,ALPHA,ALPHA-PENTACHLOROTOLUENE",Aryl Halides;Halogenated Organic Compounds,25608,Aryl Halides;Halogenated Organic Compounds,MATCH
13029-08-8,"2,2&#39;-DICHLOROBIPHENYL",Aryl Halides,25622,Aryl Halides,MATCH
1303-00-0,GALLIUM ARSENIDE,"Nitrides, Phosphides, Carbides, and Silicides",14770,"Nitrides, Phosphides, Carbides, and Silicides",MATCH
1303-28-2,ARSENIC PENTOXIDE,"Acids, Weak;Anhydrides;Oxidizing Agents, Weak",14771,"Acids, Weak;Anhydrides;Oxidizing Agents, Weak",MATCH
1303-33-9,ARSENIC TRISULFIDE,"Sulfides, Inorganic",71586773,"Sulfides, Inorganic",MATCH
1303-86-2,BORON OXIDE,"Salts, Acidic",11073337,"Salts, Acidic",MATCH
1304-28-5,BARIUM OXIDE,"Bases, Strong",62392,"Bases, Strong",MATCH
1304-29-6,BARIUM PEROXIDE,"Oxidizing Agents, Strong;Salts, Basic",14773,"Oxidizing Agents, Strong;Salts, Basic",MATCH
1304-56-9,BERYLLIUM OXIDE,"Bases, Strong",14775,"Bases, Strong",MATCH
1304-82-1,BISMUTH TELLURIDE,"Metals, Less Reactive agents",,,ERROR
13048-33-4,"1,6-HEXANEDIOL DIACRYLATE",Acrylates and Acrylic Acids;Polymerizable Compounds,25644,Acrylates and Acrylic Acids;Polymerizable Compounds,MATCH
1305-62-0,CALCIUM HYDROXIDE,"Bases, Weak",6093208,"Bases, Weak",MATCH
1305-78-8,CALCIUM OXIDE,"Bases, Strong",14778,"Bases, Strong",MATCH
1305-79-9,CALCIUM PEROXIDE,"Oxidizing Agents, Strong;Salts, Basic",14779,"Oxidizing Agents, Strong;Salts, Basic",MATCH
1305-99-3,CALCIUM PHOSPHIDE,"Nitrides, Phosphides, Carbides, and Silicides",14780,"Nitrides, Phosphides, Carbides, and Silicides",MATCH
13052-09-0,"2,5-DIMETHYL-2,5-DI-(2-ETHYLHEXANOYLPEROXY)HEXANE","Peroxides, Organic",114448,"Peroxides, Organic",MATCH
1306-19-0,CADMIUM OXIDE,"Salts, Basic",10197697,"Salts, Basic",MATCH
13071-79-9,TERBUFOS,"Esters, Sulfate Esters, Phosphate Esters, Thiophosphate Esters, and Borate Esters;Sulfides, Organic",25670,"Esters, Sulfate Esters, Phosphate Esters, Thiophosphate Esters, and Borate Esters;Sulfides, Organic",MATCH
1309-48-4,MAGNESIUM OXIDE,"Salts, Basic",14792,"Salts, Basic",MATCH
1309-60-0,LEAD DIOXIDE,"Oxidizing Agents, Strong",14793,"Oxidizing Agents, Strong",MATCH
1309-64-4,ANTIMONY TRIOXIDE,Non-Redox-Active Inorganic Compounds,14794,Non-Redox-Active Inorganic Compounds,MATCH
13098-39-0,HEXAFLUOROACETONE SESQUIHYDRATE,Fluorinated Organic Compounds;Ketones,3032602,Fluorinated Organic Compounds;Ketones,MATCH
131-11-3,DIMETHYL PHTHALATE,"Esters, Sulfate Esters, Phosphate Esters, Thiophosphate Esters, and Borate Esters",8554,"Esters, Sulfate Esters, Phosphate Esters, Thiophosphate Esters, and Borate Esters",MATCH
131-16-8,DI-N-PROPYL PHTHALATE,"Esters, Sulfate Esters, Phosphate Esters, Thiophosphate Esters, and Borate Esters",8559,"Esters, Sulfate Esters, Phosphate Esters, Thiophosphate Esters, and Borate Esters",MATCH
131-17-9,DIALLYL PHTHALATE,"Esters, Sulfate Esters, Phosphate Esters, Thiophosphate Esters, and Borate Esters;Hydrocarbons, Aliphatic Unsaturated;Polymerizable Compounds",8560,"Esters, Sulfate Esters, Phosphate Esters, Thiophosphate Esters, and Borate Esters;Hydrocarbons, Aliphatic Unsaturated;Polymerizable Compounds",MATCH
131-18-0,DI-N-PENTYL PHTHALATE,"Esters, Sulfate Esters, Phosphate Esters, Thiophosphate Esters, and Borate Esters",8561,"Esters, Sulfate Esters, Phosphate Esters, Thiophosphate Esters, and Borate Esters",MATCH
131-52-2,SODIUM PENTACHLOROPHENATE,Aryl Halides;Phenolic Salts,23663539,Aryl Halides;Phenolic Salts,MATCH
131-53-3,"2,2&#39;-DIHYDROXY-4-METHOXYBENZOPHENONE","Ethers;Hydrocarbons, Aromatic;Ketones;Phenols and Cresols",8569,"Ethers;Hydrocarbons, Aromatic;Ketones;Phenols and Cresols",MATCH
131-57-7,2-HYDROXY-4-METHOXYBENZOPHENONE,Ethers;Ketones;Phenols and Cresols,4632,Ethers;Ketones;Phenols and Cresols,MATCH
131-73-7,DIPICRYLAMINE,"Amines, Aromatic;Nitro, Nitroso, Nitrate, and Nitrite Compounds, Organic",8576,"Amines, Aromatic;Nitro, Nitroso, Nitrate, and Nitrite Compounds, Organic",MATCH
131-74-8,"AMMONIUM PICRATE, WETTED WITH NOT LESS THAN 10% WATER","Nitro, Nitroso, Nitrate, and Nitrite Compounds, Organic;Phenolic Salts;Salts, Acidic;Water and Aqueous Solutions",8577,"Nitro, Nitroso, Nitrate, and Nitrite Compounds, Organic;Phenolic Salts;Salts, Acidic;Water and Aqueous Solutions",MATCH
131-89-5,"2-CYCLOHEXYL-4,6-DINITROPHENOL","Nitro, Nitroso, Nitrate, and Nitrite Compounds, Organic;Phenols and Cresols",8540,"Nitro, Nitroso, Nitrate, and Nitrite Compounds, Organic;Phenols and Cresols",MATCH
131-92-0,C.I. VAT BROWN 3,"Amides and Imides;Amines, Phosphines, and Pyridines;Hydrocarbons, Aromatic;Ketones",8581,"Amides and Imides;Amines, Phosphines, and Pyridines;Hydrocarbons, Aromatic;Ketones",MATCH
1310-58-3,"POTASSIUM HYDROXIDE, SOLUTION","Bases, Strong;Water and Aqueous Solutions",14797,"Bases, Strong;Water and Aqueous Solutions",MATCH
1310-61-8,POTASSIUM HYDROSULFIDE,"Bases, Weak;Sulfides, Inorganic",102109,"Bases, Weak;Sulfides, Inorganic",MATCH
1310-65-2,"LITHIUM HYDROXIDE, SOLUTION","Bases, Strong;Water and Aqueous Solutions",3939,"Bases, Strong;Water and Aqueous Solutions",MATCH
1310-66-3,"LITHIUM HYDROXIDE, MONOHYDRATE","Bases, Strong",168937,"Bases, Strong",MATCH
1310-73-2,SODIUM HYDROXIDE SOLUTION,"Bases, Strong;Metal Hydrides, Metal Alkyls, Metal Aryls, and Silanes;Water and Aqueous Solutions",14798,"Bases, Strong;Metal Hydrides, Metal Alkyls, Metal Aryls, and Silanes;Water and Aqueous Solutions",MATCH
1310-82-3,RUBIDIUM HYDROXIDE,"Bases, Strong;Water and Aqueous Solutions",62393,"Bases, Strong;Water and Aqueous Solutions",MATCH
13114-72-2,"1-METHYL-3,3-DIPHENYLUREA","Amides and Imides;Amines, Aromatic",25711,"Amides and Imides;Amines, Aromatic",MATCH
1312-03-4,"MERCURIC SUBSULFATE, [SOLID]","Metals, Less Reactive agents;Oxidizing Agents, Weak;Salts, Basic",14799,"Metals, Less Reactive agents;Oxidizing Agents, Weak;Salts, Basic",MATCH
1312-73-8,"POTASSIUM SULFIDE, HYDRATED, WITH NOT LESS THAN 30% WATER OF CRYSTALLIZATION","Sulfides, Inorganic;Water and Aqueous Solutions",162263,"Sulfides, Inorganic;Water and Aqueous Solutions",MATCH
13121-70-5,CYHEXATIN,"Organometallics;Salts, Basic",9864905,"Organometallics;Salts, Basic",MATCH
13122-18-4,"TERT-BUTYL PEROXY-3,5,5-TRIMETHYLHEXANOATE","Peroxides, Organic",114465,"Peroxides, Organic",MATCH
1313-27-5,MOLYBDENUM TRIOXIDE,Non-Redox-Active Inorganic Compounds,14802,Non-Redox-Active Inorganic Compounds,MATCH
1313-60-6,SODIUM PEROXIDE,"Bases, Strong;Oxidizing Agents, Strong",14803,"Bases, Strong;Oxidizing Agents, Strong",MATCH
1313-82-2,"SODIUM SULFIDE, ANHYDROUS","Bases, Weak;Sulfides, Inorganic;Water and Aqueous Solutions",237873,"Bases, Weak;Sulfides, Inorganic;Water and Aqueous Solutions",MATCH
1313-99-1,NICKEL OXIDE,"Salts, Basic",179931,"Salts, Basic",MATCH
1314-13-2,"ZINC OXIDE, CRUDE","Salts, Basic",3007857,"Salts, Basic",MATCH
1314-18-7,STRONTIUM PEROXIDE,"Bases, Strong;Oxidizing Agents, Strong",14807,"Bases, Strong;Oxidizing Agents, Strong",MATCH
1314-20-1,"THORIUM OXIDE, [RADIOACTIVE MATERIAL, LOW SPECIFIC ACTIVITY]",Non-Redox-Active Inorganic Compounds,14808,Non-Redox-Active Inorganic Compounds,MATCH
1314-22-3,ZINC PEROXIDE,"Oxidizing Agents, Strong",14809,"Oxidizing Agents, Strong",MATCH
1314-32-5,THALLIC OXIDE,Non-Redox-Active Inorganic Compounds,3579754,Non-Redox-Active Inorganic Compounds,MATCH
1314-34-7,VANADIUM TRIOXIDE,"Salts, Basic",518710,"Salts, Basic",MATCH
1314-56-3,PHOSPHORIC ANHYDRIDE,"Acids, Weak;Anhydrides",6326975,"Acids, Weak;Anhydrides",MATCH
1314-62-1,VANADIUM PENTOXIDE,"Oxidizing Agents, Strong;Salts, Acidic",14814,"Oxidizing Agents, Strong;Salts, Acidic",MATCH
1314-64-3,URANYL SULFATE,Non-Redox-Active Inorganic Compounds,14815,Non-Redox-Active Inorganic Compounds,MATCH
1314-80-3,"PHOSPHORUS PENTASULFIDE, FREE FROM YELLOW AND WHITE PHOSPHORUS","Sulfides, Inorganic",14817,"Sulfides, Inorganic",MATCH
1314-84-7,ZINC PHOSPHIDE,"Nitrides, Phosphides, Carbides, and Silicides",25113606,"Nitrides, Phosphides, Carbides, and Silicides",MATCH
1314-85-8,"PHOSPHORUS SESQUISULFIDE, FREE FROM YELLOW AND WHITE PHOSPHORUS","Sulfides, Inorganic",14818,"Sulfides, Inorganic",MATCH
1314-87-0,LEAD SULFIDE,"Sulfides, Inorganic",9794739,"Sulfides, Inorganic",MATCH
1314-96-1,STRONTIUM SULFIDE,"Sulfides, Inorganic",14820,"Sulfides, Inorganic",MATCH
1314-98-3,ZINC SULFIDE,"Sulfides, Inorganic",9833931,"Sulfides, Inorganic",MATCH
1317-35-7,MANGANESE TETROXIDE,"Oxidizing Agents, Strong;Salts, Basic",90479253,"Oxidizing Agents, Strong;Salts, Basic",MATCH
1317-36-8,LITHARGE,Non-Redox-Active Inorganic Compounds,14827,Non-Redox-Active Inorganic Compounds,MATCH
1317-65-3,LIMESTONE,Carbonate Salts,,,ERROR
13171-21-6,PHOSPHAMIDON,"Amides and Imides;Esters, Sulfate Esters, Phosphate Esters, Thiophosphate Esters, and Borate Esters;Halogenated Organic Compounds;Hydrocarbons, Aliphatic Unsaturated",25750,"Amides and Imides;Esters, Sulfate Esters, Phosphate Esters, Thiophosphate Esters, and Borate Esters;Halogenated Organic Compounds;Hydrocarbons, Aliphatic Unsaturated",MATCH
13194-48-4,ETHOPROPHOS,"Esters, Sulfate Esters, Phosphate Esters, Thiophosphate Esters, and Borate Esters",3289,"Esters, Sulfate Esters, Phosphate Esters, Thiophosphate Esters, and Borate Esters",MATCH
132-20-7,PHENIRAMINE MALEATE,"Hydrocarbons, Aliphatic Unsaturated;Salts, Acidic",5282139,"Hydrocarbons, Aliphatic Unsaturated;Salts, Acidic",MATCH
132-27-4,SODIUM O-PHENYLPHENOXIDE,Phenolic Salts,23675735,Phenolic Salts,MATCH
132-32-1,3-AMINO-9-ETHYLCARBAZOLE,"Amines, Aromatic",8588,"Amines, Aromatic",MATCH
132-64-9,DIBENZOFURAN,"Ethers;Hydrocarbons, Aromatic",568,"Ethers;Hydrocarbons, Aromatic",MATCH
132-98-9,PENICILLIN VK+,"Amides and Imides;Salts, Acidic;Sulfides, Organic",23676814,"Amides and Imides;Salts, Acidic;Sulfides, Organic",MATCH
1320-67-8,POLYPROPYLENE GLYCOL METHYL ETHER,Alcohols and Polyols;Ethers,3032390,Alcohols and Polyols;Ethers,MATCH
1321-12-6,NITROTOLUENES,"Nitro, Nitroso, Nitrate, and Nitrite Compounds, Organic",6944,"Nitro, Nitroso, Nitrate, and Nitrite Compounds, Organic",MATCH
1321-31-9,PHENETIDINES,"Amines, Phosphines, and Pyridines;Ethers",7203,"Amines, Aromatic;Amines, Phosphines, and Pyridines;Ethers",MATCH
1321-64-8,PENTACHLORONAPHTHALENE,Aryl Halides,114878,Aryl Halides,MATCH
1321-65-9,TRICHLORONAPHTHALENE,Aryl Halides,524223,Aryl Halides,MATCH
1321-94-4,METHYLNAPHTHALENE,"Hydrocarbons, Aromatic",7002,"Hydrocarbons, Aromatic",MATCH
132259-10-0,"AIR, COMPRESSED","Oxidizing Agents, Strong;Oxidizing Agents, Weak",195130,"Oxidizing Agents, Strong;Oxidizing Agents, Weak",MATCH
1325-37-7,DIRECT YELLOW 11,"Azo, Diazo, Azido, Hydrazine, and Azide Compounds;Phenols and Cresols;Salts, Basic",,,ERROR
13256-06-9,N-NITROSODIAMYLAMINE,"Azo, Diazo, Azido, Hydrazine, and Azide Compounds;Nitro, Nitroso, Nitrate, and Nitrite Compounds, Organic",252237,"Azo, Diazo, Azido, Hydrazine, and Azide Compounds;Nitro, Nitroso, Nitrate, and Nitrite Compounds, Organic",MATCH
1326-03-0,C.I. PIGMENT VIOLET 1,"Amines, Phosphines, and Pyridines;Quaternary Ammonium and Phosphonium Salts",76045754,"Amines, Phosphines, and Pyridines;Quaternary Ammonium and Phosphonium Salts",MATCH
1327-41-9,ALUMINUM CHLOROHYDRATE SOLUTION,"Acids, Weak;Water and Aqueous Solutions",,,ERROR
1327-53-3,ARSENIC TRIOXIDE,"Reducing Agents, Weak;Salts, Acidic",14888,"Reducing Agents, Weak;Salts, Acidic",MATCH
1328-53-6,C.I. PIGMENT GREEN 7,"Amines, Phosphines, and Pyridines;Aryl Halides;Non-Redox-Active Inorganic Compounds",169274,"Amines, Phosphines, and Pyridines;Aryl Halides;Non-Redox-Active Inorganic Compounds",MATCH
13284-07-6,"4,4&#39;-DIACETYL-BIS(AMIDINOHYDRAZONE)CARBANILIDE DIHYDROCHLORIDE TRIHYDRATE","Amides and Imides;Azo, Diazo, Azido, Hydrazine, and Azide Compounds",6328182,"Amides and Imides;Azo, Diazo, Azido, Hydrazine, and Azide Compounds",MATCH
13284-42-9,2-PENTENENITRILE,"Hydrocarbons, Aliphatic Unsaturated;Nitriles",5364360,"Hydrocarbons, Aliphatic Unsaturated;Nitriles",MATCH
133-06-2,CAPTAN,"Amides and Imides;Halogenated Organic Compounds;Hydrocarbons, Aliphatic Unsaturated;Sulfides, Organic",8606,"Amides and Imides;Halogenated Organic Compounds;Hydrocarbons, Aliphatic Unsaturated;Sulfides, Organic",MATCH
133-07-3,FOLPET,"Amides and Imides;Halogenated Organic Compounds;Sulfides, Organic",8607,"Amides and Imides;Halogenated Organic Compounds;Sulfides, Organic",MATCH
133-14-2,"DI-(2,4-DICHLOROBENZOYL) PEROXIDE","Aryl Halides;Peroxides, Organic",61078,"Aryl Halides;Peroxides, Organic",MATCH
133-18-6,PHENETHYL ANTHRANILATE,"Amines, Aromatic;Esters, Sulfate Esters, Phosphate Esters, Thiophosphate Esters, and Borate Esters",8615,"Amines, Aromatic;Esters, Sulfate Esters, Phosphate Esters, Thiophosphate Esters, and Borate Esters",MATCH
133-55-1,"N,N&#39;-DINITROSO-N,N&#39;-DIMETHYL TEREPHTHALAMIDE","Amides and Imides;Nitro, Nitroso, Nitrate, and Nitrite Compounds, Organic",67246,"Amides and Imides;Nitro, Nitroso, Nitrate, and Nitrite Compounds, Organic",MATCH
133-90-4,CHLORAMBEN,"Acids, Carboxylic;Amines, Phosphines, and Pyridines;Aryl Halides;Halogenated Organic Compounds",8630,"Acids, Carboxylic;Amines, Phosphines, and Pyridines;Aryl Halides;Halogenated Organic Compounds",MATCH
1330-61-6,ISODECYL ACRYLATE,Acrylates and Acrylic Acids;Polymerizable Compounds,14899,Acrylates and Acrylic Acids;Polymerizable Compounds,MATCH
1332-07-6,ZINC BORATE,Non-Redox-Active Inorganic Compounds,,,ERROR
1332-21-4,ASBESTOS,Non-Redox-Active Inorganic Compounds;Siloxanes,,,ERROR
1332-58-7,KAOLIN,Non-Redox-Active Inorganic Compounds,,,ERROR
1333-39-7,"PHENOLSULFONIC ACID, LIQUID","Acids, Strong Oxidizing",15619088,"Acids, Strong Oxidizing",MATCH
1333-41-1,PICOLINES,"Amines, Phosphines, and Pyridines",7975,"Amines, Phosphines, and Pyridines",MATCH
1333-82-0,"CHROMIUM TRIOXIDE, ANHYDROUS","Anhydrides;Oxidizing Agents, Strong",14915,"Anhydrides;Oxidizing Agents, Strong",MATCH
1333-83-1,"SODIUM BIFLUORIDE, SOLID","Fluoride Salts, Soluble;Salts, Acidic;Water and Aqueous Solutions",219061,"Fluoride Salts, Soluble;Salts, Acidic;Water and Aqueous Solutions",MATCH
1333-86-4,CARBON BLACK,"Hydrocarbons, Aliphatic Saturated;Reducing Agents, Weak",5462310,"Hydrocarbons, Aliphatic Saturated;Reducing Agents, Weak",MATCH
1335-31-5,MERCURIC OXYCYANIDE,"Cyanides, Inorganic",56843208,"Cyanides, Inorganic",MATCH
1335-32-6,LEAD SUBACETATE,"Salts, Basic",5284406,"Salts, Basic",MATCH
1335-87-1,HEXACHLORONAPHTHALENE,Aryl Halides,,,ERROR
1335-88-2,TETRACHLORONAPHTHALENE,Aryl Halides,29910,Aryl Halides,MATCH
13356-08-6,FENBUTATIN OXIDE,"Hydrocarbons, Aromatic;Organometallics",16683004,"Hydrocarbons, Aromatic;Organometallics",MATCH
1336-21-6,AMMONIUM HYDROXIDE,"Bases, Weak;Water and Aqueous Solutions",14923,"Bases, Weak;Water and Aqueous Solutions",MATCH
13360-63-9,ETHYL-N-BUTYLAMINE,"Amines, Phosphines, and Pyridines",25914,"Amines, Phosphines, and Pyridines",MATCH
13366-73-9,PHOTODIELDRIN,Epoxides;Halogenated Organic Compounds,131872351,Epoxides;Halogenated Organic Compounds,MATCH
1337-81-1,"VINYLPYRIDINES, STABILIZED","Amines, Phosphines, and Pyridines;Hydrocarbons, Aliphatic Unsaturated;Polymerizable Compounds",7521,"Amines, Phosphines, and Pyridines;Hydrocarbons, Aliphatic Unsaturated;Polymerizable Compounds",MATCH
1338-02-9,COPPER NAPHTHENATE,"Hydrocarbons, Aliphatic Saturated;Salts, Basic",,,ERROR
1338-23-4,METHYL ETHYL KETONE PEROXIDE,"Acetals, Ketals, Hemiacetals, and Hemiketals;Peroxides, Organic",3672772,"Acetals, Ketals, Hemiacetals, and Hemiketals;Peroxides, Organic",MATCH
1338-24-5,NAPHTHENIC ACID,"Acids, Carboxylic",,,ERROR
13397-24-5,GYPSUM,Non-Redox-Active Inorganic Compounds,24928,Non-Redox-Active Inorganic Compounds,MATCH
134-03-2,SODIUM ASCORBATE,"Alcohols and Polyols;Esters, Sulfate Esters, Phosphate Esters, Thiophosphate Esters, and Borate Esters;Hydrocarbons, Aliphatic Unsaturated;Salts, Basic",23667548,"Alcohols and Polyols;Esters, Sulfate Esters, Phosphate Esters, Thiophosphate Esters, and Borate Esters;Hydrocarbons, Aliphatic Unsaturated;Salts, Basic",MATCH
134-20-3,METHYL ANTHRANILATE,"Amines, Aromatic;Esters, Sulfate Esters, Phosphate Esters, Thiophosphate Esters, and Borate Esters",8635,"Amines, Aromatic;Esters, Sulfate Esters, Phosphate Esters, Thiophosphate Esters, and Borate Esters",MATCH
134-29-2,O-ANISIDINE HYDROCHLORIDE,"Ethers;Salts, Acidic",8638,"Ethers;Salts, Acidic",MATCH
134-31-6,8-HYDROXYQUINOLINE SULFATE,"Phenols and Cresols;Salts, Acidic",517000,"Phenols and Cresols;Salts, Acidic",MATCH
134-32-7,ALPHA-NAPHTHYLAMINE,"Amines, Aromatic",8640,"Amines, Aromatic",MATCH
134-50-9,9-AMINOACRIDINE HYDROCHLORIDE,"Salts, Acidic",8643,"Salts, Acidic",MATCH
134-62-3,"N,N-DIETHYL-M-TOLUAMIDE",Amides and Imides,4284,Amides and Imides,MATCH
134-72-5,EPHEDRINE SULFATE,"Alcohols and Polyols;Hydrocarbons, Aromatic;Salts, Acidic",5359318,"Alcohols and Polyols;Hydrocarbons, Aromatic;Salts, Acidic",MATCH
1341-49-7,"AMMONIUM BIFLUORIDE, SOLID","Fluoride Salts, Soluble;Salts, Acidic;Water and Aqueous Solutions",14935,"Fluoride Salts, Soluble;Salts, Acidic;Water and Aqueous Solutions",MATCH
13410-01-0,SODIUM SELENATE,"Oxidizing Agents, Weak;Salts, Basic",25960,"Oxidizing Agents, Weak;Salts, Basic",MATCH
134190-37-7,DIETHYLDIISOCYANATOBENZENE,Isocyanates and Isothiocyanates,,,ERROR
134191-62-1,DIDYMIUM NITRATE,"Nitrate and Nitrite Compounds, Inorganic",,,ERROR
13424-46-9,LEAD AZIDE,"Azo, Diazo, Azido, Hydrazine, and Azide Compounds",61600,"Azo, Diazo, Azido, Hydrazine, and Azide Compounds",MATCH
1344-00-9,SODIUM ALUMINOSILICATE,"Salts, Basic;Siloxanes",72941443,"Salts, Basic;Siloxanes",MATCH
1344-40-7,"LEAD PHOSPHITE, DIBASIC","Salts, Basic",71300865,"Salts, Basic",MATCH
1344-48-5,MERCURIC SULFIDE,"Sulfides, Inorganic",62402,"Sulfides, Inorganic",MATCH
13446-10-1,AMMONIUM PERMANGANATE,"Oxidizing Agents, Strong;Salts, Acidic",61604,"Oxidizing Agents, Strong;Salts, Acidic",MATCH
13450-90-3,GALLIUM TRICHLORIDE,"Acids, Strong Non-oxidizing",26010,"Acids, Strong Non-oxidizing",MATCH
13450-97-0,STRONTIUM PERCHLORATE,"Oxidizing Agents, Strong",61607,"Oxidizing Agents, Strong",MATCH
13453-30-0,THALLIUM CHLORATE,"Oxidizing Agents, Strong",61610,"Oxidizing Agents, Strong",MATCH
13462-88-9,NICKEL BROMIDE,"Salts, Acidic",278492,"Salts, Acidic",MATCH
13463-41-7,ZINC PYRITHIONE,"Salts, Basic",26041,"Salts, Basic",MATCH
13463-67-7,TITANIUM DIOXIDE,Non-Redox-Active Inorganic Compounds,26042,Non-Redox-Active Inorganic Compounds,MATCH
13464-33-0,ZINC ARSENATE AND ZINC ARSENITE MIXTURE,"Oxidizing Agents, Weak;Salts, Basic",6451222,"Oxidizing Agents, Weak;Salts, Basic",MATCH
13466-78-9,CARENE,"Hydrocarbons, Aliphatic Unsaturated",26049,"Hydrocarbons, Aliphatic Unsaturated",MATCH
13472-08-7,"2,2&#39;-AZODI-(2-METHYLBUTYRONITRILE)","Azo, Diazo, Azido, Hydrazine, and Azide Compounds;Nitriles",93079,"Azo, Diazo, Azido, Hydrazine, and Azide Compounds;Nitriles",MATCH
13473-90-0,ALUMINUM NITRATE,"Nitrate and Nitrite Compounds, Inorganic",26053,"Nitrate and Nitrite Compounds, Inorganic",MATCH
13474-88-9,"1,1-DICHLORO-1,2,2,3,3-PENTAFLUOROPROPANE",Fluorinated Organic Compounds,61627,Fluorinated Organic Compounds,MATCH
134758-98-8,ALKYL THIADIAZOLE,"Amines, Phosphines, and Pyridines;Sulfides, Organic",,,ERROR
13477-10-6,"BARIUM HYPOCHLORITE, WITH MORE THAN 22% AVAILABLE CHLORINE","Oxidizing Agents, Strong;Salts, Basic",61628,"Oxidizing Agents, Strong;Salts, Basic",MATCH
13477-36-6,CALCIUM PERCHLORATE,"Oxidizing Agents, Strong",61629,"Oxidizing Agents, Strong",MATCH
13479-54-4,BIS(GLYCINATO) COPPER(II),"Salts, Basic",3032611,"Salts, Basic",MATCH
13494-80-9,TELLURIUM,"Metals, Less Reactive agents",6327182,"Metals, Less Reactive agents",MATCH
13494-90-1,GALLIUM NITRATE,"Nitrate and Nitrite Compounds, Inorganic",61635,"Nitrate and Nitrite Compounds, Inorganic",MATCH
135-20-6,CUPFERRON,"Azo, Diazo, Azido, Hydrazine, and Azide Compounds;Nitro, Nitroso, Nitrate, and Nitrite Compounds, Organic;Salts, Basic",2724103,"Azo, Diazo, Azido, Hydrazine, and Azide Compounds;Nitro, Nitroso, Nitrate, and Nitrite Compounds, Organic;Salts, Basic",MATCH
135-23-9,METHAPYRILENE HYDROCHLORIDE,"Amines, Phosphines, and Pyridines;Salts, Acidic;Sulfides, Organic",8667,"Amines, Phosphines, and Pyridines;Salts, Acidic;Sulfides, Organic",MATCH
135-88-6,N-PHENYL-2-NAPHTHYLAMINE,"Amines, Phosphines, and Pyridines",8679,"Amines, Phosphines, and Pyridines",MATCH
13506-76-8,2-METHYL-6-NITROBENZOIC ACID,"Acids, Carboxylic;Nitro, Nitroso, Nitrate, and Nitrite Compounds, Organic",16097,"Acids, Carboxylic;Nitro, Nitroso, Nitrate, and Nitrite Compounds, Organic",MATCH
135072-82-1,4-DIMETHYLAMINO-6-(2-DIMETHYLAMINOETHOXY)TOLUENE-2-DIAZONIUM ZINC CHLORIDE,"Amines, Phosphines, and Pyridines;Azo, Diazo, Azido, Hydrazine, and Azide Compounds;Diazonium Salts;Ethers;Salts, Acidic",,,ERROR
13530-65-9,ZINC CHROMATE,"Oxidizing Agents, Strong;Salts, Basic",26089,"Oxidizing Agents, Strong;Salts, Basic",MATCH
13537-32-1,"FLUOROPHOSPHORIC ACID, ANHYDROUS","Acids, Strong Non-oxidizing",24267,"Acids, Strong Non-oxidizing",MATCH
13552-21-1,1-AMINO-2-BUTANOL,"Alcohols and Polyols;Amines, Phosphines, and Pyridines",26107,"Alcohols and Polyols;Amines, Phosphines, and Pyridines",MATCH
13552-44-8,"4,4&#39;-METHYLENEDIANILINE DIHYDROCHLORIDE","Salts, Acidic",26108,"Salts, Acidic",MATCH
13597-54-1,ZINC SELENATE,"Oxidizing Agents, Weak;Salts, Basic",9813131,"Oxidizing Agents, Weak;Salts, Basic",MATCH
13598-36-2,PHOSPHOROUS ACID,"Acids, Weak",407,"Acids, Weak",MATCH
136-35-6,"1,3-DIPHENYLTRIAZENE","Azo, Diazo, Azido, Hydrazine, and Azide Compounds",8689,"Azo, Diazo, Azido, Hydrazine, and Azide Compounds",MATCH
136-40-3,PHENAZOPYRIDINE HYDROCHLORIDE,"Azo, Diazo, Azido, Hydrazine, and Azide Compounds;Salts, Acidic",8691,"Azo, Diazo, Azido, Hydrazine, and Azide Compounds;Salts, Acidic",MATCH
136-45-8,DIPROPYL ISOCINCHOMERONATE,"Amines, Phosphines, and Pyridines;Esters, Sulfate Esters, Phosphate Esters, Thiophosphate Esters, and Borate Esters",8693,"Amines, Phosphines, and Pyridines;Esters, Sulfate Esters, Phosphate Esters, Thiophosphate Esters, and Borate Esters",MATCH
136-77-6,P-HEXYLRESORCINOL,Phenols and Cresols,3610,Phenols and Cresols,MATCH
136-78-7,CRAG® HERBICIDE,"Aryl Halides;Esters, Sulfate Esters, Phosphate Esters, Thiophosphate Esters, and Borate Esters;Salts, Basic",23690431,"Aryl Halides;Esters, Sulfate Esters, Phosphate Esters, Thiophosphate Esters, and Borate Esters;Salts, Basic",MATCH
136-95-8,2-AMINOBENZOTHIAZOLE,"Amines, Phosphines, and Pyridines;Sulfides, Organic",8706,"Amines, Phosphines, and Pyridines;Sulfides, Organic",MATCH
136013-79-1,"1,3-DICHLORO-1,1,2,3,3-PENTAFLUOROPROPANE",Fluorinated Organic Compounds,62318,Fluorinated Organic Compounds,MATCH
13608-87-2,"2&#39;,3&#39;,4&#39;-TRICHLOROACETOPHENONE",Aryl Halides;Ketones,26132,Aryl Halides;Ketones,MATCH
13637-76-8,LEAD PERCHLORATE,"Oxidizing Agents, Strong",61655,"Oxidizing Agents, Strong",MATCH
13674-84-5,TRIS(1-CHLORO-2-PROPYL) PHOSPHATE,"Esters, Sulfate Esters, Phosphate Esters, Thiophosphate Esters, and Borate Esters;Halogenated Organic Compounds",26176,"Esters, Sulfate Esters, Phosphate Esters, Thiophosphate Esters, and Borate Esters;Halogenated Organic Compounds",MATCH
13674-87-8,"TRIS(1,3-DICHLORO-2-PROPYL)PHOSPHATE","Esters, Sulfate Esters, Phosphate Esters, Thiophosphate Esters, and Borate Esters;Halogenated Organic Compounds",26177,"Esters, Sulfate Esters, Phosphate Esters, Thiophosphate Esters, and Borate Esters;Halogenated Organic Compounds",MATCH
13682-73-0,POTASSIUM CUPROCYANIDE,"Cyanides, Inorganic",61666,"Cyanides, Inorganic",MATCH
13684-56-5,DESMEDIPHAM,Carbamates,24743,Carbamates,MATCH
13684-63-4,PHENMEDIPHAM,Carbamates,24744,Carbamates,MATCH
137-05-3,METHYL 2-CYANOACRYLATE,Acrylates and Acrylic Acids;Nitriles;Polymerizable Compounds,8711,Acrylates and Acrylic Acids;Nitriles;Polymerizable Compounds,MATCH
137-09-7,"2,4-DIAMINOPHENOL DIHYDROCHLORIDE","Phenols and Cresols;Salts, Acidic",8715,"Phenols and Cresols;Salts, Acidic",MATCH
137-17-7,"2,4,5-TRIMETHYLANILINE","Amines, Aromatic",8717,"Amines, Aromatic",MATCH
137-26-8,THIRAM,Thiocarbamate Esters and Salts/Dithiocarbamate Esters and Salts,5455,Thiocarbamate Esters and Salts/Dithiocarbamate Esters and Salts,MATCH
137-30-4,ZIRAM,Thiocarbamate Esters and Salts/Dithiocarbamate Esters and Salts,8722,Thiocarbamate Esters and Salts/Dithiocarbamate Esters and Salts,MATCH
137-41-7,POTASSIUM N-METHYLDITHIOCARBAMATE,Thiocarbamate Esters and Salts/Dithiocarbamate Esters and Salts;Water and Aqueous Solutions,23690432,Thiocarbamate Esters and Salts/Dithiocarbamate Esters and Salts;Water and Aqueous Solutions,MATCH
137-42-8,"METAM SODIUM (COMPOUNDS, WEED, KILLING, LIQUID)",Thiocarbamate Esters and Salts/Dithiocarbamate Esters and Salts;Water and Aqueous Solutions,5366415,Thiocarbamate Esters and Salts/Dithiocarbamate Esters and Salts;Water and Aqueous Solutions,MATCH
137-89-3,BIS(2-ETHYLHEXYL) ISOPHTHALATE,"Esters, Sulfate Esters, Phosphate Esters, Thiophosphate Esters, and Borate Esters",8733,"Esters, Sulfate Esters, Phosphate Esters, Thiophosphate Esters, and Borate Esters",MATCH
13718-26-8,SODIUM VANADATE,"Oxidizing Agents, Weak;Salts, Basic",4148882,"Oxidizing Agents, Weak;Salts, Basic",MATCH
13718-59-7,BARIUM SELENITE,Sulfite and Thiosulfate Salts,166893,Sulfite and Thiosulfate Salts,MATCH
13746-89-9,ZIRCONIUM NITRATE,"Nitrate and Nitrite Compounds, Inorganic",26251,"Nitrate and Nitrite Compounds, Inorganic",MATCH
13762-51-1,POTASSIUM BOROHYDRIDE,"Metal Hydrides, Metal Alkyls, Metal Aryls, and Silanes",4192641,"Metal Hydrides, Metal Alkyls, Metal Aryls, and Silanes",MATCH
13765-19-0,CALCIUM CHROMATE,"Oxidizing Agents, Strong;Salts, Basic",26264,"Oxidizing Agents, Strong;Salts, Basic",MATCH
13768-86-0,SELENIUM TRIOXIDE,"Oxidizing Agents, Strong",115128,"Oxidizing Agents, Strong",MATCH
13769-43-2,POTASSIUM METAVANADATE,"Oxidizing Agents, Weak;Salts, Basic",4571336,"Oxidizing Agents, Weak;Salts, Basic",MATCH
13770-96-2,SODIUM ALUMINUM HYDRIDE,"Metal Hydrides, Metal Alkyls, Metal Aryls, and Silanes",26266,"Metal Hydrides, Metal Alkyls, Metal Aryls, and Silanes",MATCH
13774-25-9,MAGNESIUM BISULFITE SOLUTION,Sulfite and Thiosulfate Salts;Water and Aqueous Solutions,10130272,Sulfite and Thiosulfate Salts;Water and Aqueous Solutions,MATCH
13779-41-4,"DIFLUOROPHOSPHORIC ACID, ANHYDROUS","Acids, Strong Non-oxidizing;Acyl Halides, Sulfonyl Halides, and Chloroformates;Fluoride Salts, Soluble",61681,"Acids, Strong Non-oxidizing;Acyl Halides, Sulfonyl Halides, and Chloroformates;Fluoride Salts, Soluble",MATCH
13780-03-5,"CALCIUM HYDROGEN SULFITE, SOLUTION",Sulfite and Thiosulfate Salts;Water and Aqueous Solutions,26268,Sulfite and Thiosulfate Salts;Water and Aqueous Solutions,MATCH
138-89-6,P-NITROSODIMETHYLANILINE,"Amines, Aromatic;Nitro, Nitroso, Nitrate, and Nitrite Compounds, Organic",8749,"Amines, Aromatic;Nitro, Nitroso, Nitrate, and Nitrite Compounds, Organic",MATCH
138-93-2,DISODIUM CYANODITHIOIMIDOCARBONATE,"Nitriles;Salts, Basic;Thiocarbamate Esters and Salts/Dithiocarbamate Esters and Salts",61088,"Nitriles;Salts, Basic;Thiocarbamate Esters and Salts/Dithiocarbamate Esters and Salts",MATCH
13814-96-5,LEAD FLUOBORATE,Non-Redox-Active Inorganic Compounds;Water and Aqueous Solutions,12598180,Non-Redox-Active Inorganic Compounds;Water and Aqueous Solutions,MATCH
13826-83-0,AMMONIUM FLUOBORATE,"Salts, Acidic",9964072,"Salts, Acidic",MATCH
13826-88-5,ZINC FLUOROBORATE,"Salts, Acidic;Water and Aqueous Solutions",9881215,"Salts, Acidic;Water and Aqueous Solutions",MATCH
13838-16-9,ENFLURANE,Ethers;Fluorinated Organic Compounds;Halogenated Organic Compounds,3226,Ethers;Fluorinated Organic Compounds;Halogenated Organic Compounds,MATCH
13840-33-0,LITHIUM HYPOCHLORITE MIXTURE,"Oxidizing Agents, Strong;Salts, Basic",23665767,,NO_PUBCHEM_DATA
13843-81-7,LITHIUM DICHROMATE,"Oxidizing Agents, Strong;Salts, Basic",61692,"Oxidizing Agents, Strong;Salts, Basic",MATCH
13889-92-4,S-(N-PROPYL)CHLOROTHIOFORMIC ACID,"Acyl Halides, Sulfonyl Halides, and Chloroformates;Esters, Sulfate Esters, Phosphate Esters, Thiophosphate Esters, and Borate Esters",26323,"Acyl Halides, Sulfonyl Halides, and Chloroformates;Esters, Sulfate Esters, Phosphate Esters, Thiophosphate Esters, and Borate Esters",MATCH
139-02-6,"SODIUM PHENOLATE, SOLID",Phenolic Salts,66602278,Phenolic Salts,MATCH
139-05-9,SODIUM CYCLAMATE,"Amines, Phosphines, and Pyridines;Salts, Basic",23665706,"Amines, Phosphines, and Pyridines;Salts, Basic",MATCH
139-13-9,NITRILOTRIACETIC ACID,"Acids, Carboxylic;Amines, Phosphines, and Pyridines",8758,"Acids, Carboxylic;Amines, Phosphines, and Pyridines",MATCH
139-25-3,"3,3&#39;-DIMETHYL DIPHENYLMETHANE-4,4&#39;-DIISOCYANATE",Isocyanates and Isothiocyanates,61090,Isocyanates and Isothiocyanates,MATCH
139-65-1,"4,4&#39;-THIODIANILINE","Amines, Aromatic;Sulfides, Organic",8765,"Amines, Aromatic;Sulfides, Organic",MATCH
139-87-7,ETHYLDIETHANOLAMINE,"Alcohols and Polyols;Amines, Phosphines, and Pyridines",8769,"Alcohols and Polyols;Amines, Phosphines, and Pyridines",MATCH
139-94-6,NITHIAZIDE,"Amides and Imides;Nitro, Nitroso, Nitrate, and Nitrite Compounds, Organic;Sulfides, Organic",8776,"Amides and Imides;Nitro, Nitroso, Nitrate, and Nitrite Compounds, Organic;Sulfides, Organic",MATCH
139-96-8,"DODECYL SULFATE, [TRIETHANOLAMINE SALT]","Alcohols and Polyols;Amines, Phosphines, and Pyridines;Salts, Acidic",8777,"Alcohols and Polyols;Amines, Phosphines, and Pyridines;Salts, Acidic",MATCH
13909-09-6,1-(2-CHLOROETHYL)-3-(4-METHYLCYCLOHEXYL)-1-NITROSOUREA,"Amides and Imides;Halogenated Organic Compounds;Nitro, Nitroso, Nitrate, and Nitrite Compounds, Organic",5198,"Amides and Imides;Halogenated Organic Compounds;Nitro, Nitroso, Nitrate, and Nitrite Compounds, Organic",MATCH
13961-86-9,OLEIC ACID DIETHANOLAMINE CONDENSATE (1/1),"Acids, Carboxylic;Alcohols and Polyols;Amines, Phosphines, and Pyridines",6433588,"Acids, Carboxylic;Alcohols and Polyols;Amines, Phosphines, and Pyridines",MATCH
13967-90-3,BARIUM BROMATE,"Oxidizing Agents, Strong",61706,"Oxidizing Agents, Strong",MATCH
1397-94-0,ANTIMYCIN A,"Amides and Imides;Amines, Aromatic;Esters, Sulfate Esters, Phosphate Esters, Thiophosphate Esters, and Borate Esters",14957,"Amides and Imides;Amines, Aromatic;Esters, Sulfate Esters, Phosphate Esters, Thiophosphate Esters, and Borate Esters",MATCH
13983-17-0,WOLLASTONITE,"Bases, Weak;Salts, Basic;Siloxanes",26370,"Bases, Weak;Salts, Basic;Siloxanes",MATCH
13987-01-4,TRIPROPYLENE,"Hydrocarbons, Aliphatic Unsaturated;Polymerizable Compounds",26374,"Hydrocarbons, Aliphatic Unsaturated;Polymerizable Compounds",MATCH
140-08-9,TRIS(2-CHLOROETHYL)PHOSPHITE,"Halogenated Organic Compounds;Reducing Agents, Weak;Sulfonates, Phosphonates, and Thiophosphonates, Organic",8783,"Halogenated Organic Compounds;Reducing Agents, Weak;Sulfonates, Phosphonates, and Thiophosphonates, Organic",MATCH
140-49-8,4&#39;-(CHLOROACETYL)ACETANILIDE,"Amides and Imides;Amines, Aromatic;Halogenated Organic Compounds;Ketones",8805,"Amides and Imides;Amines, Aromatic;Halogenated Organic Compounds;Ketones",MATCH
140-56-7,FORMULATED FENAMINOSULF,"Amines, Aromatic;Azo, Diazo, Azido, Hydrazine, and Azide Compounds;Salts, Basic",23668198,"Amines, Aromatic;Azo, Diazo, Azido, Hydrazine, and Azide Compounds;Salts, Basic",MATCH
140-64-7,PENTAMIDINE ISETHIONATE,"Alcohols and Polyols;Ethers;Salts, Acidic;Sulfonates, Phosphonates, and Thiophosphonates, Organic",8813,"Alcohols and Polyols;Ethers;Salts, Acidic;Sulfonates, Phosphonates, and Thiophosphonates, Organic",MATCH
140-67-0,ESTRAGOLE,"Ethers;Hydrocarbons, Aliphatic Unsaturated",8815,"Ethers;Hydrocarbons, Aliphatic Unsaturated",MATCH
140-80-7,2-AMINO-5-DIETHYLAMINOPENTANE,"Amines, Phosphines, and Pyridines",78953,"Amines, Phosphines, and Pyridines",MATCH
140-82-9,DIETHYLAMINOETHOXYETHANOL,"Alcohols and Polyols;Amines, Phosphines, and Pyridines",67327,"Alcohols and Polyols;Amines, Phosphines, and Pyridines",MATCH
1401-55-4,TANNIC ACID,"Esters, Sulfate Esters, Phosphate Esters, Thiophosphate Esters, and Borate Esters;Phenols and Cresols",,,ERROR
14017-41-5,COBALTOUS SULFAMATE,"Salts, Basic",26398,"Salts, Basic",MATCH
14018-95-2,ZINC DICHROMATE,"Oxidizing Agents, Strong;Salts, Basic",26399,"Oxidizing Agents, Strong;Salts, Basic",MATCH
14019-91-1,CALCIUM SELENATE,"Oxidizing Agents, Weak;Salts, Basic",131873465,"Oxidizing Agents, Weak;Salts, Basic",MATCH
1405-41-0,GENTAMYCIN SULFATE,"Acetals, Ketals, Hemiacetals, and Hemiketals;Salts, Acidic",9855350,"Acetals, Ketals, Hemiacetals, and Hemiketals;Salts, Acidic",MATCH
1406-16-2,VITAMIN D3 EMULSIFIABLE,"Alcohols and Polyols;Conjugated Dienes;Hydrocarbons, Aliphatic Unsaturated",,,ERROR
1406-66-2,ALPHA-TOCOPHEROL,Alcohols and Polyols,14986,Alcohols and Polyols,MATCH
141-38-8,"9,10-EPOXYOCTADECANOIC ACID, 2-ETHYLHEXYL ESTER","Epoxides;Esters, Sulfate Esters, Phosphate Esters, Thiophosphate Esters, and Borate Esters",8847,"Epoxides;Esters, Sulfate Esters, Phosphate Esters, Thiophosphate Esters, and Borate Esters",MATCH
141-59-3,TERT-OCTYL MERCAPTAN,"Sulfides, Organic",8851,"Sulfides, Organic",MATCH
141-66-2,DICROTOPHOS,"Amides and Imides;Esters, Sulfate Esters, Phosphate Esters, Thiophosphate Esters, and Borate Esters;Hydrocarbons, Aliphatic Unsaturated",5371560,"Amides and Imides;Esters, Sulfate Esters, Phosphate Esters, Thiophosphate Esters, and Borate Esters;Hydrocarbons, Aliphatic Unsaturated",MATCH
141-75-3,BUTYRYL CHLORIDE,"Acyl Halides, Sulfonyl Halides, and Chloroformates",8855,"Acyl Halides, Sulfonyl Halides, and Chloroformates",MATCH
141-82-2,MALONIC ACID,"Acids, Carboxylic",867,"Acids, Carboxylic",MATCH
141-84-4,RHODANINE,"Amides and Imides;Sulfides, Organic",1201546,"Amides and Imides;Sulfides, Organic",MATCH
141-91-3,"2,6-DIMETHYL MORPHOLINE","Amines, Phosphines, and Pyridines",110862,"Amines, Phosphines, and Pyridines",MATCH
14124-68-6,SELENATES,"Oxidizing Agents, Weak;Salts, Basic",26473,"Oxidizing Agents, Weak;Salts, Basic",MATCH
14167-18-1,SALCOMINE,"Amines, Phosphines, and Pyridines;Phenolic Salts;Salts, Acidic",26517,"Amines, Phosphines, and Pyridines;Phenolic Salts;Salts, Acidic",MATCH
142-04-1,ANILINE HYDROCHLORIDE,"Salts, Acidic",8870,"Salts, Acidic",MATCH
142-09-6,N-HEXYL METHACRYLATE,Acrylates and Acrylic Acids;Polymerizable Compounds,8872,Acrylates and Acrylic Acids;Polymerizable Compounds,MATCH
142-46-1,"2,5-DITHIOBIUREA","Azo, Diazo, Azido, Hydrazine, and Azide Compounds;Thiocarbamate Esters and Salts/Dithiocarbamate Esters and Salts",2724564,"Azo, Diazo, Azido, Hydrazine, and Azide Compounds;Thiocarbamate Esters and Salts/Dithiocarbamate Esters and Salts",MATCH
142-47-2,MONOSODIUM GLUTAMATE,"Salts, Acidic",23689119,"Salts, Acidic",MATCH
142-59-6,NABAM,Thiocarbamate Esters and Salts/Dithiocarbamate Esters and Salts,3032297,Thiocarbamate Esters and Salts/Dithiocarbamate Esters and Salts,MATCH
142-64-3,PIPERAZINE DIHYDROCHLORIDE,"Salts, Acidic",8893,"Salts, Acidic",MATCH
142-71-2,CUPRIC ACETATE,"Salts, Basic",8895,"Salts, Basic",MATCH
142-78-9,LAURYL ETHANOLAMIDE,Alcohols and Polyols;Amides and Imides,8899,Alcohols and Polyols;Amides and Imides,MATCH
142-88-1,PIPERAZINE ADIPATE,"Salts, Acidic",8905,"Salts, Acidic",MATCH
142-90-5,DODECYL METHACRYLATE,Acrylates and Acrylic Acids;Polymerizable Compounds,8906,Acrylates and Acrylic Acids;Polymerizable Compounds,MATCH
1420-04-8,CLONITRALID,"Amides and Imides;Amines, Phosphines, and Pyridines;Aryl Halides;Nitro, Nitroso, Nitrate, and Nitrite Compounds, Organic;Phenols and Cresols",14992,"Amides and Imides;Amines, Phosphines, and Pyridines;Aryl Halides;Nitro, Nitroso, Nitrate, and Nitrite Compounds, Organic;Phenols and Cresols",MATCH
1420-07-1,DINOTERB,"Nitro, Nitroso, Nitrate, and Nitrite Compounds, Organic;Phenols and Cresols",14994,"Nitro, Nitroso, Nitrate, and Nitrite Compounds, Organic;Phenols and Cresols",MATCH
14255-87-9,PARBENDAZOLE,"Amines, Phosphines, and Pyridines;Carbamates",26596,"Amines, Phosphines, and Pyridines;Carbamates",MATCH
142582-74-9,AMSCO SOLVENT F,"Hydrocarbons, Aromatic",,,ERROR
14264-31-4,"SODIUM CUPROCYANIDE, SOLID","Cyanides, Inorganic;Non-Redox-Active Inorganic Compounds;Water and Aqueous Solutions",,,ERROR
142868-93-7,"1,4-BIS(2-CHLOROETHYLTHIO)-N-BUTANE","Halogenated Organic Compounds;Reducing Agents, Strong;Sulfides, Organic",518918,"Halogenated Organic Compounds;Reducing Agents, Strong;Sulfides, Organic",MATCH
142868-94-8,"1,5-BIS(2-CHLOROETHYLTHIO)-N-PENTANE","Halogenated Organic Compounds;Reducing Agents, Strong;Sulfides, Organic",22608774,"Halogenated Organic Compounds;Reducing Agents, Strong;Sulfides, Organic",MATCH
14293-73-3,POTASSIUM DITHIONITE,Anhydrides,61726,Anhydrides,MATCH
143-00-0,"DODECYL SULFATE, [DIETHANOLAMINE SALT]","Alcohols and Polyols;Esters, Sulfate Esters, Phosphate Esters, Thiophosphate Esters, and Borate Esters;Salts, Acidic",8910,"Alcohols and Polyols;Esters, Sulfate Esters, Phosphate Esters, Thiophosphate Esters, and Borate Esters;Salts, Acidic",MATCH
143-07-7,LAURIC ACID,"Acids, Carboxylic",3893,"Acids, Carboxylic",MATCH
143-08-8,NONANOL,Alcohols and Polyols,8914,Alcohols and Polyols,MATCH
143-10-2,1-DECANETHIOL,"Sulfides, Organic",8917,"Sulfides, Organic",MATCH
143-13-5,NONYL ACETATE,"Esters, Sulfate Esters, Phosphate Esters, Thiophosphate Esters, and Borate Esters",8918,"Esters, Sulfate Esters, Phosphate Esters, Thiophosphate Esters, and Borate Esters",MATCH
143-16-8,DIHEXYLAMINE,"Amines, Phosphines, and Pyridines",8920,"Amines, Phosphines, and Pyridines",MATCH
143-18-0,POTASSIUM OLEATE,"Hydrocarbons, Aliphatic Unsaturated;Salts, Basic",23665571,"Hydrocarbons, Aliphatic Unsaturated;Salts, Basic",MATCH
143-19-1,"OLEIC ACID, [SODIUM SALT]","Hydrocarbons, Aliphatic Unsaturated;Salts, Basic",23665730,"Hydrocarbons, Aliphatic Unsaturated;Salts, Basic",MATCH
143-23-7,BIS-HEXAMETHYLENE TRIAMINE,"Amines, Phosphines, and Pyridines",8924,"Amines, Phosphines, and Pyridines",MATCH
143-27-1,HEXADECYLAMINE,"Amines, Phosphines, and Pyridines",8926,"Amines, Phosphines, and Pyridines",MATCH
143-33-9,SODIUM CYANIDE,"Bases, Weak;Cyanides, Inorganic;Water and Aqueous Solutions",8929,"Bases, Weak;Cyanides, Inorganic;Water and Aqueous Solutions",MATCH
143-50-0,KEPONE,Halogenated Organic Compounds;Ketones,299,Halogenated Organic Compounds;Ketones,MATCH
143-67-9,VINBLASTINE SULFATE,"Alcohols and Polyols;Esters, Sulfate Esters, Phosphate Esters, Thiophosphate Esters, and Borate Esters;Salts, Acidic",5388983,"Alcohols and Polyols;Esters, Sulfate Esters, Phosphate Esters, Thiophosphate Esters, and Borate Esters;Salts, Acidic",MATCH
14302-13-7,C.I. PIGMENT GREEN 36,"Amines, Phosphines, and Pyridines;Aryl Halides;Non-Redox-Active Inorganic Compounds",61729,"Amines, Phosphines, and Pyridines;Aryl Halides;Non-Redox-Active Inorganic Compounds",MATCH
14307-35-8,LITHIUM CHROMATE,"Oxidizing Agents, Strong;Salts, Basic",26627,"Oxidizing Agents, Strong;Salts, Basic",MATCH
14311-93-4,ZIRCONIUM ACETATE,Non-Redox-Active Inorganic Compounds;Water and Aqueous Solutions,84343,Non-Redox-Active Inorganic Compounds;Water and Aqueous Solutions,MATCH
14333-13-2,"PERMANGANATE, N.O.S.","Oxidizing Agents, Strong",24401,"Oxidizing Agents, Strong",MATCH
144-55-8,SODIUM BICARBONATE,Carbonate Salts,516892,Carbonate Salts,MATCH
144-62-7,OXALIC ACID,"Acids, Carboxylic",971,"Acids, Carboxylic",MATCH
144-80-9,SULFACETAMIDE,"Amides and Imides;Amines, Aromatic;Sulfonates, Phosphonates, and Thiophosphonates, Organic",5320,"Amides and Imides;Amines, Aromatic;Sulfonates, Phosphonates, and Thiophosphonates, Organic",MATCH
144-82-1,SULFAMETHIZOLE,"Amines, Aromatic;Azo, Diazo, Azido, Hydrazine, and Azide Compounds;Sulfides, Organic",5328,"Amines, Aromatic;Azo, Diazo, Azido, Hydrazine, and Azide Compounds;Sulfides, Organic",MATCH
144-83-2,SULFAPYRIDINE,"Amines, Phosphines, and Pyridines;Sulfonates, Phosphonates, and Thiophosphonates, Organic",5336,"Amines, Phosphines, and Pyridines;Sulfonates, Phosphonates, and Thiophosphonates, Organic",MATCH
1445-76-7,CHLOROSARIN,"Acyl Halides, Sulfonyl Halides, and Chloroformates;Sulfonates, Phosphonates, and Thiophosphonates, Organic",102124,"Acyl Halides, Sulfonyl Halides, and Chloroformates;Sulfonates, Phosphonates, and Thiophosphonates, Organic",MATCH
14452-57-4,MAGNESIUM PEROXIDE,"Oxidizing Agents, Strong;Salts, Basic",61745,"Oxidizing Agents, Strong;Salts, Basic",MATCH
14484-64-1,FERBAM,Thiocarbamate Esters and Salts/Dithiocarbamate Esters and Salts,26710,Thiocarbamate Esters and Salts/Dithiocarbamate Esters and Salts,MATCH
14486-19-2,CADMIUM FLUOROBORATE,"Salts, Acidic;Water and Aqueous Solutions",12886773,"Salts, Acidic;Water and Aqueous Solutions",MATCH
145-73-3,ENDOTHALL,"Acids, Carboxylic;Ethers",168842,"Acids, Carboxylic;Ethers",MATCH
14504-75-7,CYTOXAL ALCOHOL,"Alcohols and Polyols;Amines, Phosphines, and Pyridines;Halogenated Organic Compounds;Sulfonates, Phosphonates, and Thiophosphonates, Organic",20530,"Alcohols and Polyols;Amines, Phosphines, and Pyridines;Halogenated Organic Compounds;Sulfonates, Phosphonates, and Thiophosphonates, Organic",MATCH
14519-07-4,ZINC BROMATE,"Oxidizing Agents, Strong",61749,"Oxidizing Agents, Strong",MATCH
14519-17-6,MAGNESIUM BROMATE,"Oxidizing Agents, Strong",61750,"Oxidizing Agents, Strong",MATCH
1455-21-6,1-NONANETHIOL,"Sulfides, Organic",15077,"Sulfides, Organic",MATCH
1455-77-2,GUANAZOLE,"Amines, Phosphines, and Pyridines;Azo, Diazo, Azido, Hydrazine, and Azide Compounds",15078,"Amines, Phosphines, and Pyridines;Azo, Diazo, Azido, Hydrazine, and Azide Compounds",MATCH
14552-35-3,CUPRIETHYLENEDIAMINE HYDROXIDE SOLUTION,"Amines, Phosphines, and Pyridines;Salts, Basic;Water and Aqueous Solutions",,,ERROR
1459-10-5,TETRADECYLBENZENE,"Hydrocarbons, Aromatic",15086,"Hydrocarbons, Aromatic",MATCH
146-59-8,ICR 170,"Amines, Phosphines, and Pyridines;Aryl Halides;Ethers;Halogenated Organic Compounds;Salts, Acidic",8971,"Amines, Phosphines, and Pyridines;Aryl Halides;Ethers;Halogenated Organic Compounds;Salts, Acidic",MATCH
146-84-9,"SILVER PICRATE, WETTED WITH NOT LESS THAN 30% WATER","Nitro, Nitroso, Nitrate, and Nitrite Compounds, Organic;Oxidizing Agents, Strong;Phenolic Salts;Water and Aqueous Solutions",8976,"Nitro, Nitroso, Nitrate, and Nitrite Compounds, Organic;Oxidizing Agents, Strong;Phenolic Salts;Water and Aqueous Solutions",MATCH
1462-84-6,"2,3,6-COLLIDINE","Amines, Phosphines, and Pyridines",15100,"Amines, Phosphines, and Pyridines",MATCH
14644-61-2,ZIRCONIUM SULFATE,"Salts, Acidic",26793,"Salts, Acidic",MATCH
1465-25-4,N-(1-NAPHTHYL)ETHYLENEDIAMINE DIHYDROCHLORIDE,"Amines, Phosphines, and Pyridines;Salts, Basic",15106,"Amines, Phosphines, and Pyridines;Salts, Basic",MATCH
14666-78-5,DIETHYL PEROXYDICARBONATE,"Peroxides, Organic",61756,"Peroxides, Organic",MATCH
1467-79-4,DIMETHYL CYANAMIDE,"Amines, Phosphines, and Pyridines;Nitriles",15112,"Amines, Phosphines, and Pyridines;Nitriles",MATCH
14674-72-7,CALCIUM CHLORITE,"Oxidizing Agents, Strong;Salts, Basic",61757,"Oxidizing Agents, Strong;Salts, Basic",MATCH
14684-25-4,BENZENE PHOSPHORUS THIODICHLORIDE,"Acyl Halides, Sulfonyl Halides, and Chloroformates;Halogenating Agents",61759,"Acyl Halides, Sulfonyl Halides, and Chloroformates;Halogenating Agents",MATCH
147-14-8,BLUE 15 B,"Amines, Phosphines, and Pyridines;Hydrocarbons, Aromatic;Non-Redox-Active Inorganic Compounds",6531516,"Amines, Phosphines, and Pyridines;Hydrocarbons, Aromatic;Non-Redox-Active Inorganic Compounds",MATCH
147-24-0,DIPHENHYDRAMINE HYDROCHLORIDE,"Ethers;Hydrocarbons, Aromatic;Salts, Acidic",8980,"Ethers;Hydrocarbons, Aromatic;Salts, Acidic",MATCH
147-47-7,"1,2-DIHYDRO-2,2,4-TRIMETHYLQUINOLINE","Amines, Phosphines, and Pyridines;Hydrocarbons, Aliphatic Unsaturated;Hydrocarbons, Aromatic",8981,"Amines, Phosphines, and Pyridines;Hydrocarbons, Aliphatic Unsaturated;Hydrocarbons, Aromatic",MATCH
147-94-4,CYTARABINE,"Alcohols and Polyols;Amines, Phosphines, and Pyridines;Ethers;Hydrocarbons, Aliphatic Unsaturated",6253,"Alcohols and Polyols;Amines, Phosphines, and Pyridines;Ethers;Hydrocarbons, Aliphatic Unsaturated",MATCH
14708-14-6,NICKEL FLUOROBORATE,Non-Redox-Active Inorganic Compounds;Water and Aqueous Solutions,61765,Non-Redox-Active Inorganic Compounds;Water and Aqueous Solutions,MATCH
1477-42-5,2-AMINO-4-METHYLBENZOTHIAZOLE,"Amines, Phosphines, and Pyridines;Ketones",15132,"Amines, Phosphines, and Pyridines;Ketones",MATCH
1477-55-0,"M-XYLENE-ALPHA,ALPHA&#39;-DIAMINE","Amines, Aromatic",15133,"Amines, Aromatic",MATCH
14797-65-0,"NITRITES, INORGANIC, N.O.S.","Nitrate and Nitrite Compounds, Inorganic",946,"Nitrate and Nitrite Compounds, Inorganic",MATCH
14797-73-0,"PERCHLORATE, N.O.S.","Oxidizing Agents, Strong",123351,"Oxidizing Agents, Strong",MATCH
148-01-6,DINITOLMIDE,"Amides and Imides;Amines, Aromatic;Nitro, Nitroso, Nitrate, and Nitrite Compounds, Organic",3092,"Amides and Imides;Amines, Aromatic;Nitro, Nitroso, Nitrate, and Nitrite Compounds, Organic",MATCH
148-18-5,SODIUM DIETHYLDITHIOCARBAMATE,Thiocarbamate Esters and Salts/Dithiocarbamate Esters and Salts,533728,Thiocarbamate Esters and Salts/Dithiocarbamate Esters and Salts,MATCH
148-24-3,8-HYDROXYQUINOLINE,"Amines, Phosphines, and Pyridines;Phenols and Cresols",1923,"Amines, Phosphines, and Pyridines;Phenols and Cresols",MATCH
148-65-2,CHLOROTHEN,"Amines, Phosphines, and Pyridines;Aryl Halides;Sulfides, Organic",8993,"Amines, Phosphines, and Pyridines;Aryl Halides;Sulfides, Organic",MATCH
148-79-8,THIABENDAZOLE,"Amines, Phosphines, and Pyridines;Hydrocarbons, Aromatic;Sulfides, Organic",5430,"Amines, Phosphines, and Pyridines;Hydrocarbons, Aromatic;Sulfides, Organic",MATCH
148-82-3,MELPHALAN,"Acids, Carboxylic;Amines, Phosphines, and Pyridines;Halogenated Organic Compounds",460612,"Acids, Carboxylic;Amines, Phosphines, and Pyridines;Halogenated Organic Compounds",MATCH
14807-96-6,TALC,Non-Redox-Active Inorganic Compounds,165411828,Non-Redox-Active Inorganic Compounds,MATCH
14866-68-3,"CHLORATE, N.O.S., WET","Oxidizing Agents, Strong;Water and Aqueous Solutions",104770,"Oxidizing Agents, Strong;Water and Aqueous Solutions",MATCH
14882-18-9,BISMUTH SUBSALICYLATE,"Phenolic Salts;Salts, Basic",53629521,"Phenolic Salts;Salts, Basic",MATCH
149-30-4,2-MERCAPTOBENZOTHIAZOLE,"Amines, Phosphines, and Pyridines;Sulfides, Organic",697993,"Amines, Phosphines, and Pyridines;Sulfides, Organic",MATCH
149-57-5,ETHYLHEXOIC ACID,"Acids, Carboxylic",8697,"Acids, Carboxylic",MATCH
149-91-7,GALLIC ACID,"Acids, Carboxylic;Acids, Weak;Phenols and Cresols",370,"Acids, Carboxylic;Acids, Weak;Phenols and Cresols",MATCH
14901-07-6,BETA-IONONE,"Conjugated Dienes;Hydrocarbons, Aliphatic Unsaturated;Ketones",26955,"Conjugated Dienes;Hydrocarbons, Aliphatic Unsaturated;Ketones",MATCH
14915-07-2,"PEROXIDES, INORGANIC, N.O.S.","Oxidizing Agents, Strong",,,ERROR
14977-61-8,CHROMIUM OXYCHLORIDE,"Halogenating Agents;Oxidizing Agents, Strong",22150757,"Halogenating Agents;Oxidizing Agents, Strong",MATCH
1498-40-4,"ETHYL PHOSPHONOUS DICHLORIDE, ANHYDROUS","Acyl Halides, Sulfonyl Halides, and Chloroformates",15157,"Acyl Halides, Sulfonyl Halides, and Chloroformates",MATCH
1498-51-7,ETHYL PHOSPHORODICHLORIDATE,"Acyl Halides, Sulfonyl Halides, and Chloroformates",15158,"Acyl Halides, Sulfonyl Halides, and Chloroformates",MATCH
1498-54-0,"N,N-DIETHYL PHOSPHORAMIDIC DICHLORIDE","Acyl Halides, Sulfonyl Halides, and Chloroformates;Amides and Imides",73906,"Acyl Halides, Sulfonyl Halides, and Chloroformates;Amides and Imides",MATCH
1498-60-8,ISOPROPYLPHOSPHONOTHIOIC DICHLORIDE,"Acyl Halides, Sulfonyl Halides, and Chloroformates;Sulfonates, Phosphonates, and Thiophosphonates, Organic",4186632,"Acyl Halides, Sulfonyl Halides, and Chloroformates;Sulfonates, Phosphonates, and Thiophosphonates, Organic",MATCH
150-13-0,P-AMINOBENZOIC ACID,"Acids, Carboxylic;Amines, Aromatic;Amines, Phosphines, and Pyridines",978,"Acids, Carboxylic;Amines, Aromatic;Amines, Phosphines, and Pyridines",MATCH
150-38-9,"ETHYLENEDIAMINE TETRAACETIC ACID, TRISODIUM SALT","Amines, Phosphines, and Pyridines;Salts, Basic",9008,"Amines, Phosphines, and Pyridines;Salts, Basic",MATCH
150-50-5,MERPHOS,"Sulfides, Organic;Sulfonates, Phosphonates, and Thiophosphonates, Organic",9011,"Sulfides, Organic;Sulfonates, Phosphonates, and Thiophosphonates, Organic",MATCH
150-68-5,MONURON,Amides and Imides;Aryl Halides,8800,Amides and Imides;Aryl Halides,MATCH
150-69-6,DULCIN,"Amides and Imides;Amines, Aromatic",9013,"Amides and Imides;Amines, Aromatic",MATCH
150-76-5,HYDROQUINONE MONOMETHYL ETHER,Ethers;Phenols and Cresols,9015,Ethers;Phenols and Cresols,MATCH
150-78-7,"1,4-DIMETHOXYBENZENE",Ethers,9016,Ethers,MATCH
15005-97-7,3-(2-HYDROXYETHOXY)-4-PYRROLIDIN-1-YL BENZENEDIAZONIUM ZINC CHLORIDE,"Alcohols and Polyols;Amines, Phosphines, and Pyridines;Azo, Diazo, Azido, Hydrazine, and Azide Compounds;Diazonium Salts;Ethers;Hydrocarbons, Aromatic;Salts, Acidic",,,ERROR
1504-74-1,O-METHOXYCINNAMALDEHYDE,"Aldehydes;Ethers;Hydrocarbons, Aliphatic Unsaturated;Hydrocarbons, Aromatic",641298,"Aldehydes;Ethers;Hydrocarbons, Aliphatic Unsaturated;Hydrocarbons, Aromatic",MATCH
1506-38-3,DIOCTYL ACID PYROPHOSPHATE,"Acids, Weak;Anhydrides;Esters, Sulfate Esters, Phosphate Esters, Thiophosphate Esters, and Borate Esters",117837,"Acids, Weak;Anhydrides;Esters, Sulfate Esters, Phosphate Esters, Thiophosphate Esters, and Borate Esters",MATCH
15096-52-3,SODIUM ALUMINUM FLUORIDE,"Salts, Basic",16693908,"Salts, Basic",MATCH
151-21-3,"DODECYL SULFATE, [SODIUM SALT]","Hydrocarbons, Aliphatic Saturated;Salts, Basic",3423265,"Hydrocarbons, Aliphatic Saturated;Salts, Basic",MATCH
151-38-2,METHOXYETHYLMERCURIC ACETATE,Organometallics,16682936,Organometallics,MATCH
151-50-8,POTASSIUM CYANIDE,"Bases, Weak;Cyanides, Inorganic;Water and Aqueous Solutions",9032,"Bases, Weak;Cyanides, Inorganic;Water and Aqueous Solutions",MATCH
15110-74-4,"2,5-DINITRO-9H-FLUORENE","Hydrocarbons, Aromatic;Nitro, Nitroso, Nitrate, and Nitrite Compounds, Organic",27047,"Hydrocarbons, Aromatic;Nitro, Nitroso, Nitrate, and Nitrite Compounds, Organic",MATCH
15121-84-3,O-NITROPHENETHYL ALCOHOL,"Alcohols and Polyols;Nitro, Nitroso, Nitrate, and Nitrite Compounds, Organic",27054,"Alcohols and Polyols;Nitro, Nitroso, Nitrate, and Nitrite Compounds, Organic",MATCH
15181-46-1,"BISULFITES, AQUEOUS SOLUTION, N.O.S.",Sulfite and Thiosulfate Salts;Water and Aqueous Solutions,104748,Sulfite and Thiosulfate Salts;Water and Aqueous Solutions,MATCH
152-16-9,"DIPHOSPHORAMIDE, OCTAMETHYL-","Amines, Phosphines, and Pyridines;Esters, Sulfate Esters, Phosphate Esters, Thiophosphate Esters, and Borate Esters",9037,"Amines, Phosphines, and Pyridines;Esters, Sulfate Esters, Phosphate Esters, Thiophosphate Esters, and Borate Esters",MATCH
1522-92-5,"3-BROMO-2,2-BIS(BROMOMETHYL)PROPANOL",Alcohols and Polyols;Halogenated Organic Compounds,15206,Alcohols and Polyols;Halogenated Organic Compounds,MATCH
15242-96-3,STEARATOCHROMIUM CHLORIDE COMPLEX,"Salts, Acidic",3034068,"Salts, Acidic",MATCH
15245-44-0,"LEAD STYPHNATE, [WETTED WITH &gt;= 20 % WATER OR MIXTURE OF ALCOHOL AND WATER]","Nitro, Nitroso, Nitrate, and Nitrite Compounds, Organic;Phenolic Salts;Water and Aqueous Solutions",61789,"Nitro, Nitroso, Nitrate, and Nitrite Compounds, Organic;Phenolic Salts;Water and Aqueous Solutions",MATCH
15271-41-7,"BICYCLO[2.2.1]HEPTANE-2-CARBONITRILE, 5-CHLORO-6-[[[(METHYLAMINO)CABONYL]OXY]IMINO]-, [1S-(1ALPHA,2BETA,4ALPHA,5ALPHA,6E)]-",Carbamates;Halogenated Organic Compounds;Nitriles;Oximes,76970394,Carbamates;Halogenated Organic Compounds;Nitriles;Oximes,MATCH
15283-51-9,FERROUS FLUOROBORATE,"Reducing Agents, Weak;Water and Aqueous Solutions",11736352,"Reducing Agents, Weak;Water and Aqueous Solutions",MATCH
153-78-6,2-AMINOFLUORENE,"Amines, Aromatic",1539,"Amines, Aromatic",MATCH
153-94-6,D(+)-TRYPTOPHAN,"Salts, Acidic",9060,"Salts, Acidic",MATCH
15339-36-3,"MANGANESE, BIS(DIMETHYLCARBAMODITHIOATO-S,S&#39;)-",Thiocarbamate Esters and Salts/Dithiocarbamate Esters and Salts,61792,Thiocarbamate Esters and Salts/Dithiocarbamate Esters and Salts,MATCH
15385-57-6,"MERCUROUS IODIDE, [SOLID]","Metals, Less Reactive agents;Non-Redox-Active Inorganic Compounds",,,ERROR
15385-58-7,MERCUROUS BROMIDE,"Metals, Less Reactive agents;Non-Redox-Active Inorganic Compounds",24829,"Metals, Less Reactive agents;Non-Redox-Active Inorganic Compounds",MATCH
154-41-6,PHENYLPROPANOLAMINE HYDROCHLORIDE,"Alcohols and Polyols;Hydrocarbons, Aromatic;Salts, Acidic",62943,"Alcohols and Polyols;Hydrocarbons, Aromatic;Salts, Acidic",MATCH
154-42-7,6-THIOGUANINE,"Amines, Phosphines, and Pyridines;Ketones",2723601,"Amines, Phosphines, and Pyridines;Ketones",MATCH
154-69-8,TRIPELENAMINE HYDROCHLORIDE,"Amines, Phosphines, and Pyridines;Hydrocarbons, Aromatic;Salts, Acidic",9066,"Amines, Phosphines, and Pyridines;Hydrocarbons, Aromatic;Salts, Acidic",MATCH
154-93-8,"1,3-BIS(2-CHLOROETHYL)-1-NITROSOUREA","Amides and Imides;Azo, Diazo, Azido, Hydrazine, and Azide Compounds;Halogenated Organic Compounds;Nitro, Nitroso, Nitrate, and Nitrite Compounds, Organic",2578,"Amides and Imides;Azo, Diazo, Azido, Hydrazine, and Azide Compounds;Halogenated Organic Compounds;Nitro, Nitroso, Nitrate, and Nitrite Compounds, Organic",MATCH
15457-98-4,ZINC BISULFITE SOLUTION,Sulfite and Thiosulfate Salts;Water and Aqueous Solutions,11960343,Sulfite and Thiosulfate Salts;Water and Aqueous Solutions,MATCH
15481-70-6,"2,6-TOLUENEDIAMINE DIHYDROCHLORIDE","Salts, Acidic",27324,"Salts, Acidic",MATCH
15512-36-4,CALCIUM DITHIONITE,Anhydrides,9793941,Anhydrides,MATCH
1552-42-7,CRYSTAL VIOLET LACTONE,"Amines, Phosphines, and Pyridines;Esters, Sulfate Esters, Phosphate Esters, Thiophosphate Esters, and Borate Esters;Hydrocarbons, Aromatic",73773,"Amines, Phosphines, and Pyridines;Esters, Sulfate Esters, Phosphate Esters, Thiophosphate Esters, and Borate Esters;Hydrocarbons, Aromatic",MATCH
15520-11-3,"DI-(4-TERT-BUTYLCYCLOHEXYL)PEROXYDICARBONATE, [TECHNICALLY PURE]","Peroxides, Organic",84964,"Peroxides, Organic",MATCH
15541-45-4,"BROMATES, INORGANIC, N.O.S.","Oxidizing Agents, Strong",84979,"Oxidizing Agents, Strong",MATCH
15545-97-8,"2,2&#39;-AZODI(2,4-DIMETHYL-4-METHOXYVALERONITRILE)","Azo, Diazo, Azido, Hydrazine, and Azide Compounds;Ethers;Nitriles",85867,"Azo, Diazo, Azido, Hydrazine, and Azide Compounds;Ethers;Nitriles",MATCH
15557-00-3,3-CHLORO-4-DIETHYLAMINOBENZENEDIAZONIUM ZINC CHLORIDE,"Amines, Aromatic;Aryl Halides;Azo, Diazo, Azido, Hydrazine, and Azide Compounds;Diazonium Salts;Salts, Acidic",84985,"Amines, Aromatic;Aryl Halides;Azo, Diazo, Azido, Hydrazine, and Azide Compounds;Diazonium Salts;Salts, Acidic",MATCH
1558-25-4,TRICHLORO(CHLOROMETHYL)SILANE,Chlorosilanes;Halogenated Organic Compounds,15258,Chlorosilanes;Halogenated Organic Compounds,MATCH
156-10-5,P-NITROSODIPHENYLAMINE,"Amines, Aromatic;Nitro, Nitroso, Nitrate, and Nitrite Compounds, Organic",9074,"Amines, Aromatic;Nitro, Nitroso, Nitrate, and Nitrite Compounds, Organic",MATCH
156-62-7,"CALCIUM CYANAMIDE, WITH MORE THAN 0.1% CALCIUM CARBIDE","Cyanides, Inorganic;Salts, Basic",56955933,"Cyanides, Inorganic;Salts, Basic",MATCH
1561-49-5,"DICYCLOHEXYL PEROXYDICARBONATE, [TECHNICALLY PURE]","Peroxides, Organic",73797,"Peroxides, Organic",MATCH
1562-94-3,P-AZOXYANISOLE,"Azo, Diazo, Azido, Hydrazine, and Azide Compounds;Bases, Weak;Ethers;Hydrocarbons, Aromatic",15277,"Azo, Diazo, Azido, Hydrazine, and Azide Compounds;Bases, Weak;Ethers;Hydrocarbons, Aromatic",MATCH
1563-38-8,CARBOFURAN PHENOL,Ethers;Phenols and Cresols,15278,Ethers;Phenols and Cresols,MATCH
1563-66-2,CARBOFURAN,Carbamates;Ethers,2566,Carbamates;Ethers,MATCH
15630-89-4,SODIUM PERCARBONATE,"Carbonate Salts;Oxidizing Agents, Strong;Salts, Basic",159762,"Carbonate Salts;Oxidizing Agents, Strong;Salts, Basic",MATCH
15646-96-5,"2,4,4-TRIMETHYLHEXAMETHYLENE DIISOCYANATE",Isocyanates and Isothiocyanates,61807,Isocyanates and Isothiocyanates,MATCH
15663-27-1,PLATINOL,"Salts, Basic",5460033,"Salts, Basic",MATCH
15699-18-0,NICKEL AMMONIUM SULFATE,"Oxidizing Agents, Weak;Salts, Acidic",27455,"Oxidizing Agents, Weak;Salts, Acidic",MATCH
1570-64-5,P-CHLORO-O-CRESOL,Aryl Halides;Phenols and Cresols,14855,Aryl Halides;Phenols and Cresols,MATCH
1571-08-0,METHYL-P-FORMYLBENZOATE,"Aldehydes;Esters, Sulfate Esters, Phosphate Esters, Thiophosphate Esters, and Borate Esters",15294,"Aldehydes;Esters, Sulfate Esters, Phosphate Esters, Thiophosphate Esters, and Borate Esters",MATCH
15715-41-0,DIETHYL METHYLPHOSPHONITE,"Amines, Phosphines, and Pyridines;Reducing Agents, Weak",85063,"Amines, Phosphines, and Pyridines;Reducing Agents, Weak",MATCH
15791-78-3,DISPERSE BLUE 27,"Amines, Phosphines, and Pyridines;Ketones;Nitro, Nitroso, Nitrate, and Nitrite Compounds, Organic;Phenols and Cresols",5360487,"Amines, Phosphines, and Pyridines;Ketones;Nitro, Nitroso, Nitrate, and Nitrite Compounds, Organic;Phenols and Cresols",MATCH
15805-73-9,VINYL CARBAMATE,"Carbamates;Hydrocarbons, Aliphatic Unsaturated",27492,"Carbamates;Hydrocarbons, Aliphatic Unsaturated",MATCH
1582-09-8,TRIFLURALIN,"Amines, Aromatic;Fluorinated Organic Compounds;Nitro, Nitroso, Nitrate, and Nitrite Compounds, Organic",5569,"Amines, Aromatic;Fluorinated Organic Compounds;Nitro, Nitroso, Nitrate, and Nitrite Compounds, Organic",MATCH
15825-70-4,"MANITOL HEXANITRATE, [WET WITH &gt;= 40 % WATER OR MIXTURE OF ALCOHOL AND WATER]","Nitro, Nitroso, Nitrate, and Nitrite Compounds, Organic;Water and Aqueous Solutions",61818,"Nitro, Nitroso, Nitrate, and Nitrite Compounds, Organic;Water and Aqueous Solutions",MATCH
15829-53-5,MERCURY OXIDE,"Metals, Less Reactive agents;Oxidizing Agents, Weak",16683011,"Metals, Less Reactive agents;Oxidizing Agents, Weak",MATCH
15834-33-0,PHOSPHORODITHIOIC ACID ALCOHOL,"Esters, Sulfate Esters, Phosphate Esters, Thiophosphate Esters, and Borate Esters",152119,"Esters, Sulfate Esters, Phosphate Esters, Thiophosphate Esters, and Borate Esters",MATCH
15950-66-0,"2,3,4-TRICHLOROPHENOL","Acids, Weak;Aryl Halides;Phenols and Cresols",27582,"Acids, Weak;Aryl Halides;Phenols and Cresols",MATCH
1596-84-5,"SUCCINIC ACID 2,2-DIMETHYLHYDRAZIDE","Acids, Carboxylic;Amides and Imides;Azo, Diazo, Azido, Hydrazine, and Azide Compounds",15331,"Acids, Carboxylic;Amides and Imides;Azo, Diazo, Azido, Hydrazine, and Azide Compounds",MATCH
15972-60-8,ALACHLOR,"Amides and Imides;Amines, Aromatic;Halogenated Organic Compounds",2078,"Amides and Imides;Amines, Aromatic;Halogenated Organic Compounds",MATCH
1600-27-7,MERCURY ACETATE,"Salts, Basic",15337,"Salts, Basic",MATCH
16039-52-4,COPPER LACTATE,"Alcohols and Polyols;Salts, Basic",13145,"Alcohols and Polyols;Salts, Basic",MATCH
16051-77-7,ISOSORBIDE-5-MONONITRATE,"Alcohols and Polyols;Nitro, Nitroso, Nitrate, and Nitrite Compounds, Organic",27661,"Alcohols and Polyols;Nitro, Nitroso, Nitrate, and Nitrite Compounds, Organic",MATCH
1606-67-3,1-AMINOPYRENE,"Amines, Aromatic;Hydrocarbons, Aromatic",15352,"Amines, Aromatic;Hydrocarbons, Aromatic",MATCH
16066-38-9,DI-N-PROPYL PEROXYDICARBONATE,"Peroxides, Organic",85264,"Peroxides, Organic",MATCH
16071-86-6,C.I. DIRECT BROWN 95,"Azo, Diazo, Azido, Hydrazine, and Azide Compounds;Phenols and Cresols;Salts, Basic",,,ERROR
16091-18-2,DI(N-OCTYL)TIN MALEATE,"Hydrocarbons, Aliphatic Unsaturated;Organometallics",86748249,"Hydrocarbons, Aliphatic Unsaturated;Organometallics",MATCH
16110-51-3,CHROMOGLICIC ACID,"Acids, Carboxylic;Alcohols and Polyols;Ketones",2882,"Acids, Carboxylic;Alcohols and Polyols;Ketones",MATCH
16111-62-9,"DI-(2-ETHYLHEXYL) PEROXYDICARBONATE, [TECHNICALLY PURE]","Peroxides, Organic",85963,"Peroxides, Organic",MATCH
1615-80-1,"HYDRAZINE, 1,2-DIETHYL-","Azo, Diazo, Azido, Hydrazine, and Azide Compounds;Bases, Weak",15374,"Azo, Diazo, Azido, Hydrazine, and Azide Compounds;Bases, Weak",MATCH
16215-49-9,BUTYL PEROXYDICARBONATE,"Peroxides, Organic",61830,"Peroxides, Organic",MATCH
1622-32-8,"ETHANESULFONYL CHLORIDE, 2-CHLORO-","Acyl Halides, Sulfonyl Halides, and Chloroformates;Halogenated Organic Compounds",15385,"Acyl Halides, Sulfonyl Halides, and Chloroformates;Halogenated Organic Compounds",MATCH
1623-24-1,ISOPROPYL ACID PHOSPHATE,"Acids, Weak;Esters, Sulfate Esters, Phosphate Esters, Thiophosphate Esters, and Borate Esters",15391,"Acids, Weak;Esters, Sulfate Esters, Phosphate Esters, Thiophosphate Esters, and Borate Esters",MATCH
16238-56-5,7-BROMOMETHYL-12-METHYLBENZ(A)ANTHRACENE,"Halogenated Organic Compounds;Hydrocarbons, Aromatic",27767,"Halogenated Organic Compounds;Hydrocarbons, Aromatic",MATCH
16323-43-6,"3,3&#39;-(1,4-PHENYLENE)BIS-2-PROPENOIC ACID","Acids, Carboxylic;Acrylates and Acrylic Acids;Hydrocarbons, Aliphatic Unsaturated",759280,"Acids, Carboxylic;Acrylates and Acrylic Acids;Hydrocarbons, Aliphatic Unsaturated",MATCH
1634-78-2,MALAOXON,"Esters, Sulfate Esters, Phosphate Esters, Thiophosphate Esters, and Borate Esters",15415,"Esters, Sulfate Esters, Phosphate Esters, Thiophosphate Esters, and Borate Esters",MATCH
1642-54-2,DIETHYLCARBAMAZINE CITRATE,"Alcohols and Polyols;Amides and Imides;Amines, Phosphines, and Pyridines",15432,"Alcohols and Polyols;Amides and Imides;Amines, Phosphines, and Pyridines",MATCH
1643-20-5,DIMETHYLDODECYLAMINE-N-OXIDE,"Amines, Phosphines, and Pyridines;Oxidizing Agents, Weak",15433,"Amines, Phosphines, and Pyridines;Oxidizing Agents, Weak",MATCH
16452-01-0,O-CRESIDINE,"Amines, Aromatic",27882,"Amines, Aromatic",MATCH
1646-75-9,ALDICARB OXIME,"Oximes;Sulfides, Organic",9570092,"Oximes;Sulfides, Organic",MATCH
1646-88-4,ALDICARB SULFONE,"Carbamates;Oximes;Sulfonates, Phosphonates, and Thiophosphonates, Organic",15438,"Carbamates;Oximes;Sulfonates, Phosphonates, and Thiophosphonates, Organic",MATCH
1649-08-7,"1,2-DICHLORO-1,1-DIFLUOROETHANE",Fluorinated Organic Compounds,15442,Fluorinated Organic Compounds,MATCH
16529-56-9,2-METHYL-3-BUTENENITRILE,"Hydrocarbons, Aliphatic Unsaturated;Nitriles",27909,"Hydrocarbons, Aliphatic Unsaturated;Nitriles",MATCH
16543-55-8,N-NITROSONORNICOTINE,"Amines, Phosphines, and Pyridines;Azo, Diazo, Azido, Hydrazine, and Azide Compounds;Nitro, Nitroso, Nitrate, and Nitrite Compounds, Organic",12613538,"Amines, Phosphines, and Pyridines;Azo, Diazo, Azido, Hydrazine, and Azide Compounds;Nitro, Nitroso, Nitrate, and Nitrite Compounds, Organic",MATCH
16561-29-8,12-O-TETRADECANOYLPHORBOL-13-ACETATE,"Alcohols and Polyols;Esters, Sulfate Esters, Phosphate Esters, Thiophosphate Esters, and Borate Esters;Hydrocarbons, Aliphatic Unsaturated",27924,"Alcohols and Polyols;Esters, Sulfate Esters, Phosphate Esters, Thiophosphate Esters, and Borate Esters;Hydrocarbons, Aliphatic Unsaturated",MATCH
16721-80-5,"SODIUM HYDROSULFIDE, SOLID, WITH LESS THAN 25% WATER OF CRYSTALLIZATION","Bases, Weak;Sulfides, Inorganic;Water and Aqueous Solutions",28015,"Bases, Weak;Sulfides, Inorganic;Water and Aqueous Solutions",MATCH
16731-55-8,POTASSIUM METABISULFITE,Sulfite and Thiosulfate Salts,28019,Sulfite and Thiosulfate Salts,MATCH
1675-54-3,BISPHENOL A DIGLYCIDYL ETHER,Epoxides;Ethers,2286,Epoxides;Ethers,MATCH
16752-77-5,METHOMYL,"Carbamates;Sulfides, Organic",4109,"Carbamates;Sulfides, Organic",MATCH
1684-40-8,"1,2,3,4-TETRAHYDRO-9-AMINOACRIDINE HYDROCHLORIDE MONOHYDRATE","Salts, Acidic",2723754,"Salts, Acidic",MATCH
16853-85-3,LITHIUM ALUMINUM HYDRIDE,"Metal Hydrides, Metal Alkyls, Metal Aryls, and Silanes",28112,"Metal Hydrides, Metal Alkyls, Metal Aryls, and Silanes",MATCH
16871-71-9,ZINC FLUOROSILICATE,"Halogenating Agents;Salts, Basic",28116,"Halogenating Agents;Salts, Basic",MATCH
16871-90-2,POTASSIUM FLUOROSILICATE,"Halogenating Agents;Salts, Basic",61851,"Halogenating Agents;Salts, Basic",MATCH
16872-11-0,FLUOROBORIC ACID,"Acids, Strong Non-oxidizing",28118,"Acids, Strong Non-oxidizing",MATCH
1689-84-5,BROMOXYNIL,Alcohols and Polyols;Aryl Halides;Nitriles,15531,Alcohols and Polyols;Aryl Halides;Nitriles,MATCH
1689-99-2,"BROMOXYNIL OCTANOATE, [SOLID]","Aryl Halides;Esters, Sulfate Esters, Phosphate Esters, Thiophosphate Esters, and Borate Esters;Nitriles",15533,"Aryl Halides;Esters, Sulfate Esters, Phosphate Esters, Thiophosphate Esters, and Borate Esters;Nitriles",MATCH
16890-85-0,CHLOROTHIOFORMIC ACID,"Acyl Halides, Sulfonyl Halides, and Chloroformates;Sulfides, Organic",17775,"Acyl Halides, Sulfonyl Halides, and Chloroformates;Sulfides, Organic",MATCH
16893-85-9,SODIUM FLUOROSILICATE,"Halogenating Agents;Salts, Basic",28127,"Halogenating Agents;Salts, Basic",MATCH
16919-19-0,AMMONIUM FLUOROSILICATE,"Halogenating Agents;Salts, Basic",28145,"Halogenating Agents;Salts, Basic",MATCH
16923-95-8,ZIRCONIUM POTASSIUM FLUORIDE,"Salts, Acidic",56828182,"Salts, Acidic",MATCH
1693-71-6,TRIALLYL BORATE,"Esters, Sulfate Esters, Phosphate Esters, Thiophosphate Esters, and Borate Esters;Hydrocarbons, Aliphatic Unsaturated",62415,"Esters, Sulfate Esters, Phosphate Esters, Thiophosphate Esters, and Borate Esters;Hydrocarbons, Aliphatic Unsaturated",MATCH
16938-22-0,"2,2,4-TRIMETHYLHEXAMETHYLENE DIISOCYANATE",Isocyanates and Isothiocyanates,61858,Isocyanates and Isothiocyanates,MATCH
1694-09-3,BENZYL VIOLET 4B,"Amines, Phosphines, and Pyridines;Conjugated Dienes;Quaternary Ammonium and Phosphonium Salts;Salts, Basic;Sulfonates, Phosphonates, and Thiophosphonates, Organic",131849478,"Amines, Phosphines, and Pyridines;Conjugated Dienes;Quaternary Ammonium and Phosphonium Salts;Salts, Basic;Sulfonates, Phosphonates, and Thiophosphonates, Organic",MATCH
16940-66-2,SODIUM BOROHYDRIDE,"Bases, Strong;Metal Hydrides, Metal Alkyls, Metal Aryls, and Silanes;Water and Aqueous Solutions",4311764,"Bases, Strong;Metal Hydrides, Metal Alkyls, Metal Aryls, and Silanes;Water and Aqueous Solutions",MATCH
16940-81-1,HEXAFLUOROPHOSPHORIC ACID,"Acids, Strong Non-oxidizing;Fluoride Salts, Soluble;Water and Aqueous Solutions",16211447,"Acids, Strong Non-oxidizing;Fluoride Salts, Soluble;Water and Aqueous Solutions",MATCH
16941-12-1,"CHLOROPLATINIC ACID, SOLID","Acids, Weak",61859,"Acids, Weak",MATCH
16949-15-8,LITHIUM BOROHYDRIDE,"Metal Hydrides, Metal Alkyls, Metal Aryls, and Silanes",4148881,"Metal Hydrides, Metal Alkyls, Metal Aryls, and Silanes",MATCH
16949-65-8,MAGNESIUM FLUOROSILICATE,"Salts, Basic",61861,"Salts, Basic",MATCH
16961-83-4,FLUOROSILICIC ACID,"Acids, Strong Non-oxidizing;Fluoride Salts, Soluble;Water and Aqueous Solutions",21863527,"Acids, Strong Non-oxidizing;Fluoride Salts, Soluble;Water and Aqueous Solutions",MATCH
16962-07-5,ALUMINUM BOROHYDRIDE,"Metal Hydrides, Metal Alkyls, Metal Aryls, and Silanes",6328559,"Metal Hydrides, Metal Alkyls, Metal Aryls, and Silanes",MATCH
17014-71-0,POTASSIUM PEROXIDE,"Bases, Strong;Oxidizing Agents, Strong",28202,"Bases, Strong;Oxidizing Agents, Strong",MATCH
17026-81-2,3-AMINO-4-ETHOXYACETANILIDE,"Amides and Imides;Amines, Aromatic",28207,"Amides and Imides;Amines, Aromatic",MATCH
1703-58-8,"1,2,3,4-BUTANETETRACARBOXYLIC ACID","Acids, Carboxylic",15560,"Acids, Carboxylic",MATCH
1705-60-8,"2,2-DI-(4,4-DI-TERT-BUTYLPEROXYCYCLOHEXYL)PROPANE","Acetals, Ketals, Hemiacetals, and Hemiketals;Peroxides, Organic",2734924,"Acetals, Ketals, Hemiacetals, and Hemiketals;Peroxides, Organic",MATCH
17070-45-0,ICR 191,"Amines, Phosphines, and Pyridines;Aryl Halides;Ethers;Halogenated Organic Compounds;Salts, Acidic",54606642,"Amines, Phosphines, and Pyridines;Aryl Halides;Ethers;Halogenated Organic Compounds;Salts, Acidic",MATCH
17084-08-1,"FLUOROSILICATES, N.O.S.","Fluoride Salts, Soluble",28117,"Fluoride Salts, Soluble",MATCH
1712-87-4,DI-(2-METHYLBENZOYL)PEROXIDE,"Peroxides, Organic",14121487,"Peroxides, Organic",MATCH
1719-05-7,D&amp;C ORANGE 5 ZIRCONIUM LAKE,"Alcohols and Polyols;Amines, Phosphines, and Pyridines;Hydrocarbons, Aromatic",22833494,"Alcohols and Polyols;Amines, Phosphines, and Pyridines;Hydrocarbons, Aromatic",MATCH
17341-40-1,"1,1-DIMETHYL-1-(2-HYDROXYPROPYLAMINE)METHACRYLIMIDE","Alcohols and Polyols;Amides and Imides;Azo, Diazo, Azido, Hydrazine, and Azide Compounds;Hydrocarbons, Aliphatic Unsaturated;Quaternary Ammonium and Phosphonium Salts",118984389,"Alcohols and Polyols;Amides and Imides;Azo, Diazo, Azido, Hydrazine, and Azide Compounds;Hydrocarbons, Aliphatic Unsaturated;Quaternary Ammonium and Phosphonium Salts",MATCH
17369-59-4,3-PROPYLIDENE PHTHALIDE,"Esters, Sulfate Esters, Phosphate Esters, Thiophosphate Esters, and Borate Esters;Hydrocarbons, Aliphatic Unsaturated",28500,"Esters, Sulfate Esters, Phosphate Esters, Thiophosphate Esters, and Borate Esters;Hydrocarbons, Aliphatic Unsaturated",MATCH
1737-93-5,"3,5-DICHLORO-2,4,6-TRIFLUOROPYRIDINE","Amines, Phosphines, and Pyridines;Aryl Halides",61273,"Amines, Phosphines, and Pyridines;Aryl Halides",MATCH
1738-25-6,DIMETHYLAMINOPROPIONITRILE,"Amines, Phosphines, and Pyridines;Nitriles",15615,"Amines, Phosphines, and Pyridines;Nitriles",MATCH
17418-58-5,DISPERSE RED 60,"Amines, Phosphines, and Pyridines;Ethers;Ketones;Phenols and Cresols",28531,"Amines, Phosphines, and Pyridines;Ethers;Ketones;Phenols and Cresols",MATCH
17433-31-7,1-ACETYL-2-PICOLINOYLHYDRAZINE,"Amides and Imides;Amines, Phosphines, and Pyridines;Azo, Diazo, Azido, Hydrazine, and Azide Compounds;Hydrocarbons, Aromatic",28545,"Amides and Imides;Amines, Phosphines, and Pyridines;Azo, Diazo, Azido, Hydrazine, and Azide Compounds;Hydrocarbons, Aromatic",MATCH
1746-01-6,"2,3,7,8-TETRACHLORODIBENZO-P-DIOXIN (TCDD)",Aryl Halides;Ethers,15625,Aryl Halides;Ethers,MATCH
1747-60-0,2-AMINO-6-METHOXYBENZOTHIAZOLE,"Amines, Phosphines, and Pyridines;Sulfides, Organic",15630,"Amines, Phosphines, and Pyridines;Sulfides, Organic",MATCH
1752-30-3,ACETONE THIOSEMICARBAZIDE,"Amines, Phosphines, and Pyridines;Azo, Diazo, Azido, Hydrazine, and Azide Compounds",2770166,"Amines, Phosphines, and Pyridines;Azo, Diazo, Azido, Hydrazine, and Azide Compounds",MATCH
17557-23-2,NEOPENTYL GLYCOL DIGLYCIDYL ETHER,Epoxides;Ethers,28594,Epoxides;Ethers,MATCH
1758-73-2,THIOUREA DIOXIDE,"Acids, Weak;Amides and Imides;Reducing Agents, Weak",61274,"Acids, Weak;Amides and Imides;Reducing Agents, Weak",MATCH
1761-71-3,"4,4&#39;-DIAMINODICYCLOHEXYL METHANE","Amines, Phosphines, and Pyridines",15660,"Amines, Phosphines, and Pyridines",MATCH
1762-95-4,AMMONIUM THIOCYANATE,"Reducing Agents, Strong;Salts, Acidic;Water and Aqueous Solutions",15666,"Reducing Agents, Strong;Salts, Acidic;Water and Aqueous Solutions",MATCH
17639-93-9,METHYL 2-CHLOROPROPIONATE,"Esters, Sulfate Esters, Phosphate Esters, Thiophosphate Esters, and Borate Esters;Halogenated Organic Compounds",28659,"Esters, Sulfate Esters, Phosphate Esters, Thiophosphate Esters, and Borate Esters;Halogenated Organic Compounds",MATCH
17673-25-5,PHORBOL,"Alcohols and Polyols;Hydrocarbons, Aliphatic Unsaturated",442070,"Alcohols and Polyols;Hydrocarbons, Aliphatic Unsaturated",MATCH
17700-09-3,"2,3,4-TRICHLORONITROBENZENE","Aryl Halides;Nitro, Nitroso, Nitrate, and Nitrite Compounds, Organic",28697,"Aryl Halides;Nitro, Nitroso, Nitrate, and Nitrite Compounds, Organic",MATCH
17702-41-9,DECABORANE,"Reducing Agents, Strong",,,ERROR
17702-57-7,FORMPARANATE,"Amines, Phosphines, and Pyridines;Carbamates",28699,"Amines, Phosphines, and Pyridines;Carbamates",MATCH
1777-84-0,3-NITRO-P-ACETOPHENETIDE,"Amides and Imides;Nitro, Nitroso, Nitrate, and Nitrite Compounds, Organic",15685,"Amides and Imides;Nitro, Nitroso, Nitrate, and Nitrite Compounds, Organic",MATCH
17804-35-2,BENOMYL,"Amides and Imides;Amines, Phosphines, and Pyridines;Carbamates",28780,"Amides and Imides;Amines, Phosphines, and Pyridines;Carbamates",MATCH
17831-71-9,TETRAETHYLENE GLYCOL DIACRYLATE,"Esters, Sulfate Esters, Phosphate Esters, Thiophosphate Esters, and Borate Esters;Ethers;Hydrocarbons, Aliphatic Unsaturated",28803,"Esters, Sulfate Esters, Phosphate Esters, Thiophosphate Esters, and Borate Esters;Ethers;Hydrocarbons, Aliphatic Unsaturated",MATCH
17861-62-0,NICKEL NITRITE,"Nitrate and Nitrite Compounds, Inorganic",20831815,"Nitrate and Nitrite Compounds, Inorganic",MATCH
17924-92-4,ZEARALENONE,"Esters, Sulfate Esters, Phosphate Esters, Thiophosphate Esters, and Borate Esters;Hydrocarbons, Aliphatic Unsaturated;Ketones;Phenols and Cresols",5281576,"Esters, Sulfate Esters, Phosphate Esters, Thiophosphate Esters, and Borate Esters;Hydrocarbons, Aliphatic Unsaturated;Ketones;Phenols and Cresols",MATCH
17928-28-8,METHYLTRIS(TRIMETHYLSILOXY)SILANE,Siloxanes,28838,Siloxanes,MATCH
1794-86-1,PHOSGENE OXIME,"Acids, Weak;Halogenated Organic Compounds;Oximes",65582,"Acids, Weak;Halogenated Organic Compounds;Oximes",MATCH
1795-48-8,ISOPROPYL ISOCYANATE,Isocyanates and Isothiocyanates,61277,Isocyanates and Isothiocyanates,MATCH
180348-60-1,ISOHEPTYL ACETATE,"Esters, Sulfate Esters, Phosphate Esters, Thiophosphate Esters, and Borate Esters",22182954,"Esters, Sulfate Esters, Phosphate Esters, Thiophosphate Esters, and Borate Esters",MATCH
1806-54-8,TRI-N-OCTYL PHOSPHATE,"Esters, Sulfate Esters, Phosphate Esters, Thiophosphate Esters, and Borate Esters",15733,"Esters, Sulfate Esters, Phosphate Esters, Thiophosphate Esters, and Borate Esters",MATCH
18130-74-0,"HYDROGENDIFLUORIDES, N.O.S.","Acids, Weak;Fluoride Salts, Soluble",,,ERROR
18168-01-9,"N&#39;-ETHYL-N,N-DIPHENYLUREA","Amides and Imides;Amines, Aromatic",28929,"Amides and Imides;Amines, Aromatic",MATCH
1817-73-8,"2-BROMO-4,6-DINITROANILINE","Amines, Aromatic;Aryl Halides;Nitro, Nitroso, Nitrate, and Nitrite Compounds, Organic",15752,"Amines, Aromatic;Aryl Halides;Nitro, Nitroso, Nitrate, and Nitrite Compounds, Organic",MATCH
1825-21-4,PENTACHLOROANISOLE,Aryl Halides;Ethers,15767,Aryl Halides;Ethers,MATCH
18282-10-5,TIN(IV) OXIDE,Non-Redox-Active Inorganic Compounds,16747781,Non-Redox-Active Inorganic Compounds,MATCH
1836-75-5,NITROFEN,"Aryl Halides;Ethers;Nitro, Nitroso, Nitrate, and Nitrite Compounds, Organic",15787,"Aryl Halides;Ethers;Nitro, Nitroso, Nitrate, and Nitrite Compounds, Organic",MATCH
1838-94-4,ISOPRENE OXIDE,"Epoxides;Hydrocarbons, Aliphatic Unsaturated;Polymerizable Compounds",92166,"Epoxides;Hydrocarbons, Aliphatic Unsaturated;Polymerizable Compounds",MATCH
1843-48-7,TRIS(CARBAMOYLMETHYL) ISOCYANURATE,Carbamates;Isocyanates and Isothiocyanates,15798,Carbamates;Isocyanates and Isothiocyanates,MATCH
18463-85-9,6-DIMETHYLAMINOPHENYLAZOBENZOTHIAZOLE,"Amines, Phosphines, and Pyridines;Azo, Diazo, Azido, Hydrazine, and Azide Compounds;Sulfides, Organic",29080,"Amines, Phosphines, and Pyridines;Azo, Diazo, Azido, Hydrazine, and Azide Compounds;Sulfides, Organic",MATCH
1854-26-8,DIMETHYLOLDIHYDROXYETHYLENEUREA,Alcohols and Polyols;Amides and Imides;Water and Aqueous Solutions,15824,Alcohols and Polyols;Amides and Imides;Water and Aqueous Solutions,MATCH
1861-40-1,BENFLURALIN,"Amines, Phosphines, and Pyridines;Fluorinated Organic Compounds;Nitro, Nitroso, Nitrate, and Nitrite Compounds, Organic",2319,"Amines, Phosphines, and Pyridines;Fluorinated Organic Compounds;Nitro, Nitroso, Nitrate, and Nitrite Compounds, Organic",MATCH
1863-63-4,AMMONIUM BENZOATE,"Salts, Acidic",15830,"Salts, Acidic",MATCH
18654-17-6,"OIL, [CASHEW]","Esters, Sulfate Esters, Phosphate Esters, Thiophosphate Esters, and Borate Esters;Hydrocarbons, Aliphatic Unsaturated;Phenols and Cresols",9833719,"Esters, Sulfate Esters, Phosphate Esters, Thiophosphate Esters, and Borate Esters;Hydrocarbons, Aliphatic Unsaturated;Phenols and Cresols",MATCH
18708-70-8,"2,4,6-TRICHLORONITROBENZENE","Aryl Halides;Nitro, Nitroso, Nitrate, and Nitrite Compounds, Organic",29228,"Aryl Halides;Nitro, Nitroso, Nitrate, and Nitrite Compounds, Organic",MATCH
1873-29-6,ISOBUTYL ISOCYANATE,Isocyanates and Isothiocyanates,61281,Isocyanates and Isothiocyanates,MATCH
1879-09-0,"2,4-DIMETHYL-6-TERT-BUTYL PHENOL",Phenols and Cresols,15884,Phenols and Cresols,MATCH
18810-58-7,"BARIUM AZIDE, WETTED WITH NOT LESS THAN 50% WATER","Azo, Diazo, Azido, Hydrazine, and Azide Compounds;Water and Aqueous Solutions",62728,"Azo, Diazo, Azido, Hydrazine, and Azide Compounds;Water and Aqueous Solutions",MATCH
1888-71-7,HEXACHLOROPROPENE,"Halogenated Organic Compounds;Hydrocarbons, Aliphatic Unsaturated",15902,"Halogenated Organic Compounds;Hydrocarbons, Aliphatic Unsaturated",MATCH
18883-66-4,STREPTOZOCIN,"Alcohols and Polyols;Amines, Phosphines, and Pyridines;Nitro, Nitroso, Nitrate, and Nitrite Compounds, Organic",29327,"Alcohols and Polyols;Amines, Phosphines, and Pyridines;Nitro, Nitroso, Nitrate, and Nitrite Compounds, Organic",MATCH
189-55-9,"DIBENZ[A,I]PYRENE","Hydrocarbons, Aromatic",9106,"Hydrocarbons, Aromatic",MATCH
189-64-0,"DIBENZO(A,H)PYRENE","Hydrocarbons, Aromatic",9108,"Hydrocarbons, Aromatic",MATCH
1897-45-6,CHLOROTHALONIL,Aryl Halides;Nitriles,15910,Aryl Halides;Nitriles,MATCH
19010-66-3,LEAD DIMETHYLDITHIOCARBAMATE,Organometallics;Thiocarbamate Esters and Salts/Dithiocarbamate Esters and Salts,519623,Organometallics;Thiocarbamate Esters and Salts/Dithiocarbamate Esters and Salts,MATCH
19044-88-3,ORYZALIN,"Amines, Phosphines, and Pyridines;Nitro, Nitroso, Nitrate, and Nitrite Compounds, Organic;Sulfonates, Phosphonates, and Thiophosphonates, Organic",29393,"Amines, Phosphines, and Pyridines;Nitro, Nitroso, Nitrate, and Nitrite Compounds, Organic;Sulfonates, Phosphonates, and Thiophosphonates, Organic",MATCH
191-24-2,BENZO[GHI]PERYLENE,"Hydrocarbons, Aromatic",9117,"Hydrocarbons, Aromatic",MATCH
191-30-0,"DIBENZO(A,L)PYRENE","Hydrocarbons, Aromatic",9119,"Hydrocarbons, Aromatic",MATCH
1910-42-5,PARAQUAT DICHLORIDE,Quaternary Ammonium and Phosphonium Salts,15938,Quaternary Ammonium and Phosphonium Salts,MATCH
1912-24-9,ATRAZINE,"Amines, Phosphines, and Pyridines;Aryl Halides",2256,"Amines, Phosphines, and Pyridines;Aryl Halides",MATCH
19120-62-8,TRI-ISOBUTYL VANADATE,"Salts, Basic",29434,"Salts, Basic",MATCH
1918-00-9,DICAMBA,"Acids, Carboxylic;Aryl Halides;Ethers;Water and Aqueous Solutions",3030,"Acids, Carboxylic;Aryl Halides;Ethers;Water and Aqueous Solutions",MATCH
1918-02-1,PICLORAM,"Acids, Carboxylic;Amines, Phosphines, and Pyridines;Aryl Halides",15965,"Acids, Carboxylic;Amines, Phosphines, and Pyridines;Aryl Halides",MATCH
1918-16-7,PROPACHLOR,"Amides and Imides;Amines, Aromatic;Halogenated Organic Compounds",4931,"Amides and Imides;Amines, Aromatic;Halogenated Organic Compounds",MATCH
192-65-4,"DIBENZO(A,E)PYRENE","Hydrocarbons, Aromatic",9126,"Hydrocarbons, Aromatic",MATCH
192-97-2,BENZO[E]PYRENE,"Hydrocarbons, Aromatic",9128,"Hydrocarbons, Aromatic",MATCH
19210-06-1,ZINC DITHIOPHOSPHATE,"Salts, Basic",159863,"Salts, Basic",MATCH
19222-41-4,AMMONIUM GLUCONATE,"Alcohols and Polyols;Salts, Basic",25203,"Alcohols and Polyols;Salts, Basic",MATCH
19246-22-1,HEXAHYDROPHTHALIMIDE GLUTARIMIDE,Amides and Imides,99858,Amides and Imides,MATCH
1928-43-4,"2,4-D 2-ETHYLHEXYL ESTER","Aryl Halides;Esters, Sulfate Esters, Phosphate Esters, Thiophosphate Esters, and Borate Esters;Ethers",61286,"Aryl Halides;Esters, Sulfate Esters, Phosphate Esters, Thiophosphate Esters, and Borate Esters;Ethers",MATCH
1929-82-4,NITRAPYRIN,"Amines, Phosphines, and Pyridines;Aryl Halides;Halogenated Organic Compounds",16004,"Amines, Phosphines, and Pyridines;Aryl Halides;Halogenated Organic Compounds",MATCH
193-39-5,"INDENO(1,2,3-CD)PYRENE","Hydrocarbons, Aromatic",9131,"Hydrocarbons, Aromatic",MATCH
1931-62-0,TERT-BUTYL MONOPEROXYMALEATE,"Acids, Carboxylic;Peroxides, Organic",5702664,"Acids, Carboxylic;Peroxides, Organic",MATCH
1936-15-8,C.I. ACID ORANGE 10,"Azo, Diazo, Azido, Hydrazine, and Azide Compounds;Phenols and Cresols;Salts, Basic;Sulfonates, Phosphonates, and Thiophosphonates, Organic",16015,"Azo, Diazo, Azido, Hydrazine, and Azide Compounds;Phenols and Cresols;Salts, Basic;Sulfonates, Phosphonates, and Thiophosphonates, Organic",MATCH
1937-37-7,C.I. DIRECT BLACK 38,"Azo, Diazo, Azido, Hydrazine, and Azide Compounds;Salts, Basic",5284349,"Azo, Diazo, Azido, Hydrazine, and Azide Compounds;Salts, Basic",MATCH
194-59-2,"7H-DIBENZO(C,G)CARBAZOLE","Amines, Phosphines, and Pyridines;Hydrocarbons, Aromatic",9134,"Amines, Phosphines, and Pyridines;Hydrocarbons, Aromatic",MATCH
19408-74-3,"1,2,3,7,8,9-HEXACHLORODIBENZO-P-DIOXIN",Aryl Halides;Ethers,29575,Aryl Halides;Ethers,MATCH
1941-30-6,TETRAPROPYLAMMONIUM BROMIDE,Non-Redox-Active Inorganic Compounds;Quaternary Ammonium and Phosphonium Salts,74745,Non-Redox-Active Inorganic Compounds;Quaternary Ammonium and Phosphonium Salts,MATCH
1948-33-0,TERT-BUTYLHYDROQUINONE,"Acids, Weak;Phenols and Cresols",16043,"Acids, Weak;Phenols and Cresols",MATCH
1955-45-9,PIVALOLACTONE,"Esters, Sulfate Esters, Phosphate Esters, Thiophosphate Esters, and Borate Esters",16059,"Esters, Sulfate Esters, Phosphate Esters, Thiophosphate Esters, and Borate Esters",MATCH
19660-16-3,"2,3-DIBROMOPROPYL ACRYLATE",Acrylates and Acrylic Acids;Halogenated Organic Compounds;Polymerizable Compounds,29728,Acrylates and Acrylic Acids;Halogenated Organic Compounds;Polymerizable Compounds,MATCH
19666-30-9,OXYDIAZON,"Aryl Halides;Azo, Diazo, Azido, Hydrazine, and Azide Compounds;Carbamates;Ethers",29732,"Aryl Halides;Azo, Diazo, Azido, Hydrazine, and Azide Compounds;Carbamates;Ethers",MATCH
19686-73-8,1-BROMO-2-PROPANOL,Alcohols and Polyols;Halogenated Organic Compounds,29740,Alcohols and Polyols;Halogenated Organic Compounds,MATCH
1972-08-3,1-TRANS-DELTA-9-TETRAHYDROCANNABINOL,"Ethers;Hydrocarbons, Aliphatic Unsaturated;Phenols and Cresols",16078,"Ethers;Hydrocarbons, Aliphatic Unsaturated;Phenols and Cresols",MATCH
1975-50-4,2-METHYL-3-NITROBENZOIC ACID,"Acids, Carboxylic;Nitro, Nitroso, Nitrate, and Nitrite Compounds, Organic",16096,"Acids, Carboxylic;Nitro, Nitroso, Nitrate, and Nitrite Compounds, Organic",MATCH
1975-52-6,2-METHYL-5-NITROBENZOIC ACID,"Acids, Carboxylic;Nitro, Nitroso, Nitrate, and Nitrite Compounds, Organic",519683,"Acids, Carboxylic;Nitro, Nitroso, Nitrate, and Nitrite Compounds, Organic",MATCH
19780-11-1,2-DODECEN-1-YLSUCCINIC ANHYDRIDE,Anhydrides,5362708,Anhydrides,MATCH
1982-37-2,METHDILAZINE,"Amines, Phosphines, and Pyridines;Sulfides, Organic",14677,"Amines, Phosphines, and Pyridines;Sulfides, Organic",MATCH
1982-47-4,CHLOROXURON,"Amides and Imides;Amines, Aromatic;Aryl Halides",16115,"Amides and Imides;Amines, Aromatic;Aryl Halides",MATCH
1982-69-0,SODIUM DICAMBA,"Aryl Halides;Ethers;Salts, Basic",23680611,"Aryl Halides;Ethers;Salts, Basic",MATCH
1983-10-4,TRIBUTYLTIN FLUORIDE,"Organometallics;Salts, Acidic",16120,"Organometallics;Salts, Acidic",MATCH
19900-46-0,2-METHYLGLYCIDYL ACRYLATE,Acrylates and Acrylic Acids;Epoxides;Polymerizable Compounds,29854,Acrylates and Acrylic Acids;Epoxides;Polymerizable Compounds,MATCH
19910-65-7,"DI-SEC-BUTYL PEROXYDICARBONATE, [TECHNICALLY PURE]","Peroxides, Organic",89245,"Peroxides, Organic",MATCH
19952-47-7,2-AMINO-4-CHLOROBENZOTHIAZOLE,"Amines, Phosphines, and Pyridines;Aryl Halides;Sulfides, Organic",29872,"Amines, Phosphines, and Pyridines;Aryl Halides;Sulfides, Organic",MATCH
2001-95-8,VALINOMYCIN,"Amides and Imides;Esters, Sulfate Esters, Phosphate Esters, Thiophosphate Esters, and Borate Esters",3000706,"Amides and Imides;Esters, Sulfate Esters, Phosphate Esters, Thiophosphate Esters, and Borate Esters",MATCH
20020-02-4,"1,2,3,4-TETRACHLORONAPHTHALENE",Aryl Halides,29910,Aryl Halides,MATCH
20062-22-0,HEXANITROSTILBENE,"Hydrocarbons, Aliphatic Unsaturated;Nitro, Nitroso, Nitrate, and Nitrite Compounds, Organic",253628,"Hydrocarbons, Aliphatic Unsaturated;Nitro, Nitroso, Nitrate, and Nitrite Compounds, Organic",MATCH
20068-02-4,CIS-2-METHYL-2-BUTENENITRILE,"Hydrocarbons, Aliphatic Unsaturated;Nitriles",6028739,"Hydrocarbons, Aliphatic Unsaturated;Nitriles",MATCH
20073-24-9,3-CARBETHOXYPSORALEN,"Esters, Sulfate Esters, Phosphate Esters, Thiophosphate Esters, and Borate Esters;Ethers;Hydrocarbons, Aromatic",62739,"Esters, Sulfate Esters, Phosphate Esters, Thiophosphate Esters, and Borate Esters;Ethers;Hydrocarbons, Aromatic",MATCH
2008-39-1,DMA 4 IVM HERBICIDE,"Aryl Halides;Salts, Acidic",16180,"Aryl Halides;Salts, Acidic",MATCH
20098-48-0,"3,4,5-TRICHLORONITROBENZENE","Aryl Halides;Nitro, Nitroso, Nitrate, and Nitrite Compounds, Organic",88365,"Aryl Halides;Nitro, Nitroso, Nitrate, and Nitrite Compounds, Organic",MATCH
2016-88-8,AMILORIDE HYDROCHLORIDE,"Amides and Imides;Amines, Phosphines, and Pyridines;Aryl Halides",16230,"Amides and Imides;Amines, Phosphines, and Pyridines;Aryl Halides",MATCH
2021-28-5,ETHYL PHENYLPROPIONATE,"Esters, Sulfate Esters, Phosphate Esters, Thiophosphate Esters, and Borate Esters",16237,"Esters, Sulfate Esters, Phosphate Esters, Thiophosphate Esters, and Borate Esters",MATCH
20236-55-9,"BARIUM STYPHNATE, [MONOHYDRATE]","Nitro, Nitroso, Nitrate, and Nitrite Compounds, Organic;Phenolic Salts;Phenols and Cresols",21116072,"Nitro, Nitroso, Nitrate, and Nitrite Compounds, Organic;Phenolic Salts;Phenols and Cresols",MATCH
20265-97-8,P-ANISIDINE HYDROCHLORIDE,"Ethers;Salts, Acidic",2734956,"Ethers;Salts, Acidic",MATCH
2032-65-7,MERCAPTODIMETHUR,Carbamates;Ethers,16248,Carbamates;Ethers,MATCH
20325-40-0,"3,3&#39;-DIMETHOXYBENZIDINE DIHYDROCHLORIDE","Ethers;Salts, Acidic",62311,"Ethers;Salts, Acidic",MATCH
20354-26-1,METHAZOLE,"Amides and Imides;Amines, Aromatic;Aryl Halides;Esters, Sulfate Esters, Phosphate Esters, Thiophosphate Esters, and Borate Esters",4690,"Amides and Imides;Amines, Aromatic;Aryl Halides;Esters, Sulfate Esters, Phosphate Esters, Thiophosphate Esters, and Borate Esters",MATCH
2039-87-4,O-CHLOROSTYRENE,"Aryl Halides;Hydrocarbons, Aliphatic Unsaturated;Polymerizable Compounds",14906,"Aryl Halides;Hydrocarbons, Aliphatic Unsaturated;Polymerizable Compounds",MATCH
2045-52-5,PHENBENZAMINE HYDROCHLORIDE,"Amines, Phosphines, and Pyridines;Hydrocarbons, Aromatic;Salts, Acidic",24180706,"Amines, Phosphines, and Pyridines;Hydrocarbons, Aromatic;Salts, Acidic",MATCH
205-82-3,BENZO[J]FLUORANTHENE,"Hydrocarbons, Aromatic",9152,"Hydrocarbons, Aromatic",MATCH
205-99-2,BENZO[B]FLUORANTHENE,"Hydrocarbons, Aromatic",9153,"Hydrocarbons, Aromatic",MATCH
2051-62-9,4-CHLOROBIPHENYL,Aryl Halides,16323,Aryl Halides,MATCH
2052-07-5,2-BROMOBIPHENYL,Aryl Halides,16329,Aryl Halides,MATCH
2058-46-0,OXYTETRACYCLINE HYDROCHLORIDE,"Alcohols and Polyols;Amides and Imides;Amines, Phosphines, and Pyridines;Phenols and Cresols",54680782,"Alcohols and Polyols;Amides and Imides;Amines, Phosphines, and Pyridines;Phenols and Cresols",MATCH
206-44-0,FLUORANTHENE,"Hydrocarbons, Aromatic",9154,"Hydrocarbons, Aromatic",MATCH
20667-12-3,SILVER OXIDE,"Metals, Less Reactive agents;Oxidizing Agents, Weak",,,ERROR
2068-78-2,VINCRISTINE SULFATE,"Alcohols and Polyols;Amides and Imides;Esters, Sulfate Esters, Phosphate Esters, Thiophosphate Esters, and Borate Esters;Salts, Acidic",249332,"Alcohols and Polyols;Amides and Imides;Esters, Sulfate Esters, Phosphate Esters, Thiophosphate Esters, and Borate Esters;Salts, Acidic",MATCH
207-08-9,BENZO[K]FLUORANTHENE,"Hydrocarbons, Aromatic",9158,"Hydrocarbons, Aromatic",MATCH
20702-77-6,NEOHESPERIDIN DIHYDROCHALCONE,Alcohols and Polyols;Ethers;Phenols and Cresols,30231,Alcohols and Polyols;Ethers;Phenols and Cresols,MATCH
20730-32-9,N-PENTYL-4-(4&#39;-N-DECYLOXYBENZYLIDINEAMINO)CINNAMATE,"Amines, Phosphines, and Pyridines;Esters, Sulfate Esters, Phosphate Esters, Thiophosphate Esters, and Borate Esters;Hydrocarbons, Aliphatic Unsaturated",44151060,"Amines, Phosphines, and Pyridines;Esters, Sulfate Esters, Phosphate Esters, Thiophosphate Esters, and Borate Esters;Hydrocarbons, Aliphatic Unsaturated",MATCH
2074-50-2,PARAQUAT METHOSULFATE,"Hydrocarbons, Aromatic;Quaternary Ammonium and Phosphonium Salts;Salts, Basic",62422,"Hydrocarbons, Aromatic;Quaternary Ammonium and Phosphonium Salts;Salts, Basic",MATCH
20770-41-6,POTASSIUM PHOSPHIDE,"Nitrides, Phosphides, Carbides, and Silicides",62745,"Nitrides, Phosphides, Carbides, and Silicides",MATCH
208-96-8,ACENAPHTHYLENE,"Hydrocarbons, Aromatic",9161,"Hydrocarbons, Aromatic",MATCH
20816-12-0,OSMIUM TETROXIDE,"Oxidizing Agents, Strong",30318,"Oxidizing Agents, Strong",MATCH
20830-75-5,DIGOXIN,"Alcohols and Polyols;Esters, Sulfate Esters, Phosphate Esters, Thiophosphate Esters, and Borate Esters;Ethers;Hydrocarbons, Aliphatic Unsaturated",2724385,"Alcohols and Polyols;Esters, Sulfate Esters, Phosphate Esters, Thiophosphate Esters, and Borate Esters;Ethers;Hydrocarbons, Aliphatic Unsaturated",MATCH
20830-81-3,DAUNOMYCIN,"Amines, Phosphines, and Pyridines;Ethers;Ketones;Phenols and Cresols",30323,"Amines, Phosphines, and Pyridines;Ethers;Ketones;Phenols and Cresols",MATCH
20859-73-8,ALUMINUM PHOSPHIDE,"Nitrides, Phosphides, Carbides, and Silicides",16126812,"Nitrides, Phosphides, Carbides, and Silicides",MATCH
20880-67-5,P-HYDROXYPENICILLIN V,"Acids, Carboxylic;Amides and Imides;Phenols and Cresols",167942,"Acids, Carboxylic;Amides and Imides;Phenols and Cresols",MATCH
2094-98-6,"1,1&#39;-AZODI-(HEXAHYDROBENZONITRILE)","Azo, Diazo, Azido, Hydrazine, and Azide Compounds;Nitriles",74978,"Azo, Diazo, Azido, Hydrazine, and Azide Compounds;Nitriles",MATCH
20941-65-5,ETHYL TELLURAC,Thiocarbamate Esters and Salts/Dithiocarbamate Esters and Salts,519829,Thiocarbamate Esters and Salts/Dithiocarbamate Esters and Salts,MATCH
2097-19-0,PHENYLSILATRANE,"Amines, Phosphines, and Pyridines;Siloxanes",16416,"Amines, Phosphines, and Pyridines;Siloxanes",MATCH
2104-64-5,EPN,"Nitro, Nitroso, Nitrate, and Nitrite Compounds, Organic;Sulfonates, Phosphonates, and Thiophosphonates, Organic",16421,"Nitro, Nitroso, Nitrate, and Nitrite Compounds, Organic;Sulfonates, Phosphonates, and Thiophosphonates, Organic",MATCH
2107-76-8,"5,7-DIHYDROXY-4-METHYL COUMARIN","Esters, Sulfate Esters, Phosphate Esters, Thiophosphate Esters, and Borate Esters;Phenols and Cresols",5354284,"Esters, Sulfate Esters, Phosphate Esters, Thiophosphate Esters, and Borate Esters;Phenols and Cresols",MATCH
21087-64-9,METRIBUZIN,"Amides and Imides;Amines, Phosphines, and Pyridines;Sulfides, Organic",30479,"Amides and Imides;Amines, Phosphines, and Pyridines;Sulfides, Organic",MATCH
2113-57-7,3-BROMOBIPHENYL,Aryl Halides,16449,Aryl Halides,MATCH
21340-68-1,METHYL CLOFENAPATE,"Aryl Halides;Esters, Sulfate Esters, Phosphate Esters, Thiophosphate Esters, and Borate Esters;Ethers",30602,"Aryl Halides;Esters, Sulfate Esters, Phosphate Esters, Thiophosphate Esters, and Borate Esters;Ethers",MATCH
21351-71-3,4&#39;-OCTADECYLOXY-3&#39;-NITRODIPHENYL-4-CARBOXYLIC ACID,"Acids, Carboxylic;Nitro, Nitroso, Nitrate, and Nitrite Compounds, Organic",44145238,"Acids, Carboxylic;Nitro, Nitroso, Nitrate, and Nitrite Compounds, Organic",MATCH
21351-79-1,CESIUM HYDROXIDE,"Bases, Strong;Water and Aqueous Solutions",62750,"Bases, Strong;Water and Aqueous Solutions",MATCH
2144-45-8,DIBENZYL PEROXYDICARBONATE,"Peroxides, Organic",357763,"Peroxides, Organic",MATCH
2150-54-1,DIRECT BLUE 25,"Azo, Diazo, Azido, Hydrazine, and Azide Compounds;Non-Redox-Active Inorganic Compounds;Phenols and Cresols",135565967,"Azo, Diazo, Azido, Hydrazine, and Azide Compounds;Non-Redox-Active Inorganic Compounds;Phenols and Cresols",MATCH
2150-55-2,2-AMINO-2-THIAZOLINE-4-CARBOXYLIC ACID,"Acids, Carboxylic;Amines, Phosphines, and Pyridines",16526,"Acids, Carboxylic;Amines, Phosphines, and Pyridines",MATCH
21548-32-3,FOSTHIETAN,"Amines, Phosphines, and Pyridines;Esters, Sulfate Esters, Phosphate Esters, Thiophosphate Esters, and Borate Esters;Sulfides, Organic",30684,"Amines, Phosphines, and Pyridines;Esters, Sulfate Esters, Phosphate Esters, Thiophosphate Esters, and Borate Esters;Sulfides, Organic",MATCH
2155-70-6,TRIBUTYLTIN METHACRYLATE,Acrylates and Acrylic Acids;Organometallics;Polymerizable Compounds,16682828,Acrylates and Acrylic Acids;Organometallics;Polymerizable Compounds,MATCH
2155-71-7,"DI-(TERT-BUTYLPEROXY)PHTHALATE, [&lt;= 55% AS A PASTE]","Peroxides, Organic",238957,"Peroxides, Organic",MATCH
2156-96-9,N-DECYL ACRYLATE,Acrylates and Acrylic Acids;Polymerizable Compounds,16541,Acrylates and Acrylic Acids;Polymerizable Compounds,MATCH
2157-01-9,N-OCTYL METHACRYLATE,Acrylates and Acrylic Acids;Polymerizable Compounds,16542,Acrylates and Acrylic Acids;Polymerizable Compounds,MATCH
21609-90-5,LEPTOPHOS,"Aryl Halides;Sulfonates, Phosphonates, and Thiophosphonates, Organic",30709,"Aryl Halides;Sulfonates, Phosphonates, and Thiophosphonates, Organic",MATCH
2163-80-6,"METHANEARSONIC ACID, [SODIUM SALT]","Salts, Basic",23664719,"Salts, Basic",MATCH
2164-07-0,DIPOTASSIUM ENDOTHALL,"Ethers;Salts, Basic",76970240,"Ethers;Salts, Basic",MATCH
2164-17-2,FLUOMETURON,Amides and Imides;Fluorinated Organic Compounds,16562,Amides and Imides;Fluorinated Organic Compounds,MATCH
21651-19-4,TIN(II) OXIDE,"Reducing Agents, Strong",88989,"Reducing Agents, Strong",MATCH
2167-23-9,"2,2-DI-(TERT-BUTYLPEROXY)BUTANE","Acetals, Ketals, Hemiacetals, and Hemiketals;Peroxides, Organic",221260,"Acetals, Ketals, Hemiacetals, and Hemiketals;Peroxides, Organic",MATCH
21723-86-4,4-[BENZYL(ETHYL)AMINO]-3-ETHOXYBENZENEDIAZONIUM ZINC CHLORIDE,"Amines, Aromatic;Azo, Diazo, Azido, Hydrazine, and Azide Compounds;Diazonium Salts;Ethers;Organometallics;Salts, Acidic",165362030,"Amines, Aromatic;Azo, Diazo, Azido, Hydrazine, and Azide Compounds;Diazonium Salts;Ethers;Organometallics;Salts, Acidic",MATCH
21725-46-2,CYANAZINE,"Amines, Phosphines, and Pyridines;Aryl Halides;Nitriles",30773,"Amines, Phosphines, and Pyridines;Aryl Halides;Nitriles",MATCH
21732-17-2,TETRAZOL-1-ACETIC ACID,"Acids, Carboxylic;Azo, Diazo, Azido, Hydrazine, and Azide Compounds",543207,"Acids, Carboxylic;Azo, Diazo, Azido, Hydrazine, and Azide Compounds",MATCH
21739-91-3,CYTEMBENA,"Acids, Carboxylic;Halogenated Organic Compounds;Hydrocarbons, Aliphatic Unsaturated",23665583,"Acids, Carboxylic;Halogenated Organic Compounds;Hydrocarbons, Aliphatic Unsaturated",MATCH
2179-59-1,ALLYL PROPYL DISULFIDE,"Hydrocarbons, Aliphatic Unsaturated;Sulfides, Organic",16591,"Hydrocarbons, Aliphatic Unsaturated;Sulfides, Organic",MATCH
218-01-9,CHRYSENE,"Hydrocarbons, Aromatic",9171,"Hydrocarbons, Aromatic",MATCH
21829-25-4,NIFEDIPINE,"Amines, Phosphines, and Pyridines;Esters, Sulfate Esters, Phosphate Esters, Thiophosphate Esters, and Borate Esters;Nitro, Nitroso, Nitrate, and Nitrite Compounds, Organic",4485,"Amines, Phosphines, and Pyridines;Esters, Sulfate Esters, Phosphate Esters, Thiophosphate Esters, and Borate Esters;Nitro, Nitroso, Nitrate, and Nitrite Compounds, Organic",MATCH
2185-92-4,2-BIPHENYLAMINE HYDROCHLORIDE,"Salts, Acidic",5284347,"Salts, Acidic",MATCH
21908-53-2,"MERCURIC OXIDE, [SOLID]","Metals, Less Reactive agents;Oxidizing Agents, Weak",30856,"Metals, Less Reactive agents;Oxidizing Agents, Weak",MATCH
21923-23-9,CHLORTHIOPHOS,"Aryl Halides;Esters, Sulfate Esters, Phosphate Esters, Thiophosphate Esters, and Borate Esters;Sulfides, Organic",30859,"Aryl Halides;Esters, Sulfate Esters, Phosphate Esters, Thiophosphate Esters, and Borate Esters;Sulfides, Organic",MATCH
2202-98-4,DIETHYLENE GLYCOL PHTHALATE,"Acids, Weak;Alcohols and Polyols;Esters, Sulfate Esters, Phosphate Esters, Thiophosphate Esters, and Borate Esters;Ethers",75149,"Acids, Weak;Alcohols and Polyols;Esters, Sulfate Esters, Phosphate Esters, Thiophosphate Esters, and Borate Esters;Ethers",MATCH
2206-89-5,2-CHLOROETHYL ACRYLATE,Acrylates and Acrylic Acids;Halogenated Organic Compounds;Polymerizable Compounds,16627,Acrylates and Acrylic Acids;Halogenated Organic Compounds;Polymerizable Compounds,MATCH
2210-79-9,O-CRESYL GLYCIDYL ETHER,Epoxides;Ethers,16640,Epoxides;Ethers,MATCH
2212-67-1,MOLINATE,Thiocarbamate Esters and Salts/Dithiocarbamate Esters and Salts,16653,Thiocarbamate Esters and Salts/Dithiocarbamate Esters and Salts,MATCH
22128-62-7,CHLOROMETHYL CHLOROFORMATE,"Acyl Halides, Sulfonyl Halides, and Chloroformates;Halogenated Organic Compounds",62754,"Acyl Halides, Sulfonyl Halides, and Chloroformates;Halogenated Organic Compounds",MATCH
2213-63-0,"2,3-DICHLOROQUINOXALINE","Amines, Phosphines, and Pyridines;Aryl Halides",16659,"Amines, Phosphines, and Pyridines;Aryl Halides",MATCH
22144-77-0,CYTOCHALASIN D,"Alcohols and Polyols;Amides and Imides;Esters, Sulfate Esters, Phosphate Esters, Thiophosphate Esters, and Borate Esters;Hydrocarbons, Aliphatic Unsaturated;Ketones",5458428,"Alcohols and Polyols;Amides and Imides;Esters, Sulfate Esters, Phosphate Esters, Thiophosphate Esters, and Borate Esters;Hydrocarbons, Aliphatic Unsaturated;Ketones",MATCH
2216-15-1,"N,N-DIETHYL-4-NITROBENZENAMINE","Amines, Aromatic;Nitro, Nitroso, Nitrate, and Nitrite Compounds, Organic",75185,"Amines, Aromatic;Nitro, Nitroso, Nitrate, and Nitrite Compounds, Organic",MATCH
2216-94-6,ETHYL PHENYLPROPIOLATE,"Alkynes, with No Acetylenic Hydrogen;Esters, Sulfate Esters, Phosphate Esters, Thiophosphate Esters, and Borate Esters;Hydrocarbons, Aliphatic Unsaturated",91516,"Alkynes, with No Acetylenic Hydrogen;Esters, Sulfate Esters, Phosphate Esters, Thiophosphate Esters, and Borate Esters;Hydrocarbons, Aliphatic Unsaturated",MATCH
2217-06-3,"DIPICRYL SULFIDE, WETTED WITH NOT LESS THAN 10% WATER","Nitro, Nitroso, Nitrate, and Nitrite Compounds, Organic;Sulfides, Organic;Water and Aqueous Solutions",316175,"Nitro, Nitroso, Nitrate, and Nitrite Compounds, Organic;Sulfides, Organic;Water and Aqueous Solutions",MATCH
22204-24-6,PYRANTEL PAMOATE,"Acids, Carboxylic;Alcohols and Polyols;Amines, Phosphines, and Pyridines;Ethers;Hydrocarbons, Aliphatic Unsaturated",5281033,"Acids, Carboxylic;Alcohols and Polyols;Amines, Phosphines, and Pyridines;Ethers;Hydrocarbons, Aliphatic Unsaturated",MATCH
22224-92-6,FENAMIPHOS,"Amines, Phosphines, and Pyridines;Esters, Sulfate Esters, Phosphate Esters, Thiophosphate Esters, and Borate Esters;Sulfides, Organic",31070,"Amines, Phosphines, and Pyridines;Esters, Sulfate Esters, Phosphate Esters, Thiophosphate Esters, and Borate Esters;Sulfides, Organic",MATCH
2223-93-0,CADMIUM STEARATE,"Hydrocarbons, Aliphatic Saturated;Salts, Basic",16681,"Hydrocarbons, Aliphatic Saturated;Salts, Basic",MATCH
22288-43-3,"1,1,3,3-TETRAMETHYLBUTYL PEROXY-2-ETHYLHEXANOATE","Peroxides, Organic",90761,"Peroxides, Organic",MATCH
2231-57-4,THIOCARBAZIDE,"Amides and Imides;Amines, Phosphines, and Pyridines",2724189,"Amides and Imides;Amines, Phosphines, and Pyridines",MATCH
22326-55-2,BARIUM HYDROXIDE MONOHYDRATE,"Bases, Strong",,,ERROR
2234-13-1,OCTACHLORONAPHTHALENE,Aryl Halides,16692,Aryl Halides,MATCH
2235-54-3,AMMONIUM LAURYL SULFATE,"Esters, Sulfate Esters, Phosphate Esters, Thiophosphate Esters, and Borate Esters;Hydrocarbons, Aliphatic Unsaturated;Salts, Acidic",16700,"Esters, Sulfate Esters, Phosphate Esters, Thiophosphate Esters, and Borate Esters;Hydrocarbons, Aliphatic Unsaturated;Salts, Acidic",MATCH
22397-33-7,"3,3,6,6,9,9-HEXAMETHYL-1,2,4,5-TETRAOXACYCLONONANE","Peroxides, Organic;Water and Aqueous Solutions",89694,"Peroxides, Organic;Water and Aqueous Solutions",MATCH
224-42-0,"DIBENZ[A,J]ACRIDINE","Amines, Phosphines, and Pyridines",9177,"Amines, Phosphines, and Pyridines",MATCH
2243-61-0,"1,4-NAPHTHALENEDIAMINE","Amines, Aromatic",16719,"Amines, Aromatic",MATCH
2243-62-1,"1,5-NAPHTHALENEDIAMINE","Amines, Aromatic",16720,"Amines, Aromatic",MATCH
2244-16-8,D-CARVONE,"Hydrocarbons, Aliphatic Unsaturated;Ketones",16724,"Hydrocarbons, Aliphatic Unsaturated;Ketones",MATCH
2244-21-5,"POTASSIUM DICHLORO-S-TRIAZINETRIONE, DRY","Acyl Halides, Sulfonyl Halides, and Chloroformates;Halogenating Agents;Oxidizing Agents, Strong;Salts, Acidic",23665761,"Acyl Halides, Sulfonyl Halides, and Chloroformates;Halogenating Agents;Oxidizing Agents, Strong;Salts, Acidic",MATCH
225-51-4,BENZ[C]ACRIDINE,"Amines, Phosphines, and Pyridines;Hydrocarbons, Aromatic",9181,"Amines, Phosphines, and Pyridines;Hydrocarbons, Aromatic",MATCH
2252-84-8,HEPTAFLUOROPROPANE,Fluorinated Organic Compounds,62442,Fluorinated Organic Compounds,MATCH
226-36-8,"DIBENZ[A,H]ACRIDINE","Amines, Phosphines, and Pyridines",9183,"Amines, Phosphines, and Pyridines",MATCH
2275-18-5,PROTHOATE,"Amides and Imides;Esters, Sulfate Esters, Phosphate Esters, Thiophosphate Esters, and Borate Esters",16774,"Amides and Imides;Esters, Sulfate Esters, Phosphate Esters, Thiophosphate Esters, and Borate Esters",MATCH
22781-23-3,BENDIOCARB,"Acetals, Ketals, Hemiacetals, and Hemiketals;Carbamates;Ethers",2314,"Acetals, Ketals, Hemiacetals, and Hemiketals;Carbamates;Ethers",MATCH
22831-39-6,MAGNESIUM SILICIDE,"Nitrides, Phosphides, Carbides, and Silicides",89858,"Nitrides, Phosphides, Carbides, and Silicides",MATCH
2288-13-3,METHYLSILATRANE,"Amines, Phosphines, and Pyridines;Siloxanes",16797,"Amines, Phosphines, and Pyridines;Siloxanes",MATCH
229-87-8,PHENANTHRIDINE,"Amines, Phosphines, and Pyridines;Hydrocarbons, Aromatic",9189,"Amines, Phosphines, and Pyridines;Hydrocarbons, Aromatic",MATCH
22961-82-6,BENDIOCARB PHENOL,Ethers;Phenols and Cresols,62765,Ethers;Phenols and Cresols,MATCH
22966-79-6,ESTRADIOL MUSTARD,"Amines, Phosphines, and Pyridines;Esters, Sulfate Esters, Phosphate Esters, Thiophosphate Esters, and Borate Esters;Halogenated Organic Compounds",31586,"Amines, Phosphines, and Pyridines;Esters, Sulfate Esters, Phosphate Esters, Thiophosphate Esters, and Borate Esters;Halogenated Organic Compounds",MATCH
2300-66-5,DIMETHYLAMINE DICAMBA,"Acids, Carboxylic;Amines, Phosphines, and Pyridines;Aryl Halides;Ethers",16811,"Acids, Carboxylic;Amines, Phosphines, and Pyridines;Aryl Halides;Ethers",MATCH
2303-16-4,DIALLATE,"Halogenated Organic Compounds;Hydrocarbons, Aliphatic Unsaturated;Thiocarbamate Esters and Salts/Dithiocarbamate Esters and Salts",5284376,"Halogenated Organic Compounds;Hydrocarbons, Aliphatic Unsaturated;Thiocarbamate Esters and Salts/Dithiocarbamate Esters and Salts",MATCH
2303-17-5,"TRIALLATE, [SOLID]","Carbamates;Halogenated Organic Compounds;Hydrocarbons, Aliphatic Unsaturated",5543,"Carbamates;Halogenated Organic Compounds;Hydrocarbons, Aliphatic Unsaturated",MATCH
2312-35-8,PROPARGITE,"Alkynes, with Acetylenic Hydrogen;Esters, Sulfate Esters, Phosphate Esters, Thiophosphate Esters, and Borate Esters;Ethers;Hydrocarbons, Aliphatic Unsaturated",4936,"Alkynes, with Acetylenic Hydrogen;Esters, Sulfate Esters, Phosphate Esters, Thiophosphate Esters, and Borate Esters;Ethers;Hydrocarbons, Aliphatic Unsaturated",MATCH
2321-07-5,FLUORESCEIN,"Acids, Carboxylic;Ethers;Phenols and Cresols",16850,"Acids, Carboxylic;Ethers;Phenols and Cresols",MATCH
23246-96-0,RIDDELLINE,"Alcohols and Polyols;Amines, Phosphines, and Pyridines;Esters, Sulfate Esters, Phosphate Esters, Thiophosphate Esters, and Borate Esters;Hydrocarbons, Aliphatic Unsaturated",5281744,"Alcohols and Polyols;Amines, Phosphines, and Pyridines;Esters, Sulfate Esters, Phosphate Esters, Thiophosphate Esters, and Borate Esters;Hydrocarbons, Aliphatic Unsaturated",MATCH
23255-93-8,HYCANTHONE METHANESULFONATE,"Salts, Basic",285666,"Salts, Basic",MATCH
23306-80-1,"N,N-DIISOPROPYLPHOSPHORAMIDIC DICHLORIDE","Acyl Halides, Sulfonyl Halides, and Chloroformates;Amides and Imides",13459336,"Acyl Halides, Sulfonyl Halides, and Chloroformates;Amides and Imides",MATCH
2338-12-7,5-NITROBENZOTRIAZOL,"Azo, Diazo, Azido, Hydrazine, and Azide Compounds;Nitro, Nitroso, Nitrate, and Nitrite Compounds, Organic",61301,"Azo, Diazo, Azido, Hydrazine, and Azide Compounds;Nitro, Nitroso, Nitrate, and Nitrite Compounds, Organic",MATCH
23414-72-4,ZINC PERMANGANATE,"Oxidizing Agents, Strong",31896,"Oxidizing Agents, Strong",MATCH
23422-53-9,FORMETANATE HYDROCHLORIDE,Carbamates,31899,Carbamates,MATCH
23474-91-1,TERT-BUTYL PEROXYCROTONATE,"Hydrocarbons, Aliphatic Unsaturated;Peroxides, Organic",90938,"Hydrocarbons, Aliphatic Unsaturated;Peroxides, Organic",MATCH
23505-41-1,PIRIMIFOS-ETHYL,"Amines, Phosphines, and Pyridines;Esters, Sulfate Esters, Phosphate Esters, Thiophosphate Esters, and Borate Esters",31957,"Amines, Phosphines, and Pyridines;Esters, Sulfate Esters, Phosphate Esters, Thiophosphate Esters, and Borate Esters",MATCH
23519-77-9,TETRA-N-PROPYL ZIRCONATE,"Bases, Strong",90139,"Bases, Strong",MATCH
23525-22-6,DIPHENYLCYANOARSINE,Nitriles;Organometallics,64506,Nitriles;Organometallics,MATCH
2353-33-5,5-AZA-2&#39;-DEOXYCYTIDINE,"Alcohols and Polyols;Amides and Imides;Amines, Phosphines, and Pyridines",451668,"Alcohols and Polyols;Amides and Imides;Amines, Phosphines, and Pyridines",MATCH
23541-50-6,DAUNORUBICIN HYDROCHLORIDE,"Acetals, Ketals, Hemiacetals, and Hemiketals;Alcohols and Polyols;Ethers;Ketones;Phenols and Cresols;Salts, Acidic",62770,"Acetals, Ketals, Hemiacetals, and Hemiketals;Alcohols and Polyols;Ethers;Ketones;Phenols and Cresols;Salts, Acidic",MATCH
23564-05-8,THIOPHANATE-METHYL,Amides and Imides;Carbamates,3032791,Amides and Imides;Carbamates,MATCH
23564-06-9,THIOPHANATE ETHYL,Amides and Imides;Carbamates,3032792,Amides and Imides;Carbamates,MATCH
2372-21-6,TERT-BUTYL PEROXYISOPROPYL CARBONATE,"Esters, Sulfate Esters, Phosphate Esters, Thiophosphate Esters, and Borate Esters;Peroxides, Organic",75406,"Esters, Sulfate Esters, Phosphate Esters, Thiophosphate Esters, and Borate Esters;Peroxides, Organic",MATCH
2373-98-0,"3,3&#39;-DIHYDROXYBENZIDINE","Amines, Aromatic;Phenols and Cresols",16918,"Amines, Aromatic;Phenols and Cresols",MATCH
23745-86-0,POTASSIUM FLUOROACETATE,"Halogenated Organic Compounds;Salts, Basic",23685976,"Halogenated Organic Compounds;Salts, Basic",MATCH
2381-21-7,1-METHYLPYRENE,"Hydrocarbons, Aromatic",16932,"Hydrocarbons, Aromatic",MATCH
2385-85-5,MIREX,Halogenated Organic Compounds,16945,Halogenated Organic Compounds,MATCH
23950-58-5,"3,5-DICHLORO-N-(1,1-DIMETHYL-2-PROPYNYL)BENZAMIDE","Alkynes, with Acetylenic Hydrogen;Amides and Imides;Aryl Halides",32154,"Alkynes, with Acetylenic Hydrogen;Amides and Imides;Aryl Halides",MATCH
2398-96-1,TOLNAFTATE,"Hydrocarbons, Aromatic;Thiocarbamate Esters and Salts/Dithiocarbamate Esters and Salts",5510,"Hydrocarbons, Aromatic;Thiocarbamate Esters and Salts/Dithiocarbamate Esters and Salts",MATCH
24017-47-8,TRIAZOFOS,"Amines, Phosphines, and Pyridines;Azo, Diazo, Azido, Hydrazine, and Azide Compounds;Esters, Sulfate Esters, Phosphate Esters, Thiophosphate Esters, and Borate Esters",32184,"Acids, Carboxylic;Amines, Phosphines, and Pyridines;Aryl Halides;Azo, Diazo, Azido, Hydrazine, and Azide Compounds;Esters, Sulfate Esters, Phosphate Esters, Thiophosphate Esters, and Borate Esters",MATCH
2404-44-6,"1,2-EPOXYDECANE",Epoxides;Polymerizable Compounds,16993,Epoxides;Polymerizable Compounds,MATCH
2407-94-5,DI-(1-HYDROXYCYCLOHEXYL)PEROXIDE,"Acetals, Ketals, Hemiacetals, and Hemiketals;Peroxides, Organic",75477,"Acetals, Ketals, Hemiacetals, and Hemiketals;Peroxides, Organic",MATCH
24072-75-1,"5,6-DICHLORO-2-BENZOTHIAZOLAMINE","Amines, Phosphines, and Pyridines;Aryl Halides;Ethers;Nitro, Nitroso, Nitrate, and Nitrite Compounds, Organic",32206,"Amines, Phosphines, and Pyridines;Aryl Halides;Ethers;Nitro, Nitroso, Nitrate, and Nitrite Compounds, Organic",MATCH
24140-30-5,(+)-2-METHYLBUTYL-4-METHOXYBENZILIDINE-4&#39;-AMINOCINNAMATE,"Amines, Phosphines, and Pyridines;Esters, Sulfate Esters, Phosphate Esters, Thiophosphate Esters, and Borate Esters;Hydrocarbons, Aliphatic Unsaturated",5702746,"Amines, Phosphines, and Pyridines;Esters, Sulfate Esters, Phosphate Esters, Thiophosphate Esters, and Borate Esters;Hydrocarbons, Aliphatic Unsaturated",MATCH
24157-81-1,DIISOPROPYL NAPHTHALENE,"Hydrocarbons, Aromatic",32241,"Hydrocarbons, Aromatic",MATCH
24169-02-6,ECONAZOLE NITRATE,"Amines, Phosphines, and Pyridines;Aryl Halides;Nitrate and Nitrite Compounds, Inorganic;Salts, Acidic",68589,"Amines, Phosphines, and Pyridines;Aryl Halides;Nitrate and Nitrite Compounds, Inorganic;Salts, Acidic",MATCH
2421-02-5,"1,1&#39;,1&#39;&#39;-NITRILOTRIS-2-BUTANOL","Alcohols and Polyols;Amines, Phosphines, and Pyridines",17024,"Alcohols and Polyols;Amines, Phosphines, and Pyridines",MATCH
2425-06-1,CAPTAFOL,"Amides and Imides;Halogenated Organic Compounds;Hydrocarbons, Aliphatic Unsaturated;Sulfides, Organic",17038,"Amides and Imides;Halogenated Organic Compounds;Hydrocarbons, Aliphatic Unsaturated;Sulfides, Organic",MATCH
2425-79-8,"1,4-BUTANEDIOL DIGLYCIDYL ETHER",Epoxides;Ethers;Polymerizable Compounds,17046,Epoxides;Ethers;Polymerizable Compounds,MATCH
2425-85-6,C.I. PIGMENT RED 3,"Azo, Diazo, Azido, Hydrazine, and Azide Compounds;Nitro, Nitroso, Nitrate, and Nitrite Compounds, Organic;Phenols and Cresols",17047,"Azo, Diazo, Azido, Hydrazine, and Azide Compounds;Nitro, Nitroso, Nitrate, and Nitrite Compounds, Organic;Phenols and Cresols",MATCH
2426-08-6,N-BUTYL GLYCIDYL ETHER,Epoxides;Ethers,17049,Epoxides;Ethers,MATCH
2429-71-2,C.I. DIRECT BLUE 8,"Azo, Diazo, Azido, Hydrazine, and Azide Compounds;Salts, Basic;Sulfonates, Phosphonates, and Thiophosphonates, Organic",17055,"Azo, Diazo, Azido, Hydrazine, and Azide Compounds;Salts, Basic;Sulfonates, Phosphonates, and Thiophosphonates, Organic",MATCH
2429-73-4,DIRECT BLUE 2,"Amines, Aromatic;Azo, Diazo, Azido, Hydrazine, and Azide Compounds;Phenols and Cresols",17057,"Amines, Aromatic;Azo, Diazo, Azido, Hydrazine, and Azide Compounds;Phenols and Cresols",MATCH
2429-74-5,DIRECT BLUE 15,"Amines, Aromatic;Azo, Diazo, Azido, Hydrazine, and Azide Compounds;Phenols and Cresols",17059,"Amines, Aromatic;Azo, Diazo, Azido, Hydrazine, and Azide Compounds;Phenols and Cresols",MATCH
2429-82-5,DIRECT BROWN 2,"Amines, Aromatic;Azo, Diazo, Azido, Hydrazine, and Azide Compounds;Phenols and Cresols",17067,"Amines, Aromatic;Azo, Diazo, Azido, Hydrazine, and Azide Compounds;Phenols and Cresols",MATCH
2432-99-7,11-AMINOUNDECANOIC ACID,"Acids, Carboxylic;Amines, Phosphines, and Pyridines",17083,"Acids, Carboxylic;Amines, Phosphines, and Pyridines",MATCH
2437-56-1,1-TRIDECENE,"Hydrocarbons, Aliphatic Unsaturated",17095,"Hydrocarbons, Aliphatic Unsaturated",MATCH
24370-25-0,2-BENZIMIDAZOLYLUREA,"Amides and Imides;Amines, Phosphines, and Pyridines",32346,"Amides and Imides;Amines, Phosphines, and Pyridines",MATCH
2438-88-2,"2,3,5,6-TETRACHLORO-4-NITROANISOLE","Aryl Halides;Ethers;Nitro, Nitroso, Nitrate, and Nitrite Compounds, Organic",17107,"Aryl Halides;Ethers;Nitro, Nitroso, Nitrate, and Nitrite Compounds, Organic",MATCH
24382-04-5,"MALONALDEHYDE, SODIUM SALT",Aldehydes,23712862,Aldehydes,MATCH
2439-01-2,CHINOMETHIONAT,"Amines, Phosphines, and Pyridines;Ketones;Sulfides, Organic",17109,"Amines, Phosphines, and Pyridines;Ketones;Sulfides, Organic",MATCH
2439-10-3,DODINE,"Salts, Acidic",17110,"Salts, Acidic",MATCH
2439-35-2,2-DIMETHYLAMINOETHYL ACRYLATE,"Acrylates and Acrylic Acids;Amines, Phosphines, and Pyridines;Polymerizable Compounds",17111,"Acrylates and Acrylic Acids;Amines, Phosphines, and Pyridines;Polymerizable Compounds",MATCH
2451-62-9,"TRIS(2,3-EPOXYPROPYL)ISOCYANURATE",Amides and Imides;Epoxides;Polymerizable Compounds,17142,Amides and Imides;Epoxides;Polymerizable Compounds,MATCH
24549-06-2,2-METHYL-6-ETHYL ANILINE,"Amines, Aromatic",32485,"Amines, Aromatic",MATCH
24554-26-5,N-(4-(5-NITRO-2-FURYL)THIAZOYL)FORMAMIDE,"Amides and Imides;Nitro, Nitroso, Nitrate, and Nitrite Compounds, Organic;Sulfides, Organic",32486,"Amides and Imides;Nitro, Nitroso, Nitrate, and Nitrite Compounds, Organic;Sulfides, Organic",MATCH
2461-15-6,2-ETHYLHEXYL GLYCIDYL ETHER,Epoxides;Ethers,17162,Epoxides;Ethers,MATCH
2461-18-9,LAURYL GLYCIDYL ETHER,Epoxides;Ethers,17163,Epoxides;Ethers,MATCH
2465-27-2,AURAMINE O,"Amines, Phosphines, and Pyridines;Salts, Acidic",17170,"Amines, Phosphines, and Pyridines;Salts, Acidic",MATCH
2475-33-4,VAT BROWN 1,"Amines, Phosphines, and Pyridines;Hydrocarbons, Aromatic;Ketones",62448,"Amines, Phosphines, and Pyridines;Hydrocarbons, Aromatic;Ketones",MATCH
2475-45-8,C.I. DISPERSE BLUE 1,"Amines, Aromatic;Ketones",17190,"Amines, Aromatic;Ketones",MATCH
24800-44-0,TRIPROPYLENE GLYCOL,Alcohols and Polyols;Ethers,,,ERROR
24815-24-5,RESCINNAMINE,"Amines, Phosphines, and Pyridines;Esters, Sulfate Esters, Phosphate Esters, Thiophosphate Esters, and Borate Esters;Hydrocarbons, Aliphatic Unsaturated",5280954,"Amines, Phosphines, and Pyridines;Esters, Sulfate Esters, Phosphate Esters, Thiophosphate Esters, and Borate Esters;Hydrocarbons, Aliphatic Unsaturated",MATCH
2489-77-2,"1,1,3-TRIMETHYL-2-THIOUREA","Amides and Imides;Sulfides, Organic",2779938,"Amides and Imides;Sulfides, Organic",MATCH
2492-26-4,SODIUM 2-MERCAPTOBENZOTHIAZOL SOLUTION,"Azo, Diazo, Azido, Hydrazine, and Azide Compounds;Sulfides, Organic;Water and Aqueous Solutions",3714831,"Azo, Diazo, Azido, Hydrazine, and Azide Compounds;Sulfides, Organic;Water and Aqueous Solutions",MATCH
2493-84-7,P-N-OCTYLOXYBENZOIC ACID,"Acids, Carboxylic",17231,"Acids, Carboxylic",MATCH
24934-91-6,CHLORMEPHOS,"Esters, Sulfate Esters, Phosphate Esters, Thiophosphate Esters, and Borate Esters;Halogenated Organic Compounds",32739,"Esters, Sulfate Esters, Phosphate Esters, Thiophosphate Esters, and Borate Esters;Halogenated Organic Compounds",MATCH
2497-07-6,OXYDISULFOTON,"Esters, Sulfate Esters, Phosphate Esters, Thiophosphate Esters, and Borate Esters;Sulfonates, Phosphonates, and Thiophosphonates, Organic",17242,"Esters, Sulfate Esters, Phosphate Esters, Thiophosphate Esters, and Borate Esters;Sulfonates, Phosphonates, and Thiophosphonates, Organic",MATCH
25013-16-5,BUTYLATED HYDROXYANISOLE,Ethers;Phenols and Cresols,8456,Ethers;Phenols and Cresols,MATCH
2508-19-2,TRINITROBENZENE SULFONIC ACID,"Acids, Strong Oxidizing;Nitro, Nitroso, Nitrate, and Nitrite Compounds, Organic",11045,"Acids, Strong Oxidizing;Nitro, Nitroso, Nitrate, and Nitrite Compounds, Organic",MATCH
25103-58-6,TERT-DODECYLMERCAPTAN,"Sulfides, Organic",,,ERROR
25109-57-3,"1,2-DIBROMOBUTAN-3-ONE",Halogenated Organic Compounds;Ketones,62791,Halogenated Organic Compounds;Ketones,MATCH
25136-55-4,DIMETHYLDIOXANES,Ethers,32803,Ethers,MATCH
25148-68-9,N-METHYL-O-PHENYLENEDIAMINE DIHYDROCHLORIDE,"Salts, Acidic",91296,"Salts, Acidic",MATCH
25154-54-5,DINITROBENZENE SOLUTION,"Nitro, Nitroso, Nitrate, and Nitrite Compounds, Organic",10707,"Nitro, Nitroso, Nitrate, and Nitrite Compounds, Organic",MATCH
25154-55-6,NITROPHENOLS,"Nitro, Nitroso, Nitrate, and Nitrite Compounds, Organic;Phenols and Cresols",6947,"Nitro, Nitroso, Nitrate, and Nitrite Compounds, Organic;Phenols and Cresols",MATCH
25155-23-1,TRIXYLENYL PHOSPHATE,"Esters, Sulfate Esters, Phosphate Esters, Thiophosphate Esters, and Borate Esters;Hydrocarbons, Aromatic",19736,"Esters, Sulfate Esters, Phosphate Esters, Thiophosphate Esters, and Borate Esters;Hydrocarbons, Aromatic",MATCH
25155-25-3,BIS(TERT-BUTYLDIOXYISOPROPYL)BENZENE,"Peroxides, Organic;Polymerizable Compounds",17721,"Peroxides, Organic;Polymerizable Compounds",MATCH
25155-30-0,SODIUM DODECYLBENZENESULFONATE (BRANCHED CHAIN),"Salts, Basic",23662403,"Salts, Basic",MATCH
25167-32-2,DODECYL DIPHENYL ETHER DISULFONATE SOLUTION,"Ethers;Salts, Basic;Sulfonates, Phosphonates, and Thiophosphonates, Organic;Water and Aqueous Solutions",56841880,"Ethers;Salts, Basic;Sulfonates, Phosphonates, and Thiophosphonates, Organic;Water and Aqueous Solutions",MATCH
25167-80-0,"CHLOROPHENOLS, LIQUID",Aryl Halides;Phenols and Cresols,7245,"Acids, Weak;Aryl Halides;Phenols and Cresols",MATCH
25167-93-5,CHLORONITROBENZENES,"Aryl Halides;Nitro, Nitroso, Nitrate, and Nitrite Compounds, Organic",6945,"Aryl Halides;Nitro, Nitroso, Nitrate, and Nitrite Compounds, Organic",MATCH
25168-04-1,NITROXYLENES,"Nitro, Nitroso, Nitrate, and Nitrite Compounds, Organic",6739,"Nitro, Nitroso, Nitrate, and Nitrite Compounds, Organic",MATCH
25168-05-2,CHLOROTOLUENES,Aryl Halides,,,ERROR
25168-15-4,"DED-WEED LV-4T 64 PERCENT 2,4,5-T ISOOCTYL ESTER","Aryl Halides;Esters, Sulfate Esters, Phosphate Esters, Thiophosphate Esters, and Borate Esters",518275,"Aryl Halides;Esters, Sulfate Esters, Phosphate Esters, Thiophosphate Esters, and Borate Esters;Salts, Basic",MATCH
25168-26-7,"DED-WEED LV-69 67 PERCENT 2,4-D ISOOCTYL ESTER","Aryl Halides;Esters, Sulfate Esters, Phosphate Esters, Thiophosphate Esters, and Borate Esters",24678,"Aryl Halides;Esters, Sulfate Esters, Phosphate Esters, Thiophosphate Esters, and Borate Esters;Ethers",MATCH
2520-60-7,2-(3-METHYL-2-BUTENYL)CYCLOPENTANONE,"Hydrocarbons, Aliphatic Unsaturated;Ketones",102835,"Hydrocarbons, Aliphatic Unsaturated;Ketones",MATCH
2523-37-7,9-METHYLFLUORENE,"Hydrocarbons, Aromatic",17299,"Hydrocarbons, Aromatic",MATCH
2523-56-0,P-AMINOCYCLOHEXYLMETHANE,"Amines, Phosphines, and Pyridines",80604,"Amines, Phosphines, and Pyridines",MATCH
2524-01-8,PROPYLPHOSPHONOTHIOIC DICHLORIDE,"Acyl Halides, Sulfonyl Halides, and Chloroformates;Sulfonates, Phosphonates, and Thiophosphonates, Organic",4184170,"Acyl Halides, Sulfonyl Halides, and Chloroformates;Sulfonates, Phosphonates, and Thiophosphonates, Organic",MATCH
2524-04-1,DIETHYLTHIOPHOSPHORYL CHLORIDE,"Acyl Halides, Sulfonyl Halides, and Chloroformates",17305,"Acyl Halides, Sulfonyl Halides, and Chloroformates",MATCH
2524-64-3,DIPHENYL CHLOROPHOSPHATE,"Acyl Halides, Sulfonyl Halides, and Chloroformates;Esters, Sulfate Esters, Phosphate Esters, Thiophosphate Esters, and Borate Esters",75654,"Acyl Halides, Sulfonyl Halides, and Chloroformates;Esters, Sulfate Esters, Phosphate Esters, Thiophosphate Esters, and Borate Esters",MATCH
25251-51-8,TERT-BUTYL PEROXY-3-PHENYLPHTHALIDE,"Acetals, Ketals, Hemiacetals, and Hemiketals;Peroxides, Organic",91356,"Acetals, Ketals, Hemiacetals, and Hemiketals;Peroxides, Organic",MATCH
25265-68-3,METHYLTETRAHYDROFURAN,Ethers,7301,Ethers,MATCH
25265-71-8,DIPROPYLENE GLYCOL,Alcohols and Polyols;Ethers,134692469,Alcohols and Polyols;Ethers,MATCH
25265-77-4,"2,2,4-TRIMETHYL-1,3-PENTANEDIOL MONOISOBUTYRATE","Esters, Sulfate Esters, Phosphate Esters, Thiophosphate Esters, and Borate Esters",6490,"Esters, Sulfate Esters, Phosphate Esters, Thiophosphate Esters, and Borate Esters",MATCH
2528-36-1,DIBUTYLPHENYL PHOSPHATE,"Esters, Sulfate Esters, Phosphate Esters, Thiophosphate Esters, and Borate Esters",17312,"Esters, Sulfate Esters, Phosphate Esters, Thiophosphate Esters, and Borate Esters",MATCH
2531-84-2,2-METHYLPHENANTHRENE,"Hydrocarbons, Aromatic",17321,"Hydrocarbons, Aromatic",MATCH
25311-71-1,ISOFENPHOS,"Amines, Phosphines, and Pyridines;Esters, Sulfate Esters, Phosphate Esters, Thiophosphate Esters, and Borate Esters",32872,"Amines, Phosphines, and Pyridines;Esters, Sulfate Esters, Phosphate Esters, Thiophosphate Esters, and Borate Esters",MATCH
25316-40-9,ADRIAMYCIN HYDROCHLORIDE,"Amines, Phosphines, and Pyridines;Ethers;Ketones;Phenols and Cresols",443939,"Amines, Phosphines, and Pyridines;Ethers;Ketones;Phenols and Cresols",MATCH
25321-14-6,DINITROTOLUENE,"Nitro, Nitroso, Nitrate, and Nitrite Compounds, Organic",,,ERROR
25322-68-3,POLYETHYLENE GLYCOL 200,Alcohols and Polyols;Ethers,,,ERROR
25322-69-4,POLYPROPYLENE GLYCOL,Alcohols and Polyols,,,ERROR
25324-56-5,STANNIC PHOSPHIDE,"Nitrides, Phosphides, Carbides, and Silicides",44144463,"Nitrides, Phosphides, Carbides, and Silicides",MATCH
25339-17-7,ISODECYL ALCOHOL,Alcohols and Polyols,32898,Alcohols and Polyols,MATCH
25339-53-1,DECENE,"Hydrocarbons, Aliphatic Unsaturated",5364559,"Hydrocarbons, Aliphatic Unsaturated",MATCH
25339-93-9,MANNIDE MONOOLEATE,"Alcohols and Polyols;Esters, Sulfate Esters, Phosphate Esters, Thiophosphate Esters, and Borate Esters;Ethers;Hydrocarbons, Aliphatic Unsaturated",6436596,"Alcohols and Polyols;Esters, Sulfate Esters, Phosphate Esters, Thiophosphate Esters, and Borate Esters;Ethers;Hydrocarbons, Aliphatic Unsaturated",MATCH
25340-18-5,TRIETHYLBENZENE,"Hydrocarbons, Aromatic",39149,"Hydrocarbons, Aromatic",MATCH
25399-81-9,ZIRCONIUM OXYCHLORIDE HEXAHYDRATE,"Acyl Halides, Sulfonyl Halides, and Chloroformates",,,ERROR
2540-82-1,FORMOTHION,"Aldehydes;Amides and Imides;Esters, Sulfate Esters, Phosphate Esters, Thiophosphate Esters, and Borate Esters",17345,"Aldehydes;Amides and Imides;Esters, Sulfate Esters, Phosphate Esters, Thiophosphate Esters, and Borate Esters",MATCH
2549-51-1,VINYL CHLOROACETATE,"Esters, Sulfate Esters, Phosphate Esters, Thiophosphate Esters, and Borate Esters;Halogenated Organic Compounds;Hydrocarbons, Aliphatic Unsaturated;Polymerizable Compounds",82156,"Esters, Sulfate Esters, Phosphate Esters, Thiophosphate Esters, and Borate Esters;Halogenated Organic Compounds;Hydrocarbons, Aliphatic Unsaturated;Polymerizable Compounds",MATCH
25496-08-6,FLUOROTOLUENES,Fluorinated Organic Compounds;Halogenated Organic Compounds,33021,Fluorinated Organic Compounds;Halogenated Organic Compounds,MATCH
2550-33-6,TERT-BUTYL PEROXYDIETHYLACETATE,"Peroxides, Organic",75694,"Peroxides, Organic",MATCH
25550-55-4,DINITROSOBENZENE,"Nitro, Nitroso, Nitrate, and Nitrite Compounds, Organic",24259,"Nitro, Nitroso, Nitrate, and Nitrite Compounds, Organic",MATCH
25550-58-7,"DINITROPHENOL, SOLUTION","Nitro, Nitroso, Nitrate, and Nitrite Compounds, Organic;Phenols and Cresols;Water and Aqueous Solutions",6191,"Nitro, Nitroso, Nitrate, and Nitrite Compounds, Organic;Phenols and Cresols;Water and Aqueous Solutions",MATCH
2556-36-7,"1,4-CYCLOHEXANE DIISOCYANATE",Isocyanates and Isothiocyanates,17367,Isocyanates and Isothiocyanates,MATCH
25567-67-3,CHLORODINITROBENZENES,"Aryl Halides;Nitro, Nitroso, Nitrate, and Nitrite Compounds, Organic",33096,"Aryl Halides;Nitro, Nitroso, Nitrate, and Nitrite Compounds, Organic",MATCH
25620-58-0,TRIMETHYLHEXAMETHYLENEDIAMINES,"Amines, Phosphines, and Pyridines",3033875,"Amines, Phosphines, and Pyridines",MATCH
25641-53-6,"SODIUM DINITRO-O-CRESOLATE, WETTED WITH NOT LESS THAN 15% WATER","Nitro, Nitroso, Nitrate, and Nitrite Compounds, Organic;Phenolic Salts;Water and Aqueous Solutions",33129,"Nitro, Nitroso, Nitrate, and Nitrite Compounds, Organic;Phenolic Salts;Water and Aqueous Solutions",MATCH
2567-01-3,PROPYLENE CYANOHYDRIN,Alcohols and Polyols;Nitriles,17377,Alcohols and Polyols;Nitriles,MATCH
2567-83-1,"TETRAETHYLAMMONIUM PERCHLORATE, [DRY]","Oxidizing Agents, Strong;Quaternary Ammonium and Phosphonium Salts",2734932,"Oxidizing Agents, Strong;Quaternary Ammonium and Phosphonium Salts",MATCH
257-07-8,"DIBENZ(B,F)(1,4)OXAZEPINE","Amines, Phosphines, and Pyridines",9213,"Amines, Phosphines, and Pyridines",MATCH
2570-26-5,PENTADECYLAMINE,"Amines, Phosphines, and Pyridines",17386,"Amines, Phosphines, and Pyridines",MATCH
25703-79-1,POLY(2-HYDROXYPROPYL METHACRYLATE),Acrylates and Acrylic Acids;Alcohols and Polyols;Polymerizable Compounds,,,ERROR
2576-47-8,2-BROMOETHYLAMINE HYDROBROMIDE,"Halogenated Organic Compounds;Salts, Acidic",2774217,"Halogenated Organic Compounds;Salts, Acidic",MATCH
2580-78-1,REACTIVE BLUE 19,"Amines, Aromatic;Ketones;Salts, Basic;Sulfonates, Phosphonates, and Thiophosphonates, Organic",17409,"Amines, Aromatic;Ketones;Salts, Basic;Sulfonates, Phosphonates, and Thiophosphonates, Organic",MATCH
25834-80-4,"2,4-BIS(P-AMINOBENZYL)ANILINE","Amines, Aromatic",33182,"Amines, Aromatic",MATCH
25843-45-2,AZOXYMETHANE,"Azo, Diazo, Azido, Hydrazine, and Azide Compounds;Oxidizing Agents, Weak",33184,"Azo, Diazo, Azido, Hydrazine, and Azide Compounds;Oxidizing Agents, Weak",MATCH
25852-70-4,BUTYLTIN-TRIS(ISOOCTYLMERCAPTO ACETATE),"Esters, Sulfate Esters, Phosphate Esters, Thiophosphate Esters, and Borate Esters;Organometallics;Sulfides, Inorganic",33185,"Esters, Sulfate Esters, Phosphate Esters, Thiophosphate Esters, and Borate Esters;Organometallics;Sulfides, Inorganic",MATCH
25869-00-5,FERRIC AMMONIUM FERROCYANIDE,"Cyanides, Inorganic;Salts, Acidic",33190,"Cyanides, Inorganic;Salts, Acidic",MATCH
2587-90-8,"PHOSPHOROTHIOIC ACID, O,O-DIMETHYL S-(2-(METHYLTHIO) ETHYL) ESTER","Esters, Sulfate Esters, Phosphate Esters, Thiophosphate Esters, and Borate Esters;Sulfides, Organic",17423,"Esters, Sulfate Esters, Phosphate Esters, Thiophosphate Esters, and Borate Esters;Sulfides, Organic",MATCH
25953-06-4,5-DIETHYLAMINO-2-NITROSOPHENOL HYDROCHLORIDE,"Nitro, Nitroso, Nitrate, and Nitrite Compounds, Organic;Phenols and Cresols;Salts, Acidic",33253,"Nitro, Nitroso, Nitrate, and Nitrite Compounds, Organic;Phenols and Cresols;Salts, Acidic",MATCH
2598-99-4,STEARYL PALMITATE,"Esters, Sulfate Esters, Phosphate Esters, Thiophosphate Esters, and Borate Esters",75778,"Esters, Sulfate Esters, Phosphate Esters, Thiophosphate Esters, and Borate Esters",MATCH
260-94-6,ACRIDINE,"Amines, Phosphines, and Pyridines;Hydrocarbons, Aromatic",9215,"Amines, Phosphines, and Pyridines;Hydrocarbons, Aromatic",MATCH
26002-80-2,PHENOTHRIN,"Esters, Sulfate Esters, Phosphate Esters, Thiophosphate Esters, and Borate Esters;Ethers;Hydrocarbons, Aliphatic Unsaturated",4767,"Esters, Sulfate Esters, Phosphate Esters, Thiophosphate Esters, and Borate Esters;Ethers;Hydrocarbons, Aliphatic Unsaturated",MATCH
2602-46-2,C.I. DIRECT BLUE 6,"Azo, Diazo, Azido, Hydrazine, and Azide Compounds;Salts, Basic",17449,"Azo, Diazo, Azido, Hydrazine, and Azide Compounds;Salts, Basic",MATCH
2608-48-2,"5-(4-NITROPHENYL)-2,4-PENTADIENAL","Aldehydes;Conjugated Dienes;Hydrocarbons, Aliphatic Unsaturated;Nitro, Nitroso, Nitrate, and Nitrite Compounds, Organic",6433340,"Aldehydes;Conjugated Dienes;Hydrocarbons, Aliphatic Unsaturated;Nitro, Nitroso, Nitrate, and Nitrite Compounds, Organic",MATCH
2610-05-1,DIRECT BLUE 1,"Amines, Aromatic;Azo, Diazo, Azido, Hydrazine, and Azide Compounds;Phenols and Cresols",17460,"Amines, Aromatic;Azo, Diazo, Azido, Hydrazine, and Azide Compounds;Phenols and Cresols",MATCH
26134-62-3,LITHIUM NITRIDE,"Bases, Strong;Nitrides, Phosphides, Carbides, and Silicides",520242,"Bases, Strong;Nitrides, Phosphides, Carbides, and Silicides",MATCH
2614-76-8,"2,2-DIHYDROPEROXYPROPANE","Acetals, Ketals, Hemiacetals, and Hemiketals;Peroxides, Organic",15908632,"Acetals, Ketals, Hemiacetals, and Hemiketals;Peroxides, Organic",MATCH
2618-77-1,"2,5-DIMETHYL-2,5-DI-(BENZOYLPEROXY)HEXANE","Peroxides, Organic",75796,"Peroxides, Organic",MATCH
262-12-4,DIBENZO-P-DIOXIN,Ethers,9216,Ethers,MATCH
262-20-4,DIBENZOOXATHIANE,"Ethers;Hydrocarbons, Aromatic;Sulfides, Organic",9217,"Ethers;Hydrocarbons, Aromatic;Sulfides, Organic",MATCH
26227-73-6,4-METHOXYBENZYLIDINE-4&#39;-N-BUTYLANILINE,"Amines, Aromatic",33363,"Amines, Aromatic",MATCH
2624-17-1,SODIUM CYANURATE,Amides and Imides,23721627,Amides and Imides,MATCH
26248-42-0,TRIDECANOL,Alcohols and Polyols,8207,Alcohols and Polyols,MATCH
2625-76-5,2-CHLOROETHYLCHLOROMETHYLSULFIDE,"Halogenated Organic Compounds;Reducing Agents, Strong;Sulfides, Organic",14557887,"Halogenated Organic Compounds;Reducing Agents, Strong;Sulfides, Organic",MATCH
26264-05-1,"DODECYLBENZENESULFONIC ACID, [ISOPROPYLAMINE SALT]","Salts, Basic",,,ERROR
26264-06-2,CALCIUM DODECYLBENZENESULFONATE,"Salts, Basic",156614057,"Salts, Basic",MATCH
26265-65-6,LEAD THIOSULFATE,Sulfite and Thiosulfate Salts,33446,Sulfite and Thiosulfate Salts,MATCH
26266-68-2,2-ETHYLHEXENAL,"Aldehydes;Hydrocarbons, Aliphatic Unsaturated",5354264,"Aldehydes;Hydrocarbons, Aliphatic Unsaturated;Polymerizable Compounds",MATCH
2631-37-0,PROMECARB,Carbamates,17516,Carbamates,MATCH
26322-14-5,DICETYL PEROXYDICARBONATE,"Peroxides, Organic",62810,"Peroxides, Organic",MATCH
2636-26-2,CYANOPHOS,"Esters, Sulfate Esters, Phosphate Esters, Thiophosphate Esters, and Borate Esters;Nitriles",17522,"Esters, Sulfate Esters, Phosphate Esters, Thiophosphate Esters, and Borate Esters;Nitriles",MATCH
26401-97-8,"DI(N-OCTYL)TIN-S,S&#39;-BIS(ISOOCTYLMERCAPTOACETATE)","Esters, Sulfate Esters, Phosphate Esters, Thiophosphate Esters, and Borate Esters;Organometallics;Sulfides, Inorganic",14029260,"Esters, Sulfate Esters, Phosphate Esters, Thiophosphate Esters, and Borate Esters;Organometallics;Sulfides, Inorganic",MATCH
26419-73-8,"CARBAMIC ACID, METHYL-, O-(((2,4-DIMETHYL-1, 3-DITHIOLAN-2-YL)METHYLENE)AMINO)-",Carbamates;Oximes,9555555,Carbamates;Oximes,MATCH
2642-71-9,AZINPHOS-ETHYL,"Amides and Imides;Azo, Diazo, Azido, Hydrazine, and Azide Compounds;Esters, Sulfate Esters, Phosphate Esters, Thiophosphate Esters, and Borate Esters",17531,"Amides and Imides;Azo, Diazo, Azido, Hydrazine, and Azide Compounds;Esters, Sulfate Esters, Phosphate Esters, Thiophosphate Esters, and Borate Esters",MATCH
26444-49-5,CRESYL DIPHENYL PHOSPHATE (CDP MIXED ISOMERS),"Esters, Sulfate Esters, Phosphate Esters, Thiophosphate Esters, and Borate Esters",520263,,NO_PUBCHEM_DATA
26445-05-6,AMINOPYRIDINES,"Amines, Phosphines, and Pyridines",10439,"Amines, Phosphines, and Pyridines",MATCH
26446-35-5,ACETIN,"Alcohols and Polyols;Esters, Sulfate Esters, Phosphate Esters, Thiophosphate Esters, and Borate Esters",33510,"Alcohols and Polyols;Esters, Sulfate Esters, Phosphate Esters, Thiophosphate Esters, and Borate Esters",MATCH
26447-14-3,CRESYL GLYCIDYL ETHER,Epoxides;Ethers;Polymerizable Compounds,16606,Epoxides;Ethers;Polymerizable Compounds,MATCH
2645-07-0,4-NITROHIPPURIC ACID,"Acids, Carboxylic;Amides and Imides;Nitro, Nitroso, Nitrate, and Nitrite Compounds, Organic",17549,"Acids, Carboxylic;Amides and Imides;Nitro, Nitroso, Nitrate, and Nitrite Compounds, Organic",MATCH
2646-17-5,OIL ORANGE SS,"Azo, Diazo, Azido, Hydrazine, and Azide Compounds;Phenols and Cresols",17550,"Azo, Diazo, Azido, Hydrazine, and Azide Compounds;Phenols and Cresols",MATCH
26471-56-7,DINITROANILINE,"Amines, Aromatic;Nitro, Nitroso, Nitrate, and Nitrite Compounds, Organic",136400,"Amines, Aromatic;Nitro, Nitroso, Nitrate, and Nitrite Compounds, Organic",MATCH
26471-62-5,TOLUENE DIISOCYANATE,Isocyanates and Isothiocyanates,,,ERROR
26499-65-0,PLASTER OF PARIS,Non-Redox-Active Inorganic Compounds,3033839,Non-Redox-Active Inorganic Compounds,MATCH
26506-47-8,COPPER CHLORATE,"Oxidizing Agents, Strong",3014850,"Oxidizing Agents, Strong",MATCH
26519-91-5,METHYLCYCLOPENTADIENE,"Conjugated Dienes;Hydrocarbons, Aliphatic Unsaturated",66775,"Conjugated Dienes;Hydrocarbons, Aliphatic Unsaturated",MATCH
26530-20-1,2-OCTYL-3-ISOTHIAZOLONE,"Amides and Imides;Hydrocarbons, Aliphatic Unsaturated;Oximes",33528,"Amides and Imides;Hydrocarbons, Aliphatic Unsaturated;Oximes",MATCH
26538-44-3,ZEARALANOL,"Esters, Sulfate Esters, Phosphate Esters, Thiophosphate Esters, and Borate Esters;Phenols and Cresols",2999413,"Esters, Sulfate Esters, Phosphate Esters, Thiophosphate Esters, and Borate Esters;Phenols and Cresols",MATCH
26545-73-3,"1,3-DICHLOROPROPANOL-2",Alcohols and Polyols;Halogenated Organic Compounds,7289,Alcohols and Polyols;Halogenated Organic Compounds,MATCH
2655-15-4,"2,3,5-TRIMETHYLPHENYL METHYLCARBAMATE",Carbamates,25550,Carbamates,MATCH
2657-00-3,SODIUM 2-DIAZO-1-NAPHTHOL-5-SULFONATE,"Alcohols and Polyols;Azo, Diazo, Azido, Hydrazine, and Azide Compounds;Salts, Basic;Sulfonates, Phosphonates, and Thiophosphonates, Organic",,,ERROR
26571-79-9,CHLOROPHENYLTRICHLOROSILANE,Aryl Halides;Chlorosilanes,524531,Aryl Halides;Chlorosilanes,MATCH
26581-81-7,EM-12,Amides and Imides,91585,Amides and Imides,MATCH
26628-22-8,SODIUM AZIDE,"Azo, Diazo, Azido, Hydrazine, and Azide Compounds",33557,"Azo, Diazo, Azido, Hydrazine, and Azide Compounds",MATCH
26638-28-8,METHYLPENTACHLOROSTEARATE,"Esters, Sulfate Esters, Phosphate Esters, Thiophosphate Esters, and Borate Esters;Halogenated Organic Compounds",117322,"Esters, Sulfate Esters, Phosphate Esters, Thiophosphate Esters, and Borate Esters;Halogenated Organic Compounds",MATCH
26644-46-2,TRIFORINE,"Amides and Imides;Amines, Phosphines, and Pyridines;Halogenated Organic Compounds",33565,"Amides and Imides;Amines, Phosphines, and Pyridines;Halogenated Organic Compounds",MATCH
2665-30-7,"PHOSPHONOTHIOIC ACID, METHYL-,O-(4-NITROPHENYL) O-PHENYL ESTER","Hydrocarbons, Aromatic;Nitro, Nitroso, Nitrate, and Nitrite Compounds, Organic;Sulfonates, Phosphonates, and Thiophosphonates, Organic",17571,"Hydrocarbons, Aromatic;Nitro, Nitroso, Nitrate, and Nitrite Compounds, Organic;Sulfonates, Phosphonates, and Thiophosphonates, Organic",MATCH
26748-41-4,"TERT-BUTYL PEROXYNEODECANOATE, [&lt;= 77% IN SOLUTION]","Peroxides, Organic",11096848,"Peroxides, Organic",MATCH
2675-77-6,CHLORONEB,Aryl Halides;Ethers,17581,Aryl Halides;Ethers,MATCH
26761-40-0,DIISODECYL PHTHALATE,"Esters, Sulfate Esters, Phosphate Esters, Thiophosphate Esters, and Borate Esters",33599,"Esters, Sulfate Esters, Phosphate Esters, Thiophosphate Esters, and Borate Esters",MATCH
26761-45-5,"NEODECANOIC ACID, 2,3-EPOXYPROPYL ESTER","Epoxides;Esters, Sulfate Esters, Phosphate Esters, Thiophosphate Esters, and Borate Esters",33600,"Epoxides;Esters, Sulfate Esters, Phosphate Esters, Thiophosphate Esters, and Borate Esters",MATCH
26762-93-6,DIISOPROPYLBENZENE HYDROPEROXIDE,"Peroxides, Organic",73555666,"Peroxides, Organic",MATCH
26780-96-1,"1,2-DIHYDRO-2,2,4-TRIMETHYLQUINOLINE POLYMER","Amines, Phosphines, and Pyridines",,,ERROR
26842-43-3,"2-AMINO-2,4-DIMETHYL-PENTANE NITRILE","Amines, Phosphines, and Pyridines;Nitriles",92251,"Amines, Phosphines, and Pyridines;Nitriles",MATCH
26896-20-8,NEODECANOIC ACID,"Acids, Carboxylic",,,ERROR
2691-41-0,"CYCLOTETRAMETHYLENE TETRANITRAMINE, [WET WITH &gt;= 10% WATER]","Azo, Diazo, Azido, Hydrazine, and Azide Compounds;Nitro, Nitroso, Nitrate, and Nitrite Compounds, Organic;Water and Aqueous Solutions",17596,"Azo, Diazo, Azido, Hydrazine, and Azide Compounds;Nitro, Nitroso, Nitrate, and Nitrite Compounds, Organic;Water and Aqueous Solutions",MATCH
26914-02-3,IODOPROPANES,Halogenated Organic Compounds,33643,Halogenated Organic Compounds,MATCH
26915-12-8,TOLUIDINES (LIQUID &lt;OR&gt; SOLID),"Amines, Aromatic",7813,"Amines, Aromatic",MATCH
26952-21-6,ISOOCTYL ALCOHOL,Alcohols and Polyols,15450,Alcohols and Polyols,MATCH
26952-23-8,DICHLOROPROPENES,"Halogenated Organic Compounds;Hydrocarbons, Aliphatic Unsaturated;Polymerizable Compounds",11245,"Halogenated Organic Compounds;Hydrocarbons, Aliphatic Unsaturated;Polymerizable Compounds",MATCH
26952-42-1,"2,3,4-TRINITROANILINE","Amines, Aromatic;Nitro, Nitroso, Nitrate, and Nitrite Compounds, Organic;Water and Aqueous Solutions",3032829,"Amines, Aromatic;Nitro, Nitroso, Nitrate, and Nitrite Compounds, Organic;Water and Aqueous Solutions",MATCH
26967-76-0,TRIS(4-ISOPROPYLPHENYL)PHOSPHATE,"Esters, Sulfate Esters, Phosphate Esters, Thiophosphate Esters, and Borate Esters;Hydrocarbons, Aromatic",75628,"Esters, Sulfate Esters, Phosphate Esters, Thiophosphate Esters, and Borate Esters;Hydrocarbons, Aromatic",MATCH
26968-58-1,ETHYLBENZYL CHLORIDE,Halogenated Organic Compounds,,,ERROR
2698-41-1,O-CHLOROBENZYLIDENE MALONONITRILE,"Aryl Halides;Hydrocarbons, Aliphatic Unsaturated;Nitriles",17604,"Aryl Halides;Hydrocarbons, Aliphatic Unsaturated;Nitriles",MATCH
2702-72-9,"2,4-D SODIUM SALT","Amines, Aromatic;Ethers;Halogenated Organic Compounds;Salts, Basic",66733472,"Amines, Aromatic;Aryl Halides;Ethers;Halogenated Organic Compounds;Phenolic Salts;Salts, Basic",MATCH
2703-13-1,"PHOSPHONOTHIOIC ACID, METHYL-, O-ETHYL O-(4-(METHYLTHIO)PHENYL) ESTER","Sulfides, Organic;Sulfonates, Phosphonates, and Thiophosphonates, Organic",17612,"Sulfides, Organic;Sulfonates, Phosphonates, and Thiophosphonates, Organic",MATCH
271-89-6,"2,3-BENZOFURAN","Ethers;Hydrocarbons, Aromatic;Polymerizable Compounds",9223,"Ethers;Hydrocarbons, Aromatic;Polymerizable Compounds",MATCH
27134-26-5,"CHLOROANILINES, LIQUID","Amines, Phosphines, and Pyridines;Halogenated Organic Compounds",7240,"Amines, Aromatic;Amines, Phosphines, and Pyridines;Aryl Halides;Halogenated Organic Compounds",MATCH
27134-27-6,DICHLOROANILINES,"Amines, Aromatic;Aryl Halides",11844,"Amines, Aromatic;Aryl Halides",MATCH
27137-85-5,DICHLOROPHENYLTRICHLOROSILANE,Aryl Halides;Chlorosilanes,156614055,Aryl Halides;Chlorosilanes,MATCH
27156-03-2,DICHLORODIFLUOROETHYLENE,"Fluorinated Organic Compounds;Halogenated Organic Compounds;Hydrocarbons, Aliphatic Unsaturated",3032334,"Fluorinated Organic Compounds;Halogenated Organic Compounds;Hydrocarbons, Aliphatic Unsaturated",MATCH
27176-87-0,DODECYLBENZENESULFONIC ACID,"Acids, Strong Oxidizing",,,ERROR
27193-86-8,DODECYL PHENOL,Phenols and Cresols,,,ERROR
27215-10-7,DIISOOCTYL ACID PHOSPHATE,"Acids, Weak;Esters, Sulfate Esters, Phosphate Esters, Thiophosphate Esters, and Borate Esters",103474,"Acids, Weak;Esters, Sulfate Esters, Phosphate Esters, Thiophosphate Esters, and Borate Esters",MATCH
27215-95-8,NONENE,"Hydrocarbons, Aliphatic Unsaturated",33744,"Hydrocarbons, Aliphatic Unsaturated",MATCH
27236-46-0,ISOHEXENE,"Hydrocarbons, Aliphatic Unsaturated;Polymerizable Compounds",12986,"Hydrocarbons, Aliphatic Unsaturated;Polymerizable Compounds",MATCH
27254-36-0,NITRONAPHTHALENE,"Nitro, Nitroso, Nitrate, and Nitrite Compounds, Organic",6849,"Nitro, Nitroso, Nitrate, and Nitrite Compounds, Organic",MATCH
27314-13-2,NORFLURAZON,"Amines, Phosphines, and Pyridines;Azo, Diazo, Azido, Hydrazine, and Azide Compounds;Fluorinated Organic Compounds;Halogenated Organic Compounds",33775,"Amines, Phosphines, and Pyridines;Azo, Diazo, Azido, Hydrazine, and Azide Compounds;Fluorinated Organic Compounds;Halogenated Organic Compounds",MATCH
27323-41-7,TRIETHANOLAMINE DODECYLBENZENESULFONATE,"Alcohols and Polyols;Salts, Acidic",33782,"Alcohols and Polyols;Salts, Acidic",MATCH
2735-04-8,"2,4-DIMETHOXYANILINE","Amines, Aromatic",17652,"Amines, Aromatic",MATCH
27536-89-6,POLYETHYLBENZENE,"Hydrocarbons, Aromatic",,,ERROR
27554-26-3,DI-ISOOCTYL PHTHALATE,"Esters, Sulfate Esters, Phosphate Esters, Thiophosphate Esters, and Borate Esters",33934,"Esters, Sulfate Esters, Phosphate Esters, Thiophosphate Esters, and Borate Esters",MATCH
2757-18-8,THALLOUS MALONATE,"Salts, Basic",17687,"Salts, Basic",MATCH
2757-90-6,AGARITINE,"Acids, Carboxylic;Alcohols and Polyols;Amides and Imides;Amines, Phosphines, and Pyridines",439517,"Acids, Carboxylic;Alcohols and Polyols;Amides and Imides;Amines, Phosphines, and Pyridines",MATCH
27598-85-2,AMINOPHENOLS,"Amines, Aromatic;Phenols and Cresols",,,ERROR
2763-96-4,MUSCIMOL,"Alcohols and Polyols;Amines, Phosphines, and Pyridines;Ethers",4266,"Alcohols and Polyols;Amines, Phosphines, and Pyridines;Ethers",MATCH
2767-54-6,TRIETHYL TIN BROMIDE,"Organometallics;Salts, Acidic",17701,"Organometallics;Salts, Acidic",MATCH
27774-13-6,VANADYL SULFATE,Non-Redox-Active Inorganic Compounds,34007,Non-Redox-Active Inorganic Compounds,MATCH
2778-04-3,ENDOTHION,"Esters, Sulfate Esters, Phosphate Esters, Thiophosphate Esters, and Borate Esters;Ethers;Ketones",17717,"Esters, Sulfate Esters, Phosphate Esters, Thiophosphate Esters, and Borate Esters;Ethers;Ketones",MATCH
27813-02-1,HYDROXYPROPYL METHACRYLATE,Acrylates and Acrylic Acids;Alcohols and Polyols;Polymerizable Compounds,34023,Acrylates and Acrylic Acids;Alcohols and Polyols;Polymerizable Compounds,MATCH
2782-57-2,"DICHLOROISOCYANURIC ACID, DRY","Acyl Halides, Sulfonyl Halides, and Chloroformates;Halogenating Agents;Oxidizing Agents, Strong",16726,"Acyl Halides, Sulfonyl Halides, and Chloroformates;Halogenating Agents;Oxidizing Agents, Strong",MATCH
2782-91-4,"1,1,3,3-TETRAMETHYL-2-THIOUREA","Amides and Imides;Sulfides, Organic",17725,"Amides and Imides;Sulfides, Organic",MATCH
2783-94-0,FD &amp; C YELLOW NO. 6,"Azo, Diazo, Azido, Hydrazine, and Azide Compounds;Non-Redox-Active Inorganic Compounds;Phenols and Cresols",17730,"Azo, Diazo, Azido, Hydrazine, and Azide Compounds;Non-Redox-Active Inorganic Compounds;Phenols and Cresols",MATCH
2784-94-3,HC BLUE 1,"Alcohols and Polyols;Amines, Phosphines, and Pyridines;Nitro, Nitroso, Nitrate, and Nitrite Compounds, Organic",17734,"Alcohols and Polyols;Amines, Phosphines, and Pyridines;Nitro, Nitroso, Nitrate, and Nitrite Compounds, Organic",MATCH
28064-81-5,PROPYLENE CHLOROHYDRIN,Alcohols and Polyols;Halogenated Organic Compounds,12313,Alcohols and Polyols;Halogenated Organic Compounds,MATCH
28094-15-7,6-HYDROXYDOPAMINE HYDROCHLORIDE,"Phenols and Cresols;Salts, Acidic",160157,"Phenols and Cresols;Salts, Acidic",MATCH
28108-99-8,ISOPROPYLPHENYL DIPHENYL PHOSPHATE,"Esters, Sulfate Esters, Phosphate Esters, Thiophosphate Esters, and Borate Esters;Hydrocarbons, Aromatic",34148,"Esters, Sulfate Esters, Phosphate Esters, Thiophosphate Esters, and Borate Esters;Hydrocarbons, Aromatic",MATCH
2818-69-1,5-CHLORO-2-METHYL-1H-BENZIMIDAZOLE,"Amines, Phosphines, and Pyridines;Aryl Halides",76063,"Amines, Phosphines, and Pyridines;Aryl Halides",MATCH
2820-51-1,NICOTINE HYDROCHLORIDE,"Amines, Phosphines, and Pyridines;Salts, Acidic",5284430,"Amines, Phosphines, and Pyridines;Salts, Acidic",MATCH
28249-77-6,THIOBENCARB,Aryl Halides;Thiocarbamate Esters and Salts/Dithiocarbamate Esters and Salts,34192,Aryl Halides;Thiocarbamate Esters and Salts/Dithiocarbamate Esters and Salts,MATCH
28300-74-5,ANTIMONY POTASSIUM TARTRATE,"Salts, Basic",73415808,"Salts, Basic",MATCH
2832-40-8,C.I. DISPERSE YELLOW 3,"Amides and Imides;Azo, Diazo, Azido, Hydrazine, and Azide Compounds;Phenols and Cresols",17811,"Amides and Imides;Azo, Diazo, Azido, Hydrazine, and Azide Compounds;Phenols and Cresols",MATCH
28322-02-3,N-(4-FLUORENYL)ACETAMIDE,"Amides and Imides;Amines, Aromatic",34210,"Amides and Imides;Amines, Aromatic",MATCH
28347-13-9,XYLYLENE DICHLORIDE,Aryl Halides,22061591,Aryl Halides,MATCH
2835-39-4,ALLYL ISOVALERATE,"Esters, Sulfate Esters, Phosphate Esters, Thiophosphate Esters, and Borate Esters;Hydrocarbons, Aliphatic Unsaturated",17816,"Esters, Sulfate Esters, Phosphate Esters, Thiophosphate Esters, and Borate Esters;Hydrocarbons, Aliphatic Unsaturated",MATCH
2835-95-2,3-AMINO-6-METHYLPHENOL,"Amines, Aromatic;Phenols and Cresols",17818,"Amines, Aromatic;Phenols and Cresols",MATCH
2836-00-2,3-AMINO-4-METHYLPHENOL,"Amines, Aromatic;Phenols and Cresols",17820,"Amines, Aromatic;Phenols and Cresols",MATCH
28407-37-6,C.I. DIRECT BLUE 218,"Amines, Aromatic;Azo, Diazo, Azido, Hydrazine, and Azide Compounds;Phenolic Salts;Salts, Basic",34237,"Amines, Aromatic;Azo, Diazo, Azido, Hydrazine, and Azide Compounds;Phenolic Salts;Salts, Basic",MATCH
28434-86-8,"3,3&#39;-DICHLORO-4,4&#39;-DIAMINODIPHENYL ETHER","Amines, Aromatic;Aryl Halides;Ethers",34239,"Amines, Aromatic;Aryl Halides;Ethers",MATCH
28479-22-3,3-CHLORO-4-METHYLPHENYL ISOCYANATE,Aryl Halides;Isocyanates and Isothiocyanates,62832,Aryl Halides;Isocyanates and Isothiocyanates,MATCH
2855-13-2,ISOPHORONEDIAMINE,"Amines, Phosphines, and Pyridines",17857,"Amines, Phosphines, and Pyridines",MATCH
2855-19-8,"1,2-EPOXYDODECANE",Epoxides;Polymerizable Compounds,17858,Epoxides;Polymerizable Compounds,MATCH
28553-12-0,DI-ISONONYL PHTHALATE,"Esters, Sulfate Esters, Phosphate Esters, Thiophosphate Esters, and Borate Esters",590836,"Esters, Sulfate Esters, Phosphate Esters, Thiophosphate Esters, and Borate Esters",MATCH
28554-00-9,CHLOROPROPIONIC ACID,"Acids, Carboxylic;Halogenated Organic Compounds",11734,"Acids, Carboxylic;Halogenated Organic Compounds",MATCH
2863-94-7,ETHYL-P-ETHOXYBENZAL-P&#39;-AMINOCINNAMATE,"Amines, Phosphines, and Pyridines;Esters, Sulfate Esters, Phosphate Esters, Thiophosphate Esters, and Borate Esters;Hydrocarbons, Aromatic",6436919,"Amines, Phosphines, and Pyridines;Esters, Sulfate Esters, Phosphate Esters, Thiophosphate Esters, and Borate Esters;Hydrocarbons, Aromatic",MATCH
28652-72-4,METHYL BIPHENYL (MIXED ISOMERS),"Hydrocarbons, Aromatic",12563,,NO_PUBCHEM_DATA
2867-47-2,2-DIMETHYLAMINOETHYL METHACRYLATE,"Acrylates and Acrylic Acids;Amines, Phosphines, and Pyridines;Esters, Sulfate Esters, Phosphate Esters, Thiophosphate Esters, and Borate Esters;Polymerizable Compounds",17869,"Acrylates and Acrylic Acids;Amines, Phosphines, and Pyridines;Esters, Sulfate Esters, Phosphate Esters, Thiophosphate Esters, and Borate Esters;Polymerizable Compounds",MATCH
28679-16-5,TRIMETHYLHEXAMETHYLENE DIISOCYANATE,Isocyanates and Isothiocyanates,3033881,Isocyanates and Isothiocyanates,MATCH
2871-01-4,HC RED 3,"Alcohols and Polyols;Amines, Aromatic;Nitro, Nitroso, Nitrate, and Nitrite Compounds, Organic",3465817,"Alcohols and Polyols;Amines, Aromatic;Nitro, Nitroso, Nitrate, and Nitrite Compounds, Organic",MATCH
28729-54-6,N-PROPYLTOLUENE,"Hydrocarbons, Aromatic",10870,"Hydrocarbons, Aromatic",MATCH
2873-97-4,DIACETONE ACRYLAMIDE,Acrylates and Acrylic Acids;Amides and Imides;Ketones;Polymerizable Compounds,17888,Acrylates and Acrylic Acids;Amides and Imides;Ketones;Polymerizable Compounds,MATCH
28772-56-7,BROMADIOLONE,"Alcohols and Polyols;Aryl Halides;Esters, Sulfate Esters, Phosphate Esters, Thiophosphate Esters, and Borate Esters",54680085,"Alcohols and Polyols;Aryl Halides;Esters, Sulfate Esters, Phosphate Esters, Thiophosphate Esters, and Borate Esters",MATCH
288-47-1,THIAZOLE,"Amines, Phosphines, and Pyridines;Sulfides, Organic",9256,"Amines, Phosphines, and Pyridines;Sulfides, Organic",MATCH
288-94-8,1H-TETRAZOLE,"Amines, Phosphines, and Pyridines;Azo, Diazo, Azido, Hydrazine, and Azide Compounds",67519,"Amines, Phosphines, and Pyridines;Azo, Diazo, Azido, Hydrazine, and Azide Compounds",MATCH
28804-88-8,DIMETHYLNAPHTHALENE,"Hydrocarbons, Aromatic",,,ERROR
2885-00-9,1-OCTADECANETHIOL,"Sulfides, Organic",17905,"Sulfides, Organic",MATCH
2893-78-9,SODIUM DICHLORO-S-TRIAZINETRIONE,"Acyl Halides, Sulfonyl Halides, and Chloroformates;Halogenating Agents;Oxidizing Agents, Strong;Salts, Acidic",517202,"Acyl Halides, Sulfonyl Halides, and Chloroformates;Halogenating Agents;Oxidizing Agents, Strong;Salts, Acidic",MATCH
29082-74-4,OCTACHLOROSTYRENE,"Aryl Halides;Hydrocarbons, Aliphatic Unsaturated",34466,"Aryl Halides;Hydrocarbons, Aliphatic Unsaturated",MATCH
2917-26-2,1-HEXADECANETHIOL,"Sulfides, Organic",18015,"Sulfides, Organic",MATCH
29191-52-4,ANISIDINES,"Amines, Aromatic;Ethers",,,ERROR
2921-88-2,CHLORPYRIFOS,"Amines, Phosphines, and Pyridines;Aryl Halides;Esters, Sulfate Esters, Phosphate Esters, Thiophosphate Esters, and Borate Esters",2730,"Amines, Phosphines, and Pyridines;Aryl Halides;Esters, Sulfate Esters, Phosphate Esters, Thiophosphate Esters, and Borate Esters",MATCH
29232-93-7,PIRIMIPHOS-METHYL,"Amines, Phosphines, and Pyridines;Esters, Sulfate Esters, Phosphate Esters, Thiophosphate Esters, and Borate Esters",34526,"Amines, Phosphines, and Pyridines;Esters, Sulfate Esters, Phosphate Esters, Thiophosphate Esters, and Borate Esters",MATCH
29350-73-0,CADINENE,"Hydrocarbons, Aliphatic Unsaturated",14619934,"Hydrocarbons, Aliphatic Unsaturated",MATCH
29385-43-1,TOLYLTRIAZOLE,"Amines, Phosphines, and Pyridines",,,ERROR
2941-64-2,ETHYL CHLOROTHIOFORMATE,"Acyl Halides, Sulfonyl Halides, and Chloroformates;Sulfides, Organic",18056,"Acyl Halides, Sulfonyl Halides, and Chloroformates;Sulfides, Organic",MATCH
2958-09-0,STEARYL ACID PHOSPHATE,"Acids, Weak;Esters, Sulfate Esters, Phosphate Esters, Thiophosphate Esters, and Borate Esters",76290,"Acids, Weak;Esters, Sulfate Esters, Phosphate Esters, Thiophosphate Esters, and Borate Esters",MATCH
29595-25-3,AMMONIUM DINITRO-O-CRESOLATE,"Nitro, Nitroso, Nitrate, and Nitrite Compounds, Organic;Phenolic Salts;Salts, Basic",92043389,"Nitro, Nitroso, Nitrate, and Nitrite Compounds, Organic;Phenolic Salts;Salts, Basic",MATCH
29611-84-5,COLLIDINE,"Amines, Phosphines, and Pyridines",,,ERROR
29656-63-1,"CHLOROPENTANE, [FLAMMABLE LIQUID]",Halogenated Organic Compounds,10977,Halogenated Organic Compounds,MATCH
29662-90-6,"2,2-DIMETHYL OCTANOIC ACID","Acids, Carboxylic",62847,"Acids, Carboxylic",MATCH
29676-71-9,2-AMINO-4-THIAZOLE ACETIC ACID,"Acids, Carboxylic;Amines, Phosphines, and Pyridines",34665,"Acids, Carboxylic;Amines, Phosphines, and Pyridines",MATCH
297-78-9,ISOBENZAN,"Ethers;Halogenated Organic Compounds;Hydrocarbons, Aliphatic Unsaturated",9271,"Ethers;Halogenated Organic Compounds;Hydrocarbons, Aliphatic Unsaturated",MATCH
297-97-2,THIONAZIN,"Amines, Phosphines, and Pyridines;Esters, Sulfate Esters, Phosphate Esters, Thiophosphate Esters, and Borate Esters",9272,"Amines, Phosphines, and Pyridines;Esters, Sulfate Esters, Phosphate Esters, Thiophosphate Esters, and Borate Esters",MATCH
2971-90-6,CLOPIDOL,"Amines, Phosphines, and Pyridines;Aryl Halides;Hydrocarbons, Aliphatic Unsaturated;Phenols and Cresols",18087,"Amines, Phosphines, and Pyridines;Aryl Halides;Hydrocarbons, Aliphatic Unsaturated;Phenols and Cresols",MATCH
29733-86-6,"1,4-BUTENEDIOL","Alcohols and Polyols;Hydrocarbons, Aliphatic Unsaturated",122526,"Alcohols and Polyols;Hydrocarbons, Aliphatic Unsaturated",MATCH
29743-15-5,4-BUTYLOXYBENZAL-4-ETHYLANILINE,"Amines, Phosphines, and Pyridines;Ethers",34683,"Amines, Phosphines, and Pyridines;Ethers",MATCH
29757-24-2,NITROANILINES,"Amines, Aromatic;Nitro, Nitroso, Nitrate, and Nitrite Compounds, Organic",34692,"Amines, Aromatic;Nitro, Nitroso, Nitrate, and Nitrite Compounds, Organic",MATCH
29761-21-5,ISODECYL DIPHENYL PHOSPHATE,"Esters, Sulfate Esters, Phosphate Esters, Thiophosphate Esters, and Borate Esters",34697,"Esters, Sulfate Esters, Phosphate Esters, Thiophosphate Esters, and Borate Esters",MATCH
29790-52-1,NICOTINE SALICYLATE,"Acids, Carboxylic;Amines, Phosphines, and Pyridines;Phenols and Cresols",20056613,"Acids, Carboxylic;Amines, Phosphines, and Pyridines;Phenols and Cresols",MATCH
29797-40-8,DICHLOROTOLUENE,Aryl Halides,7411,Aryl Halides;Halogenated Organic Compounds,MATCH
298-00-0,METHYL PARATHION,"Nitro, Nitroso, Nitrate, and Nitrite Compounds, Organic;Sulfonates, Phosphonates, and Thiophosphonates, Organic",4130,"Nitro, Nitroso, Nitrate, and Nitrite Compounds, Organic;Sulfonates, Phosphonates, and Thiophosphonates, Organic",MATCH
298-02-2,PHORATE,"Esters, Sulfate Esters, Phosphate Esters, Thiophosphate Esters, and Borate Esters;Sulfides, Organic",4790,"Esters, Sulfate Esters, Phosphate Esters, Thiophosphate Esters, and Borate Esters;Sulfides, Organic",MATCH
298-04-4,DISULFOTON,"Esters, Sulfate Esters, Phosphate Esters, Thiophosphate Esters, and Borate Esters;Sulfides, Organic",3118,"Esters, Sulfate Esters, Phosphate Esters, Thiophosphate Esters, and Borate Esters;Sulfides, Organic",MATCH
298-07-7,DI-(2-ETHYLHEXYL)PHOSPHORIC ACID,"Acids, Weak;Esters, Sulfate Esters, Phosphate Esters, Thiophosphate Esters, and Borate Esters",9275,"Acids, Weak;Esters, Sulfate Esters, Phosphate Esters, Thiophosphate Esters, and Borate Esters",MATCH
298-12-4,GLYOXYLIC ACID (50% OR LESS),"Acids, Carboxylic;Water and Aqueous Solutions",760,"Acids, Carboxylic;Water and Aqueous Solutions",MATCH
298-18-0,"D,L-1,2:3,4-DIEPOXYBUTANE",Epoxides;Polymerizable Compounds,92270,Epoxides;Polymerizable Compounds,MATCH
298-59-9,METHYLPHENIDATE HYDROCHLORIDE,"Esters, Sulfate Esters, Phosphate Esters, Thiophosphate Esters, and Borate Esters;Hydrocarbons, Aromatic;Salts, Acidic",9280,"Esters, Sulfate Esters, Phosphate Esters, Thiophosphate Esters, and Borate Esters;Hydrocarbons, Aromatic;Salts, Acidic",MATCH
298-81-7,8-METHOXYPSORALEN,"Esters, Sulfate Esters, Phosphate Esters, Thiophosphate Esters, and Borate Esters;Ethers;Hydrocarbons, Aromatic",4114,"Esters, Sulfate Esters, Phosphate Esters, Thiophosphate Esters, and Borate Esters;Ethers;Hydrocarbons, Aromatic",MATCH
299-75-2,TREOSULPHAN,"Alcohols and Polyols;Sulfonates, Phosphonates, and Thiophosphonates, Organic",9882105,"Alcohols and Polyols;Sulfonates, Phosphonates, and Thiophosphonates, Organic",MATCH
299-84-3,RONNEL,"Aryl Halides;Esters, Sulfate Esters, Phosphate Esters, Thiophosphate Esters, and Borate Esters",9298,"Aryl Halides;Esters, Sulfate Esters, Phosphate Esters, Thiophosphate Esters, and Borate Esters",MATCH
299-86-5,CRUFOMATE,"Amines, Phosphines, and Pyridines;Aryl Halides;Esters, Sulfate Esters, Phosphate Esters, Thiophosphate Esters, and Borate Esters",9300,"Amines, Phosphines, and Pyridines;Aryl Halides;Esters, Sulfate Esters, Phosphate Esters, Thiophosphate Esters, and Borate Esters",MATCH
29927-08-0,"2-AMINO-5,6-DIMETHYLBENZOTHIAZOLE","Amines, Phosphines, and Pyridines;Sulfides, Organic",34757,"Amines, Phosphines, and Pyridines;Sulfides, Organic",MATCH
29964-84-9,ISODECYL METHACRYLATE,Acrylates and Acrylic Acids;Polymerizable Compounds,34763,Acrylates and Acrylic Acids;Polymerizable Compounds,MATCH
29965-97-7,CYCLOOCTADIENES,"Conjugated Dienes;Hydrocarbons, Aliphatic Unsaturated",299882,"Conjugated Dienes;Hydrocarbons, Aliphatic Unsaturated",MATCH
300-42-5,DL-METHAMPHETAMINE HYDROCHLORIDE,"Hydrocarbons, Aromatic;Salts, Acidic",9306,"Hydrocarbons, Aromatic;Salts, Acidic",MATCH
300-76-5,NALED,"Esters, Sulfate Esters, Phosphate Esters, Thiophosphate Esters, and Borate Esters;Halogenated Organic Compounds",4420,"Esters, Sulfate Esters, Phosphate Esters, Thiophosphate Esters, and Borate Esters;Halogenated Organic Compounds",MATCH
3006-82-4,TERT-BUTYL PEROXY-2-ETHYLHEXANOATE,"Peroxides, Organic",102924,"Peroxides, Organic",MATCH
3006-86-8,"1,1-DI-(TERT-BUTYLPEROXY)CYCLOHEXANE, [&lt;= 40% WITH INERT INORGANIC SOLID, WITH &gt;= 13% PHLEGMATIZER]","Acetals, Ketals, Hemiacetals, and Hemiketals;Peroxides, Organic",76359,"Acetals, Ketals, Hemiacetals, and Hemiketals;Peroxides, Organic",MATCH
301-12-2,OXYDEMETON METHYL,"Esters, Sulfate Esters, Phosphate Esters, Thiophosphate Esters, and Borate Esters;Sulfonates, Phosphonates, and Thiophosphonates, Organic",4618,"Esters, Sulfate Esters, Phosphate Esters, Thiophosphate Esters, and Borate Esters;Sulfonates, Phosphonates, and Thiophosphonates, Organic",MATCH
301-13-3,TRIS(2-ETHYLHEXYL) PHOSPHITE,"Reducing Agents, Weak;Sulfonates, Phosphonates, and Thiophosphonates, Organic",9320,"Reducing Agents, Weak;Sulfonates, Phosphonates, and Thiophosphonates, Organic",MATCH
3012-65-5,"AMMONIUM CITRATE, DIBASIC","Salts, Acidic",18171,"Salts, Acidic",MATCH
30136-13-1,N-PROPOXYPROPANOL,Alcohols and Polyols,61868,Alcohols and Polyols,MATCH
3017-95-6,2-BROMO-1-CHLOROPROPANE,Halogenated Organic Compounds,18175,Halogenated Organic Compounds,MATCH
3018-12-0,DICHLOROACETONITRILE,Halogenated Organic Compounds;Nitriles,18177,Halogenated Organic Compounds;Nitriles,MATCH
302-17-0,CHLORAL HYDRATE,Alcohols and Polyols;Halogenated Organic Compounds,2707,Alcohols and Polyols;Halogenated Organic Compounds,MATCH
302-79-4,ALL-TRANS-RETINOIC ACID,"Acids, Carboxylic;Hydrocarbons, Aliphatic Unsaturated",444795,"Acids, Carboxylic;Hydrocarbons, Aliphatic Unsaturated",MATCH
3025-77-2,1-[(4-NITROPHENYL)AZO]-2-NAPHTHENAMINE,"Amines, Aromatic;Azo, Diazo, Azido, Hydrazine, and Azide Compounds;Hydrocarbons, Aromatic;Nitro, Nitroso, Nitrate, and Nitrite Compounds, Organic",575508,"Amines, Aromatic;Azo, Diazo, Azido, Hydrazine, and Azide Compounds;Hydrocarbons, Aromatic;Nitro, Nitroso, Nitrate, and Nitrite Compounds, Organic",MATCH
3025-88-5,"2,5-DIMETHYL-2,5-DIHYDROPEROXY HEXANE, NOT MORE THAN 82% WITH WATER","Peroxides, Organic;Water and Aqueous Solutions",520470,"Peroxides, Organic;Water and Aqueous Solutions",MATCH
303-34-4,LASIOCARPINE,"Alcohols and Polyols;Amines, Phosphines, and Pyridines;Esters, Sulfate Esters, Phosphate Esters, Thiophosphate Esters, and Borate Esters;Ethers;Hydrocarbons, Aliphatic Unsaturated",5281735,"Alcohols and Polyols;Amines, Phosphines, and Pyridines;Esters, Sulfate Esters, Phosphate Esters, Thiophosphate Esters, and Borate Esters;Ethers;Hydrocarbons, Aliphatic Unsaturated",MATCH
303-47-9,OCHRATOXIN A,"Acids, Carboxylic;Amides and Imides;Esters, Sulfate Esters, Phosphate Esters, Thiophosphate Esters, and Borate Esters;Phenols and Cresols",442530,"Acids, Carboxylic;Amides and Imides;Esters, Sulfate Esters, Phosphate Esters, Thiophosphate Esters, and Borate Esters;Phenols and Cresols",MATCH
3033-62-3,BIS(2-(DIMETHYLAMINO)ETHYL)ETHER,"Amines, Phosphines, and Pyridines;Ethers",18204,"Amines, Phosphines, and Pyridines;Ethers",MATCH
3037-72-7,"SILANE, (4-AMINOBUTYL)DIETHOXYMETHYL-","Amines, Phosphines, and Pyridines;Siloxanes",18214,"Amines, Phosphines, and Pyridines;Siloxanes",MATCH
305-03-3,CHLORAMBUCIL,"Acids, Carboxylic;Amines, Phosphines, and Pyridines;Halogenated Organic Compounds",2708,"Acids, Carboxylic;Amines, Phosphines, and Pyridines;Halogenated Organic Compounds",MATCH
305-85-1,DISOPHENOL,"Aryl Halides;Nitro, Nitroso, Nitrate, and Nitrite Compounds, Organic;Phenols and Cresols",9370,"Aryl Halides;Nitro, Nitroso, Nitrate, and Nitrite Compounds, Organic;Phenols and Cresols",MATCH
30516-87-1,3&#39;-AZIDO-3&#39;-DEOXYTHYMIDINE,"Alcohols and Polyols;Amides and Imides;Azo, Diazo, Azido, Hydrazine, and Azide Compounds",35370,"Alcohols and Polyols;Amides and Imides;Azo, Diazo, Azido, Hydrazine, and Azide Compounds",MATCH
30525-89-4,PARAFORMALDEHYDE,Alcohols and Polyols;Ethers,,,ERROR
3054-95-3,"3,3-DIETHOXYPROPENE","Acetals, Ketals, Hemiacetals, and Hemiketals;Ethers;Hydrocarbons, Aliphatic Unsaturated",62477,"Acetals, Ketals, Hemiacetals, and Hemiketals;Ethers;Hydrocarbons, Aliphatic Unsaturated",MATCH
30553-04-9,NAPHTHYLTHIOUREA,"Amides and Imides;Hydrocarbons, Aromatic;Sulfides, Organic",,,ERROR
30558-43-1,"ETHANIMIDOTHIOIC ACID, 2-(DIMETHYLAMINO)-N-HYDROXY-","Amides and Imides;Oximes;Sulfides, Organic",6399255,"Amides and Imides;Oximes;Sulfides, Organic",MATCH
3056-17-5,"2&#39;,3&#39;-DIDEHYDRO-3&#39;-DEOXYTHYMIDINE","Alcohols and Polyols;Amides and Imides;Ethers;Hydrocarbons, Aliphatic Unsaturated",18283,"Alcohols and Polyols;Amides and Imides;Ethers;Hydrocarbons, Aliphatic Unsaturated",MATCH
30560-19-1,ACEPHATE,"Amides and Imides;Esters, Sulfate Esters, Phosphate Esters, Thiophosphate Esters, and Borate Esters",1982,"Amides and Imides;Esters, Sulfate Esters, Phosphate Esters, Thiophosphate Esters, and Borate Esters",MATCH
30574-97-1,TRANS-2-METHYL-2-BUTENENITRILE,"Hydrocarbons, Aliphatic Unsaturated;Nitriles",5355732,"Hydrocarbons, Aliphatic Unsaturated;Nitriles",MATCH
30586-10-8,DICHLOROPENTANE,Halogenated Organic Compounds,522765,Halogenated Organic Compounds,MATCH
30586-18-6,PENTAMETHYLHEPTANE,"Hydrocarbons, Aliphatic Saturated",3033849,"Hydrocarbons, Aliphatic Saturated",MATCH
306-37-6,"1,2-DIMETHYLHYDRAZINE DIHYDROCHLORIDE","Azo, Diazo, Azido, Hydrazine, and Azide Compounds;Salts, Acidic",9380,"Azo, Diazo, Azido, Hydrazine, and Azide Compounds;Salts, Acidic",MATCH
3064-70-8,BIS (TRICHLOROMETHYL) SULFONE,"Halogenated Organic Compounds;Sulfonates, Phosphonates, and Thiophosphonates, Organic",62478,"Halogenated Organic Compounds;Sulfonates, Phosphonates, and Thiophosphonates, Organic",MATCH
3066-70-4,"2,3-DIBROMOPROPYL METHACRYLATE",Acrylates and Acrylic Acids;Halogenated Organic Compounds;Polymerizable Compounds,18297,Acrylates and Acrylic Acids;Halogenated Organic Compounds;Polymerizable Compounds,MATCH
3068-88-0,BETA-BUTYROLACTONE,"Esters, Sulfate Esters, Phosphate Esters, Thiophosphate Esters, and Borate Esters",18303,"Esters, Sulfate Esters, Phosphate Esters, Thiophosphate Esters, and Borate Esters",MATCH
30746-58-8,"1,2,3,4-TETRACHLORODIBENZO-P-DIOXIN","Aryl Halides;Ethers;Hydrocarbons, Aromatic",35454,"Aryl Halides;Ethers;Hydrocarbons, Aromatic",MATCH
308068-21-5,MARBLE,Carbonate Salts,,,ERROR
3081-14-9,"N,N&#39;-BIS(1,4-DIMETHYLPENTYL)-P-PHENYLENEDIAMINE","Amines, Aromatic",18320,"Amines, Aromatic",MATCH
3083-23-6,"1,2-EPOXY-3,3,3-TRICHLOROPROPANE",Epoxides;Halogenated Organic Compounds;Polymerizable Compounds,18321,Epoxides;Halogenated Organic Compounds;Polymerizable Compounds,MATCH
3083-25-8,"1,2-EPOXY-4,4,4-TRICHLOROBUTANE",Epoxides;Halogenated Organic Compounds;Polymerizable Compounds,18322,Epoxides;Halogenated Organic Compounds;Polymerizable Compounds,MATCH
3085-26-5,ISODECALDEHYDE,Aldehydes,14862,Aldehydes,MATCH
3087-37-4,TETRAPROPYL ORTHOTITANATE,"Bases, Strong",9903917,"Bases, Strong",MATCH
309-00-2,"ALDRIN, LIQUID","Halogenated Organic Compounds;Hydrocarbons, Aliphatic Unsaturated",12310947,"Halogenated Organic Compounds;Hydrocarbons, Aliphatic Unsaturated",MATCH
309-36-4,SODIUM METHOHEXITAL,"Alkynes, with No Acetylenic Hydrogen;Amides and Imides;Bases, Weak;Hydrocarbons, Aliphatic Unsaturated;Salts, Basic",23690443,"Alkynes, with No Acetylenic Hydrogen;Amides and Imides;Bases, Weak;Hydrocarbons, Aliphatic Unsaturated;Salts, Basic",MATCH
3097-08-3,"DODECYL SULFATE, [MAGNESIUM SALT]","Hydrocarbons, Aliphatic Saturated;Salts, Basic",10415276,"Hydrocarbons, Aliphatic Saturated;Salts, Basic",MATCH
3101-60-8,P-TERT-BUTYLPHENYL GLYCIDYL ETHER,Epoxides;Ethers,18360,Epoxides;Ethers,MATCH
3105-97-3,HYCANTHONE,"Alcohols and Polyols;Amines, Phosphines, and Pyridines;Ketones;Sulfides, Organic",3634,"Alcohols and Polyols;Amines, Phosphines, and Pyridines;Ketones;Sulfides, Organic",MATCH
311-45-5,DIETHYL-P-NITROPHENYL PHOSPHATE,"Esters, Sulfate Esters, Phosphate Esters, Thiophosphate Esters, and Borate Esters;Nitro, Nitroso, Nitrate, and Nitrite Compounds, Organic",9395,"Esters, Sulfate Esters, Phosphate Esters, Thiophosphate Esters, and Borate Esters;Nitro, Nitroso, Nitrate, and Nitrite Compounds, Organic",MATCH
3113-71-1,3-METHYL-4-NITROBENZOIC ACID,"Acids, Carboxylic;Nitro, Nitroso, Nitrate, and Nitrite Compounds, Organic",18370,"Acids, Carboxylic;Nitro, Nitroso, Nitrate, and Nitrite Compounds, Organic",MATCH
3113-72-2,5-METHYL-2-NITROBENZOIC ACID,"Acids, Carboxylic;Nitro, Nitroso, Nitrate, and Nitrite Compounds, Organic",18371,"Acids, Carboxylic;Nitro, Nitroso, Nitrate, and Nitrite Compounds, Organic",MATCH
3118-97-6,C.I. SOLVENT ORANGE 7,"Azo, Diazo, Azido, Hydrazine, and Azide Compounds;Phenols and Cresols",18386,"Azo, Diazo, Azido, Hydrazine, and Azide Compounds;Phenols and Cresols",MATCH
3121-61-7,2-METHOXYETHYL ACRYLATE,Acrylates and Acrylic Acids;Ethers;Polymerizable Compounds,18392,Acrylates and Acrylic Acids;Ethers;Polymerizable Compounds,MATCH
31212-28-9,NITROBENZENESULFONIC ACID,"Acids, Strong Oxidizing;Nitro, Nitroso, Nitrate, and Nitrite Compounds, Organic",6664,"Acids, Strong Oxidizing;Nitro, Nitroso, Nitrate, and Nitrite Compounds, Organic",MATCH
31218-83-4,PROPETAMPHOS,"Amines, Phosphines, and Pyridines;Esters, Sulfate Esters, Phosphate Esters, Thiophosphate Esters, and Borate Esters;Hydrocarbons, Aliphatic Unsaturated",5372405,"Amines, Phosphines, and Pyridines;Esters, Sulfate Esters, Phosphate Esters, Thiophosphate Esters, and Borate Esters;Hydrocarbons, Aliphatic Unsaturated",MATCH
31282-04-9,HYGROMYCIN B,"Alcohols and Polyols;Amines, Phosphines, and Pyridines;Ethers",56928061,"Alcohols and Polyols;Amines, Phosphines, and Pyridines;Ethers",MATCH
3129-91-7,DICYCLOHEXYLAMMONIUM NITRITE,"Nitrate and Nitrite Compounds, Inorganic;Salts, Acidic",241753,"Nitrate and Nitrite Compounds, Inorganic;Salts, Acidic",MATCH
3131-60-0,6-AZACYTIDINE,"Alcohols and Polyols;Amides and Imides;Amines, Phosphines, and Pyridines",65114,"Alcohols and Polyols;Amides and Imides;Amines, Phosphines, and Pyridines",MATCH
314-13-6,DIRECT BLUE 53,"Amines, Aromatic;Azo, Diazo, Azido, Hydrazine, and Azide Compounds;Phenols and Cresols",9409,"Amines, Aromatic;Azo, Diazo, Azido, Hydrazine, and Azide Compounds;Phenols and Cresols",MATCH
314-40-9,BROMACIL,"Amides and Imides;Amines, Phosphines, and Pyridines;Aryl Halides",9411,"Amides and Imides;Amines, Phosphines, and Pyridines;Aryl Halides",MATCH
31430-18-9,NOCODAZOLE,"Amines, Phosphines, and Pyridines;Carbamates;Sulfides, Organic",4122,"Amines, Phosphines, and Pyridines;Carbamates;Sulfides, Organic",MATCH
31431-39-7,MEBENDAZOLE,Carbamates;Ketones,4030,Carbamates;Ketones,MATCH
315-18-4,MEXACARBATE,"Amines, Phosphines, and Pyridines;Carbamates",9414,"Amines, Phosphines, and Pyridines;Carbamates",MATCH
315-30-0,"4-HYDROXYPYRAZOLO(3,4-D)PYRIMIDINE","Amides and Imides;Amines, Phosphines, and Pyridines",135401907,"Amides and Imides;Amines, Phosphines, and Pyridines",MATCH
31551-45-8,"2,7-DINITRO-9H-FLUOREN-9-ONE","Ketones;Nitro, Nitroso, Nitrate, and Nitrite Compounds, Organic",35842,"Ketones;Nitro, Nitroso, Nitrate, and Nitrite Compounds, Organic",MATCH
31565-19-2,ISOOCTYL ACETATE,"Esters, Sulfate Esters, Phosphate Esters, Thiophosphate Esters, and Borate Esters",169321,"Esters, Sulfate Esters, Phosphate Esters, Thiophosphate Esters, and Borate Esters",MATCH
316-42-7,"EMETINE, DIHYDROCHLORIDE","Ethers;Hydrocarbons, Aromatic;Salts, Acidic",6603320,"Ethers;Hydrocarbons, Aromatic;Salts, Acidic",MATCH
3160-37-0,PIPERONYL ACETONE,"Acetals, Ketals, Hemiacetals, and Hemiketals;Ethers;Hydrocarbons, Aliphatic Unsaturated;Ketones",6040503,"Acetals, Ketals, Hemiacetals, and Hemiketals;Ethers;Hydrocarbons, Aliphatic Unsaturated;Ketones",MATCH
3165-93-3,4-CHLORO-O-TOLUIDINE HYDROCHLORIDE,"Aryl Halides;Salts, Acidic",18487,"Aryl Halides;Salts, Acidic",MATCH
3173-72-6,"1,5-NAPHTHALENE DIISOCYANATE",Isocyanates and Isothiocyanates,18503,Isocyanates and Isothiocyanates,MATCH
3179-47-3,DECYL METHACRYLATE,Acrylates and Acrylic Acids;Polymerizable Compounds,18510,Acrylates and Acrylic Acids;Polymerizable Compounds,MATCH
3179-56-4,"ACETYL CYCLOHEXANESULFONYL PEROXIDE, [&lt;= 82%, WETTED WITH &gt;= 12% WATER]","Peroxides, Organic;Sulfonates, Phosphonates, and Thiophosphonates, Organic;Water and Aqueous Solutions",5463864,"Peroxides, Organic;Sulfonates, Phosphonates, and Thiophosphonates, Organic;Water and Aqueous Solutions",MATCH
3179-90-6,DISPERSE BLUE 7,"Amines, Phosphines, and Pyridines;Ketones;Phenols and Cresols",18514,"Amines, Phosphines, and Pyridines;Ketones;Phenols and Cresols",MATCH
3188-13-4,CHLOROMETHYL ETHYL ETHER,Ethers;Halogenated Organic Compounds,18523,Ethers;Halogenated Organic Compounds,MATCH
319-84-6,ALPHA-BHC,Halogenated Organic Compounds,727,Halogenated Organic Compounds,MATCH
319-85-7,BETA-BHC,Halogenated Organic Compounds,727,Halogenated Organic Compounds,MATCH
319-86-8,DELTA-BHC,Halogenated Organic Compounds,727,Halogenated Organic Compounds,MATCH
320-67-2,5-AZACYTIDINE,"Alcohols and Polyols;Amides and Imides;Amines, Phosphines, and Pyridines",9444,"Alcohols and Polyols;Amides and Imides;Amines, Phosphines, and Pyridines",MATCH
3209-22-1,"2,3-DICHLORONITROBENZENE","Aryl Halides;Nitro, Nitroso, Nitrate, and Nitrite Compounds, Organic",18555,"Aryl Halides;Nitro, Nitroso, Nitrate, and Nitrite Compounds, Organic",MATCH
321-38-0,1-FLUORONAPHTHALENE,Aryl Halides;Fluorinated Organic Compounds,9450,Aryl Halides;Fluorinated Organic Compounds,MATCH
321-60-8,2-FLUOROBIPHENYL,Aryl Halides,67579,Aryl Halides,MATCH
322012-65-7,3-METHYL-6-METHOXY-2-AMINOBENZOTHIAZOLIUM CHLORIDE,"Amines, Phosphines, and Pyridines;Quaternary Ammonium and Phosphonium Salts;Sulfides, Organic",22833482,"Amines, Phosphines, and Pyridines;Quaternary Ammonium and Phosphonium Salts;Sulfides, Organic",MATCH
3234-02-4,"TRANS-2,3-DIBROMO-2-BUTENE-1,4-DIOL","Alcohols and Polyols;Halogenated Organic Compounds;Hydrocarbons, Aliphatic Unsaturated",641240,"Alcohols and Polyols;Halogenated Organic Compounds;Hydrocarbons, Aliphatic Unsaturated",MATCH
3234-28-4,"1,2-EPOXYTETRADECANE",Epoxides;Polymerizable Compounds,18604,Epoxides;Polymerizable Compounds,MATCH
3237-50-1,ALLOXAN MONOHYDRATE,Amides and Imides;Ketones,312231,Amides and Imides;Ketones,MATCH
3248-28-0,DIPROPIONYL PEROXIDE,"Peroxides, Organic",18610,"Peroxides, Organic",MATCH
3251-23-8,CUPRIC NITRATE,"Nitrate and Nitrite Compounds, Inorganic",18616,"Nitrate and Nitrite Compounds, Inorganic",MATCH
3252-43-5,DIBROMOACETONITRILE,Halogenated Organic Compounds;Nitriles,18617,Halogenated Organic Compounds;Nitriles,MATCH
32534-81-9,PENTABROMODIPHENYL OXIDE,Aryl Halides;Ethers,,,ERROR
32534-95-5,"2,4,5-TRICHLOROPHENOXYPROPIONIC ACID, ISOOCTYL ESTER","Aryl Halides;Esters, Sulfate Esters, Phosphate Esters, Thiophosphate Esters, and Borate Esters;Ethers",545619,"Aryl Halides;Esters, Sulfate Esters, Phosphate Esters, Thiophosphate Esters, and Borate Esters;Ethers",MATCH
3254-63-5,"PHOSPHORIC ACID, DIMETHYL 4-(METHYLTHIO) PHENYL ESTER","Acids, Weak;Esters, Sulfate Esters, Phosphate Esters, Thiophosphate Esters, and Borate Esters;Sulfides, Organic",18621,"Acids, Weak;Esters, Sulfate Esters, Phosphate Esters, Thiophosphate Esters, and Borate Esters;Sulfides, Organic",MATCH
32588-76-4,"N,N-ETHYLENE-BIS(TETRABROMOPHTHALIMIDE)",Amides and Imides;Aryl Halides,36183,Amides and Imides;Aryl Halides,MATCH
326-61-4,PIPERONYL ACETATE,"Acetals, Ketals, Hemiacetals, and Hemiketals;Esters, Sulfate Esters, Phosphate Esters, Thiophosphate Esters, and Borate Esters;Ethers",9473,"Acetals, Ketals, Hemiacetals, and Hemiketals;Esters, Sulfate Esters, Phosphate Esters, Thiophosphate Esters, and Borate Esters;Ethers",MATCH
3266-23-7,"2,3-EPOXYBUTANE",Epoxides;Polymerizable Compounds,18632,Epoxides;Polymerizable Compounds,MATCH
3268-87-9,OCTACHLORODIBENZO-P-DIOXIN,Aryl Halides;Ethers,18636,Aryl Halides;Ethers,MATCH
327-98-0,TRICHLORONATE,"Aryl Halides;Sulfonates, Phosphonates, and Thiophosphonates, Organic",9477,"Aryl Halides;Sulfonates, Phosphonates, and Thiophosphonates, Organic",MATCH
328-84-7,"3,4-DICHLOROBENZOTRIFLUORIDE",Aryl Halides;Fluorinated Organic Compounds,9481,Aryl Halides;Fluorinated Organic Compounds,MATCH
3288-58-2,"O,O-DIETHYL S-METHYL DITHIOPHOSPHATE","Esters, Sulfate Esters, Phosphate Esters, Thiophosphate Esters, and Borate Esters",18682,"Esters, Sulfate Esters, Phosphate Esters, Thiophosphate Esters, and Borate Esters",MATCH
329-65-7,"3,4-DIHYDROXYL-ALPHA-[METHYLAMINO]METHYLBENZYL ALCOHOL","Amines, Phosphines, and Pyridines;Phenols and Cresols",838,"Amines, Phosphines, and Pyridines;Phenols and Cresols",MATCH
329-71-5,"2,5-DINITROPHENOL","Nitro, Nitroso, Nitrate, and Nitrite Compounds, Organic;Phenols and Cresols",9492,"Nitro, Nitroso, Nitrate, and Nitrite Compounds, Organic;Phenols and Cresols",MATCH
329-89-5,6-AMINONICOTINAMIDE,"Amides and Imides;Amines, Phosphines, and Pyridines",9500,"Amides and Imides;Amines, Phosphines, and Pyridines",MATCH
329-99-7,CYCLO-SARIN,"Acyl Halides, Sulfonyl Halides, and Chloroformates;Sulfonates, Phosphonates, and Thiophosphonates, Organic",64505,"Acyl Halides, Sulfonyl Halides, and Chloroformates;Sulfonates, Phosphonates, and Thiophosphonates, Organic",MATCH
3296-90-0,"2,2-BIS(BROMOMETHYL)-1,3-PROPANEDIOL",Alcohols and Polyols;Halogenated Organic Compounds,18692,Alcohols and Polyols;Halogenated Organic Compounds,MATCH
330-54-1,DIURON,Amides and Imides;Aryl Halides,3120,Amides and Imides;Aryl Halides,MATCH
330-55-2,LINURON,"Amides and Imides;Amines, Aromatic;Aryl Halides",9502,"Amides and Imides;Amines, Aromatic;Aryl Halides",MATCH
33069-62-4,TAXOL,"Alcohols and Polyols;Amides and Imides;Esters, Sulfate Esters, Phosphate Esters, Thiophosphate Esters, and Borate Esters;Hydrocarbons, Aliphatic Unsaturated",36314,"Alcohols and Polyols;Amides and Imides;Esters, Sulfate Esters, Phosphate Esters, Thiophosphate Esters, and Borate Esters;Hydrocarbons, Aliphatic Unsaturated",MATCH
33089-61-1,AMITRAZ,"Amines, Phosphines, and Pyridines;Hydrocarbons, Aromatic",36324,"Amines, Phosphines, and Pyridines;Hydrocarbons, Aromatic",MATCH
331-39-5,"3,4-DIHYDROXYCINNAMIC ACID","Acids, Carboxylic;Hydrocarbons, Aliphatic Unsaturated;Phenols and Cresols",689043,"Acids, Carboxylic;Hydrocarbons, Aliphatic Unsaturated;Phenols and Cresols",MATCH
3318-43-2,INDOL-3-YL SODIUM PHOSPHATE,"Amines, Phosphines, and Pyridines;Esters, Sulfate Esters, Phosphate Esters, Thiophosphate Esters, and Borate Esters;Salts, Basic",76830,"Amines, Phosphines, and Pyridines;Esters, Sulfate Esters, Phosphate Esters, Thiophosphate Esters, and Borate Esters;Salts, Basic",MATCH
3319-31-1,TRIS(2-ETHYLHEXYL) TRIMELLITATE,"Esters, Sulfate Esters, Phosphate Esters, Thiophosphate Esters, and Borate Esters",18725,"Esters, Sulfate Esters, Phosphate Esters, Thiophosphate Esters, and Borate Esters",MATCH
33213-65-9,BETA-ENDOSULFAN,"Esters, Sulfate Esters, Phosphate Esters, Thiophosphate Esters, and Borate Esters;Halogenated Organic Compounds;Hydrocarbons, Aliphatic Unsaturated",12309460,"Esters, Sulfate Esters, Phosphate Esters, Thiophosphate Esters, and Borate Esters;Halogenated Organic Compounds;Hydrocarbons, Aliphatic Unsaturated",MATCH
3322-93-8,"1-(1,2-DIBROMOETHYL)-3,4-DIBROMOCYCLOHEXANE",Halogenated Organic Compounds,18728,Halogenated Organic Compounds,MATCH
33229-34-4,HC BLUE 2,"Alcohols and Polyols;Amines, Phosphines, and Pyridines;Nitro, Nitroso, Nitrate, and Nitrite Compounds, Organic",36383,"Alcohols and Polyols;Amines, Phosphines, and Pyridines;Nitro, Nitroso, Nitrate, and Nitrite Compounds, Organic",MATCH
333-41-5,DIAZINON,"Amines, Phosphines, and Pyridines;Esters, Sulfate Esters, Phosphate Esters, Thiophosphate Esters, and Borate Esters",3017,"Amines, Phosphines, and Pyridines;Esters, Sulfate Esters, Phosphate Esters, Thiophosphate Esters, and Borate Esters",MATCH
3333-52-6,TETRAMETHYLSUCCINONITRILE,Nitriles,18745,Nitriles,MATCH
33391-22-9,OFFSET NEWS BLACK NEWSPRINT INK,"Hydrocarbons, Aliphatic Saturated",36442,"Hydrocarbons, Aliphatic Saturated",MATCH
334-48-5,DECANOIC ACID,"Acids, Carboxylic",2969,"Acids, Carboxylic",MATCH
334-88-3,DIAZOMETHANE,"Azo, Diazo, Azido, Hydrazine, and Azide Compounds",9550,"Azo, Diazo, Azido, Hydrazine, and Azide Compounds",MATCH
335-76-2,PERFLUORODECANOIC ACID,"Acids, Carboxylic;Fluorinated Organic Compounds",9555,"Acids, Carboxylic;Fluorinated Organic Compounds",MATCH
33703-08-1,DIISONONYL ADIPATE,"Esters, Sulfate Esters, Phosphate Esters, Thiophosphate Esters, and Borate Esters",6427097,"Esters, Sulfate Esters, Phosphate Esters, Thiophosphate Esters, and Borate Esters",MATCH
3383-96-8,TEMEPHOS,"Esters, Sulfate Esters, Phosphate Esters, Thiophosphate Esters, and Borate Esters;Sulfides, Organic",5392,"Esters, Sulfate Esters, Phosphate Esters, Thiophosphate Esters, and Borate Esters;Sulfides, Organic",MATCH
33857-26-0,"2,7-DICHLORODIBENZO-P-DIOXIN",Ethers;Halogenated Organic Compounds,36613,Ethers;Halogenated Organic Compounds,MATCH
3389-71-7,"1,2,3,4,7,7-HEXACHLOROBICYCLO[2.2.1]HEPTA-2,5-DIENE",Conjugated Dienes;Halogenated Organic Compounds,18820,Conjugated Dienes;Halogenated Organic Compounds,MATCH
34014-18-1,TEBUTHIURON,"Amides and Imides;Azo, Diazo, Azido, Hydrazine, and Azide Compounds;Sulfides, Organic",5383,"Amides and Imides;Azo, Diazo, Azido, Hydrazine, and Azide Compounds;Sulfides, Organic",MATCH
34077-87-7,DICHLOROTRIFLUOROETHANE,Fluorinated Organic Compounds,9385,Fluorinated Organic Compounds,MATCH
341-69-5,ORPHENADRINE HYDROCHLORIDE,"Amines, Phosphines, and Pyridines;Ethers",9568,"Amines, Phosphines, and Pyridines;Ethers",MATCH
342-69-8,6-METHYLMERCAPTOPURINE RIBOSIDE,"Alcohols and Polyols;Amines, Phosphines, and Pyridines;Sulfides, Organic",9570,"Alcohols and Polyols;Amines, Phosphines, and Pyridines;Sulfides, Organic",MATCH
342-95-0,"O-D,L-SARCOLYSIN","Acids, Carboxylic;Amines, Phosphines, and Pyridines;Halogenated Organic Compounds",9571,"Acids, Carboxylic;Amines, Phosphines, and Pyridines;Halogenated Organic Compounds",MATCH
34216-34-7,TRIMETHYLCYCLOHEXYLAMINE,"Amines, Phosphines, and Pyridines",3021815,"Amines, Phosphines, and Pyridines",MATCH
3437-84-1,DIISOBUTYRYL PEROXIDE,"Peroxides, Organic",76969,"Peroxides, Organic",MATCH
3457-61-2,TERT-BUTYL CUMENE PEROXIDE,"Peroxides, Organic",76997,"Peroxides, Organic",MATCH
34580-13-7,KETOTIFEN,"Amines, Phosphines, and Pyridines;Ethers;Hydrocarbons, Aliphatic Unsaturated;Ketones",3827,"Amines, Phosphines, and Pyridines;Ethers;Hydrocarbons, Aliphatic Unsaturated;Ketones",MATCH
346-18-9,POLYTHIAZIDE,"Amines, Phosphines, and Pyridines;Aryl Halides;Fluorinated Organic Compounds;Sulfonates, Phosphonates, and Thiophosphonates, Organic",4870,"Amines, Phosphines, and Pyridines;Aryl Halides;Fluorinated Organic Compounds;Sulfonates, Phosphonates, and Thiophosphonates, Organic",MATCH
34651-95-1,"(MONO)-(TRICHLORO)-TETRA-(MONOPOTASSIUM DICHLORO)-PENTA-S-TRIAZINETRIONE, DRY","Acyl Halides, Sulfonyl Halides, and Chloroformates;Halogenating Agents;Oxidizing Agents, Strong;Salts, Acidic",61937,"Acyl Halides, Sulfonyl Halides, and Chloroformates;Halogenating Agents;Oxidizing Agents, Strong;Salts, Acidic",MATCH
348-54-9,2-FLUOROANILINE,"Amines, Aromatic;Aryl Halides",9584,"Amines, Aromatic;Aryl Halides",MATCH
34807-41-5,MEZEREIN,"Acetals, Ketals, Hemiacetals, and Hemiketals;Alcohols and Polyols;Conjugated Dienes;Epoxides;Esters, Sulfate Esters, Phosphate Esters, Thiophosphate Esters, and Borate Esters;Ethers;Hydrocarbons, Aliphatic Unsaturated;Ketones",24832075,"Acetals, Ketals, Hemiacetals, and Hemiketals;Alcohols and Polyols;Conjugated Dienes;Epoxides;Esters, Sulfate Esters, Phosphate Esters, Thiophosphate Esters, and Borate Esters;Ethers;Hydrocarbons, Aliphatic Unsaturated;Ketones",MATCH
3486-35-9,ZINC CARBONATE,Carbonate Salts,19005,Carbonate Salts,MATCH
34913-07-0,2-(P-PENTYLPHENYL)-5-(P-PENTYLOXYPHENYL)PYRIMIDINE,"Amines, Phosphines, and Pyridines",36985,"Amines, Phosphines, and Pyridines",MATCH
3497-00-5,PHENYLPHOSPHORUS THIODICHLORIDE,"Acyl Halides, Sulfonyl Halides, and Chloroformates;Sulfonates, Phosphonates, and Thiophosphonates, Organic",19016,"Acyl Halides, Sulfonyl Halides, and Chloroformates;Halogenating Agents;Sulfonates, Phosphonates, and Thiophosphonates, Organic",MATCH
352-32-9,4-FLUOROTOLUENE,Aryl Halides,9603,Aryl Halides,MATCH
352-70-5,3-FLUOROTOLUENE,Aryl Halides,9606,Aryl Halides,MATCH
3524-68-3,PENTAERYTHRITOL TRIACRYLATE,Acrylates and Acrylic Acids;Alcohols and Polyols;Polymerizable Compounds,19042,Acrylates and Acrylic Acids;Alcohols and Polyols;Polymerizable Compounds,MATCH
35367-38-5,DIFLUBENZURON,Amides and Imides;Aryl Halides;Fluorinated Organic Compounds,37123,Amides and Imides;Aryl Halides;Fluorinated Organic Compounds,MATCH
354-11-0,"1,1,1,2-TETRACHLORO-2-FLUOROETHANE",Fluorinated Organic Compounds,61104,Fluorinated Organic Compounds,MATCH
354-14-3,"1,1,2,2-TETRACHLORO-1-FLUOROETHANE",Fluorinated Organic Compounds,61105,Fluorinated Organic Compounds,MATCH
354-25-6,"1-CHLORO-1,1,2,2-TETRAFLUOROETHANE",Fluorinated Organic Compounds,9632,Fluorinated Organic Compounds,MATCH
354-33-6,PENTAFLUOROETHANE,Fluorinated Organic Compounds,9633,Fluorinated Organic Compounds,MATCH
35400-43-2,SULPROFOS,"Esters, Sulfate Esters, Phosphate Esters, Thiophosphate Esters, and Borate Esters;Sulfides, Organic",37125,"Esters, Sulfate Esters, Phosphate Esters, Thiophosphate Esters, and Borate Esters;Sulfides, Organic",MATCH
3546-10-9,PHENESTRIN,"Amines, Phosphines, and Pyridines;Esters, Sulfate Esters, Phosphate Esters, Thiophosphate Esters, and Borate Esters;Halogenated Organic Compounds;Hydrocarbons, Aliphatic Unsaturated",266461,"Amines, Phosphines, and Pyridines;Esters, Sulfate Esters, Phosphate Esters, Thiophosphate Esters, and Borate Esters;Halogenated Organic Compounds;Hydrocarbons, Aliphatic Unsaturated",MATCH
3546-41-6,PYRVINIUM PAMOATE,"Amines, Aromatic;Phenols and Cresols;Quaternary Ammonium and Phosphonium Salts;Salts, Basic",54680693,"Amines, Aromatic;Phenols and Cresols;Quaternary Ammonium and Phosphonium Salts;Salts, Basic",MATCH
3547-04-4,DDE,Aryl Halides,19076,Aryl Halides,MATCH
35471-49-9,POTASSIUM 2-BENZYL-4-CHLOROPHENATE,"Aryl Halides;Phenolic Salts;Salts, Basic",23681181,"Aryl Halides;Phenolic Salts;Salts, Basic",MATCH
35554-44-0,IMAZALIL,"Amines, Phosphines, and Pyridines;Aryl Halides;Hydrocarbons, Aliphatic Unsaturated",37175,"Amines, Phosphines, and Pyridines;Aryl Halides;Hydrocarbons, Aliphatic Unsaturated",MATCH
3563-36-8,SESQUIMUSTARD,"Halogenated Organic Compounds;Reducing Agents, Strong;Sulfides, Organic",19092,"Halogenated Organic Compounds;Reducing Agents, Strong;Sulfides, Organic",MATCH
3564-09-8,PONCEAU 3R,"Azo, Diazo, Azido, Hydrazine, and Azide Compounds;Non-Redox-Active Inorganic Compounds;Phenols and Cresols",19095,"Azo, Diazo, Azido, Hydrazine, and Azide Compounds;Non-Redox-Active Inorganic Compounds;Phenols and Cresols",MATCH
3567-69-9,C.I. ACID RED 14,"Azo, Diazo, Azido, Hydrazine, and Azide Compounds;Phenols and Cresols;Salts, Basic;Sulfonates, Phosphonates, and Thiophosphonates, Organic",19118,"Azo, Diazo, Azido, Hydrazine, and Azide Compounds;Phenols and Cresols;Salts, Basic;Sulfonates, Phosphonates, and Thiophosphonates, Organic",MATCH
3569-57-1,"SULFOXIDE, 3-CHLOROPROPYL OCTYL","Halogenated Organic Compounds;Sulfonates, Phosphonates, and Thiophosphonates, Organic",19124,"Halogenated Organic Compounds;Sulfonates, Phosphonates, and Thiophosphonates, Organic",MATCH
35691-65-7,"1-BROMO-1-(BROMOMETHYL)-1,3-PROPANEDICARBONITRILE",Halogenated Organic Compounds;Nitriles;Polymerizable Compounds,61948,Halogenated Organic Compounds;Nitriles;Polymerizable Compounds,MATCH
357-57-3,BRUCINE,"Amides and Imides;Amines, Phosphines, and Pyridines;Ethers",442021,"Amides and Imides;Amines, Phosphines, and Pyridines;Ethers",MATCH
3577-63-7,5-SULFOANTHRANILIC ACID,"Acids, Carboxylic;Amines, Aromatic;Sulfonates, Phosphonates, and Thiophosphonates, Organic",19151,"Acids, Carboxylic;Amines, Aromatic;Sulfonates, Phosphonates, and Thiophosphonates, Organic",MATCH
3582-17-0,DIMETHYLTIN DIFLUORIDE,"Acids, Weak;Organometallics",77130,"Acids, Weak;Organometallics",MATCH
35822-46-9,"1,2,3,4,6,7,8-HEPTACHLORODIBENZO-P-DIOXIN",Aryl Halides;Ethers,37270,Aryl Halides;Ethers,MATCH
35884-77-6,XYLYL BROMIDE,Aryl Halides,11121,Aryl Halides,MATCH
360-89-4,OCTAFLUOROBUT-2-ENE,"Fluorinated Organic Compounds;Hydrocarbons, Aliphatic Unsaturated",2775851,"Fluorinated Organic Compounds;Hydrocarbons, Aliphatic Unsaturated",MATCH
36059-21-9,"3,4,5,6-TETRABROMO-O-XYLENE",Aryl Halides,17771,Aryl Halides,MATCH
3615-21-2,"BENZIMIDAZOLE, 4,5-DICHLORO-2-(TRIFLUOROMETHYL)-","Amines, Phosphines, and Pyridines;Aryl Halides;Fluorinated Organic Compounds",19232,"Amines, Phosphines, and Pyridines;Aryl Halides;Fluorinated Organic Compounds",MATCH
3626-28-6,DIRECT GREEN 1,"Amines, Aromatic;Azo, Diazo, Azido, Hydrazine, and Azide Compounds;Phenols and Cresols",135506439,"Amines, Aromatic;Azo, Diazo, Azido, Hydrazine, and Azide Compounds;Phenols and Cresols",MATCH
36355-01-8,HEXABROMOBIPHENYL,Aryl Halides,22023651,Aryl Halides,MATCH
36451-09-9,2-DIAZO-1-NAPHTHOL-4-SULFONYL CHLORIDE,"Acyl Halides, Sulfonyl Halides, and Chloroformates;Alcohols and Polyols;Azo, Diazo, Azido, Hydrazine, and Azide Compounds",118979,"Acyl Halides, Sulfonyl Halides, and Chloroformates;Alcohols and Polyols;Azo, Diazo, Azido, Hydrazine, and Azide Compounds",MATCH
3648-20-2,DIUNDECYL PHTHALATE,"Esters, Sulfate Esters, Phosphate Esters, Thiophosphate Esters, and Borate Esters",19283,"Esters, Sulfate Esters, Phosphate Esters, Thiophosphate Esters, and Borate Esters",MATCH
3648-21-3,DIHEPTYL PHTHALATE,"Esters, Sulfate Esters, Phosphate Esters, Thiophosphate Esters, and Borate Esters",19284,"Esters, Sulfate Esters, Phosphate Esters, Thiophosphate Esters, and Borate Esters",MATCH
3653-48-3,METHOXONE SODIUM SALT,"Ethers;Halogenated Organic Compounds;Salts, Basic",2724048,"Ethers;Halogenated Organic Compounds;Salts, Basic",MATCH
366-70-1,PROCARBAZINE HYDROCHLORIDE,"Amides and Imides;Azo, Diazo, Azido, Hydrazine, and Azide Compounds;Hydrocarbons, Aromatic;Salts, Acidic",9703,"Amides and Imides;Azo, Diazo, Azido, Hydrazine, and Azide Compounds;Hydrocarbons, Aromatic;Salts, Acidic",MATCH
3665-80-3,N-ETHYL-4-NITROANILINE,"Amines, Aromatic;Nitro, Nitroso, Nitrate, and Nitrite Compounds, Organic",19318,"Amines, Aromatic;Nitro, Nitroso, Nitrate, and Nitrite Compounds, Organic",MATCH
367-12-4,2-FLUOROPHENOL,Aryl Halides;Phenols and Cresols,9707,Aryl Halides;Phenols and Cresols,MATCH
367-25-9,"2,4-DIFLUOROANILINE","Amines, Aromatic;Aryl Halides",9709,"Amines, Aromatic;Aryl Halides",MATCH
367-51-1,"THIOGLYCOLIC ACID, SODIUM SALT","Salts, Basic;Sulfides, Organic",23690444,"Salts, Basic;Sulfides, Organic",MATCH
36791-04-5,RIBAVIRIN,"Alcohols and Polyols;Amides and Imides;Amines, Phosphines, and Pyridines",37542,"Alcohols and Polyols;Amides and Imides;Amines, Phosphines, and Pyridines",MATCH
3680-02-2,METHYL VINYL SULFONE,"Hydrocarbons, Aliphatic Unsaturated;Polymerizable Compounds;Sulfonates, Phosphonates, and Thiophosphonates, Organic",19354,"Hydrocarbons, Aliphatic Unsaturated;Polymerizable Compounds;Sulfonates, Phosphonates, and Thiophosphonates, Organic",MATCH
3682-19-7,4-NITROPHTHALHYDRAZIDE,"Azo, Diazo, Azido, Hydrazine, and Azide Compounds;Nitro, Nitroso, Nitrate, and Nitrite Compounds, Organic",3543259,"Azo, Diazo, Azido, Hydrazine, and Azide Compounds;Nitro, Nitroso, Nitrate, and Nitrite Compounds, Organic",MATCH
3687-22-7,"2,4-DINITRO-6-(1-METHYLHEPTYL)PHENOL","Nitro, Nitroso, Nitrate, and Nitrite Compounds, Organic;Phenols and Cresols",3032447,"Nitro, Nitroso, Nitrate, and Nitrite Compounds, Organic;Phenols and Cresols",MATCH
3688-53-7,AF-2,"Amides and Imides;Ethers;Nitro, Nitroso, Nitrate, and Nitrite Compounds, Organic",5280707,"Amides and Imides;Ethers;Nitro, Nitroso, Nitrate, and Nitrite Compounds, Organic",MATCH
3689-24-5,TETRAETHYL DITHIOPYROPHOSPHATE,"Anhydrides;Esters, Sulfate Esters, Phosphate Esters, Thiophosphate Esters, and Borate Esters",19395,"Anhydrides;Esters, Sulfate Esters, Phosphate Esters, Thiophosphate Esters, and Borate Esters",MATCH
3691-35-8,CHLOROPHACINONE,Aryl Halides;Ketones,19402,Aryl Halides;Ketones,MATCH
3697-24-3,5-METHYLCHRYSENE,"Hydrocarbons, Aromatic",19427,"Hydrocarbons, Aromatic",MATCH
3709-43-1,"4,4&#39;-DINITRO-2,2&#39;-STILBENEDISULFONIC ACID DISODIUM SALT","Hydrocarbons, Aliphatic Unsaturated;Nitro, Nitroso, Nitrate, and Nitrite Compounds, Organic;Non-Redox-Active Inorganic Compounds;Sulfonates, Phosphonates, and Thiophosphonates, Organic",6433384,"Hydrocarbons, Aliphatic Unsaturated;Nitro, Nitroso, Nitrate, and Nitrite Compounds, Organic;Non-Redox-Active Inorganic Compounds;Sulfonates, Phosphonates, and Thiophosphonates, Organic",MATCH
3711-51-1,"DIETHYLTHIOPHOSPHORYL CHLORIDE, [LIQUID]","Acyl Halides, Sulfonyl Halides, and Chloroformates",12549197,"Acyl Halides, Sulfonyl Halides, and Chloroformates",MATCH
37187-22-7,ACETYL ACETONE PEROXIDE,"Ketones;Peroxides, Organic",16213740,"Ketones;Peroxides, Organic",MATCH
372-09-8,CYANOACETIC ACID,"Acids, Carboxylic;Acids, Weak;Nitriles",9740,"Acids, Carboxylic;Acids, Weak;Nitriles",MATCH
37206-20-5,METHYL ISOBUTYL KETONE PEROXIDE,"Ketones;Peroxides, Organic",21900096,"Ketones;Peroxides, Organic",MATCH
37224-57-0,ZINC POTASSIUM CHROMATE,"Oxidizing Agents, Strong;Salts, Basic",25466,"Oxidizing Agents, Strong;Salts, Basic",MATCH
373-02-4,NICKEL ACETATE,"Salts, Basic",9756,"Salts, Basic",MATCH
3731-39-3,2&#39;-METHYL-4-DIMETHYLAMINOAZOBENZENE,"Amines, Phosphines, and Pyridines;Azo, Diazo, Azido, Hydrazine, and Azide Compounds",19508,"Amines, Phosphines, and Pyridines;Azo, Diazo, Azido, Hydrazine, and Azide Compounds",MATCH
37324-23-5,PCB-1262,Aryl Halides,159643871,Aryl Halides,MATCH
3734-97-2,AMITON OXALATE,"Amines, Phosphines, and Pyridines;Salts, Acidic;Sulfonates, Phosphonates, and Thiophosphonates, Organic",19525,"Amines, Phosphines, and Pyridines;Salts, Acidic;Sulfonates, Phosphonates, and Thiophosphonates, Organic",MATCH
3735-23-7,METHYL PHENKAPTON,"Aryl Halides;Esters, Sulfate Esters, Phosphate Esters, Thiophosphate Esters, and Borate Esters;Sulfides, Organic",62519,"Aryl Halides;Esters, Sulfate Esters, Phosphate Esters, Thiophosphate Esters, and Borate Esters;Sulfides, Organic",MATCH
37527-56-3,"DIETHYL-P-TERPHENYL-P,P&#39;&#39;-CARBOXYLATE","Esters, Sulfate Esters, Phosphate Esters, Thiophosphate Esters, and Borate Esters",12383728,"Esters, Sulfate Esters, Phosphate Esters, Thiophosphate Esters, and Borate Esters",MATCH
37558-16-0,"PHORBOL-12,13-DIBUTYRATE","Alcohols and Polyols;Esters, Sulfate Esters, Phosphate Esters, Thiophosphate Esters, and Borate Esters;Hydrocarbons, Aliphatic Unsaturated;Ketones",37783,"Alcohols and Polyols;Esters, Sulfate Esters, Phosphate Esters, Thiophosphate Esters, and Borate Esters;Hydrocarbons, Aliphatic Unsaturated;Ketones",MATCH
3761-53-3,C.I. FOOD RED 5,"Azo, Diazo, Azido, Hydrazine, and Azide Compounds;Phenols and Cresols;Salts, Basic;Sulfonates, Phosphonates, and Thiophosphonates, Organic",19579,"Azo, Diazo, Azido, Hydrazine, and Azide Compounds;Phenols and Cresols;Salts, Basic;Sulfonates, Phosphonates, and Thiophosphonates, Organic",MATCH
3770-97-6,2-DIAZO-1-NAPHTHOL-5-SULFONYL CHLORIDE,"Acyl Halides, Sulfonyl Halides, and Chloroformates;Alcohols and Polyols;Azo, Diazo, Azido, Hydrazine, and Azide Compounds",107462,"Acyl Halides, Sulfonyl Halides, and Chloroformates;Alcohols and Polyols;Azo, Diazo, Azido, Hydrazine, and Azide Compounds",MATCH
3771-19-5,NAFENOPIN,"Acids, Carboxylic;Ethers;Hydrocarbons, Aromatic",19592,"Acids, Carboxylic;Ethers;Hydrocarbons, Aromatic",MATCH
3782-80-7,ETHYL P-(P&#39;-PHENYLBENZALAMINO)BENZOATE,"Amines, Phosphines, and Pyridines;Esters, Sulfate Esters, Phosphate Esters, Thiophosphate Esters, and Borate Esters",19608,"Amines, Phosphines, and Pyridines;Esters, Sulfate Esters, Phosphate Esters, Thiophosphate Esters, and Borate Esters",MATCH
37853-59-1,"1,2-BIS(2,4,6-TRIBROMOPHENOXY)ETHANE",Aryl Halides;Ethers,37840,Aryl Halides;Ethers,MATCH
379-79-3,ERGOTAMINE TARTRATE,"Acetals, Ketals, Hemiacetals, and Hemiketals;Amides and Imides;Amines, Phosphines, and Pyridines;Salts, Acidic",9787,"Acetals, Ketals, Hemiacetals, and Hemiketals;Amides and Imides;Amines, Phosphines, and Pyridines;Salts, Acidic",MATCH
3810-74-0,STREPTOMYCIN SULFATE (2:3) (SALT),"Acetals, Ketals, Hemiacetals, and Hemiketals;Alcohols and Polyols;Aldehydes;Amines, Phosphines, and Pyridines;Salts, Acidic",19648,"Acetals, Ketals, Hemiacetals, and Hemiketals;Alcohols and Polyols;Aldehydes;Amines, Phosphines, and Pyridines;Salts, Acidic",MATCH
3811-04-9,POTASSIUM CHLORATE,"Oxidizing Agents, Strong;Water and Aqueous Solutions",6426889,"Oxidizing Agents, Strong;Water and Aqueous Solutions",MATCH
3817-11-6,4-HYDROXYBUTYLBUTYLNITROSAMINE,"Alcohols and Polyols;Azo, Diazo, Azido, Hydrazine, and Azide Compounds;Nitro, Nitroso, Nitrate, and Nitrite Compounds, Organic",19665,"Alcohols and Polyols;Azo, Diazo, Azido, Hydrazine, and Azide Compounds;Nitro, Nitroso, Nitrate, and Nitrite Compounds, Organic",MATCH
384-22-5,"2-NITRO-ALPHA,ALPHA,ALPHA-TRIFLUOROTOLUENE","Fluorinated Organic Compounds;Nitro, Nitroso, Nitrate, and Nitrite Compounds, Organic",9795,"Fluorinated Organic Compounds;Nitro, Nitroso, Nitrate, and Nitrite Compounds, Organic",MATCH
38465-60-0,COPPER FLUOROBORATE,Non-Redox-Active Inorganic Compounds;Water and Aqueous Solutions,170058,Non-Redox-Active Inorganic Compounds;Water and Aqueous Solutions,MATCH
3848-24-6,"2,3-HEXANEDIONE",Ketones,19707,Ketones,MATCH
38661-72-2,"1,3-BIS(METHYLISOCYANATE)CYCLOHEXANE",Isocyanates and Isothiocyanates,53172,Isocyanates and Isothiocyanates,MATCH
38727-55-8,DIETHATYL ETHYL,"Amides and Imides;Esters, Sulfate Esters, Phosphate Esters, Thiophosphate Esters, and Borate Esters;Halogenated Organic Compounds",38090,"Amides and Imides;Esters, Sulfate Esters, Phosphate Esters, Thiophosphate Esters, and Borate Esters;Halogenated Organic Compounds",MATCH
3878-19-1,FUBERIDAZOLE,"Amines, Phosphines, and Pyridines;Ethers",19756,"Amines, Phosphines, and Pyridines;Ethers",MATCH
3882-98-2,2-AMINO-2-THIAZOLINE HYDROCHLORIDE,"Amines, Phosphines, and Pyridines;Salts, Acidic;Sulfides, Organic",520926,"Amines, Phosphines, and Pyridines;Salts, Acidic;Sulfides, Organic",MATCH
38848-76-9,"1,1-DIMETHYL-1-(2-HYDROXYPROPYLAMINE)TETRADECANIMIDE","Alcohols and Polyols;Amides and Imides;Azo, Diazo, Azido, Hydrazine, and Azide Compounds;Quaternary Ammonium and Phosphonium Salts",24832076,"Alcohols and Polyols;Amides and Imides;Azo, Diazo, Azido, Hydrazine, and Azide Compounds;Quaternary Ammonium and Phosphonium Salts",MATCH
389-08-2,NALIDIXIC ACID,"Acids, Carboxylic;Amines, Phosphines, and Pyridines;Hydrocarbons, Aromatic;Ketones",4421,"Acids, Carboxylic;Amines, Phosphines, and Pyridines;Hydrocarbons, Aromatic;Ketones",MATCH
39098-97-0,THIOPHENE-2-ACETYL CHLORIDE,"Acyl Halides, Sulfonyl Halides, and Chloroformates;Sulfides, Organic",162362,"Acyl Halides, Sulfonyl Halides, and Chloroformates;Sulfides, Organic",MATCH
39156-41-7,"2,4-DIAMINOANISOLE SULFATE","Ethers;Salts, Acidic",38221,"Ethers;Salts, Acidic",MATCH
39196-18-4,THIOFANOX,Carbamates;Oximes,38235,Carbamates;Oximes,MATCH
3926-62-3,SODIUM CHLOROACETATE,"Halogenated Organic Compounds;Salts, Basic",23665759,"Halogenated Organic Compounds;Salts, Basic",MATCH
393-52-2,2-FLUOROBENZOYL CHLORIDE,"Acyl Halides, Sulfonyl Halides, and Chloroformates;Aryl Halides",9808,"Acyl Halides, Sulfonyl Halides, and Chloroformates;Aryl Halides",MATCH
393-75-9,"4-CHLORO-3,5-DINITRO-ALPHA,ALPHA,ALPHA-TRIFLUOROTOLUENE","Aryl Halides;Fluorinated Organic Compounds;Nitro, Nitroso, Nitrate, and Nitrite Compounds, Organic",9809,"Aryl Halides;Fluorinated Organic Compounds;Nitro, Nitroso, Nitrate, and Nitrite Compounds, Organic",MATCH
39300-45-3,DINOCAP,"Esters, Sulfate Esters, Phosphate Esters, Thiophosphate Esters, and Borate Esters;Hydrocarbons, Aliphatic Unsaturated;Nitro, Nitroso, Nitrate, and Nitrite Compounds, Organic",156614068,"Esters, Sulfate Esters, Phosphate Esters, Thiophosphate Esters, and Borate Esters;Hydrocarbons, Aliphatic Unsaturated;Nitro, Nitroso, Nitrate, and Nitrite Compounds, Organic",MATCH
39300-88-4,TARA GUM,Not Chemically Reactive,,,ERROR
39407-03-9,OCTYL ACID PHOSPHATE,"Acids, Weak;Esters, Sulfate Esters, Phosphate Esters, Thiophosphate Esters, and Borate Esters",21896147,"Acids, Weak;Esters, Sulfate Esters, Phosphate Esters, Thiophosphate Esters, and Borate Esters",MATCH
39450-05-0,HALOWAX 1099,Aryl Halides;Halogenated Organic Compounds,,,ERROR
39515-41-8,FENPROPATHRIN,"Esters, Sulfate Esters, Phosphate Esters, Thiophosphate Esters, and Borate Esters;Ethers;Nitriles",47326,"Esters, Sulfate Esters, Phosphate Esters, Thiophosphate Esters, and Borate Esters;Ethers;Nitriles",MATCH
396-01-0,TRIAMTERENE,"Amines, Phosphines, and Pyridines",5546,"Amines, Phosphines, and Pyridines",MATCH
39638-32-9,BIS(2-CHLOROISOPROPYL) ETHER,Ethers;Halogenated Organic Compounds,38307,Ethers;Halogenated Organic Compounds,MATCH
39817-09-9,METHYLENE BIS(PHENYLENEOXYMETHYLENE)BISOXIRANE,Epoxides;Ethers,91511,Epoxides;Ethers,MATCH
40058-87-5,ISOPROPYL 2-CHLOROPROPIONATE,"Esters, Sulfate Esters, Phosphate Esters, Thiophosphate Esters, and Borate Esters;Halogenated Organic Compounds",170270,"Esters, Sulfate Esters, Phosphate Esters, Thiophosphate Esters, and Borate Esters;Halogenated Organic Compounds",MATCH
4016-11-9,"1,2-EPOXY-3-ETHOXYPROPANE",Epoxides;Ethers;Polymerizable Compounds,19919,Epoxides;Ethers;Polymerizable Compounds,MATCH
402-54-0,P-NITROBENZOTRIFLUORIDE,"Fluorinated Organic Compounds;Hydrocarbons, Aromatic;Nitro, Nitroso, Nitrate, and Nitrite Compounds, Organic",9821,"Fluorinated Organic Compounds;Hydrocarbons, Aromatic;Nitro, Nitroso, Nitrate, and Nitrite Compounds, Organic",MATCH
40334-69-8,LEWISITE 2,"Halogenated Organic Compounds;Halogenating Agents;Hydrocarbons, Aliphatic Unsaturated",5368106,"Halogenated Organic Compounds;Halogenating Agents;Hydrocarbons, Aliphatic Unsaturated",MATCH
40334-70-1,LEWISITE 3,"Halogenated Organic Compounds;Halogenating Agents;Hydrocarbons, Aliphatic Unsaturated",5352143,"Halogenated Organic Compounds;Halogenating Agents;Hydrocarbons, Aliphatic Unsaturated",MATCH
40379-24-6,ISONONYL ACETATE,"Esters, Sulfate Esters, Phosphate Esters, Thiophosphate Esters, and Borate Esters",42745,"Esters, Sulfate Esters, Phosphate Esters, Thiophosphate Esters, and Borate Esters",MATCH
4044-65-9,BITOSCANATE,Isocyanates and Isothiocyanates,19958,Isocyanates and Isothiocyanates,MATCH
40487-42-1,PENDIMETHALIN,"Amines, Aromatic;Nitro, Nitroso, Nitrate, and Nitrite Compounds, Organic",38479,"Amines, Aromatic;Nitro, Nitroso, Nitrate, and Nitrite Compounds, Organic",MATCH
406-90-6,FLUOROXENE,"Ethers;Fluorinated Organic Compounds;Hydrocarbons, Aliphatic Unsaturated",9844,"Ethers;Fluorinated Organic Compounds;Hydrocarbons, Aliphatic Unsaturated",MATCH
4067-16-7,PENTAETHYLENEHEXAMINE,"Amines, Phosphines, and Pyridines",19990,"Amines, Phosphines, and Pyridines",MATCH
4074-88-8,DIETHYLENE GLYCOL DIACRYLATE,"Acrylates and Acrylic Acids;Esters, Sulfate Esters, Phosphate Esters, Thiophosphate Esters, and Borate Esters;Polymerizable Compounds",19996,"Acrylates and Acrylic Acids;Esters, Sulfate Esters, Phosphate Esters, Thiophosphate Esters, and Borate Esters;Polymerizable Compounds",MATCH
40766-31-2,1-PHENYL-1-XYLYL ETHANE,"Hydrocarbons, Aromatic",3033855,"Hydrocarbons, Aromatic",MATCH
4080-31-3,"1-(3-CHLOROALLYL)-3,5,7-TRIAZA-1-AZONIAADAMANTANE CHLORIDE","Amines, Phosphines, and Pyridines;Halogenated Organic Compounds;Hydrocarbons, Aliphatic Unsaturated;Quaternary Ammonium and Phosphonium Salts",20011,"Amines, Phosphines, and Pyridines;Halogenated Organic Compounds;Hydrocarbons, Aliphatic Unsaturated;Quaternary Ammonium and Phosphonium Salts",MATCH
40881-98-9,"N,N-DIPROPYL PHOSPHORAMIDIC DICHLORIDE","Acyl Halides, Sulfonyl Halides, and Chloroformates;Amides and Imides",11481364,"Acyl Halides, Sulfonyl Halides, and Chloroformates;Amides and Imides",MATCH
409-21-2,SILICON CARBIDE,"Nitrides, Phosphides, Carbides, and Silicides",9863,"Nitrides, Phosphides, Carbides, and Silicides",MATCH
40915-55-7,O-CHLOROBENZALMALONONITRILE,Aryl Halides;Nitriles,38713,Aryl Halides;Nitriles,MATCH
4097-22-7,"2&#39;,3&#39;-DIDEOXYADENOSINE","Alcohols and Polyols;Amines, Phosphines, and Pyridines;Ethers",20039,"Alcohols and Polyols;Amines, Phosphines, and Pyridines;Ethers",MATCH
4104-14-7,PHOSACETIM,"Amines, Phosphines, and Pyridines;Aryl Halides;Esters, Sulfate Esters, Phosphate Esters, Thiophosphate Esters, and Borate Esters",20056,"Amines, Phosphines, and Pyridines;Aryl Halides;Esters, Sulfate Esters, Phosphate Esters, Thiophosphate Esters, and Borate Esters",MATCH
41122-70-7,4-N-HEXYL-4&#39;-CYANOBIPHENYL,Nitriles,38764,Nitriles,MATCH
41198-08-7,PROFENOFOS,"Aryl Halides;Esters, Sulfate Esters, Phosphate Esters, Thiophosphate Esters, and Borate Esters",38779,"Aryl Halides;Esters, Sulfate Esters, Phosphate Esters, Thiophosphate Esters, and Borate Esters",MATCH
4128-73-8,"4,4&#39;-DIISOCYANATODIPHENYL ETHER",Ethers;Isocyanates and Isothiocyanates,61332,Ethers;Isocyanates and Isothiocyanates,MATCH
41587-36-4,CHLORONITROANILINES,"Amines, Phosphines, and Pyridines;Halogenated Organic Compounds;Nitro, Nitroso, Nitrate, and Nitrite Compounds, Organic",44144434,"Amines, Phosphines, and Pyridines;Halogenated Organic Compounds;Nitro, Nitroso, Nitrate, and Nitrite Compounds, Organic",MATCH
41766-75-0,"3,3&#39;-DIMETHYLBENZIDINE DIHYDROFLUORIDE","Fluoride Salts, Soluble;Salts, Acidic",61994,"Fluoride Salts, Soluble;Salts, Acidic",MATCH
4196-86-5,"2,2-BIS((BENZOYLOXY)METHYL)DIBENZOATE-1,3-PROPANEDIOL","Esters, Sulfate Esters, Phosphate Esters, Thiophosphate Esters, and Borate Esters",20167,"Esters, Sulfate Esters, Phosphate Esters, Thiophosphate Esters, and Borate Esters",MATCH
4196-87-6,"2-((BENZOYLOXY)METHYL)-2-METHYLDIBENZOATE-1,3-PROPANEDIOL","Esters, Sulfate Esters, Phosphate Esters, Thiophosphate Esters, and Borate Esters",20168,"Esters, Sulfate Esters, Phosphate Esters, Thiophosphate Esters, and Borate Esters",MATCH
4198-19-0,C.I. DIRECT BLUE 10,"Azo, Diazo, Azido, Hydrazine, and Azide Compounds;Phenols and Cresols;Salts, Basic;Sulfonates, Phosphonates, and Thiophosphonates, Organic",20174,"Azo, Diazo, Azido, Hydrazine, and Azide Compounds;Phenols and Cresols;Salts, Basic;Sulfonates, Phosphonates, and Thiophosphonates, Organic",MATCH
420-04-2,CYANAMIDE,"Amines, Phosphines, and Pyridines;Nitriles;Polymerizable Compounds",9864,"Amines, Phosphines, and Pyridines;Nitriles;Polymerizable Compounds",MATCH
42135-22-8,3-NITRO-9-FLUORENONE,"Ketones;Nitro, Nitroso, Nitrate, and Nitrite Compounds, Organic",39141,"Ketones;Nitro, Nitroso, Nitrate, and Nitrite Compounds, Organic",MATCH
42195-92-6,"2,3-DIMETHYLCYCLOHEXYL AMINE","Amines, Phosphines, and Pyridines",123507,"Amines, Phosphines, and Pyridines",MATCH
422-44-6,"1,2-DICHLORO-1,1,2,3,3-PENTAFLUOROPROPANE",Fluorinated Organic Compounds,61110,Fluorinated Organic Compounds,MATCH
422-48-0,"2,3-DICHLORO-1,1,1,2,3-PENTAFLUOROPROPANE",Fluorinated Organic Compounds,61111,Fluorinated Organic Compounds,MATCH
422-56-0,"3,3-DICHLORO-1,1,1,2,2-PENTAFLUOROPROPANE",Fluorinated Organic Compounds,61112,Fluorinated Organic Compounds,MATCH
42296-74-2,HEXADIENE,Conjugated Dienes,11602,Conjugated Dienes,MATCH
4252-78-2,"2,2&#39;,4&#39;-TRICHLOROACETOPHENONE",Aryl Halides;Halogenated Organic Compounds;Ketones,20250,Aryl Halides;Halogenated Organic Compounds;Ketones,MATCH
42615-29-2,PHENYLSULPHONIC ACID,"Acids, Strong Oxidizing",16649,"Acids, Strong Oxidizing",MATCH
428-59-1,HEXAFLUOROPROPYLENE OXIDE,Epoxides;Fluorinated Organic Compounds;Polymerizable Compounds,9883,Epoxides;Fluorinated Organic Compounds;Polymerizable Compounds,MATCH
42874-03-3,OXYFLUORFEN,"Aryl Halides;Ethers;Fluorinated Organic Compounds;Nitro, Nitroso, Nitrate, and Nitrite Compounds, Organic",39327,"Aryl Halides;Ethers;Fluorinated Organic Compounds;Nitro, Nitroso, Nitrate, and Nitrite Compounds, Organic",MATCH
4300-97-4,CHLOROPIVALOYL CHLORIDE,"Acyl Halides, Sulfonyl Halides, and Chloroformates;Halogenated Organic Compounds",61345,"Acyl Halides, Sulfonyl Halides, and Chloroformates;Halogenated Organic Compounds",MATCH
4301-50-2,FLUENETIL,"Esters, Sulfate Esters, Phosphate Esters, Thiophosphate Esters, and Borate Esters;Halogenated Organic Compounds",20288,"Esters, Sulfate Esters, Phosphate Esters, Thiophosphate Esters, and Borate Esters;Halogenated Organic Compounds",MATCH
431-86-7,"1,2-DICHLORO-1,1,3,3,3-PENTAFLUOROPROPANE",Fluorinated Organic Compounds,61115,Fluorinated Organic Compounds,MATCH
43121-43-3,TRIADIMEFON,"Amines, Phosphines, and Pyridines;Aryl Halides;Azo, Diazo, Azido, Hydrazine, and Azide Compounds;Ketones",39385,"Amines, Phosphines, and Pyridines;Aryl Halides;Azo, Diazo, Azido, Hydrazine, and Azide Compounds;Ketones",MATCH
43133-95-5,METHYL PENTANE,"Hydrocarbons, Aliphatic Saturated",7892,"Hydrocarbons, Aliphatic Saturated",MATCH
4316-42-1,"N,N-BUTYL IMIDAZOLE","Amines, Phosphines, and Pyridines",61347,"Amines, Phosphines, and Pyridines",MATCH
4320-30-3,L-ARGINYL-L-GLUTAMATE,"Amides and Imides;Salts, Acidic",165268,"Amides and Imides;Salts, Acidic",MATCH
4337-65-9,MONO(2-ETHYLHEXYL) ADIPATE,"Acids, Carboxylic;Esters, Sulfate Esters, Phosphate Esters, Thiophosphate Esters, and Borate Esters",20342,"Acids, Carboxylic;Esters, Sulfate Esters, Phosphate Esters, Thiophosphate Esters, and Borate Esters",MATCH
434-07-1,OXYMETHOLONE,"Alcohols and Polyols;Hydrocarbons, Aliphatic Unsaturated;Ketones",5281034,"Alcohols and Polyols;Hydrocarbons, Aliphatic Unsaturated;Ketones",MATCH
434-13-9,LITHOCHOLIC ACID,"Acids, Carboxylic;Alcohols and Polyols",9903,"Acids, Carboxylic;Alcohols and Polyols",MATCH
4342-03-4,DACARBAZINE,"Amides and Imides;Amines, Phosphines, and Pyridines;Azo, Diazo, Azido, Hydrazine, and Azide Compounds;Hydrocarbons, Aliphatic Unsaturated",135398738,"Amides and Imides;Amines, Phosphines, and Pyridines;Azo, Diazo, Azido, Hydrazine, and Azide Compounds;Hydrocarbons, Aliphatic Unsaturated",MATCH
4345-03-3,D-ALPHA-TOCOPHERYL ACID SUCCINATE,"Acids, Carboxylic;Acids, Weak;Esters, Sulfate Esters, Phosphate Esters, Thiophosphate Esters, and Borate Esters",20353,"Acids, Carboxylic;Acids, Weak;Esters, Sulfate Esters, Phosphate Esters, Thiophosphate Esters, and Borate Esters",MATCH
4350-09-8,L-5-HYDROXYTRYPTOPHAN,"Phenols and Cresols;Salts, Acidic",439280,"Phenols and Cresols;Salts, Acidic",MATCH
4376-20-9,MONO(2-ETHYLHEXYL)PHTHALATE,"Esters, Sulfate Esters, Phosphate Esters, Thiophosphate Esters, and Borate Esters",20393,"Esters, Sulfate Esters, Phosphate Esters, Thiophosphate Esters, and Borate Esters",MATCH
438-41-5,CHLORDIAZEPOXIDE HYDROCHLORIDE,"Amines, Phosphines, and Pyridines;Aryl Halides;Oxidizing Agents, Weak;Salts, Acidic",9916,"Amines, Phosphines, and Pyridines;Aryl Halides;Oxidizing Agents, Weak;Salts, Acidic",MATCH
439-14-5,DIAZEPAM,"Amines, Phosphines, and Pyridines;Aryl Halides;Ketones",3016,"Amines, Phosphines, and Pyridines;Aryl Halides;Ketones",MATCH
4396-27-4,NONAMETHYLENEIMINE,"Amines, Phosphines, and Pyridines",20422,"Amines, Phosphines, and Pyridines",MATCH
4403-61-6,2-METHYL-2-BUTENENITRILE,"Hydrocarbons, Aliphatic Unsaturated;Nitriles",29935,"Hydrocarbons, Aliphatic Unsaturated;Nitriles",MATCH
4403-90-1,D &amp; C GREEN 5,"Acids, Carboxylic;Amines, Phosphines, and Pyridines;Ketones;Salts, Acidic",20431,"Acids, Carboxylic;Amines, Phosphines, and Pyridines;Ketones;Salts, Acidic",MATCH
4405-13-4,GLYOXAL TRIMERIC DIHYDRATE,Alcohols and Polyols;Ethers,92988,Alcohols and Polyols;Ethers,MATCH
4418-26-2,SODIUM DEHYDROACETATE,"Esters, Sulfate Esters, Phosphate Esters, Thiophosphate Esters, and Borate Esters;Phenolic Salts",23721629,"Esters, Sulfate Esters, Phosphate Esters, Thiophosphate Esters, and Borate Esters;Phenolic Salts",MATCH
4418-66-0,"PHENOL, 2,2&#39;-THIOBIS-4-CHLORO-6-METHYL-","Aryl Halides;Phenols and Cresols;Sulfides, Organic",20468,"Aryl Halides;Phenols and Cresols;Sulfides, Organic",MATCH
4419-11-8,"2,2&#39;-AZODI-(2,4-DIMETHYLVALERONITRILE)","Azo, Diazo, Azido, Hydrazine, and Azide Compounds;Nitriles",91537,"Azo, Diazo, Azido, Hydrazine, and Azide Compounds;Nitriles",MATCH
4421-50-5,4-[BENZYL(METHYL)AMINO]-3-ETHOXYBENZENEDIAZONIUM ZINC CHLORIDE,"Amines, Aromatic;Azo, Diazo, Azido, Hydrazine, and Azide Compounds;Diazonium Salts;Ethers;Salts, Acidic",6451995,"Amines, Aromatic;Azo, Diazo, Azido, Hydrazine, and Azide Compounds;Diazonium Salts;Ethers;Salts, Acidic",MATCH
4424-06-0,C.I. PIGMENT ORANGE 43,"Amides and Imides;Amines, Phosphines, and Pyridines",78141,"Amides and Imides;Amines, Phosphines, and Pyridines",MATCH
443-48-1,METRONIDAZOLE,"Alcohols and Polyols;Amines, Phosphines, and Pyridines;Nitro, Nitroso, Nitrate, and Nitrite Compounds, Organic",4173,"Alcohols and Polyols;Amines, Phosphines, and Pyridines;Nitro, Nitroso, Nitrate, and Nitrite Compounds, Organic",MATCH
4435-53-4,BUTOXYL,"Esters, Sulfate Esters, Phosphate Esters, Thiophosphate Esters, and Borate Esters;Ethers",20498,"Esters, Sulfate Esters, Phosphate Esters, Thiophosphate Esters, and Borate Esters;Ethers",MATCH
4444-68-2,DIETHYLBUTYLAMINE,"Amines, Phosphines, and Pyridines",20513,"Amines, Phosphines, and Pyridines",MATCH
446-86-6,AZATHIOPRINE,"Amines, Phosphines, and Pyridines;Nitro, Nitroso, Nitrate, and Nitrite Compounds, Organic;Sulfides, Organic",2265,"Amines, Phosphines, and Pyridines;Nitro, Nitroso, Nitrate, and Nitrite Compounds, Organic;Sulfides, Organic",MATCH
4460-86-0,"2,4,5-TRIMETHOXYBENZALDEHYDE",Aldehydes;Ethers,20525,Aldehydes;Ethers,MATCH
4475-95-0,2-AMINO-2-METHYL-BUTANE NITRILE,"Amines, Phosphines, and Pyridines;Nitriles",15576830,"Amines, Phosphines, and Pyridines;Nitriles",MATCH
4507-98-6,"DI-(3,5,5-TRIMETHYL-1,2-DIOXOLANYL-3)PEROXIDE","Acetals, Ketals, Hemiacetals, and Hemiketals;Peroxides, Organic",107293,"Acetals, Ketals, Hemiacetals, and Hemiketals;Peroxides, Organic",MATCH
4547-70-0,"BENZENE-1,3-DISULFONYL HYDRAZIDE","Azo, Diazo, Azido, Hydrazine, and Azide Compounds;Sulfonates, Phosphonates, and Thiophosphonates, Organic",78306,"Azo, Diazo, Azido, Hydrazine, and Azide Compounds;Sulfonates, Phosphonates, and Thiophosphonates, Organic",MATCH
4548-53-2,PONCEAU SX,"Azo, Diazo, Azido, Hydrazine, and Azide Compounds;Non-Redox-Active Inorganic Compounds;Phenols and Cresols",62542,"Azo, Diazo, Azido, Hydrazine, and Azide Compounds;Non-Redox-Active Inorganic Compounds;Phenols and Cresols",MATCH
4549-40-0,N-NITROSOMETHYLVINYLAMINE,"Azo, Diazo, Azido, Hydrazine, and Azide Compounds;Hydrocarbons, Aliphatic Unsaturated;Nitro, Nitroso, Nitrate, and Nitrite Compounds, Organic",20678,"Azo, Diazo, Azido, Hydrazine, and Azide Compounds;Hydrocarbons, Aliphatic Unsaturated;Nitro, Nitroso, Nitrate, and Nitrite Compounds, Organic",MATCH
4553-62-2,"D,L-2-METHYLGLUTARONITRILE",Nitriles,20686,Nitriles,MATCH
4568-28-9,TRIETHANOLAMINE STEARATE,"Alcohols and Polyols;Salts, Basic",20701,"Alcohols and Polyols;Salts, Basic",MATCH
458-37-7,CURCUMIN,"Ethers;Hydrocarbons, Aliphatic Unsaturated;Ketones;Phenols and Cresols",969516,"Ethers;Hydrocarbons, Aliphatic Unsaturated;Ketones;Phenols and Cresols",MATCH
4584-49-0,"2-CHLORO-N,N-DIMETHYL-1-PROPANAMINE HYDROCHLORIDE","Amines, Phosphines, and Pyridines;Halogenated Organic Compounds",94294,"Amines, Phosphines, and Pyridines;Halogenated Organic Compounds",MATCH
460-35-5,"3-CHLORO-1,1,1-TRIFLUOROPROPANE",Fluorinated Organic Compounds,10000,Fluorinated Organic Compounds,MATCH
463-04-7,AMYL NITRITE,"Nitro, Nitroso, Nitrate, and Nitrite Compounds, Organic",10026,"Nitro, Nitroso, Nitrate, and Nitrite Compounds, Organic",MATCH
463-40-1,LINOLENIC ACID,"Acids, Carboxylic;Acids, Weak;Hydrocarbons, Aliphatic Unsaturated",5280934,"Acids, Carboxylic;Acids, Weak;Hydrocarbons, Aliphatic Unsaturated",MATCH
463-71-8,THIOPHOSGENE,"Halogenated Organic Compounds;Sulfides, Inorganic",10040,"Halogenated Organic Compounds;Sulfides, Inorganic",MATCH
4635-87-4,"3-PENTENENITRILE, [LIQUID]","Hydrocarbons, Aliphatic Unsaturated;Nitriles",5324707,"Hydrocarbons, Aliphatic Unsaturated;Nitriles",MATCH
4637-56-3,4-QUINOLINAMINE-N-HYDROXY-1-OXIDE,"Amines, Phosphines, and Pyridines;Oxidizing Agents, Weak",5360001,"Amines, Phosphines, and Pyridines;Oxidizing Agents, Weak",MATCH
464-10-8,BROMOPICRIN,"Halogenated Organic Compounds;Nitro, Nitroso, Nitrate, and Nitrite Compounds, Organic",10046,"Halogenated Organic Compounds;Nitro, Nitroso, Nitrate, and Nitrite Compounds, Organic",MATCH
464-48-2,L-CAMPHOR,Ketones,444294,Ketones,MATCH
464-49-3,D-CAMPHOR,Ketones,159055,Ketones,MATCH
465-73-6,ISODRIN,"Halogenated Organic Compounds;Hydrocarbons, Aliphatic Unsaturated",12310946,"Halogenated Organic Compounds;Hydrocarbons, Aliphatic Unsaturated",MATCH
4655-34-9,ISOPROPYL METHACRYLATE,Acrylates and Acrylic Acids;Polymerizable Compounds,20769,Acrylates and Acrylic Acids;Polymerizable Compounds,MATCH
4680-78-8,C.I. ACID GREEN 3,"Amines, Phosphines, and Pyridines;Conjugated Dienes;Quaternary Ammonium and Phosphonium Salts;Sulfonates, Phosphonates, and Thiophosphonates, Organic",20803,"Amines, Phosphines, and Pyridines;Conjugated Dienes;Quaternary Ammonium and Phosphonium Salts;Sulfonates, Phosphonates, and Thiophosphonates, Organic",MATCH
469-21-6,DOXYLAMINE,"Amines, Phosphines, and Pyridines;Ethers",3162,"Amines, Phosphines, and Pyridines;Ethers",MATCH
470-82-6,"1,8-CINEOL",Ethers,2758,Ethers,MATCH
470-90-6,CHLORFENVINFOS,"Aryl Halides;Esters, Sulfate Esters, Phosphate Esters, Thiophosphate Esters, and Borate Esters;Hydrocarbons, Aliphatic Unsaturated",10107,"Aryl Halides;Esters, Sulfate Esters, Phosphate Esters, Thiophosphate Esters, and Borate Esters;Hydrocarbons, Aliphatic Unsaturated",MATCH
471-34-1,CALCIUM CARBONATE,Carbonate Salts,10112,Carbonate Salts,MATCH
4719-04-4,"HEXAHYDRO-1,3,5-TRIS(HYDROXYETHYL)-5-TRIAZINE","Alcohols and Polyols;Amines, Phosphines, and Pyridines",104556,"Alcohols and Polyols;Amines, Phosphines, and Pyridines",MATCH
4726-14-1,NITRALIN,"Amines, Aromatic;Nitro, Nitroso, Nitrate, and Nitrite Compounds, Organic;Sulfonates, Phosphonates, and Thiophosphonates, Organic",20848,"Amines, Aromatic;Nitro, Nitroso, Nitrate, and Nitrite Compounds, Organic;Sulfonates, Phosphonates, and Thiophosphonates, Organic",MATCH
473-55-2,PINANE,"Hydrocarbons, Aliphatic Saturated",10129,"Hydrocarbons, Aliphatic Saturated",MATCH
4732-14-3,TRINITROPHENETOLE,"Nitro, Nitroso, Nitrate, and Nitrite Compounds, Organic",267173,"Nitro, Nitroso, Nitrate, and Nitrite Compounds, Organic",MATCH
4759-48-2,CIS-RETINOIC ACID,"Acids, Carboxylic;Hydrocarbons, Aliphatic Unsaturated",5282379,"Acids, Carboxylic;Hydrocarbons, Aliphatic Unsaturated",MATCH
476-66-4,ELLAGIC ACID,"Esters, Sulfate Esters, Phosphate Esters, Thiophosphate Esters, and Borate Esters;Phenols and Cresols",5281855,"Esters, Sulfate Esters, Phosphate Esters, Thiophosphate Esters, and Borate Esters;Phenols and Cresols",MATCH
478-43-3,RHEIN,"Acids, Carboxylic;Ketones;Phenols and Cresols",10168,"Acids, Carboxylic;Ketones;Phenols and Cresols",MATCH
479-45-8,TETRYL,"Nitro, Nitroso, Nitrate, and Nitrite Compounds, Organic",10178,"Nitro, Nitroso, Nitrate, and Nitrite Compounds, Organic",MATCH
4795-29-3,TETRAHYDROFURFURYLAMINE,"Amines, Phosphines, and Pyridines",253298,"Amines, Phosphines, and Pyridines",MATCH
480-22-8,"1,8,9-TRIHYDROXYANTHRACENE",Phenols and Cresols,10187,Phenols and Cresols,MATCH
480-81-9,SENECIPHYLLINE,"Alcohols and Polyols;Amines, Phosphines, and Pyridines;Esters, Sulfate Esters, Phosphate Esters, Thiophosphate Esters, and Borate Esters;Hydrocarbons, Aliphatic Unsaturated",5281750,"Alcohols and Polyols;Amines, Phosphines, and Pyridines;Esters, Sulfate Esters, Phosphate Esters, Thiophosphate Esters, and Borate Esters;Hydrocarbons, Aliphatic Unsaturated",MATCH
4801-39-2,2-AMINOACETANILIDE HYDROCHLORIDE,"Amides and Imides;Salts, Acidic",458752,"Amides and Imides;Salts, Acidic",MATCH
4802-20-4,D-LIMONENE DIMERCAPTAN,"Sulfides, Organic",20936,"Sulfides, Organic",MATCH
481-74-3,CHRYSOPHANIC ACID,Ketones;Phenols and Cresols,10208,Ketones;Phenols and Cresols,MATCH
4813-58-5,ETHOXYLATED TETRADECANOL,Alcohols and Polyols;Ethers,109643,Alcohols and Polyols;Ethers,MATCH
482-89-3,C.I. VAT BLUE 1,"Amines, Phosphines, and Pyridines;Ketones",10215,"Amines, Phosphines, and Pyridines;Ketones",MATCH
4823-47-6,2-BROMOETHYL ACRYLATE,Acrylates and Acrylic Acids;Halogenated Organic Compounds;Polymerizable Compounds,20963,Acrylates and Acrylic Acids;Halogenated Organic Compounds;Polymerizable Compounds,MATCH
4825-86-9,OCHRATOXIN B,"Acids, Carboxylic;Amides and Imides;Esters, Sulfate Esters, Phosphate Esters, Thiophosphate Esters, and Borate Esters;Phenols and Cresols",20966,"Acids, Carboxylic;Amides and Imides;Esters, Sulfate Esters, Phosphate Esters, Thiophosphate Esters, and Borate Esters;Phenols and Cresols",MATCH
483-65-8,RETENE,"Hydrocarbons, Aliphatic Saturated;Hydrocarbons, Aromatic",10222,"Hydrocarbons, Aliphatic Saturated;Hydrocarbons, Aromatic",MATCH
484-20-8,5-METHOXYPSORALEN,"Esters, Sulfate Esters, Phosphate Esters, Thiophosphate Esters, and Borate Esters;Ethers",2355,"Esters, Sulfate Esters, Phosphate Esters, Thiophosphate Esters, and Borate Esters;Ethers",MATCH
485-47-2,NINHYDRIN,"Acetals, Ketals, Hemiacetals, and Hemiketals;Alcohols and Polyols;Ketones",10236,"Acetals, Ketals, Hemiacetals, and Hemiketals;Alcohols and Polyols;Ketones",MATCH
4861-85-2,ISOPROPYL PHENYLACETATE,"Esters, Sulfate Esters, Phosphate Esters, Thiophosphate Esters, and Borate Esters",62553,"Esters, Sulfate Esters, Phosphate Esters, Thiophosphate Esters, and Borate Esters",MATCH
488-41-5,DIBROMOMANNITOL,Alcohols and Polyols;Halogenated Organic Compounds,656655,Alcohols and Polyols;Halogenated Organic Compounds,MATCH
489-98-5,"2,4,6-TRINITROANILINE","Amines, Aromatic;Nitro, Nitroso, Nitrate, and Nitrite Compounds, Organic",10271,"Amines, Aromatic;Nitro, Nitroso, Nitrate, and Nitrite Compounds, Organic",MATCH
4901-51-3,"2,3,4,5-TETRACHLOROPHENOL","Acids, Weak;Aryl Halides;Phenols and Cresols",21013,"Acids, Weak;Aryl Halides;Phenols and Cresols",MATCH
4904-61-4,"1,5,9-CYCLODODECATRIENE","Hydrocarbons, Aliphatic Unsaturated;Polymerizable Compounds",12668,"Hydrocarbons, Aliphatic Unsaturated;Polymerizable Compounds",MATCH
492-80-8,C.I. SOLVENT YELLOW 34,"Amines, Phosphines, and Pyridines",10298,"Amines, Phosphines, and Pyridines",MATCH
4938-72-1,"ISOBUTYL 2,4,5-TRICHLOROPHENOXYACETATE","Aryl Halides;Esters, Sulfate Esters, Phosphate Esters, Thiophosphate Esters, and Borate Esters;Ethers",21058,"Aryl Halides;Esters, Sulfate Esters, Phosphate Esters, Thiophosphate Esters, and Borate Esters;Ethers",MATCH
494-03-1,CHLORNAPHAZINE,"Amines, Phosphines, and Pyridines;Halogenated Organic Compounds",10307,"Amines, Phosphines, and Pyridines;Halogenated Organic Compounds",MATCH
495-18-1,N-HYDROXYBENZAMIDE,Alcohols and Polyols;Amides and Imides,10313,Alcohols and Polyols;Amides and Imides,MATCH
495-48-7,AZOXYBENZENE,"Azo, Diazo, Azido, Hydrazine, and Azide Compounds;Hydrocarbons, Aromatic;Oxidizing Agents, Weak",10316,"Azo, Diazo, Azido, Hydrazine, and Azide Compounds;Hydrocarbons, Aromatic;Oxidizing Agents, Weak",MATCH
496-72-0,"3,4-DIAMINOTOLUENE","Amines, Aromatic",10332,"Amines, Aromatic",MATCH
497-04-1,"2-CHLORO-1,3-PROPANEDIOL",Alcohols and Polyols;Halogenated Organic Compounds,10337,Alcohols and Polyols;Halogenated Organic Compounds,MATCH
498-21-5,METHYL SUCCINIC ACID,"Acids, Carboxylic",10349,"Acids, Carboxylic",MATCH
4985-85-7,AMINOPROPYLDIETHANOLAMINE,"Alcohols and Polyols;Amines, Phosphines, and Pyridines",21088,"Alcohols and Polyols;Amines, Phosphines, and Pyridines",MATCH
50-00-0,FORMALDEHYDE,Aldehydes;Polymerizable Compounds;Water and Aqueous Solutions,712,Aldehydes;Polymerizable Compounds;Water and Aqueous Solutions,MATCH
50-02-2,DEXAMETHAZONE,"Alcohols and Polyols;Fluorinated Organic Compounds;Hydrocarbons, Aliphatic Unsaturated;Ketones",5743,"Alcohols and Polyols;Fluorinated Organic Compounds;Hydrocarbons, Aliphatic Unsaturated;Ketones",MATCH
50-06-6,PHENOBARBITAL,Amides and Imides,4763,Amides and Imides,MATCH
50-07-7,MITOMYCIN C,"Amides and Imides;Amines, Phosphines, and Pyridines;Ethers;Hydrocarbons, Aliphatic Unsaturated;Ketones",5746,"Amides and Imides;Amines, Phosphines, and Pyridines;Ethers;Hydrocarbons, Aliphatic Unsaturated;Ketones",MATCH
50-14-6,ERGOCALCIFEROL,"Alcohols and Polyols;Conjugated Dienes;Hydrocarbons, Aliphatic Unsaturated",5280793,"Alcohols and Polyols;Conjugated Dienes;Hydrocarbons, Aliphatic Unsaturated",MATCH
50-18-0,CYCLOPHOSPHAMIDE,"Amines, Phosphines, and Pyridines;Esters, Sulfate Esters, Phosphate Esters, Thiophosphate Esters, and Borate Esters;Halogenated Organic Compounds",2907,"Amines, Phosphines, and Pyridines;Esters, Sulfate Esters, Phosphate Esters, Thiophosphate Esters, and Borate Esters;Halogenated Organic Compounds",MATCH
50-21-5,LACTIC ACID,"Acids, Carboxylic;Alcohols and Polyols",612,"Acids, Carboxylic;Alcohols and Polyols",MATCH
50-29-3,DDT,Aryl Halides;Halogenated Organic Compounds,3036,Aryl Halides;Halogenated Organic Compounds,MATCH
50-30-6,"2,6-DICHLOROBENZOIC ACID","Acids, Carboxylic;Aryl Halides;Halogenated Organic Compounds",5758,"Acids, Carboxylic;Aryl Halides;Halogenated Organic Compounds",MATCH
50-32-8,BENZO[A]PYRENE,"Hydrocarbons, Aromatic",2336,"Hydrocarbons, Aromatic",MATCH
50-33-9,PHENYLBUTAZONE,"Amides and Imides;Azo, Diazo, Azido, Hydrazine, and Azide Compounds",4781,"Amides and Imides;Azo, Diazo, Azido, Hydrazine, and Azide Compounds",MATCH
50-34-0,PROPANTHELINE BROMIDE,"Esters, Sulfate Esters, Phosphate Esters, Thiophosphate Esters, and Borate Esters;Ethers;Non-Redox-Active Inorganic Compounds;Quaternary Ammonium and Phosphonium Salts",9279,"Esters, Sulfate Esters, Phosphate Esters, Thiophosphate Esters, and Borate Esters;Ethers;Non-Redox-Active Inorganic Compounds;Quaternary Ammonium and Phosphonium Salts",MATCH
50-35-1,THALIDOMIDE,Amides and Imides,5426,Amides and Imides,MATCH
50-37-3,D-LYSERGIC ACID DIETHYLAMIDE,"Amides and Imides;Amines, Phosphines, and Pyridines;Hydrocarbons, Aliphatic Unsaturated",5761,"Amides and Imides;Amines, Phosphines, and Pyridines;Hydrocarbons, Aliphatic Unsaturated",MATCH
50-55-5,RESERPINE,"Bases, Weak;Esters, Sulfate Esters, Phosphate Esters, Thiophosphate Esters, and Borate Esters;Ethers",5770,"Bases, Weak;Esters, Sulfate Esters, Phosphate Esters, Thiophosphate Esters, and Borate Esters;Ethers",MATCH
50-70-4,SORBITOL,Alcohols and Polyols,5780,Alcohols and Polyols,MATCH
50-76-0,ACTINOMYCIN D,"Amides and Imides;Esters, Sulfate Esters, Phosphate Esters, Thiophosphate Esters, and Borate Esters",457193,"Amides and Imides;Esters, Sulfate Esters, Phosphate Esters, Thiophosphate Esters, and Borate Esters",MATCH
50-78-2,ACETYLSALICYLIC ACID,"Acids, Carboxylic;Esters, Sulfate Esters, Phosphate Esters, Thiophosphate Esters, and Borate Esters",2244,"Acids, Carboxylic;Esters, Sulfate Esters, Phosphate Esters, Thiophosphate Esters, and Borate Esters",MATCH
50-79-3,"2,5-DICHLOROBENZOIC ACID","Acids, Carboxylic;Aryl Halides;Halogenated Organic Compounds",5784,"Acids, Carboxylic;Aryl Halides;Halogenated Organic Compounds",MATCH
50-81-7,L-ASCORBIC ACID,"Acids, Weak;Alcohols and Polyols;Esters, Sulfate Esters, Phosphate Esters, Thiophosphate Esters, and Borate Esters;Hydrocarbons, Aliphatic Unsaturated",54670067,"Acids, Weak;Alcohols and Polyols;Esters, Sulfate Esters, Phosphate Esters, Thiophosphate Esters, and Borate Esters;Hydrocarbons, Aliphatic Unsaturated",MATCH
50-84-0,"2,4-DICHLOROBENZOIC ACID","Acids, Carboxylic;Aryl Halides;Halogenated Organic Compounds",5787,"Acids, Carboxylic;Aryl Halides;Halogenated Organic Compounds",MATCH
50-91-9,5-FLUORODEOXYURIDINE,"Alcohols and Polyols;Amides and Imides;Amines, Phosphines, and Pyridines;Aryl Halides;Fluorinated Organic Compounds",5790,"Alcohols and Polyols;Amides and Imides;Amines, Phosphines, and Pyridines;Aryl Halides;Fluorinated Organic Compounds",MATCH
50-99-7,DEXTROSE SOLUTION,Alcohols and Polyols;Water and Aqueous Solutions,5793,Alcohols and Polyols;Water and Aqueous Solutions,MATCH
500-66-3,OLIVETOL,Phenols and Cresols,10377,Phenols and Cresols,MATCH
502-39-6,METHYLMERCURIC DICYANAMIDE,"Amines, Phosphines, and Pyridines;Nitriles",16682942,"Amines, Phosphines, and Pyridines;Nitriles",MATCH
502-56-7,DI-N-BUTYL KETONE,Ketones,10405,Ketones,MATCH
503-09-3,EPIFLUOROHYDRIN,Epoxides;Halogenated Organic Compounds;Polymerizable Compounds,10418,Epoxides;Halogenated Organic Compounds;Polymerizable Compounds,MATCH
503-74-2,ISOPENTANOIC ACID,"Acids, Carboxylic",10430,"Acids, Carboxylic",MATCH
504-20-1,PHORONE,"Hydrocarbons, Aliphatic Unsaturated;Ketones",10438,"Hydrocarbons, Aliphatic Unsaturated;Ketones",MATCH
504-24-5,"PYRIDINE, 4-AMINO-","Amines, Phosphines, and Pyridines",1727,"Amines, Phosphines, and Pyridines",MATCH
504-29-0,2-AMINOPYRIDINE,"Amines, Phosphines, and Pyridines",10439,"Amines, Phosphines, and Pyridines",MATCH
504-88-1,3-NITROPROPIONIC ACID,"Acids, Carboxylic;Nitro, Nitroso, Nitrate, and Nitrite Compounds, Organic",1678,"Acids, Carboxylic;Nitro, Nitroso, Nitrate, and Nitrite Compounds, Organic",MATCH
50471-44-8,VINCLOZOLIN,"Amides and Imides;Amines, Aromatic;Aryl Halides;Esters, Sulfate Esters, Phosphate Esters, Thiophosphate Esters, and Borate Esters;Hydrocarbons, Aliphatic Unsaturated",39676,"Amides and Imides;Amines, Aromatic;Aryl Halides;Esters, Sulfate Esters, Phosphate Esters, Thiophosphate Esters, and Borate Esters;Hydrocarbons, Aliphatic Unsaturated",MATCH
506-61-6,POTASSIUM SILVER CYANIDE,"Cyanides, Inorganic",10474,"Cyanides, Inorganic",MATCH
506-64-9,SILVER CYANIDE,"Cyanides, Inorganic",,,ERROR
506-68-3,CYANOGEN BROMIDE,"Cyanides, Inorganic",10476,"Cyanides, Inorganic",MATCH
506-78-5,CYANOGEN IODIDE,"Cyanides, Inorganic",10478,"Cyanides, Inorganic",MATCH
506-87-6,AMMONIUM CARBONATE,"Carbonate Salts;Salts, Acidic",517111,"Carbonate Salts;Salts, Acidic",MATCH
507-02-8,ACETYL IODIDE,"Acyl Halides, Sulfonyl Halides, and Chloroformates",10483,"Acyl Halides, Sulfonyl Halides, and Chloroformates",MATCH
507-19-7,T-BUTYL BROMIDE,Halogenated Organic Compounds,10485,Halogenated Organic Compounds,MATCH
507-40-4,TERT-BUTYL HYPOCHLORITE,"Oxidizing Agents, Strong",521297,"Oxidizing Agents, Strong",MATCH
507-55-1,"1,3-DICHLORO-1,1,2,2,3-PENTAFLUOROPROPANE",Fluorinated Organic Compounds,62353,Fluorinated Organic Compounds,MATCH
507-70-0,BORNEOL,Alcohols and Polyols,64685,Alcohols and Polyols,MATCH
50703-46-3,"CIS-1,4-DICHLORO-2,3-EPOXYBUTANE",Epoxides;Halogenated Organic Compounds;Polymerizable Compounds,6452788,Epoxides;Halogenated Organic Compounds;Polymerizable Compounds,MATCH
5076-20-0,"2,3-EPOXY-2,3-DIMETHYLBUTANE",Epoxides;Polymerizable Compounds,21159,Epoxides;Polymerizable Compounds,MATCH
50782-69-9,"PHOSPHONOTHIOIC ACID, METHYL-, S-(2-(BIS(1-METHYLETHYL)AMINO)ETHYL) O-ETHYL ESTER","Amines, Phosphines, and Pyridines;Sulfonates, Phosphonates, and Thiophosphonates, Organic",39793,"Amines, Phosphines, and Pyridines;Sulfonates, Phosphonates, and Thiophosphonates, Organic",MATCH
50815-00-4,"JET FUELS, [JP-4]","Hydrocarbons, Aliphatic Saturated",,,ERROR
51-03-6,PIPERONYL BUTOXIDE,"Acetals, Ketals, Hemiacetals, and Hemiketals;Ethers",5794,"Acetals, Ketals, Hemiacetals, and Hemiketals;Ethers",MATCH
51-17-2,BENZIMIDAZOLE,"Amines, Phosphines, and Pyridines",5798,"Amines, Phosphines, and Pyridines",MATCH
51-18-3,TRIETHYLENEMELAMINE,"Amines, Phosphines, and Pyridines;Polymerizable Compounds",5799,"Amines, Phosphines, and Pyridines;Polymerizable Compounds",MATCH
51-20-7,5-BROMOURACIL,"Amides and Imides;Halogenated Organic Compounds;Hydrocarbons, Aliphatic Unsaturated",5802,"Amides and Imides;Halogenated Organic Compounds;Hydrocarbons, Aliphatic Unsaturated",MATCH
51-21-8,FLUOROURACIL,"Amides and Imides;Fluorinated Organic Compounds;Hydrocarbons, Aliphatic Unsaturated",3385,"Amides and Imides;Fluorinated Organic Compounds;Hydrocarbons, Aliphatic Unsaturated",MATCH
51-28-5,"2,4-DINITROPHENOL","Nitro, Nitroso, Nitrate, and Nitrite Compounds, Organic;Phenols and Cresols",1493,"Nitro, Nitroso, Nitrate, and Nitrite Compounds, Organic;Phenols and Cresols",MATCH
51-30-9,ISOPROTERENOL HYDROCHLORIDE,"Alcohols and Polyols;Phenols and Cresols;Salts, Acidic",5807,"Alcohols and Polyols;Phenols and Cresols;Salts, Acidic",MATCH
51-43-4,EPINEPHRINE,"Amines, Phosphines, and Pyridines;Phenols and Cresols",5816,"Amines, Phosphines, and Pyridines;Phenols and Cresols",MATCH
51-52-5,6-N-PROPYL-2-THIOURACIL,"Amides and Imides;Hydrocarbons, Aliphatic Unsaturated",657298,"Amides and Imides;Hydrocarbons, Aliphatic Unsaturated",MATCH
51-65-0,"4-FLUORO-D,L-PHENYLALANINE","Fluorinated Organic Compounds;Salts, Acidic",4654,"Fluorinated Organic Compounds;Salts, Acidic",MATCH
51-79-6,URETHANE,Carbamates,5641,Carbamates,MATCH
51-80-9,TETRAMETHYLMETHYLENEDIAMINE,"Amines, Phosphines, and Pyridines",5829,"Amines, Phosphines, and Pyridines",MATCH
51-83-2,CARBACHOL CHLORIDE,Carbamates;Non-Redox-Active Inorganic Compounds;Quaternary Ammonium and Phosphonium Salts,5831,Carbamates;Non-Redox-Active Inorganic Compounds;Quaternary Ammonium and Phosphonium Salts,MATCH
510-15-6,CHLOROBENZILATE,"Alcohols and Polyols;Aryl Halides;Esters, Sulfate Esters, Phosphate Esters, Thiophosphate Esters, and Borate Esters",10522,"Alcohols and Polyols;Aryl Halides;Esters, Sulfate Esters, Phosphate Esters, Thiophosphate Esters, and Borate Esters",MATCH
51000-52-3,VINYL NEODECANOATE,"Esters, Sulfate Esters, Phosphate Esters, Thiophosphate Esters, and Borate Esters;Hydrocarbons, Aliphatic Unsaturated;Polymerizable Compounds",65294,"Esters, Sulfate Esters, Phosphate Esters, Thiophosphate Esters, and Borate Esters;Hydrocarbons, Aliphatic Unsaturated;Polymerizable Compounds",MATCH
51023-22-4,TRICHLOROBUTENE,"Halogenated Organic Compounds;Hydrocarbons, Aliphatic Unsaturated",39864,"Halogenated Organic Compounds;Hydrocarbons, Aliphatic Unsaturated",MATCH
51218-45-2,METOLACHLOR,"Amides and Imides;Amines, Aromatic;Halogenated Organic Compounds",4169,"Amides and Imides;Amines, Aromatic;Halogenated Organic Compounds",MATCH
51235-04-2,HEXAZINONE,"Amides and Imides;Amines, Phosphines, and Pyridines",39965,"Amides and Imides;Amines, Phosphines, and Pyridines",MATCH
5124-30-1,"1,1-METHYLENE BIS(4-ISOCYANATOCYCLOHEXANE)",Isocyanates and Isothiocyanates,21202,Isocyanates and Isothiocyanates,MATCH
513-37-1,DIMETHYLVINYL CHLORIDE,"Halogenated Organic Compounds;Hydrocarbons, Aliphatic Unsaturated",10555,"Halogenated Organic Compounds;Hydrocarbons, Aliphatic Unsaturated",MATCH
513-38-2,IODOMETHYLPROPANE,Halogenated Organic Compounds,10556,Halogenated Organic Compounds,MATCH
513-42-8,METHALLYL ALCOHOL,"Alcohols and Polyols;Hydrocarbons, Aliphatic Unsaturated",10557,"Alcohols and Polyols;Hydrocarbons, Aliphatic Unsaturated",MATCH
513-48-4,2-IODOBUTANE,Halogenated Organic Compounds,10559,Halogenated Organic Compounds,MATCH
513-77-9,BARIUM CARBONATE,Carbonate Salts,10563,Carbonate Salts,MATCH
513-86-0,ACETYL METHYL CARBINOL,Alcohols and Polyols;Ketones,179,Alcohols and Polyols;Ketones,MATCH
5131-58-8,"4-NITRO-1,3-BENZENEDIAMINE","Amines, Aromatic;Nitro, Nitroso, Nitrate, and Nitrite Compounds, Organic",21208,"Amines, Aromatic;Nitro, Nitroso, Nitrate, and Nitrite Compounds, Organic",MATCH
5131-60-2,4-CHLORO-M-PHENYLENEDIAMINE,"Amines, Aromatic;Aryl Halides",21209,"Amines, Aromatic;Aryl Halides",MATCH
51317-24-9,LEAD MONONITRORESORCINATE,"Nitro, Nitroso, Nitrate, and Nitrite Compounds, Organic;Phenolic Salts",92043654,"Nitro, Nitroso, Nitrate, and Nitrite Compounds, Organic;Phenolic Salts",MATCH
51338-27-3,DICLOFOP METHYL,"Aryl Halides;Esters, Sulfate Esters, Phosphate Esters, Thiophosphate Esters, and Borate Esters;Ethers",39985,"Aryl Halides;Esters, Sulfate Esters, Phosphate Esters, Thiophosphate Esters, and Borate Esters;Ethers",MATCH
514-10-3,ABIETIC ACID,"Acids, Carboxylic;Conjugated Dienes",10569,"Acids, Carboxylic;Conjugated Dienes",MATCH
514-73-8,DITHIAZANINE IODIDE,"Amines, Phosphines, and Pyridines;Bases, Weak;Conjugated Dienes;Hydrocarbons, Aromatic;Quaternary Ammonium and Phosphonium Salts;Sulfides, Organic",5702697,"Amines, Phosphines, and Pyridines;Bases, Weak;Conjugated Dienes;Hydrocarbons, Aromatic;Quaternary Ammonium and Phosphonium Salts;Sulfides, Organic",MATCH
5144-89-8,O-PHENANTHROLINE MONOHYDRATE,"Amines, Phosphines, and Pyridines;Hydrocarbons, Aromatic",21226,"Amines, Phosphines, and Pyridines;Hydrocarbons, Aromatic",MATCH
51481-61-9,CIMETIDINE,"Amines, Phosphines, and Pyridines;Nitriles;Sulfides, Organic",2756,"Amines, Phosphines, and Pyridines;Nitriles;Sulfides, Organic",MATCH
516-03-0,FERROUS OXALATE,"Reducing Agents, Weak;Salts, Basic",10589,"Reducing Agents, Weak;Salts, Basic",MATCH
5160-02-1,D&amp;C RED 9,"Aryl Halides;Azo, Diazo, Azido, Hydrazine, and Azide Compounds;Phenols and Cresols;Salts, Basic",21238,"Aryl Halides;Azo, Diazo, Azido, Hydrazine, and Azide Compounds;Phenols and Cresols;Salts, Basic",MATCH
51630-58-1,FENVALERATE,"Aryl Halides;Esters, Sulfate Esters, Phosphate Esters, Thiophosphate Esters, and Borate Esters;Nitriles",3347,"Aryl Halides;Esters, Sulfate Esters, Phosphate Esters, Thiophosphate Esters, and Borate Esters;Nitriles",MATCH
517-28-2,HEMATOXYLIN,"Acids, Weak;Phenols and Cresols",442514,"Acids, Weak;Phenols and Cresols",MATCH
51774-11-9,ISO HEPTYL ALCOHOL,Alcohols and Polyols,12331,Alcohols and Polyols,MATCH
518-47-8,"FLUORESCEIN, DISODIUM SALT","Ethers;Phenolic Salts;Salts, Basic",10608,"Ethers;Phenolic Salts;Salts, Basic",MATCH
518-82-1,EMODIN,Ketones;Phenols and Cresols,3220,Ketones;Phenols and Cresols,MATCH
51845-86-4,ETHYL BORATE,"Esters, Sulfate Esters, Phosphate Esters, Thiophosphate Esters, and Borate Esters",61925,"Esters, Sulfate Esters, Phosphate Esters, Thiophosphate Esters, and Borate Esters",MATCH
52-24-4,TRIS(AZIRIDINYL)PHOSPHINE SULFIDE,"Peroxides, Organic;Polymerizable Compounds;Sulfides, Organic",5453,"Peroxides, Organic;Polymerizable Compounds;Sulfides, Organic",MATCH
52-28-8,CODEINE PHOSPHATE,"Alcohols and Polyols;Hydrocarbons, Aliphatic Unsaturated;Salts, Acidic",5359227,"Alcohols and Polyols;Hydrocarbons, Aliphatic Unsaturated;Salts, Acidic",MATCH
52-51-7,"2-BROMO-2-NITROPROPANE-1,3-DIOL","Alcohols and Polyols;Halogenated Organic Compounds;Nitro, Nitroso, Nitrate, and Nitrite Compounds, Organic",2450,"Alcohols and Polyols;Halogenated Organic Compounds;Nitro, Nitroso, Nitrate, and Nitrite Compounds, Organic",MATCH
52-68-6,TRICHLORFON,"Alcohols and Polyols;Halogenated Organic Compounds;Sulfonates, Phosphonates, and Thiophosphonates, Organic",5853,"Alcohols and Polyols;Halogenated Organic Compounds;Sulfonates, Phosphonates, and Thiophosphonates, Organic",MATCH
52-85-7,FAMPHUR,"Acids, Weak;Esters, Sulfate Esters, Phosphate Esters, Thiophosphate Esters, and Borate Esters;Sulfonates, Phosphonates, and Thiophosphonates, Organic",5859,"Acids, Weak;Esters, Sulfate Esters, Phosphate Esters, Thiophosphate Esters, and Borate Esters;Sulfonates, Phosphonates, and Thiophosphonates, Organic",MATCH
521-31-3,O-AMINOPHTHALYL HYDRAZIDE,"Amides and Imides;Amines, Aromatic;Azo, Diazo, Azido, Hydrazine, and Azide Compounds",10638,"Amides and Imides;Amines, Aromatic;Azo, Diazo, Azido, Hydrazine, and Azide Compounds",MATCH
521-35-7,CANNABINOL,"Alcohols and Polyols;Hydrocarbons, Aromatic",2543,"Alcohols and Polyols;Hydrocarbons, Aromatic",MATCH
52125-53-8,PROPYLENE GLYCOL ETHYL ETHER,Alcohols and Polyols;Ethers,93269,Alcohols and Polyols;Ethers,MATCH
5216-25-1,"ALPHA, ALPHA, ALPHA, PARA-TETRACHLOROTOLUENE",Aryl Halides;Halogenated Organic Compounds,21277,Aryl Halides;Halogenated Organic Compounds,MATCH
522-40-7,DIETHYLSTILBESTROL DIPHOSPHATE,"Acids, Weak;Esters, Sulfate Esters, Phosphate Esters, Thiophosphate Esters, and Borate Esters;Hydrocarbons, Aliphatic Unsaturated",3032325,"Acids, Weak;Esters, Sulfate Esters, Phosphate Esters, Thiophosphate Esters, and Borate Esters;Hydrocarbons, Aliphatic Unsaturated",MATCH
52253-69-7,2-AMINO-4-PHENYLTHIAZOLE HYDROBROMIDE MONOHYDRATE,"Amines, Phosphines, and Pyridines;Salts, Acidic;Sulfides, Organic",40301,"Amines, Phosphines, and Pyridines;Salts, Acidic;Sulfides, Organic",MATCH
523-47-7,BETA-CADINENE,"Hydrocarbons, Aliphatic Unsaturated",10657,"Hydrocarbons, Aliphatic Unsaturated",MATCH
523-87-5,DIMENHYDRINATE,"Amides and Imides;Amines, Phosphines, and Pyridines;Halogenated Organic Compounds",10660,"Amides and Imides;Amines, Phosphines, and Pyridines;Halogenated Organic Compounds",MATCH
52326-66-6,DISTEARYL PEROXYDICARBONATE,"Peroxides, Organic",104155,"Peroxides, Organic",MATCH
5234-68-4,CARBOXIN,"Amides and Imides;Ethers;Hydrocarbons, Aliphatic Unsaturated;Sulfides, Organic",21307,"Amides and Imides;Ethers;Hydrocarbons, Aliphatic Unsaturated;Sulfides, Organic",MATCH
52345-74-1,SODIUM TETRATHIOCARBONATE,"Salts, Basic;Sulfides, Organic",21873080,"Salts, Basic;Sulfides, Organic",MATCH
524-42-5,"1,2-NAPHTHOQUINONE",Ketones,10667,Ketones,MATCH
52417-22-8,9-AMINOACRIDINE HYDROCHLORIDE MONOHYDRATE,"Salts, Acidic",2723598,"Salts, Acidic",MATCH
52503-64-7,COPPER SUBACETATE,"Salts, Basic",8895,"Salts, Basic",MATCH
526-75-0,"2,3-DIMETHYLPHENOL",Phenols and Cresols,10687,"Bases, Strong;Hydrocarbons, Aromatic;Phenols and Cresols",MATCH
52645-53-1,PERMETHRIN,"Esters, Sulfate Esters, Phosphate Esters, Thiophosphate Esters, and Borate Esters;Ethers;Halogenated Organic Compounds;Hydrocarbons, Aliphatic Unsaturated",40326,"Esters, Sulfate Esters, Phosphate Esters, Thiophosphate Esters, and Borate Esters;Ethers;Halogenated Organic Compounds;Hydrocarbons, Aliphatic Unsaturated",MATCH
527-62-8,"2-AMINO-4,6-DICHLOROPHENOL","Amines, Aromatic;Aryl Halides;Phenols and Cresols",10699,"Amines, Aromatic;Aryl Halides;Phenols and Cresols",MATCH
527-85-5,2-METHYLBENZAMIDE,Amides and Imides,10704,Amides and Imides,MATCH
52740-16-6,"CALCIUM ARSENITE, SOLID","Salts, Basic",40516,"Salts, Basic",MATCH
528-29-0,O-DINITROBENZENE,"Nitro, Nitroso, Nitrate, and Nitrite Compounds, Organic",10707,"Nitro, Nitroso, Nitrate, and Nitrite Compounds, Organic",MATCH
528-74-5,DICHLOROMETHOTREXATE,"Acids, Carboxylic;Amides and Imides;Amines, Phosphines, and Pyridines;Aryl Halides",10713,"Acids, Carboxylic;Amides and Imides;Amines, Phosphines, and Pyridines;Aryl Halides",MATCH
52888-80-9,"CARBAMOTHIOIC ACID, DIPROPYL-, S-(PHENYLMETHYL) ESTER",Thiocarbamate Esters and Salts/Dithiocarbamate Esters and Salts,62020,Thiocarbamate Esters and Salts/Dithiocarbamate Esters and Salts,MATCH
529-19-1,O-TOLUNITRILE,Nitriles,10721,Nitriles,MATCH
529-20-4,O-TOLUALDEHYDE,Aldehydes,10722,Aldehydes,MATCH
52933-01-4,BUTYL ACID PHOSPHATE,"Acids, Weak;Esters, Sulfate Esters, Phosphate Esters, Thiophosphate Esters, and Borate Esters",,,ERROR
53-03-2,PREDNISONE,"Alcohols and Polyols;Hydrocarbons, Aliphatic Unsaturated;Ketones",5865,"Alcohols and Polyols;Hydrocarbons, Aliphatic Unsaturated;Ketones",MATCH
53-19-0,"O,P&#39;-DDD",Aryl Halides;Halogenated Organic Compounds,4211,Aryl Halides;Halogenated Organic Compounds,MATCH
53-70-3,"DIBENZ[A,H]ANTHRACENE","Hydrocarbons, Aromatic",5889,"Hydrocarbons, Aromatic",MATCH
53-86-1,INDOMETHACIN,"Acids, Carboxylic;Amides and Imides;Aryl Halides;Hydrocarbons, Aromatic",3715,"Acids, Carboxylic;Amides and Imides;Aryl Halides;Hydrocarbons, Aromatic",MATCH
53-95-2,N-HYDROXY-2-ACETYLAMINOFLUORENE,"Amides and Imides;Bases, Weak",5896,"Amides and Imides;Bases, Weak",MATCH
53-96-3,2-ACETYLAMINOFLUORENE,"Amides and Imides;Amines, Aromatic",5897,"Amides and Imides;Amines, Aromatic",MATCH
5307-14-2,2-NITRO-P-PHENYLENEDIAMINE,"Amines, Aromatic;Nitro, Nitroso, Nitrate, and Nitrite Compounds, Organic",4338370,"Amines, Aromatic;Nitro, Nitroso, Nitrate, and Nitrite Compounds, Organic",MATCH
531-73-7,PROFLAVINE DIHYDROCHLORIDE,"Salts, Acidic",10750,"Salts, Acidic",MATCH
531-76-0,"D,L-SARCOLYSIN","Acids, Carboxylic;Amines, Phosphines, and Pyridines;Halogenated Organic Compounds",4053,"Acids, Carboxylic;Amines, Phosphines, and Pyridines;Halogenated Organic Compounds",MATCH
531-85-1,BENZIDINE DIHYDROCHLORIDE,"Salts, Acidic",10754,"Salts, Acidic",MATCH
532-27-4,2-CHLOROACETOPHENONE,Halogenated Organic Compounds;Ketones,10757,Halogenated Organic Compounds;Ketones,MATCH
532-28-5,ALPHA-HYDROXYBENZENEACETONITRILE,Alcohols and Polyols;Nitriles,10758,Alcohols and Polyols;Nitriles,MATCH
532-82-1,C.I. BASIC ORANGE 2,"Amines, Aromatic;Azo, Diazo, Azido, Hydrazine, and Azide Compounds",10771,"Amines, Aromatic;Azo, Diazo, Azido, Hydrazine, and Azide Compounds",MATCH
53220-22-7,DIMYRISTYL PEROXYDICARBONATE,"Peroxides, Organic",104447,"Peroxides, Organic",MATCH
5323-95-5,"RICINOLEIC ACID, SODIUM SALT","Alcohols and Polyols;Hydrocarbons, Aliphatic Unsaturated;Salts, Basic",23687338,"Alcohols and Polyols;Hydrocarbons, Aliphatic Unsaturated;Salts, Basic",MATCH
5329-14-6,SULFAMIC ACID,"Acids, Strong Non-oxidizing",5987,"Acids, Strong Non-oxidizing",MATCH
533-74-4,DAZOMET,"Amines, Phosphines, and Pyridines;Sulfides, Organic",10788,"Amines, Phosphines, and Pyridines;Sulfides, Organic",MATCH
5332-52-5,1-UNDECANETHIOL,"Sulfides, Organic",62570,"Sulfides, Organic",MATCH
534-07-6,"1,3-DICHLOROACETONE",Halogenated Organic Compounds;Ketones,10793,Halogenated Organic Compounds;Ketones,MATCH
534-16-7,SILVER CARBONATE,Carbonate Salts,92796,Carbonate Salts,MATCH
534-52-1,"4,6-DINITRO-O-CRESOL","Nitro, Nitroso, Nitrate, and Nitrite Compounds, Organic;Phenols and Cresols",10800,"Nitro, Nitroso, Nitrate, and Nitrite Compounds, Organic;Phenols and Cresols",MATCH
53404-18-5,POTASSIUM P-T-AMYLPHENATE,Phenolic Salts,23707510,Phenolic Salts,MATCH
53404-19-6,BROMACIL LITHIUM SALT,"Amides and Imides;Halogenated Organic Compounds;Hydrocarbons, Aliphatic Unsaturated;Salts, Basic",18772494,"Amides and Imides;Halogenated Organic Compounds;Hydrocarbons, Aliphatic Unsaturated;Salts, Basic",MATCH
53404-37-8,"2,4-D 2-ETHYL-4-METHYLPENTYL ESTER","Aryl Halides;Esters, Sulfate Esters, Phosphate Esters, Thiophosphate Esters, and Borate Esters;Ethers",62039,"Aryl Halides;Esters, Sulfate Esters, Phosphate Esters, Thiophosphate Esters, and Borate Esters;Ethers",MATCH
53404-60-7,DAZOMET SODIUM SALT,"Amines, Phosphines, and Pyridines;Salts, Basic;Sulfides, Organic",23690887,"Amines, Phosphines, and Pyridines;Salts, Basic;Sulfides, Organic",MATCH
53469-21-9,PCB-1242,Aryl Halides,,,ERROR
535-13-7,ETHYL 2-CHLOROPROPIONATE,"Esters, Sulfate Esters, Phosphate Esters, Thiophosphate Esters, and Borate Esters;Halogenated Organic Compounds",10807,"Esters, Sulfate Esters, Phosphate Esters, Thiophosphate Esters, and Borate Esters;Halogenated Organic Compounds",MATCH
535-80-8,M-CHLOROBENZOIC ACID,"Acids, Carboxylic;Aryl Halides",447,"Acids, Carboxylic;Aryl Halides",MATCH
535-89-7,CRIMIDINE,"Amines, Phosphines, and Pyridines;Aryl Halides",10813,"Amines, Phosphines, and Pyridines;Aryl Halides",MATCH
53558-25-1,PYRIMINIL,"Amides and Imides;Amines, Phosphines, and Pyridines;Nitro, Nitroso, Nitrate, and Nitrite Compounds, Organic",40813,"Amides and Imides;Amines, Phosphines, and Pyridines;Nitro, Nitroso, Nitrate, and Nitrite Compounds, Organic",MATCH
536-33-4,ETHIONAMIDE,"Amines, Phosphines, and Pyridines;Thiocarbamate Esters and Salts/Dithiocarbamate Esters and Salts",2761171,"Amines, Phosphines, and Pyridines;Thiocarbamate Esters and Salts/Dithiocarbamate Esters and Salts",MATCH
536-90-3,M-ANISIDINE,"Amines, Aromatic;Ethers",10824,"Amines, Aromatic;Ethers",MATCH
537-92-8,N-ACETYL-M-TOLUIDINE,"Amides and Imides;Amines, Aromatic",10843,"Amides and Imides;Amines, Aromatic",MATCH
538-07-8,ETHYLBIS(2-CHLOROETHYL)AMINE,"Amines, Phosphines, and Pyridines;Halogenated Organic Compounds",10848,"Amines, Phosphines, and Pyridines;Halogenated Organic Compounds",MATCH
538-23-8,TRICAPRYLIN,"Acetals, Ketals, Hemiacetals, and Hemiketals;Esters, Sulfate Esters, Phosphate Esters, Thiophosphate Esters, and Borate Esters;Fluorinated Organic Compounds;Hydrocarbons, Aliphatic Unsaturated;Ketones",10850,"Acetals, Ketals, Hemiacetals, and Hemiketals;Esters, Sulfate Esters, Phosphate Esters, Thiophosphate Esters, and Borate Esters;Fluorinated Organic Compounds;Hydrocarbons, Aliphatic Unsaturated;Ketones",MATCH
538-74-9,DIBENZYL SULFIDE,"Sulfides, Organic",10867,"Sulfides, Organic",MATCH
538-75-0,"N,N&#39;-DICYCLOHEXYLCARBODIIMIDE","Amines, Phosphines, and Pyridines",10868,"Amines, Phosphines, and Pyridines",MATCH
5385-75-1,"DIBENZO(A,E)FLUORANTHENE","Hydrocarbons, Aromatic",21480,"Hydrocarbons, Aromatic",MATCH
5392-40-5,CITRAL,"Aldehydes;Hydrocarbons, Aliphatic Unsaturated",638011,"Aldehydes;Hydrocarbons, Aliphatic Unsaturated",MATCH
5397-31-9,3-((2-ETHYLHEXYL)OXY)PROPYLAMINE,"Amines, Phosphines, and Pyridines",21499,"Amines, Phosphines, and Pyridines",MATCH
54-31-9,FUROSEMIDE,"Acids, Carboxylic;Amides and Imides;Amines, Phosphines, and Pyridines;Aryl Halides;Ethers",3440,"Acids, Carboxylic;Amides and Imides;Amines, Phosphines, and Pyridines;Aryl Halides;Ethers",MATCH
54-62-6,AMINOPTERIN,"Acids, Carboxylic;Amides and Imides;Amines, Phosphines, and Pyridines;Hydrocarbons, Aliphatic Unsaturated",169371,"Acids, Carboxylic;Amides and Imides;Amines, Phosphines, and Pyridines;Hydrocarbons, Aliphatic Unsaturated",MATCH
54-64-8,"MERCURY((O-CARBOXYPHENYL)THIO)ETHYL, SODIUM SALT","Organometallics;Salts, Basic;Sulfides, Organic",16684434,"Organometallics;Salts, Basic;Sulfides, Organic",MATCH
54-85-3,ISONIAZID,"Amides and Imides;Amines, Phosphines, and Pyridines",3767,"Amides and Imides;Amines, Phosphines, and Pyridines",MATCH
54-88-6,2-METHYL-4-DIMETHYLAMINOAZOBENZENE,"Amines, Phosphines, and Pyridines;Azo, Diazo, Azido, Hydrazine, and Azide Compounds",5916,"Amines, Phosphines, and Pyridines;Azo, Diazo, Azido, Hydrazine, and Azide Compounds",MATCH
54-95-5,PENTETRAZOL,"Azo, Diazo, Azido, Hydrazine, and Azide Compounds",5917,"Azo, Diazo, Azido, Hydrazine, and Azide Compounds",MATCH
540-18-1,N-AMYL BUTYRATE,"Esters, Sulfate Esters, Phosphate Esters, Thiophosphate Esters, and Borate Esters",10890,"Esters, Sulfate Esters, Phosphate Esters, Thiophosphate Esters, and Borate Esters",MATCH
540-23-8,P-TOLUIDINE HYDROCHLORIDE,"Salts, Acidic",10891,"Salts, Acidic",MATCH
540-42-1,ISOBUTYL PROPIONATE,"Esters, Sulfate Esters, Phosphate Esters, Thiophosphate Esters, and Borate Esters",10895,"Esters, Sulfate Esters, Phosphate Esters, Thiophosphate Esters, and Borate Esters",MATCH
540-59-0,"1,2-DICHLOROETHYLENE, (MIXED ISOMERS)","Halogenated Organic Compounds;Hydrocarbons, Aliphatic Unsaturated",10900,"Halogenated Organic Compounds;Hydrocarbons, Aliphatic Unsaturated",MATCH
540-69-2,AMMONIUM FORMATE,"Salts, Acidic",2723923,"Salts, Acidic",MATCH
540-72-7,SODIUM THIOCYANATE,"Reducing Agents, Strong;Salts, Basic;Water and Aqueous Solutions",516871,"Reducing Agents, Strong;Salts, Basic;Water and Aqueous Solutions",MATCH
540-82-9,ALKYLSULFURIC ACIDS,"Acids, Strong Oxidizing",6004,"Acids, Strong Oxidizing",MATCH
5405-41-4,ETHYL 3-HYDROXYBUTYRATE,"Alcohols and Polyols;Esters, Sulfate Esters, Phosphate Esters, Thiophosphate Esters, and Borate Esters",62572,"Alcohols and Polyols;Esters, Sulfate Esters, Phosphate Esters, Thiophosphate Esters, and Borate Esters",MATCH
54075-76-2,TRIMETHYLOXONIUM HEXACHLORANTIMONATE,"Oxidizing Agents, Strong",150258,"Oxidizing Agents, Strong",MATCH
541-09-3,URANYL ACETATE,"Salts, Acidic",21226249,"Salts, Acidic",MATCH
541-22-0,DECAMETHONIUM DIBROMIDE,Non-Redox-Active Inorganic Compounds;Quaternary Ammonium and Phosphonium Salts,10921,Non-Redox-Active Inorganic Compounds;Quaternary Ammonium and Phosphonium Salts,MATCH
541-25-3,LEWISITE,"Halogenated Organic Compounds;Halogenating Agents;Hydrocarbons, Aliphatic Unsaturated",10923,"Halogenated Organic Compounds;Halogenating Agents;Hydrocarbons, Aliphatic Unsaturated",MATCH
541-53-7,DITHIOBIURET,Amides and Imides,2758725,Amides and Imides,MATCH
541-85-5,ETHYL SEC-AMYL KETONE,Ketones,7822,Ketones,MATCH
54150-69-5,"2,4-DIMETHOXYANILINE HYDROCHLORIDE","Ethers;Salts, Acidic",5284385,"Ethers;Salts, Acidic",MATCH
5419-55-6,TRIISOPROPYL BORATE,"Esters, Sulfate Esters, Phosphate Esters, Thiophosphate Esters, and Borate Esters",21531,"Esters, Sulfate Esters, Phosphate Esters, Thiophosphate Esters, and Borate Esters",MATCH
542-59-6,"ETHYLENE GLYCOL, MONOACETATE","Alcohols and Polyols;Esters, Sulfate Esters, Phosphate Esters, Thiophosphate Esters, and Borate Esters",10960,"Alcohols and Polyols;Esters, Sulfate Esters, Phosphate Esters, Thiophosphate Esters, and Borate Esters",MATCH
542-62-1,BARIUM CYANIDE,"Cyanides, Inorganic",,,ERROR
5421-46-5,AMMONIUM THIOGLYCOLATE,"Salts, Basic;Sulfides, Organic",21534,"Salts, Basic;Sulfides, Organic",MATCH
54289-46-2,"N,N-DIETHYL-4-((5-NITRO-2-THIAZOYL)AZO) BENZENAMINE","Amines, Phosphines, and Pyridines;Azo, Diazo, Azido, Hydrazine, and Azide Compounds;Nitro, Nitroso, Nitrate, and Nitrite Compounds, Organic",104718,"Amines, Phosphines, and Pyridines;Azo, Diazo, Azido, Hydrazine, and Azide Compounds;Nitro, Nitroso, Nitrate, and Nitrite Compounds, Organic",MATCH
543-27-1,ISOBUTYL CHLOROFORMATE,"Esters, Sulfate Esters, Phosphate Esters, Thiophosphate Esters, and Borate Esters;Halogenated Organic Compounds",62365,"Esters, Sulfate Esters, Phosphate Esters, Thiophosphate Esters, and Borate Esters;Halogenated Organic Compounds",MATCH
543-67-9,PROPIONITRITE,"Nitro, Nitroso, Nitrate, and Nitrite Compounds, Organic",10979,"Nitro, Nitroso, Nitrate, and Nitrite Compounds, Organic",MATCH
543-90-8,CADMIUM ACETATE,"Salts, Basic",10986,"Salts, Basic",MATCH
5437-38-7,3-METHYL-2-NITROBENZOIC ACID,"Acids, Carboxylic;Nitro, Nitroso, Nitrate, and Nitrite Compounds, Organic",21575,"Acids, Carboxylic;Nitro, Nitroso, Nitrate, and Nitrite Compounds, Organic",MATCH
544-10-5,1-CHLOROHEXANE,Halogenated Organic Compounds,10992,Halogenated Organic Compounds,MATCH
544-16-1,BUTYL NITRITE,"Nitro, Nitroso, Nitrate, and Nitrite Compounds, Organic",10996,"Nitro, Nitroso, Nitrate, and Nitrite Compounds, Organic",MATCH
544-18-3,COBALTOUS FORMATE,"Salts, Basic",10998,"Salts, Basic",MATCH
544-19-4,COPPER FORMATE,"Salts, Basic",10999,"Salts, Basic",MATCH
544-25-2,CYCLOHEPTATRIENE,"Conjugated Dienes;Hydrocarbons, Aliphatic Unsaturated;Polymerizable Compounds",11000,"Conjugated Dienes;Hydrocarbons, Aliphatic Unsaturated;Polymerizable Compounds",MATCH
544-60-5,AMMONIUM OLEATE,"Hydrocarbons, Aliphatic Unsaturated;Salts, Acidic",6435897,"Hydrocarbons, Aliphatic Unsaturated;Salts, Acidic",MATCH
544-63-8,TETRADECANOIC ACID,"Acids, Carboxylic",11005,"Acids, Carboxylic",MATCH
544-76-3,N-HEXADECANE,"Hydrocarbons, Aliphatic Saturated",11006,"Hydrocarbons, Aliphatic Saturated",MATCH
544-92-3,COPPER CYANIDE,"Cyanides, Inorganic",11009,"Cyanides, Inorganic",MATCH
544-97-8,DIMETHYLZINC,"Metal Hydrides, Metal Alkyls, Metal Aryls, and Silanes",11010,"Metal Hydrides, Metal Alkyls, Metal Aryls, and Silanes",MATCH
54413-15-9,TRITONAL,"Metals, Elemental and Powder, Active;Nitro, Nitroso, Nitrate, and Nitrite Compounds, Organic",62079,"Metals, Elemental and Powder, Active;Nitro, Nitroso, Nitrate, and Nitrite Compounds, Organic",MATCH
54497-43-7,ZINC SELENITE,Sulfite and Thiosulfate Salts,44151530,Sulfite and Thiosulfate Salts,MATCH
545-06-2,TRICHLOROACETONITRILE,Halogenated Organic Compounds;Nitriles,11011,Halogenated Organic Compounds;Nitriles,MATCH
545-55-1,TRIS(1-AZIRIDINYL) PHOSPHINE OXIDE,"Epoxides;Esters, Sulfate Esters, Phosphate Esters, Thiophosphate Esters, and Borate Esters;Polymerizable Compounds;Water and Aqueous Solutions",11016,"Epoxides;Esters, Sulfate Esters, Phosphate Esters, Thiophosphate Esters, and Borate Esters;Polymerizable Compounds;Water and Aqueous Solutions",MATCH
5459-93-8,ETHYL-N-CYCLOHEXYLAMINE,"Amines, Phosphines, and Pyridines",21609,"Amines, Phosphines, and Pyridines",MATCH
546-67-8,LEAD TETRAACETATE,"Oxidizing Agents, Strong",11025,"Oxidizing Agents, Strong",MATCH
546-68-9,TETRAISOPROPYL TITANATE,"Bases, Strong",11026,"Bases, Strong",MATCH
546-93-0,MAGNESITE,Carbonate Salts,11029,Carbonate Salts,MATCH
5464-79-9,2-AMINO-4-METHOXYBENZOTHIAZOLE,"Amines, Phosphines, and Pyridines;Sulfides, Organic",21622,"Amines, Phosphines, and Pyridines;Sulfides, Organic",MATCH
5466-77-3,2-ETHYLHEXYL P-METHOXYCINNAMATE,"Esters, Sulfate Esters, Phosphate Esters, Thiophosphate Esters, and Borate Esters;Ethers;Hydrocarbons, Aliphatic Unsaturated",5355130,"Esters, Sulfate Esters, Phosphate Esters, Thiophosphate Esters, and Borate Esters;Ethers;Hydrocarbons, Aliphatic Unsaturated",MATCH
5466-84-2,4-NITROPHTHALIC ANHYDRIDE,"Anhydrides;Nitro, Nitroso, Nitrate, and Nitrite Compounds, Organic",230976,"Anhydrides;Nitro, Nitroso, Nitrate, and Nitrite Compounds, Organic",MATCH
54693-46-8,DIACETONE ALCOHOL PEROXIDES,"Ketones;Peroxides, Organic",,,ERROR
547-58-0,"4-DIMETHYLAMINOAZOBENZENE-4-SULFONIC ACID, SODIUM SALT","Azo, Diazo, Azido, Hydrazine, and Azide Compounds;Salts, Acidic;Sulfonates, Phosphonates, and Thiophosphonates, Organic",23673835,"Azo, Diazo, Azido, Hydrazine, and Azide Compounds;Salts, Acidic;Sulfonates, Phosphonates, and Thiophosphonates, Organic",MATCH
5470-11-1,HYDROXYLAMINE HYDROCHLORIDE,"Reducing Agents, Strong;Salts, Acidic",443297,"Reducing Agents, Strong;Salts, Acidic",MATCH
548-62-9,HEXAMETHYL-P-ROSANILINE CHLORIDE,"Amines, Aromatic;Conjugated Dienes;Quaternary Ammonium and Phosphonium Salts;Salts, Acidic",11057,"Amines, Aromatic;Conjugated Dienes;Quaternary Ammonium and Phosphonium Salts;Salts, Acidic",MATCH
54827-17-7,"3,3&#39;,5,5&#39;-TETRAMETHYLBENZIDINE","Amines, Aromatic",41206,"Amines, Aromatic",MATCH
54849-38-6,METHYLTIN-TRIS(ISOOCTYLMERCAPTOACETATE),"Esters, Sulfate Esters, Phosphate Esters, Thiophosphate Esters, and Borate Esters;Organometallics;Sulfides, Inorganic",22833337,"Esters, Sulfate Esters, Phosphate Esters, Thiophosphate Esters, and Borate Esters;Organometallics;Sulfides, Inorganic",MATCH
5493-45-8,"1,2-CYCLOHEXANEDICARBOXYLIC ACID, BIS(OXIRANYLMETHYL)-","Epoxides;Esters, Sulfate Esters, Phosphate Esters, Thiophosphate Esters, and Borate Esters;Polymerizable Compounds",21660,"Epoxides;Esters, Sulfate Esters, Phosphate Esters, Thiophosphate Esters, and Borate Esters;Polymerizable Compounds",MATCH
55-18-5,N-NITROSODIETHYLAMINE,"Azo, Diazo, Azido, Hydrazine, and Azide Compounds;Nitro, Nitroso, Nitrate, and Nitrite Compounds, Organic",5921,"Azo, Diazo, Azido, Hydrazine, and Azide Compounds;Nitro, Nitroso, Nitrate, and Nitrite Compounds, Organic",MATCH
55-21-0,BENZAMIDE,Amides and Imides,2331,Amides and Imides,MATCH
55-31-2,EPINEPHRINE HYDROCHLORIDE,"Alcohols and Polyols;Phenols and Cresols;Salts, Acidic",441411,"Alcohols and Polyols;Phenols and Cresols;Salts, Acidic",MATCH
55-38-9,FENTHION,"Esters, Sulfate Esters, Phosphate Esters, Thiophosphate Esters, and Borate Esters;Sulfides, Organic",3346,"Esters, Sulfate Esters, Phosphate Esters, Thiophosphate Esters, and Borate Esters;Sulfides, Organic",MATCH
55-55-0,P-METHYLAMINOPHENOL SULFATE,"Phenols and Cresols;Salts, Acidic",5930,"Phenols and Cresols;Salts, Acidic",MATCH
55-63-0,GLYCERYL TRINITRATE SOLUTION,"Alcohols and Polyols;Nitro, Nitroso, Nitrate, and Nitrite Compounds, Organic",4510,"Alcohols and Polyols;Nitro, Nitroso, Nitrate, and Nitrite Compounds, Organic",MATCH
55-68-5,PHENYLMERCURIC NITRATE,Organometallics,16682924,Organometallics,MATCH
55-86-7,NITROGEN MUSTARD HYDROCHLORIDE,"Amines, Phosphines, and Pyridines;Halogenated Organic Compounds",5935,"Amines, Phosphines, and Pyridines;Halogenated Organic Compounds",MATCH
55-98-1,MYLERAN,"Esters, Sulfate Esters, Phosphate Esters, Thiophosphate Esters, and Borate Esters;Sulfonates, Phosphonates, and Thiophosphonates, Organic",2478,"Esters, Sulfate Esters, Phosphate Esters, Thiophosphate Esters, and Borate Esters;Sulfonates, Phosphonates, and Thiophosphonates, Organic",MATCH
551-06-4,ALPHA-NAPHTHYLISOTHIOCYANATE,Isocyanates and Isothiocyanates,11080,Isocyanates and Isothiocyanates,MATCH
552-16-9,O-NITROBENZOIC ACID,"Acids, Carboxylic;Nitro, Nitroso, Nitrate, and Nitrite Compounds, Organic",11087,"Acids, Carboxylic;Nitro, Nitroso, Nitrate, and Nitrite Compounds, Organic",MATCH
552-30-7,TRIMELLITIC ANHYDRIDE,"Acids, Carboxylic;Acids, Weak;Anhydrides",11089,"Acids, Carboxylic;Acids, Weak;Anhydrides",MATCH
552-45-4,O-METHYLBENZYL CHLORIDE,Halogenated Organic Compounds,11093,Halogenated Organic Compounds,MATCH
55285-14-8,CARBOSULFAN,Thiocarbamate Esters and Salts/Dithiocarbamate Esters and Salts,41384,Thiocarbamate Esters and Salts/Dithiocarbamate Esters and Salts,MATCH
55290-64-7,DIMETHIPIN,"Hydrocarbons, Aliphatic Unsaturated;Sulfonates, Phosphonates, and Thiophosphonates, Organic",41385,"Hydrocarbons, Aliphatic Unsaturated;Sulfonates, Phosphonates, and Thiophosphonates, Organic",MATCH
553-69-5,FENYRAMIDOL,"Alcohols and Polyols;Amines, Phosphines, and Pyridines",9470,"Alcohols and Polyols;Amines, Phosphines, and Pyridines",MATCH
5536-17-4,VIDARABINE,"Alcohols and Polyols;Amines, Phosphines, and Pyridines",21704,"Alcohols and Polyols;Amines, Phosphines, and Pyridines",MATCH
554-00-7,"2,4-DICHLOROANILINE","Amines, Aromatic;Aryl Halides",11123,"Amines, Aromatic;Aryl Halides",MATCH
554-10-9,"3-IODO-1,2-PROPANEDIOL",Alcohols and Polyols;Halogenated Organic Compounds,92127,Alcohols and Polyols;Halogenated Organic Compounds,MATCH
554-13-2,LITHIUM CARBONATE,Carbonate Salts,11125,Carbonate Salts,MATCH
554-84-7,M-NITROPHENOL,"Nitro, Nitroso, Nitrate, and Nitrite Compounds, Organic;Phenols and Cresols",11137,"Nitro, Nitroso, Nitrate, and Nitrite Compounds, Organic;Phenols and Cresols",MATCH
55406-53-6,3-IODO-2-PROPYNYL BUTYLCARBAMATE,"Alkynes, with No Acetylenic Hydrogen;Carbamates;Halogenated Organic Compounds;Hydrocarbons, Aliphatic Unsaturated",62097,"Alkynes, with No Acetylenic Hydrogen;Carbamates;Halogenated Organic Compounds;Hydrocarbons, Aliphatic Unsaturated",MATCH
555-30-6,METHYL DOPA,"Acids, Carboxylic;Amines, Phosphines, and Pyridines;Phenols and Cresols",38853,"Acids, Carboxylic;Amines, Phosphines, and Pyridines;Phenols and Cresols",MATCH
555-48-6,2-AMINOACETANILIDE,"Amides and Imides;Amines, Phosphines, and Pyridines",208384,"Amides and Imides;Amines, Phosphines, and Pyridines",MATCH
555-54-4,MAGNESIUM DIPHENYL,"Metal Hydrides, Metal Alkyls, Metal Aryls, and Silanes",11150,"Metal Hydrides, Metal Alkyls, Metal Aryls, and Silanes",MATCH
555-77-1,TRIS(2-CHLOROETHYL)AMINE,"Amines, Phosphines, and Pyridines;Halogenated Organic Compounds",5561,"Amines, Phosphines, and Pyridines;Halogenated Organic Compounds",MATCH
55510-04-8,DINITROGLYCOLURIL &lt;OR&gt; DINGU,"Azo, Diazo, Azido, Hydrazine, and Azide Compounds;Nitro, Nitroso, Nitrate, and Nitrite Compounds, Organic",62101,"Azo, Diazo, Azido, Hydrazine, and Azide Compounds;Nitro, Nitroso, Nitrate, and Nitrite Compounds, Organic",MATCH
55566-30-8,TETRAKIS(HYDROXYMETHYL)PHOSPHONIUM SULFATE SOLUTION,Quaternary Ammonium and Phosphonium Salts,41478,Quaternary Ammonium and Phosphonium Salts,MATCH
556-08-1,P-ACETAMIDOBENZOIC ACID,"Acids, Carboxylic;Amides and Imides",19266,"Acids, Carboxylic;Amides and Imides",MATCH
556-24-1,METHYL ISOVALERATE,"Esters, Sulfate Esters, Phosphate Esters, Thiophosphate Esters, and Borate Esters",11160,"Esters, Sulfate Esters, Phosphate Esters, Thiophosphate Esters, and Borate Esters",MATCH
556-56-9,ALLYL IODIDE,"Halogenated Organic Compounds;Hydrocarbons, Aliphatic Unsaturated",11166,"Halogenated Organic Compounds;Hydrocarbons, Aliphatic Unsaturated",MATCH
556-88-7,"NITROGUANIDINE, WETTED WITH NOT LESS THAN 20% WATER","Amines, Phosphines, and Pyridines;Azo, Diazo, Azido, Hydrazine, and Azide Compounds;Nitro, Nitroso, Nitrate, and Nitrite Compounds, Organic;Water and Aqueous Solutions",86287517,"Amines, Phosphines, and Pyridines;Azo, Diazo, Azido, Hydrazine, and Azide Compounds;Nitro, Nitroso, Nitrate, and Nitrite Compounds, Organic;Water and Aqueous Solutions",MATCH
556-89-8,NITROUREA,"Amides and Imides;Azo, Diazo, Azido, Hydrazine, and Azide Compounds;Nitro, Nitroso, Nitrate, and Nitrite Compounds, Organic",62372,"Amides and Imides;Azo, Diazo, Azido, Hydrazine, and Azide Compounds;Nitro, Nitroso, Nitrate, and Nitrite Compounds, Organic",MATCH
557-05-1,ZINC STEARATE,"Esters, Sulfate Esters, Phosphate Esters, Thiophosphate Esters, and Borate Esters;Salts, Acidic",11178,"Esters, Sulfate Esters, Phosphate Esters, Thiophosphate Esters, and Borate Esters;Salts, Acidic",MATCH
557-11-9,ALLYL UREA,"Amides and Imides;Hydrocarbons, Aliphatic Unsaturated",11181,"Amides and Imides;Hydrocarbons, Aliphatic Unsaturated",MATCH
557-19-7,NICKEL CYANIDE,"Bases, Weak;Cyanides, Inorganic",6093189,"Bases, Weak;Cyanides, Inorganic",MATCH
557-21-1,ZINC CYANIDE,"Cyanides, Inorganic",,,ERROR
557-31-3,ALLYL ETHYL ETHER,"Ethers;Hydrocarbons, Aliphatic Unsaturated",11191,"Ethers;Hydrocarbons, Aliphatic Unsaturated",MATCH
557-40-4,DIALLYL ETHER,"Ethers;Hydrocarbons, Aliphatic Unsaturated",11194,"Ethers;Hydrocarbons, Aliphatic Unsaturated",MATCH
557-41-5,ZINC FORMATE,"Salts, Basic",11195,"Salts, Basic",MATCH
557-61-9,1-OCTACOSANOL,Alcohols and Polyols,68406,Alcohols and Polyols,MATCH
55794-20-2,"ETHYL-3,3-DI-(TERT-BUTYLPEROXY)BUTYRATE, [TECHNICALLY PURE]","Acetals, Ketals, Hemiacetals, and Hemiketals;Peroxides, Organic",108769,"Acetals, Ketals, Hemiacetals, and Hemiketals;Peroxides, Organic",MATCH
558-13-4,CARBON TETRABROMIDE,Halogenated Organic Compounds,11205,Halogenated Organic Compounds,MATCH
5593-70-4,TETRABUTYL TITANATE,"Bases, Strong",21801,"Bases, Strong",MATCH
5598-13-0,CHLORPYRIFOS METHYL,"Amines, Phosphines, and Pyridines;Aryl Halides;Esters, Sulfate Esters, Phosphate Esters, Thiophosphate Esters, and Borate Esters",21803,"Amines, Phosphines, and Pyridines;Aryl Halides;Esters, Sulfate Esters, Phosphate Esters, Thiophosphate Esters, and Borate Esters",MATCH
56-04-2,METHYLTHIOURACIL,"Amides and Imides;Amines, Phosphines, and Pyridines;Hydrocarbons, Aliphatic Unsaturated",667493,"Amides and Imides;Amines, Phosphines, and Pyridines;Hydrocarbons, Aliphatic Unsaturated",MATCH
56-18-8,"3,3&#39;-IMINODIPROPYLAMINE","Amines, Phosphines, and Pyridines",5942,"Amines, Phosphines, and Pyridines",MATCH
56-25-7,CANTHARIDIN,Anhydrides,5944,Anhydrides,MATCH
56-35-9,BIS(TRIBUTYLTIN) OXIDE,Organometallics,16682746,Organometallics,MATCH
56-38-2,PARATHION,"Nitro, Nitroso, Nitrate, and Nitrite Compounds, Organic;Sulfonates, Phosphonates, and Thiophosphonates, Organic",991,"Nitro, Nitroso, Nitrate, and Nitrite Compounds, Organic;Sulfonates, Phosphonates, and Thiophosphonates, Organic",MATCH
56-40-6,GLYCINE,"Salts, Acidic",750,"Salts, Acidic",MATCH
56-49-5,3-METHYLCHOLANTHRENE,"Hydrocarbons, Aromatic",1674,"Hydrocarbons, Aromatic",MATCH
56-53-1,DIETHYLSTILBESTROL,"Hydrocarbons, Aliphatic Unsaturated;Phenols and Cresols",448537,"Hydrocarbons, Aliphatic Unsaturated;Phenols and Cresols",MATCH
56-54-2,QUINIDINE,"Alcohols and Polyols;Amines, Phosphines, and Pyridines;Hydrocarbons, Aliphatic Unsaturated",441074,"Alcohols and Polyols;Amines, Phosphines, and Pyridines;Hydrocarbons, Aliphatic Unsaturated",MATCH
56-55-3,BENZ[A]ANTHRACENE,"Hydrocarbons, Aromatic",5954,"Hydrocarbons, Aromatic",MATCH
56-57-5,4-NITROQUINOLINE-1-OXIDE,"Hydrocarbons, Aromatic;Nitro, Nitroso, Nitrate, and Nitrite Compounds, Organic;Oxidizing Agents, Weak",5955,"Hydrocarbons, Aromatic;Nitro, Nitroso, Nitrate, and Nitrite Compounds, Organic;Oxidizing Agents, Weak",MATCH
56-72-4,COUMAPHOS,"Aryl Halides;Esters, Sulfate Esters, Phosphate Esters, Thiophosphate Esters, and Borate Esters",2871,"Aryl Halides;Esters, Sulfate Esters, Phosphate Esters, Thiophosphate Esters, and Borate Esters",MATCH
56-81-5,GLYCERINE,Alcohols and Polyols,753,Alcohols and Polyols,MATCH
56-93-9,BENZYLTRIMETHYLAMMONIUM CHLORIDE,Non-Redox-Active Inorganic Compounds;Quaternary Ammonium and Phosphonium Salts,5963,Non-Redox-Active Inorganic Compounds;Quaternary Ammonium and Phosphonium Salts,MATCH
562-10-7,DOXYLAMINE SUCCINATE,"Acids, Carboxylic;Acids, Weak;Amines, Phosphines, and Pyridines;Esters, Sulfate Esters, Phosphate Esters, Thiophosphate Esters, and Borate Esters;Ethers",11224,"Acids, Carboxylic;Acids, Weak;Amines, Phosphines, and Pyridines;Esters, Sulfate Esters, Phosphate Esters, Thiophosphate Esters, and Borate Esters;Ethers",MATCH
563-04-2,TRI-M-CRESYL PHOSPHATE,"Esters, Sulfate Esters, Phosphate Esters, Thiophosphate Esters, and Borate Esters;Hydrocarbons, Aromatic",11232,"Esters, Sulfate Esters, Phosphate Esters, Thiophosphate Esters, and Borate Esters;Hydrocarbons, Aromatic",MATCH
563-12-2,ETHION,"Esters, Sulfate Esters, Phosphate Esters, Thiophosphate Esters, and Borate Esters",3286,"Esters, Sulfate Esters, Phosphate Esters, Thiophosphate Esters, and Borate Esters",MATCH
563-63-3,SILVER ACETATE,"Salts, Basic",11246,"Salts, Basic",MATCH
563-68-8,THALLIUM ACETATE,"Salts, Basic",11247,"Salts, Basic",MATCH
5634-39-9,IODINATED GLYCEROL,Alcohols and Polyols;Halogenated Organic Compounds,21852,Alcohols and Polyols;Halogenated Organic Compounds,MATCH
56803-37-3,TERT-BUTYLPHENYL DIPHENYL PHOSPHATE,"Esters, Sulfate Esters, Phosphate Esters, Thiophosphate Esters, and Borate Esters;Hydrocarbons, Aromatic",158333,"Esters, Sulfate Esters, Phosphate Esters, Thiophosphate Esters, and Borate Esters;Hydrocarbons, Aromatic",MATCH
569-57-3,CHLOROTRIANISENE,"Ethers;Halogenated Organic Compounds;Hydrocarbons, Aliphatic Unsaturated",11289,"Ethers;Halogenated Organic Compounds;Hydrocarbons, Aliphatic Unsaturated",MATCH
569-61-9,PARAROSANILINE HYDROCHLORIDE,"Amines, Aromatic;Conjugated Dienes;Salts, Acidic",11292,"Amines, Aromatic;Conjugated Dienes;Salts, Acidic",MATCH
569-64-2,C.I. BASIC GREEN 4,"Amines, Phosphines, and Pyridines;Conjugated Dienes;Hydrocarbons, Aliphatic Unsaturated;Hydrocarbons, Aromatic;Quaternary Ammonium and Phosphonium Salts",11294,"Amines, Phosphines, and Pyridines;Conjugated Dienes;Hydrocarbons, Aliphatic Unsaturated;Hydrocarbons, Aromatic;Quaternary Ammonium and Phosphonium Salts",MATCH
57-11-4,STEARIC ACID,"Acids, Carboxylic",5281,"Acids, Carboxylic",MATCH
57-12-5,"CYANIDE SOLUTION, N.O.S.","Cyanides, Inorganic;Water and Aqueous Solutions",5975,"Cyanides, Inorganic;Water and Aqueous Solutions",MATCH
57-13-6,UREA,Amides and Imides,1176,"Amides and Imides;Bases, Weak;Nitrate and Nitrite Compounds, Inorganic;Salts, Acidic",MATCH
57-22-7,VINCRISTINE,"Alcohols and Polyols;Amines, Phosphines, and Pyridines;Esters, Sulfate Esters, Phosphate Esters, Thiophosphate Esters, and Borate Esters",5978,"Alcohols and Polyols;Amines, Phosphines, and Pyridines;Esters, Sulfate Esters, Phosphate Esters, Thiophosphate Esters, and Borate Esters",MATCH
57-24-9,STRYCHNINE,"Amides and Imides;Amines, Phosphines, and Pyridines;Ethers",441071,"Amides and Imides;Amines, Phosphines, and Pyridines;Ethers",MATCH
57-30-7,SODIUM PHENOBARBITAL,"Amides and Imides;Salts, Basic",23674889,"Amides and Imides;Salts, Basic",MATCH
57-33-0,PENTOBARBITAL SODIUM,"Amides and Imides;Salts, Basic",23676152,"Amides and Imides;Salts, Basic",MATCH
57-41-0,PHENYTOIN,Amides and Imides,1775,Amides and Imides,MATCH
57-43-2,AMOBARBITAL,"Amides and Imides;Amines, Phosphines, and Pyridines",2164,"Amides and Imides;Amines, Phosphines, and Pyridines",MATCH
57-47-6,PHYSOSTIGMINE,"Amines, Phosphines, and Pyridines;Carbamates",5983,"Amines, Phosphines, and Pyridines;Carbamates",MATCH
57-50-1,SUCROSE,Alcohols and Polyols,5988,Alcohols and Polyols,MATCH
57-53-4,MEPROBAMATE,Carbamates,4064,Carbamates,MATCH
57-55-6,PROPYLENE GLYCOL,Alcohols and Polyols,1030,Alcohols and Polyols,MATCH
57-63-6,ETHINYLESTRADIOL,"Alcohols and Polyols;Alkynes, with Acetylenic Hydrogen;Hydrocarbons, Aliphatic Unsaturated",5991,"Alcohols and Polyols;Alkynes, with Acetylenic Hydrogen;Hydrocarbons, Aliphatic Unsaturated",MATCH
57-64-7,"PHYSOSTIGMINE, [SALICYLATE (1:1)]","Amines, Phosphines, and Pyridines;Carbamates;Phenols and Cresols;Salts, Acidic",657348,"Amines, Phosphines, and Pyridines;Carbamates;Phenols and Cresols;Salts, Acidic",MATCH
57-66-9,PROBENECID,"Acids, Carboxylic;Amines, Phosphines, and Pyridines;Sulfonates, Phosphonates, and Thiophosphonates, Organic",4911,"Acids, Carboxylic;Amines, Phosphines, and Pyridines;Sulfonates, Phosphonates, and Thiophosphonates, Organic",MATCH
57-68-1,SULFAMETHAZINE,"Amides and Imides;Amines, Phosphines, and Pyridines",5327,"Amides and Imides;Amines, Phosphines, and Pyridines",MATCH
57-71-6,"2-OXIME 2,3-BUTANEDIONE",Ketones;Oximes,6409633,Ketones;Oximes,MATCH
57-83-0,PROGESTERONE,"Hydrocarbons, Aliphatic Unsaturated;Ketones",5994,"Hydrocarbons, Aliphatic Unsaturated;Ketones",MATCH
57-85-2,TESTOSTERONE PROPIONATE,"Esters, Sulfate Esters, Phosphate Esters, Thiophosphate Esters, and Borate Esters;Hydrocarbons, Aliphatic Unsaturated;Ketones",5995,"Esters, Sulfate Esters, Phosphate Esters, Thiophosphate Esters, and Borate Esters;Hydrocarbons, Aliphatic Unsaturated;Ketones",MATCH
57-97-6,"7,12-DIMETHYLBENZ[A]ANTHRACENE","Hydrocarbons, Aromatic",6001,"Hydrocarbons, Aromatic",MATCH
570-24-1,2-METHYL-6-NITROANILINE,"Amines, Aromatic;Nitro, Nitroso, Nitrate, and Nitrite Compounds, Organic",11298,"Amines, Aromatic;Nitro, Nitroso, Nitrate, and Nitrite Compounds, Organic",MATCH
57117-31-4,"2,3,4,7,8-PENTACHLORODIBENZOFURAN",Aryl Halides;Ethers,42128,Aryl Halides;Ethers,MATCH
5716-15-4,"MALEIC HYDRAZIDE, DIETHANOLAMINE SALT","Alcohols and Polyols;Amides and Imides;Amines, Phosphines, and Pyridines;Azo, Diazo, Azido, Hydrazine, and Azide Compounds",21953,"Alcohols and Polyols;Amides and Imides;Amines, Phosphines, and Pyridines;Azo, Diazo, Azido, Hydrazine, and Azide Compounds",MATCH
57166-92-4,METHYLENEDIAMINE DIHYDROCHLORIDE,"Salts, Acidic",171572,"Salts, Acidic",MATCH
57213-69-1,TRICLOPYR TRIETHYLAMMONIUM SALT,"Acids, Carboxylic;Amines, Phosphines, and Pyridines;Aryl Halides;Ethers",42163,"Acids, Carboxylic;Amines, Phosphines, and Pyridines;Aryl Halides;Ethers",MATCH
573-56-8,"2,6-DINITROPHENOL","Nitro, Nitroso, Nitrate, and Nitrite Compounds, Organic;Phenols and Cresols",11312,"Nitro, Nitroso, Nitrate, and Nitrite Compounds, Organic;Phenols and Cresols",MATCH
575-43-9,"1,6-DIMETHYLNAPHTHALENE","Hydrocarbons, Aromatic",11328,"Hydrocarbons, Aromatic",MATCH
576-24-9,"2,3-DICHLOROPHENOL",Aryl Halides;Phenols and Cresols,11334,Aryl Halides;Phenols and Cresols,MATCH
576-26-1,"2,6-DIMETHYLPHENOL",Phenols and Cresols,11335,Phenols and Cresols,MATCH
57607-37-1,"OCTOLITE, [DRY OR WET WITH &lt; 15% WATER]","Azo, Diazo, Azido, Hydrazine, and Azide Compounds;Nitro, Nitroso, Nitrate, and Nitrite Compounds, Organic;Water and Aqueous Solutions",62133,"Azo, Diazo, Azido, Hydrazine, and Azide Compounds;Nitro, Nitroso, Nitrate, and Nitrite Compounds, Organic;Water and Aqueous Solutions",MATCH
57608-40-9,AMMONIUM NITRATE-PHOSPHATE MIXTURE,"Nitrate and Nitrite Compounds, Inorganic;Salts, Acidic",19890334,,NO_PUBCHEM_DATA
57653-85-7,"1,2,3,6,7,8-HEXACHLORODIBENZO-P-DIOXIN",Aryl Halides;Ethers,42540,Aryl Halides;Ethers,MATCH
577-11-7,DIOCTYL SODIUM SULFOSUCCINATE,"Esters, Sulfate Esters, Phosphate Esters, Thiophosphate Esters, and Borate Esters;Salts, Basic;Sulfonates, Phosphonates, and Thiophosphonates, Organic",23673837,"Esters, Sulfate Esters, Phosphate Esters, Thiophosphate Esters, and Borate Esters;Salts, Basic;Sulfonates, Phosphonates, and Thiophosphonates, Organic",MATCH
577-59-3,O-NITROACETOPHENONE,"Ketones;Nitro, Nitroso, Nitrate, and Nitrite Compounds, Organic",11346,"Ketones;Nitro, Nitroso, Nitrate, and Nitrite Compounds, Organic",MATCH
57716-89-9,4-O-METHYL-12-O-TETRADECANOYLPHORBOL-13-ACETATE,"Alcohols and Polyols;Esters, Sulfate Esters, Phosphate Esters, Thiophosphate Esters, and Borate Esters;Hydrocarbons, Aliphatic Unsaturated",72292,"Alcohols and Polyols;Esters, Sulfate Esters, Phosphate Esters, Thiophosphate Esters, and Borate Esters;Hydrocarbons, Aliphatic Unsaturated",MATCH
578-46-1,5-METHYL-2-NITROANILINE,"Amines, Aromatic;Nitro, Nitroso, Nitrate, and Nitrite Compounds, Organic",11356,"Amines, Aromatic;Nitro, Nitroso, Nitrate, and Nitrite Compounds, Organic",MATCH
578-54-1,2-ETHYLANILINE,"Amines, Aromatic",11357,"Amines, Aromatic",MATCH
578-94-9,DIPHENYLAMINE CHLOROARSINE,"Amines, Aromatic;Organometallics",11362,"Amines, Aromatic;Organometallics",MATCH
57856-11-8,QL,"Amines, Phosphines, and Pyridines;Sulfonates, Phosphonates, and Thiophosphonates, Organic",170325,"Amines, Phosphines, and Pyridines;Sulfonates, Phosphonates, and Thiophosphonates, Organic",MATCH
58-08-2,CAFFEINE,"Amides and Imides;Amines, Phosphines, and Pyridines",2519,"Amides and Imides;Amines, Phosphines, and Pyridines",MATCH
58-14-0,PYRIMETHAMINE,"Amines, Phosphines, and Pyridines;Aryl Halides",4993,"Amines, Phosphines, and Pyridines;Aryl Halides",MATCH
58-15-1,4-DIMETHYLAMINOANTIPYRINE,"Amides and Imides;Amines, Phosphines, and Pyridines;Hydrocarbons, Aliphatic Unsaturated",6009,"Amides and Imides;Amines, Phosphines, and Pyridines;Hydrocarbons, Aliphatic Unsaturated",MATCH
58-33-3,PROMETHAZINE HYDROCHLORIDE,"Amines, Phosphines, and Pyridines;Hydrocarbons, Aromatic;Salts, Acidic;Sulfides, Organic",6014,"Amines, Phosphines, and Pyridines;Hydrocarbons, Aromatic;Salts, Acidic;Sulfides, Organic",MATCH
58-36-6,"PHENOXARSINE, 10,10&#39;-OXYDI-",Ethers;Organometallics,6017,Ethers;Organometallics,MATCH
58-54-8,ETHACRYNIC ACID,"Acids, Carboxylic;Aryl Halides;Hydrocarbons, Aliphatic Unsaturated;Hydrocarbons, Aromatic",3278,"Acids, Carboxylic;Aryl Halides;Hydrocarbons, Aliphatic Unsaturated;Hydrocarbons, Aromatic",MATCH
58-55-9,THEOPHYLLINE,"Amides and Imides;Amines, Phosphines, and Pyridines",2153,"Amides and Imides;Amines, Phosphines, and Pyridines",MATCH
58-58-2,PUROMYCIN DIHYDROCHLORIDE,"Alcohols and Polyols;Amides and Imides;Amines, Phosphines, and Pyridines;Ethers;Salts, Acidic",443311,"Alcohols and Polyols;Amides and Imides;Amines, Phosphines, and Pyridines;Ethers;Salts, Acidic",MATCH
58-89-9,LINDANE,Halogenated Organic Compounds,727,Halogenated Organic Compounds,MATCH
58-90-2,"2,3,4,6-TETRACHLOROPHENOL","Acids, Weak;Aryl Halides;Phenols and Cresols",6028,"Acids, Weak;Aryl Halides;Phenols and Cresols",MATCH
58-93-5,HYDROCHLOROTHIAZIDE,"Amides and Imides;Amines, Phosphines, and Pyridines;Aryl Halides",3639,"Amides and Imides;Amines, Phosphines, and Pyridines;Aryl Halides",MATCH
58-94-6,CHLOROTHIAZIDE,"Amines, Phosphines, and Pyridines;Aryl Halides;Sulfonates, Phosphonates, and Thiophosphonates, Organic",2720,"Amines, Phosphines, and Pyridines;Aryl Halides;Sulfonates, Phosphonates, and Thiophosphonates, Organic",MATCH
58-95-7,D-ALPHA-TOCOPHERYL ACETATE,"Esters, Sulfate Esters, Phosphate Esters, Thiophosphate Esters, and Borate Esters",86472,"Esters, Sulfate Esters, Phosphate Esters, Thiophosphate Esters, and Borate Esters",MATCH
5809-08-5,"1,1,3,3-TETRAMETHYLBUTYL HYDROPEROXIDE","Peroxides, Organic",79877,"Peroxides, Organic",MATCH
581-89-5,2-NITRONAPHTHALENE,"Nitro, Nitroso, Nitrate, and Nitrite Compounds, Organic",11392,"Nitro, Nitroso, Nitrate, and Nitrite Compounds, Organic",MATCH
58139-59-6,"(4,4&#39;-BITHIAZOLE)-2,2&#39;-DIAMINE","Amines, Phosphines, and Pyridines;Sulfides, Organic",42654,"Amines, Phosphines, and Pyridines;Sulfides, Organic",MATCH
58164-88-8,ANTIMONY LACTATE,"Alcohols and Polyols;Salts, Basic",62137,"Alcohols and Polyols;Salts, Basic",MATCH
58200-70-7,"1,2,3,4,6,7,9-HEPTACHLORODIBENZO-P-DIOXIN",Aryl Halides;Ethers,42672,Aryl Halides;Ethers,MATCH
58270-08-9,"ZINC, DICHLORO(4,4-DIMETHYL-5((((METHYLAMINO) CARBONYL)OXY)IMINO)PENTANENITRILE)-,(T-4)-",Carbamates;Nitriles;Organometallics;Oximes,73555894,Carbamates;Nitriles;Organometallics;Oximes,MATCH
583-15-3,MERCURY BENZOATE,"Salts, Basic",11407,"Salts, Basic",MATCH
583-39-1,2-MERCAPTOBENZIMIDAZOLE,"Amines, Phosphines, and Pyridines;Sulfides, Organic",707035,"Amines, Phosphines, and Pyridines;Sulfides, Organic",MATCH
583-59-5,2-METHYLCYCLOHEXANOL,Alcohols and Polyols,11418,Alcohols and Polyols,MATCH
583-78-8,"2,5-DICHLOROPHENOL","Acids, Weak;Aryl Halides;Phenols and Cresols",66,"Acids, Weak;Aryl Halides;Phenols and Cresols",MATCH
583-91-5,2-HYDROXY-4-(METHYLTHIO)-BUTANOIC ACID,"Acids, Carboxylic;Alcohols and Polyols;Sulfides, Organic",11427,"Acids, Carboxylic;Alcohols and Polyols;Sulfides, Organic",MATCH
5836-29-3,COUMATETRALYL,"Alcohols and Polyols;Esters, Sulfate Esters, Phosphate Esters, Thiophosphate Esters, and Borate Esters",54678504,"Alcohols and Polyols;Esters, Sulfate Esters, Phosphate Esters, Thiophosphate Esters, and Borate Esters",MATCH
584-79-2,ALLETHRIN,"Esters, Sulfate Esters, Phosphate Esters, Thiophosphate Esters, and Borate Esters;Hydrocarbons, Aliphatic Unsaturated;Ketones",11442,"Esters, Sulfate Esters, Phosphate Esters, Thiophosphate Esters, and Borate Esters;Hydrocarbons, Aliphatic Unsaturated;Ketones",MATCH
5842-06-8,"2-(N,N-DIPROPYLAMINO)ETHANETHIOL","Amines, Phosphines, and Pyridines;Sulfides, Organic",79922,"Amines, Phosphines, and Pyridines;Sulfides, Organic",MATCH
5842-07-9,"2-(N,N-DIISOPROPYLAMINO)ETHANETHIOL","Amines, Phosphines, and Pyridines;Sulfides, Organic",111102,"Amines, Phosphines, and Pyridines;Sulfides, Organic",MATCH
586-76-5,4-BROMOBENZOIC ACID,"Acids, Carboxylic;Aryl Halides;Halogenated Organic Compounds",11464,"Acids, Carboxylic;Aryl Halides;Halogenated Organic Compounds",MATCH
58718-66-4,HALOWAX 1000,Aryl Halides;Halogenated Organic Compounds,,,ERROR
58718-67-5,HALOWAX 1001,Aryl Halides;Halogenated Organic Compounds,,,ERROR
589-18-4,P-METHYL BENZYL ALCOHOL,Alcohols and Polyols,11505,Alcohols and Polyols,MATCH
589-90-2,DIMETHYLCYCLOHEXANE,"Hydrocarbons, Aliphatic Saturated",11523,"Hydrocarbons, Aliphatic Saturated",MATCH
5894-60-0,HEXADECYLTRICHLOROSILANE,Chlorosilanes,22184,Chlorosilanes,MATCH
59-05-2,METHOTREXATE,"Acids, Carboxylic;Amides and Imides;Amines, Phosphines, and Pyridines",126941,"Acids, Carboxylic;Amides and Imides;Amines, Phosphines, and Pyridines",MATCH
59-14-3,5-BROMO-2&#39;-DEOXYURIDINE,"Alcohols and Polyols;Amides and Imides;Amines, Phosphines, and Pyridines;Halogenated Organic Compounds",6035,"Alcohols and Polyols;Amides and Imides;Amines, Phosphines, and Pyridines;Halogenated Organic Compounds",MATCH
59-26-7,NICETHAMID,"Amides and Imides;Amines, Phosphines, and Pyridines",5497,"Amides and Imides;Amines, Phosphines, and Pyridines",MATCH
59-30-3,FOLIC ACID,"Acids, Carboxylic;Amides and Imides;Phenols and Cresols",135398658,"Acids, Carboxylic;Amides and Imides;Phenols and Cresols",MATCH
59-33-6,PYRILAMINE MALEATE,"Hydrocarbons, Aliphatic Unsaturated;Salts, Acidic",5284451,"Hydrocarbons, Aliphatic Unsaturated;Salts, Acidic",MATCH
59-50-7,CHLOROCRESOL,Aryl Halides;Phenols and Cresols,1732,Aryl Halides;Phenols and Cresols,MATCH
59-52-9,"2,3-DIMERCAPTO-1-PROPANOL","Alcohols and Polyols;Sulfides, Organic",3080,"Alcohols and Polyols;Sulfides, Organic",MATCH
59-66-5,ACETAZOLAMIDE,"Acids, Weak;Amides and Imides;Azo, Diazo, Azido, Hydrazine, and Azide Compounds;Sulfonates, Phosphonates, and Thiophosphonates, Organic",1986,"Acids, Weak;Amides and Imides;Azo, Diazo, Azido, Hydrazine, and Azide Compounds;Sulfonates, Phosphonates, and Thiophosphonates, Organic",MATCH
59-67-6,NICOTINIC ACID,"Acids, Carboxylic;Amines, Phosphines, and Pyridines",938,"Acids, Carboxylic;Amines, Phosphines, and Pyridines",MATCH
59-87-0,NITROFURAZONE,"Amides and Imides;Azo, Diazo, Azido, Hydrazine, and Azide Compounds;Nitro, Nitroso, Nitrate, and Nitrite Compounds, Organic",5447130,"Amides and Imides;Azo, Diazo, Azido, Hydrazine, and Azide Compounds;Nitro, Nitroso, Nitrate, and Nitrite Compounds, Organic",MATCH
59-88-1,PHENYLHYDRAZINE HYDROCHLORIDE,"Azo, Diazo, Azido, Hydrazine, and Azide Compounds;Hydrocarbons, Aromatic;Salts, Acidic",60962,"Azo, Diazo, Azido, Hydrazine, and Azide Compounds;Hydrocarbons, Aromatic;Salts, Acidic",MATCH
59-89-2,N-NITROSOMORPHOLINE,"Azo, Diazo, Azido, Hydrazine, and Azide Compounds;Ethers;Nitro, Nitroso, Nitrate, and Nitrite Compounds, Organic",6046,"Azo, Diazo, Azido, Hydrazine, and Azide Compounds;Ethers;Nitro, Nitroso, Nitrate, and Nitrite Compounds, Organic",MATCH
590-17-0,BROMOACETONITRILE,Halogenated Organic Compounds;Nitriles,11534,Halogenated Organic Compounds;Nitriles,MATCH
590-21-6,1-CHLOROPROPYLENE,"Halogenated Organic Compounds;Hydrocarbons, Aliphatic Unsaturated;Polymerizable Compounds",11536,"Halogenated Organic Compounds;Hydrocarbons, Aliphatic Unsaturated;Polymerizable Compounds",MATCH
590-36-3,2-METHYLPENTAN-2-OL,Alcohols and Polyols,11543,Alcohols and Polyols,MATCH
5902-51-2,TERBACIL,"Amides and Imides;Halogenated Organic Compounds;Hydrocarbons, Aliphatic Unsaturated",22188,"Amides and Imides;Halogenated Organic Compounds;Hydrocarbons, Aliphatic Unsaturated",MATCH
591-08-2,1-ACETYL-2-THIOUREA,"Amides and Imides;Reducing Agents, Weak;Sulfides, Organic",2723593,"Amides and Imides;Reducing Agents, Weak;Sulfides, Organic",MATCH
591-17-3,M-BROMOTOLUENE,Aryl Halides,11560,Aryl Halides,MATCH
591-27-5,M-AMINOPHENOL,"Amines, Aromatic;Phenols and Cresols",11568,"Amines, Aromatic;Phenols and Cresols",MATCH
591-33-3,N-(3-ETHOXYPHENYL)ACETAMIDE,"Amides and Imides;Amines, Aromatic",11570,"Amides and Imides;Amines, Aromatic",MATCH
591-35-5,"3,5-DICHLOROPHENOL",Aryl Halides;Phenols and Cresols,11571,Aryl Halides;Phenols and Cresols,MATCH
591-89-9,MERCURIC POTASSIUM CYANIDE,"Cyanides, Inorganic",11585,"Cyanides, Inorganic",MATCH
592-01-8,CALCIUM CYANIDE,"Acids, Weak;Cyanides, Inorganic",6093192,"Acids, Weak;Cyanides, Inorganic",MATCH
592-04-1,MERCURIC CYANIDE,"Cyanides, Inorganic",11591,"Cyanides, Inorganic",MATCH
592-05-2,LEAD CYANIDE,"Cyanides, Inorganic",61139,"Cyanides, Inorganic",MATCH
592-31-4,N-BUTYLUREA,Amides and Imides,11595,Amides and Imides,MATCH
592-55-2,2-BROMOETHYL ETHYL ETHER,Ethers;Halogenated Organic Compounds,61141,Ethers;Halogenated Organic Compounds,MATCH
592-62-1,METHYLAZOXYMETHANOL ACETATE,"Azo, Diazo, Azido, Hydrazine, and Azide Compounds;Bases, Weak;Esters, Sulfate Esters, Phosphate Esters, Thiophosphate Esters, and Borate Esters",5363199,"Azo, Diazo, Azido, Hydrazine, and Azide Compounds;Bases, Weak;Esters, Sulfate Esters, Phosphate Esters, Thiophosphate Esters, and Borate Esters",MATCH
592-85-8,MERCURY THIOCYANATE,"Reducing Agents, Strong;Salts, Basic",11615,"Reducing Agents, Strong;Salts, Basic",MATCH
592-87-0,LEAD THIOCYANATE,"Reducing Agents, Strong;Salts, Basic",11616,"Reducing Agents, Strong;Salts, Basic",MATCH
5926-90-9,HEXYL GLYCIDYL ETHER,Epoxides;Ethers,22213,Epoxides;Ethers,MATCH
5929-09-9,BENZETHONIUM CHLORIDE MONOHYDRATE,"Ethers;Hydrocarbons, Aromatic;Quaternary Ammonium and Phosphonium Salts;Salts, Acidic",21644026,"Ethers;Hydrocarbons, Aromatic;Quaternary Ammonium and Phosphonium Salts;Salts, Acidic",MATCH
593-08-8,2-TRIDECANONE,Ketones,11622,Ketones,MATCH
593-45-3,N-OCTADECANE,"Hydrocarbons, Aliphatic Saturated",11635,"Hydrocarbons, Aliphatic Saturated",MATCH
593-56-6,O-METHYLHYDROXYLAMINE HYDROCHLORIDE,"Ethers;Salts, Acidic",521874,"Ethers;Salts, Acidic",MATCH
593-67-9,ETHYLENEAMINE,"Amines, Phosphines, and Pyridines;Hydrocarbons, Aliphatic Unsaturated",11642,"Amines, Phosphines, and Pyridines;Hydrocarbons, Aliphatic Unsaturated",MATCH
59355-75-8,"METHYLACETYLENE AND PROPADIENE MIXTURE, STABILIZED","Alkynes, with Acetylenic Hydrogen;Hydrocarbons, Aliphatic Unsaturated",62152,,NO_PUBCHEM_DATA
594-71-8,2-CHLORO-2-NITROPROPANE,"Halogenated Organic Compounds;Nitro, Nitroso, Nitrate, and Nitrite Compounds, Organic",11673,"Halogenated Organic Compounds;Nitro, Nitroso, Nitrate, and Nitrite Compounds, Organic",MATCH
5952-26-1,"ETHANOL, 2,2&#39;-OXYBIS-, DICARBAMATE",Carbamates;Ethers,22233,Carbamates;Ethers,MATCH
59669-26-0,THIODICARB,"Carbamates;Oximes;Sulfides, Organic",62155,"Carbamates;Oximes;Sulfides, Organic",MATCH
597-25-1,DIMETHYL MORPHOLINOPHOSPHORAMIDATE,"Amines, Phosphines, and Pyridines;Esters, Sulfate Esters, Phosphate Esters, Thiophosphate Esters, and Borate Esters;Ethers",11698,"Amines, Phosphines, and Pyridines;Esters, Sulfate Esters, Phosphate Esters, Thiophosphate Esters, and Borate Esters;Ethers",MATCH
597-64-8,TETRAETHYLTIN,Organometallics,11704,Organometallics,MATCH
5970-32-1,MERCURY SALICYLATE,"Phenols and Cresols;Salts, Basic",16682982,"Phenols and Cresols;Salts, Basic",MATCH
598-21-0,BROMOACETYL BROMIDE,"Acyl Halides, Sulfonyl Halides, and Chloroformates;Halogenated Organic Compounds",61147,"Acyl Halides, Sulfonyl Halides, and Chloroformates;Halogenated Organic Compounds",MATCH
598-38-9,"2,2-DICHLOROETHANOL",Alcohols and Polyols;Halogenated Organic Compounds,11718,Alcohols and Polyols;Halogenated Organic Compounds,MATCH
598-55-0,METHYL CARBAMATE,Carbamates,11722,Carbamates,MATCH
598-56-1,"DIMETHYLETHYLAMINE, [LIQUID]","Amines, Phosphines, and Pyridines",11723,"Amines, Phosphines, and Pyridines",MATCH
598-78-7,2-CHLOROPROPIONIC ACID,"Acids, Carboxylic;Halogenated Organic Compounds",11734,"Acids, Carboxylic;Halogenated Organic Compounds",MATCH
598-99-2,METHYL TRICHLOROACETATE,"Esters, Sulfate Esters, Phosphate Esters, Thiophosphate Esters, and Borate Esters;Halogenated Organic Compounds",11739,"Esters, Sulfate Esters, Phosphate Esters, Thiophosphate Esters, and Borate Esters;Halogenated Organic Compounds",MATCH
59820-43-8,HC YELLOW 4,"Alcohols and Polyols;Amines, Phosphines, and Pyridines;Nitro, Nitroso, Nitrate, and Nitrite Compounds, Organic",62158,"Alcohols and Polyols;Amines, Phosphines, and Pyridines;Nitro, Nitroso, Nitrate, and Nitrite Compounds, Organic",MATCH
59865-13-3,CYCLOSPORIN A,Amides and Imides,5284373,Amides and Imides,MATCH
599-79-1,SALICYLAZOSULFAPYRIDINE,"Acids, Carboxylic;Amides and Imides;Azo, Diazo, Azido, Hydrazine, and Azide Compounds",5339,"Acids, Carboxylic;Amides and Imides;Azo, Diazo, Azido, Hydrazine, and Azide Compounds",MATCH
60-00-4,EDTA,"Acids, Carboxylic;Amines, Phosphines, and Pyridines",6049,"Acids, Carboxylic;Amines, Phosphines, and Pyridines",MATCH
60-09-3,4-AMINOAZOBENZENE,"Amines, Aromatic;Azo, Diazo, Azido, Hydrazine, and Azide Compounds",6051,"Amines, Aromatic;Azo, Diazo, Azido, Hydrazine, and Azide Compounds",MATCH
60-11-7,4-DIMETHYLAMINOAZOBENZENE,"Amines, Phosphines, and Pyridines;Azo, Diazo, Azido, Hydrazine, and Azide Compounds",6053,"Amines, Phosphines, and Pyridines;Azo, Diazo, Azido, Hydrazine, and Azide Compounds",MATCH
60-13-9,AMPHETAMINE SULFATE,"Hydrocarbons, Aromatic;Salts, Acidic",6055,"Hydrocarbons, Aromatic;Salts, Acidic",MATCH
60-29-7,ETHYL ETHER,Ethers,3283,Ethers,MATCH
60-33-3,LINOLEIC ACID,"Acids, Carboxylic;Acids, Weak;Hydrocarbons, Aliphatic Unsaturated",5280450,"Acids, Carboxylic;Acids, Weak;Hydrocarbons, Aliphatic Unsaturated",MATCH
60-35-5,ACETAMIDE,Amides and Imides,178,Amides and Imides,MATCH
60-41-3,STRYCHNINE SULFATE,"Amides and Imides;Ethers;Hydrocarbons, Aromatic;Salts, Acidic",22833295,"Amides and Imides;Ethers;Hydrocarbons, Aromatic;Salts, Acidic",MATCH
60-51-5,DIMETHOATE,"Amides and Imides;Esters, Sulfate Esters, Phosphate Esters, Thiophosphate Esters, and Borate Esters",3082,"Amides and Imides;Esters, Sulfate Esters, Phosphate Esters, Thiophosphate Esters, and Borate Esters",MATCH
60-57-1,DIELDRIN,"Epoxides;Halogenated Organic Compounds;Hydrocarbons, Aliphatic Unsaturated",969491,"Epoxides;Halogenated Organic Compounds;Hydrocarbons, Aliphatic Unsaturated",MATCH
60-87-7,PROMETHAZINE,"Amines, Phosphines, and Pyridines;Sulfides, Organic",4927,"Amines, Phosphines, and Pyridines;Sulfides, Organic",MATCH
60153-49-3,3-METHYLNITROSOAMINOPROPIONITRILE,"Azo, Diazo, Azido, Hydrazine, and Azide Compounds;Nitriles;Nitro, Nitroso, Nitrate, and Nitrite Compounds, Organic",62163,"Azo, Diazo, Azido, Hydrazine, and Azide Compounds;Nitriles;Nitro, Nitroso, Nitrate, and Nitrite Compounds, Organic",MATCH
60168-88-9,FENARIMOL,"Alcohols and Polyols;Amines, Phosphines, and Pyridines;Aryl Halides",43226,"Alcohols and Polyols;Amines, Phosphines, and Pyridines;Aryl Halides",MATCH
602-38-0,"1,8-DINITRONAPHTHALENE","Nitro, Nitroso, Nitrate, and Nitrite Compounds, Organic",11764,"Nitro, Nitroso, Nitrate, and Nitrite Compounds, Organic",MATCH
602-60-8,9-NITROANTHRACENE,"Hydrocarbons, Aromatic;Nitro, Nitroso, Nitrate, and Nitrite Compounds, Organic",11767,"Hydrocarbons, Aromatic;Nitro, Nitroso, Nitrate, and Nitrite Compounds, Organic",MATCH
602-87-9,5-NITROACENAPHTHENE,"Hydrocarbons, Aromatic;Nitro, Nitroso, Nitrate, and Nitrite Compounds, Organic",11769,"Hydrocarbons, Aromatic;Nitro, Nitroso, Nitrate, and Nitrite Compounds, Organic",MATCH
602-99-3,TRINITROMETACRESOL,"Nitro, Nitroso, Nitrate, and Nitrite Compounds, Organic;Phenols and Cresols",11772,"Nitro, Nitroso, Nitrate, and Nitrite Compounds, Organic;Phenols and Cresols",MATCH
60207-90-1,PROPICONAZOLE,"Amines, Phosphines, and Pyridines;Aryl Halides;Azo, Diazo, Azido, Hydrazine, and Azide Compounds;Ethers",43234,"Amines, Phosphines, and Pyridines;Aryl Halides;Azo, Diazo, Azido, Hydrazine, and Azide Compounds;Ethers",MATCH
603-34-9,TRIPHENYLAMINE,"Amines, Phosphines, and Pyridines;Hydrocarbons, Aromatic",11775,"Amines, Phosphines, and Pyridines;Hydrocarbons, Aromatic",MATCH
603-35-0,TRIPHENYL PHOSPHINE,"Amines, Phosphines, and Pyridines;Reducing Agents, Strong",11776,"Amines, Phosphines, and Pyridines;Reducing Agents, Strong",MATCH
603-54-3,ASYM-DIPHENYLUREA,"Amides and Imides;Amines, Aromatic",33603,"Amides and Imides;Amines, Aromatic",MATCH
603-83-8,2-METHYL-3-NITROANILINE,"Amines, Aromatic;Nitro, Nitroso, Nitrate, and Nitrite Compounds, Organic",11783,"Amines, Aromatic;Nitro, Nitroso, Nitrate, and Nitrite Compounds, Organic",MATCH
604-75-1,OXAZEPAM,"Alcohols and Polyols;Amides and Imides;Amines, Aromatic;Aryl Halides",4616,"Alcohols and Polyols;Amides and Imides;Amines, Aromatic;Aryl Halides",MATCH
6041-94-7,PIGMENT RED 2,"Amides and Imides;Aryl Halides;Azo, Diazo, Azido, Hydrazine, and Azide Compounds;Phenols and Cresols",22399,"Amides and Imides;Aryl Halides;Azo, Diazo, Azido, Hydrazine, and Azide Compounds;Phenols and Cresols",MATCH
605-71-0,"1,5-DINITRONAPHTHALENE","Nitro, Nitroso, Nitrate, and Nitrite Compounds, Organic",11803,"Nitro, Nitroso, Nitrate, and Nitrite Compounds, Organic",MATCH
6055-19-2,CYCLOPHOSPHAMIDE MONOHYDRATE,"Amines, Phosphines, and Pyridines;Esters, Sulfate Esters, Phosphate Esters, Thiophosphate Esters, and Borate Esters;Halogenated Organic Compounds",22420,"Amines, Phosphines, and Pyridines;Esters, Sulfate Esters, Phosphate Esters, Thiophosphate Esters, and Borate Esters;Halogenated Organic Compounds",MATCH
606-03-1,TRIBENZYL ISOCYANURATE,Isocyanates and Isothiocyanates,11805,Isocyanates and Isothiocyanates,MATCH
606-20-2,"2,6-DINITROTOLUENE","Nitro, Nitroso, Nitrate, and Nitrite Compounds, Organic",11813,"Nitro, Nitroso, Nitrate, and Nitrite Compounds, Organic",MATCH
606-35-9,TRINITROANISOLE,"Ethers;Nitro, Nitroso, Nitrate, and Nitrite Compounds, Organic",11817,"Ethers;Nitro, Nitroso, Nitrate, and Nitrite Compounds, Organic",MATCH
606-37-1,"1,3-DINITRONAPHTHALENE","Nitro, Nitroso, Nitrate, and Nitrite Compounds, Organic",11818,"Nitro, Nitroso, Nitrate, and Nitrite Compounds, Organic",MATCH
607-57-8,2-NITROFLUORENE,"Hydrocarbons, Aromatic;Nitro, Nitroso, Nitrate, and Nitrite Compounds, Organic",11831,"Hydrocarbons, Aromatic;Nitro, Nitroso, Nitrate, and Nitrite Compounds, Organic",MATCH
608-71-9,PENTABROMOPHENOL,Aryl Halides;Phenols and Cresols,11852,Aryl Halides;Phenols and Cresols,MATCH
608-73-1,HEXACHLOROCYCLOHEXANE (ALL ISOMERS),Halogenated Organic Compounds,727,Halogenated Organic Compounds,MATCH
608-93-5,PENTACHLOROBENZENE,Aryl Halides,11855,Aryl Halides,MATCH
6080-56-4,LEAD ACETATE TRIHYDRATE,"Organometallics;Salts, Basic",22456,"Organometallics;Salts, Basic",MATCH
609-19-8,"3,4,5-TRICHLOROPHENOL",Aryl Halides;Phenols and Cresols,11859,Aryl Halides;Phenols and Cresols,MATCH
609-20-1,"2,6-DICHLORO-P-PHENYLENEDIAMINE","Amines, Aromatic;Aryl Halides",11860,"Amines, Aromatic;Aryl Halides",MATCH
609-31-4,2-NITRO-1-BUTANOL,"Alcohols and Polyols;Nitro, Nitroso, Nitrate, and Nitrite Compounds, Organic",11864,"Alcohols and Polyols;Nitro, Nitroso, Nitrate, and Nitrite Compounds, Organic",MATCH
609-72-3,"N,N-DIMETHYL-O-TOLUIDINE","Amines, Aromatic",11869,"Amines, Aromatic",MATCH
61-25-6,PAPAVERINE HYDROCHLORIDE,"Ethers;Hydrocarbons, Aromatic;Salts, Acidic",6084,"Ethers;Hydrocarbons, Aromatic;Salts, Acidic",MATCH
61-76-7,PHENYLEPHRINE HYDROCHLORIDE,"Alcohols and Polyols;Phenols and Cresols;Salts, Acidic",5284443,"Alcohols and Polyols;Phenols and Cresols;Salts, Acidic",MATCH
61-82-5,AMITROLE,"Amines, Aromatic;Azo, Diazo, Azido, Hydrazine, and Azide Compounds",1639,"Amines, Aromatic;Azo, Diazo, Azido, Hydrazine, and Azide Compounds",MATCH
610-14-0,O-NITROBENZOYL CHLORIDE,"Acyl Halides, Sulfonyl Halides, and Chloroformates;Nitro, Nitroso, Nitrate, and Nitrite Compounds, Organic",11875,"Acyl Halides, Sulfonyl Halides, and Chloroformates;Nitro, Nitroso, Nitrate, and Nitrite Compounds, Organic",MATCH
610-15-1,O-NITROBENZAMIDE,"Amides and Imides;Nitro, Nitroso, Nitrate, and Nitrite Compounds, Organic",11876,"Amides and Imides;Nitro, Nitroso, Nitrate, and Nitrite Compounds, Organic",MATCH
610-39-9,"3,4-DINITROTOLUENE","Nitro, Nitroso, Nitrate, and Nitrite Compounds, Organic",11883,"Nitro, Nitroso, Nitrate, and Nitrite Compounds, Organic",MATCH
610-66-2,O-NITROPHENYLACETONITRILE,"Nitriles;Nitro, Nitroso, Nitrate, and Nitrite Compounds, Organic",11888,"Nitriles;Nitro, Nitroso, Nitrate, and Nitrite Compounds, Organic",MATCH
61050-97-3,TRIS(2-KETOPROPYL) ISOCYANURATE,Isocyanates and Isothiocyanates;Ketones,44146854,Isocyanates and Isothiocyanates;Ketones,MATCH
611-06-3,"2,4-DICHLORONITROBENZENE","Aryl Halides;Nitro, Nitroso, Nitrate, and Nitrite Compounds, Organic",11899,"Aryl Halides;Nitro, Nitroso, Nitrate, and Nitrite Compounds, Organic",MATCH
6112-76-1,6-MERCAPTOPURINE MONOHYDRATE,"Amines, Phosphines, and Pyridines;Sulfides, Organic",2724350,"Amines, Phosphines, and Pyridines;Sulfides, Organic",MATCH
612-23-7,O-NITROBENZYL CHLORIDE,"Halogenated Organic Compounds;Nitro, Nitroso, Nitrate, and Nitrite Compounds, Organic",11921,"Halogenated Organic Compounds;Nitro, Nitroso, Nitrate, and Nitrite Compounds, Organic",MATCH
612-60-2,7-METHYLQUINOLINE,"Acids, Weak;Amides and Imides;Hydrocarbons, Aromatic",11927,"Acids, Weak;Amides and Imides;Hydrocarbons, Aromatic",MATCH
612-64-6,N-NITROSO-N-ETHYLANILINE,"Azo, Diazo, Azido, Hydrazine, and Azide Compounds;Nitro, Nitroso, Nitrate, and Nitrite Compounds, Organic",11929,"Azo, Diazo, Azido, Hydrazine, and Azide Compounds;Nitro, Nitroso, Nitrate, and Nitrite Compounds, Organic",MATCH
612-82-8,"3,3&#39;-DIMETHYLBENZIDINE DIHYDROCHLORIDE","Salts, Acidic",108938,"Salts, Acidic",MATCH
612-83-9,"3,3&#39;-DICHLOROBENZIDINE DIHYDROCHLORIDE","Aryl Halides;Salts, Acidic",11933,"Aryl Halides;Salts, Acidic",MATCH
613-13-8,2-AMINOANTHRACENE,"Amines, Aromatic;Hydrocarbons, Aromatic",11937,"Amines, Aromatic;Hydrocarbons, Aromatic",MATCH
613-93-4,N-METHYLBENZAMIDE,Amides and Imides,11954,Amides and Imides,MATCH
6138-79-0,TRIPROLIDINE HYDROCHLORIDE MONOHYDRATE,"Amines, Phosphines, and Pyridines;Hydrocarbons, Aliphatic Unsaturated;Hydrocarbons, Aromatic;Salts, Acidic",5284472,"Amines, Phosphines, and Pyridines;Hydrocarbons, Aliphatic Unsaturated;Hydrocarbons, Aromatic;Salts, Acidic",MATCH
614-95-9,NITROSOETHYLURETHANE,"Azo, Diazo, Azido, Hydrazine, and Azide Compounds;Carbamates;Nitro, Nitroso, Nitrate, and Nitrite Compounds, Organic",11977,"Azo, Diazo, Azido, Hydrazine, and Azide Compounds;Carbamates;Nitro, Nitroso, Nitrate, and Nitrite Compounds, Organic",MATCH
615-05-4,"2,4-DIAMINOANISOLE","Amines, Aromatic;Ethers",11976,"Amines, Aromatic;Ethers",MATCH
615-28-1,"1,2-PHENYLENEDIAMINE DIHYDROCHLORIDE","Salts, Acidic",11990,"Salts, Acidic",MATCH
615-53-2,N-NITROSO-N-METHYLURETHANE,"Azo, Diazo, Azido, Hydrazine, and Azide Compounds;Carbamates;Nitro, Nitroso, Nitrate, and Nitrite Compounds, Organic",12001,"Azo, Diazo, Azido, Hydrazine, and Azide Compounds;Carbamates;Nitro, Nitroso, Nitrate, and Nitrite Compounds, Organic",MATCH
61578-04-9,P-CUMYLPHENYL GLYCIDYL ETHER,Epoxides;Ethers,62186,Epoxides;Ethers,MATCH
616-23-9,"2,3-DICHLORO-1-PROPANOL",Alcohols and Polyols;Halogenated Organic Compounds,12018,Alcohols and Polyols;Halogenated Organic Compounds,MATCH
6168-72-5,2-PROPANOLAMINE,"Alcohols and Polyols;Amines, Phosphines, and Pyridines",5126,"Alcohols and Polyols;Amines, Phosphines, and Pyridines",MATCH
617-50-5,ISOPROPYL ISOBUTYRATE,"Esters, Sulfate Esters, Phosphate Esters, Thiophosphate Esters, and Borate Esters",12044,"Esters, Sulfate Esters, Phosphate Esters, Thiophosphate Esters, and Borate Esters",MATCH
617-89-0,FURFURYLAMINE,"Amines, Phosphines, and Pyridines;Ethers",3438,"Amines, Phosphines, and Pyridines;Ethers",MATCH
61702-44-1,2-CHLORO-P-PHENYLENEDIAMINE SULFATE,"Aryl Halides;Salts, Acidic",22584,"Aryl Halides;Salts, Acidic",MATCH
61703-05-7,DIRECT BLACK 114,"Alcohols and Polyols;Amines, Phosphines, and Pyridines;Azo, Diazo, Azido, Hydrazine, and Azide Compounds",,,ERROR
61788-32-7,HYDROGENATED TERPHENYLS,"Hydrocarbons, Aromatic",,,ERROR
61789-01-3,OCTYL EPOXY TALLATE,"Peroxides, Organic;Phenols and Cresols",,,ERROR
61789-51-3,"COBALT NAPHTHENATES, POWDER","Hydrocarbons, Aliphatic Unsaturated;Salts, Basic",,,ERROR
61789-65-9,ALUMINUM RESINATE,"Reducing Agents, Strong",,,ERROR
61789-81-9,BIS(HYDROGENATED TALLOW ALKYL) DIMETHYL AMMONIUM METHYL SULFATES,"Hydrocarbons, Aliphatic Saturated;Quaternary Ammonium and Phosphonium Salts",,,ERROR
61789-97-7,TALLOW,"Esters, Sulfate Esters, Phosphate Esters, Thiophosphate Esters, and Borate Esters",,,ERROR
61790-12-3,"TALL OIL, FATTY ACID","Acids, Carboxylic",,,ERROR
61790-13-4,SODIUM NAPHTHENATE,"Hydrocarbons, Aromatic;Salts, Basic",,,ERROR
61790-51-0,SODIUM RESINATE,"Reducing Agents, Strong",,,ERROR
619-17-0,4-NITROANTHRANILIC ACID,"Acids, Carboxylic;Amines, Aromatic;Amines, Phosphines, and Pyridines;Nitro, Nitroso, Nitrate, and Nitrite Compounds, Organic",12076,"Acids, Carboxylic;Amines, Aromatic;Amines, Phosphines, and Pyridines;Nitro, Nitroso, Nitrate, and Nitrite Compounds, Organic",MATCH
619-23-8,M-NITROBENZYL CHLORIDE,"Halogenated Organic Compounds;Nitro, Nitroso, Nitrate, and Nitrite Compounds, Organic",12078,"Halogenated Organic Compounds;Nitro, Nitroso, Nitrate, and Nitrite Compounds, Organic",MATCH
619-80-7,P-NITROBENZAMIDE,"Amides and Imides;Nitro, Nitroso, Nitrate, and Nitrite Compounds, Organic",12091,"Amides and Imides;Nitro, Nitroso, Nitrate, and Nitrite Compounds, Organic",MATCH
6197-30-4,"2-ETHYLHEXYL-2-CYANO-3,3-DIPHENYLACRYLATE",Acrylates and Acrylic Acids;Nitriles;Polymerizable Compounds,22571,Acrylates and Acrylic Acids;Nitriles;Polymerizable Compounds,MATCH
62-23-7,P-NITROBENZOIC ACID,"Acids, Carboxylic;Nitro, Nitroso, Nitrate, and Nitrite Compounds, Organic",6108,"Acids, Carboxylic;Nitro, Nitroso, Nitrate, and Nitrite Compounds, Organic",MATCH
62-38-4,PHENYLMERCURIC ACETATE,"Organometallics;Salts, Basic",16682730,"Organometallics;Salts, Basic",MATCH
62-44-2,PHENACETIN,"Amides and Imides;Amines, Aromatic",4754,"Amides and Imides;Amines, Aromatic",MATCH
62-50-0,ETHYL METHANESULFONATE,"Esters, Sulfate Esters, Phosphate Esters, Thiophosphate Esters, and Borate Esters;Sulfonates, Phosphonates, and Thiophosphonates, Organic",6113,"Esters, Sulfate Esters, Phosphate Esters, Thiophosphate Esters, and Borate Esters;Sulfonates, Phosphonates, and Thiophosphonates, Organic",MATCH
62-55-5,THIOACETAMIDE,"Amides and Imides;Sulfides, Organic",2723949,"Amides and Imides;Sulfides, Organic",MATCH
62-56-6,THIOUREA,"Amides and Imides;Sulfides, Organic",2723790,"Amides and Imides;Sulfides, Organic",MATCH
62-73-7,DICHLORVOS,"Esters, Sulfate Esters, Phosphate Esters, Thiophosphate Esters, and Borate Esters;Halogenated Organic Compounds;Hydrocarbons, Aliphatic Unsaturated",3039,"Esters, Sulfate Esters, Phosphate Esters, Thiophosphate Esters, and Borate Esters;Halogenated Organic Compounds;Hydrocarbons, Aliphatic Unsaturated",MATCH
62-74-8,SODIUM FLUOROACETATE,"Halogenated Organic Compounds;Salts, Basic",16212360,"Halogenated Organic Compounds;Salts, Basic",MATCH
62-76-0,SODIUM OXALATE,"Reducing Agents, Weak;Salts, Basic",6125,"Reducing Agents, Weak;Salts, Basic",MATCH
620-05-3,BENZYL IODIDE,Halogenated Organic Compounds,12098,Halogenated Organic Compounds,MATCH
620-22-4,M-TOLUNITRILE,Nitriles,12104,Nitriles,MATCH
6201-86-1,3-AMINO-5-SULFOSALICYLIC ACID,"Acids, Strong Oxidizing;Amines, Phosphines, and Pyridines;Phenols and Cresols",22573,"Acids, Strong Oxidizing;Amines, Phosphines, and Pyridines;Phenols and Cresols",MATCH
6201-87-2,5-AMINO-3-SULFOSALICYLIC ACID,"Acids, Carboxylic;Amines, Aromatic;Phenols and Cresols;Sulfonates, Phosphonates, and Thiophosphonates, Organic",22574,"Acids, Carboxylic;Amines, Aromatic;Phenols and Cresols;Sulfonates, Phosphonates, and Thiophosphonates, Organic",MATCH
621-31-8,3-ETHYLAMINOPHENOL,"Amines, Phosphines, and Pyridines;Phenols and Cresols",578991,"Amines, Phosphines, and Pyridines;Phenols and Cresols",MATCH
621-33-0,M-PHENETIDINE,"Amines, Aromatic",12120,"Amines, Aromatic",MATCH
621-42-1,N-ACETYL-M-AMINOPHENOL,Amides and Imides;Phenols and Cresols,12124,Amides and Imides;Phenols and Cresols,MATCH
621-64-7,N-NITROSODI-N-PROPYLAMINE,"Azo, Diazo, Azido, Hydrazine, and Azide Compounds;Nitro, Nitroso, Nitrate, and Nitrite Compounds, Organic",12130,"Azo, Diazo, Azido, Hydrazine, and Azide Compounds;Nitro, Nitroso, Nitrate, and Nitrite Compounds, Organic",MATCH
6219-89-2,4-AMINO-4&#39;-HYDROXY-3-METHYLDIPHENYLAMINE,"Amines, Aromatic;Phenols and Cresols",22586,"Amines, Aromatic;Phenols and Cresols",MATCH
622-44-6,PHENYLCARBYLAMINE CHLORIDE,"Amines, Aromatic;Halogenated Organic Compounds;Hydrocarbons, Aliphatic Unsaturated",12145,"Amines, Aromatic;Halogenated Organic Compounds;Hydrocarbons, Aliphatic Unsaturated",MATCH
622-51-5,P-TOLYLUREA,"Amides and Imides;Amines, Aromatic",12148,"Amides and Imides;Amines, Aromatic",MATCH
622-57-1,N-ETHYL-P-TOLUIDINE,"Amines, Aromatic",61164,"Amines, Aromatic",MATCH
62207-76-5,"COBALT, ((2,2&#39;-(1,2-ETHANEDIYLBIS(NITRILOMETHYLIDYNE))BIS(6-FLUOROPHENOLATO))(2-)-N,N&#39;,O,O&#39;)-,(SP-4-2)","Amines, Phosphines, and Pyridines;Aryl Halides;Fluorinated Organic Compounds;Non-Redox-Active Inorganic Compounds;Phenolic Salts",43957,"Amines, Phosphines, and Pyridines;Aryl Halides;Fluorinated Organic Compounds;Non-Redox-Active Inorganic Compounds;Phenolic Salts",MATCH
623-15-4,FURFURAL ACETONE,"Conjugated Dienes;Ethers;Hydrocarbons, Aliphatic Unsaturated;Ketones",212930,"Conjugated Dienes;Ethers;Hydrocarbons, Aliphatic Unsaturated;Ketones",MATCH
623-17-6,FURFURYL ACETATE,"Esters, Sulfate Esters, Phosphate Esters, Thiophosphate Esters, and Borate Esters;Ethers",12170,"Esters, Sulfate Esters, Phosphate Esters, Thiophosphate Esters, and Borate Esters;Ethers",MATCH
623-30-3,BETA-(2-FURYL)ACROLEIN,"Aldehydes;Conjugated Dienes;Hydrocarbons, Aliphatic Unsaturated",12174,"Aldehydes;Conjugated Dienes;Hydrocarbons, Aliphatic Unsaturated",MATCH
624-18-0,"1,4-PHENYLENEDIAMINE DIHYDROCHLORIDE","Salts, Acidic",12205,"Salts, Acidic",MATCH
624-24-8,METHYL VALERATE,"Esters, Sulfate Esters, Phosphate Esters, Thiophosphate Esters, and Borate Esters",12206,"Esters, Sulfate Esters, Phosphate Esters, Thiophosphate Esters, and Borate Esters",MATCH
624-54-4,N-PENTYL PROPIONATE,"Esters, Sulfate Esters, Phosphate Esters, Thiophosphate Esters, and Borate Esters",12217,"Esters, Sulfate Esters, Phosphate Esters, Thiophosphate Esters, and Borate Esters",MATCH
624-91-9,METHYL NITRITE,"Nitro, Nitroso, Nitrate, and Nitrite Compounds, Organic",12231,"Nitro, Nitroso, Nitrate, and Nitrite Compounds, Organic",MATCH
62476-59-9,ACIFLUORFEN SODIUM SALT,"Aryl Halides;Fluorinated Organic Compounds;Nitro, Nitroso, Nitrate, and Nitrite Compounds, Organic;Salts, Basic",44072,"Aryl Halides;Fluorinated Organic Compounds;Nitro, Nitroso, Nitrate, and Nitrite Compounds, Organic;Salts, Basic",MATCH
62488-57-7,"5,6-DIHYDRO-5-AZACYTIDINE","Alcohols and Polyols;Amides and Imides;Amines, Phosphines, and Pyridines",99681,"Alcohols and Polyols;Amides and Imides;Amines, Phosphines, and Pyridines",MATCH
625-45-6,METHOXYACETIC ACID,"Acids, Carboxylic;Ethers",12251,"Acids, Carboxylic;Ethers",MATCH
625-48-9,2-NITROETHANOL,"Alcohols and Polyols;Nitro, Nitroso, Nitrate, and Nitrite Compounds, Organic",12252,"Alcohols and Polyols;Nitro, Nitroso, Nitrate, and Nitrite Compounds, Organic",MATCH
625-86-5,"2,5-DIMETHYLFURAN",Ethers,12266,Ethers,MATCH
626-17-5,M-PHTHALODINITRILE,Nitriles,12276,Nitriles,MATCH
626-56-2,3-METHYLPIPERIDINE,"Amines, Phosphines, and Pyridines",79081,"Amines, Phosphines, and Pyridines",MATCH
626-67-5,1-METHYLPIPERIDINE,"Amines, Phosphines, and Pyridines",12291,"Amines, Phosphines, and Pyridines",MATCH
62625-14-3,2-AMINO-6-CHLORO-4-NITROPHENOL HYDROCHLORIDE,"Aryl Halides;Nitro, Nitroso, Nitrate, and Nitrite Compounds, Organic;Phenols and Cresols;Salts, Acidic",12213213,"Aryl Halides;Nitro, Nitroso, Nitrate, and Nitrite Compounds, Organic;Phenols and Cresols;Salts, Acidic",MATCH
6265-09-4,5-DIETHYLAMINO-2-NITROSO-4-METHYLPHENOL,"Amines, Phosphines, and Pyridines;Nitro, Nitroso, Nitrate, and Nitrite Compounds, Organic;Phenols and Cresols",22637,"Amines, Phosphines, and Pyridines;Nitro, Nitroso, Nitrate, and Nitrite Compounds, Organic;Phenols and Cresols",MATCH
6265-11-8,5-DIMETHYLAMINO-2-NITROSO-4-METHYLPHENOL,"Amines, Phosphines, and Pyridines;Nitro, Nitroso, Nitrate, and Nitrite Compounds, Organic;Phenols and Cresols",22638,"Amines, Phosphines, and Pyridines;Nitro, Nitroso, Nitrate, and Nitrite Compounds, Organic;Phenols and Cresols",MATCH
6265-13-0,3-METHYLAMINO-4-METHYLPHENOL,"Amines, Phosphines, and Pyridines;Phenols and Cresols",22639,"Amines, Phosphines, and Pyridines;Phenols and Cresols",MATCH
6265-15-2,"5-(4-AMINOBENZAMIDO)-2,3-CRESOTIC ACID","Acids, Carboxylic;Amides and Imides;Amines, Aromatic;Phenols and Cresols",22640,"Acids, Carboxylic;Amides and Imides;Amines, Aromatic;Phenols and Cresols",MATCH
627-03-2,ETHOXYACETIC ACID,"Acids, Carboxylic;Ethers",12301,"Acids, Carboxylic;Ethers",MATCH
627-18-9,3-BROMO-1-PROPANOL,Alcohols and Polyols;Halogenated Organic Compounds,12308,Alcohols and Polyols;Halogenated Organic Compounds,MATCH
627-63-4,FUMARYL CHLORIDE,"Acyl Halides, Sulfonyl Halides, and Chloroformates;Hydrocarbons, Aliphatic Unsaturated",5325504,"Acyl Halides, Sulfonyl Halides, and Chloroformates;Hydrocarbons, Aliphatic Unsaturated",MATCH
627-93-0,DIMETHYL ADIPATE,"Esters, Sulfate Esters, Phosphate Esters, Thiophosphate Esters, and Borate Esters",12329,"Esters, Sulfate Esters, Phosphate Esters, Thiophosphate Esters, and Borate Esters",MATCH
62765-93-9,NIAX® CATALYST ESN,"Amines, Phosphines, and Pyridines;Ethers;Nitriles",62209,"Amines, Phosphines, and Pyridines;Ethers;Nitriles",MATCH
628-02-4,HEXANAMIDE,Amides and Imides,12332,Amides and Imides,MATCH
628-20-6,CHLOROBUTYRONITRILE,Halogenated Organic Compounds;Nitriles,12336,Halogenated Organic Compounds;Nitriles,MATCH
628-86-4,"MERCURY FULMINATE, [WET]","Cyanides, Inorganic;Water and Aqueous Solutions",11022444,"Cyanides, Inorganic;Water and Aqueous Solutions",MATCH
628-94-4,ADIPAMIDE,Amides and Imides,12364,Amides and Imides,MATCH
628-96-6,ETHYLENE GLYCOL DINITRATE,"Nitro, Nitroso, Nitrate, and Nitrite Compounds, Organic",40818,"Nitro, Nitroso, Nitrate, and Nitrite Compounds, Organic",MATCH
6285-57-0,2-AMINO-6-NITROBENZOTHIAZOLE,"Amines, Phosphines, and Pyridines;Nitro, Nitroso, Nitrate, and Nitrite Compounds, Organic;Sulfides, Organic",22704,"Amines, Phosphines, and Pyridines;Nitro, Nitroso, Nitrate, and Nitrite Compounds, Organic;Sulfides, Organic",MATCH
6287-38-3,"3,4-DICHLOROBENZALDEHYDE","Aldehydes;Aryl Halides;Hydrocarbons, Aromatic",22710,"Aldehydes;Aryl Halides;Hydrocarbons, Aromatic",MATCH
629-06-1,1-CHLOROHEPTANE,Halogenated Organic Compounds,12371,Halogenated Organic Compounds,MATCH
629-15-2,ETHYLENE GLYCOL DIFORMATE,"Esters, Sulfate Esters, Phosphate Esters, Thiophosphate Esters, and Borate Esters",12376,"Esters, Sulfate Esters, Phosphate Esters, Thiophosphate Esters, and Borate Esters",MATCH
629-38-9,DIETHYLENE GLYCOL METHYL ETHER ACETATE,"Esters, Sulfate Esters, Phosphate Esters, Thiophosphate Esters, and Borate Esters;Ethers",12384,"Esters, Sulfate Esters, Phosphate Esters, Thiophosphate Esters, and Borate Esters;Ethers",MATCH
629-39-0,"OCTYL NITRATE, [LIQUID]","Nitro, Nitroso, Nitrate, and Nitrite Compounds, Organic",61178,"Nitro, Nitroso, Nitrate, and Nitrite Compounds, Organic",MATCH
629-59-4,N-TETRADECANE,"Hydrocarbons, Aliphatic Saturated",12389,"Hydrocarbons, Aliphatic Saturated",MATCH
629-62-9,N-PENTADECANE,"Hydrocarbons, Aliphatic Saturated",12391,"Hydrocarbons, Aliphatic Saturated",MATCH
629-76-5,PENTADECANOL,Alcohols and Polyols,12397,Alcohols and Polyols,MATCH
629-78-7,N-HEPTADECANE,"Hydrocarbons, Aliphatic Saturated",12398,"Hydrocarbons, Aliphatic Saturated",MATCH
629-82-3,DI-N-OCTYL ETHER,Ethers,12399,Ethers,MATCH
629-92-5,N-NONADECANE,"Hydrocarbons, Aliphatic Saturated",12401,"Hydrocarbons, Aliphatic Saturated",MATCH
629-94-7,N-HENEICOSANE,"Hydrocarbons, Aliphatic Saturated",12403,"Hydrocarbons, Aliphatic Saturated",MATCH
629-97-0,N-DOCOSANE,"Hydrocarbons, Aliphatic Saturated",12405,"Hydrocarbons, Aliphatic Saturated",MATCH
629-99-2,N-PENTACOSANE,"Hydrocarbons, Aliphatic Saturated",12406,"Hydrocarbons, Aliphatic Saturated",MATCH
6291-84-5,3-METHYLAMINOPROPYLAMINE,"Amines, Phosphines, and Pyridines",80511,"Amines, Phosphines, and Pyridines",MATCH
63-25-2,CARBARYL,Carbamates,6129,Carbamates,MATCH
63-42-3,LACTOSE,Alcohols and Polyols,440995,Alcohols and Polyols,MATCH
63-56-9,THONZYLAMINE HYDROCHLORIDE,"Amines, Phosphines, and Pyridines;Ethers;Hydrocarbons, Aromatic;Salts, Acidic",6136,"Amines, Phosphines, and Pyridines;Ethers;Hydrocarbons, Aromatic;Salts, Acidic",MATCH
63-68-3,L-METHIONINE,"Salts, Acidic;Sulfides, Organic",6137,"Salts, Acidic;Sulfides, Organic",MATCH
63-74-1,SULFANILAMIDE,"Amines, Aromatic;Sulfonates, Phosphonates, and Thiophosphonates, Organic",5333,"Amines, Aromatic;Sulfonates, Phosphonates, and Thiophosphonates, Organic",MATCH
63-91-2,L-PHENYLALANINE,"Salts, Acidic",6140,"Salts, Acidic",MATCH
63-92-3,PHENOXYBENZAMINE HYDROCHLORIDE,"Ethers;Halogenated Organic Compounds;Salts, Acidic",5284441,"Ethers;Halogenated Organic Compounds;Salts, Acidic",MATCH
630-01-3,N-HEXACOSANE,"Hydrocarbons, Aliphatic Saturated",12407,"Hydrocarbons, Aliphatic Saturated",MATCH
630-02-4,N-OCTACOSANE,"Hydrocarbons, Aliphatic Saturated",12408,"Hydrocarbons, Aliphatic Saturated",MATCH
630-10-4,SELENOUREA,Amides and Imides;Organometallics,12414,Amides and Imides;Organometallics,MATCH
630-60-4,OUABAIN,"Alcohols and Polyols;Esters, Sulfate Esters, Phosphate Esters, Thiophosphate Esters, and Borate Esters;Ethers;Hydrocarbons, Aliphatic Unsaturated",439501,"Alcohols and Polyols;Esters, Sulfate Esters, Phosphate Esters, Thiophosphate Esters, and Borate Esters;Ethers;Hydrocarbons, Aliphatic Unsaturated",MATCH
6303-21-5,HYPOPHOSPHOROUS ACID,"Acids, Weak;Reducing Agents, Strong",4124402,"Acids, Weak;Reducing Agents, Strong",MATCH
631-61-8,AMMONIUM ACETATE,"Salts, Acidic",517165,"Salts, Acidic",MATCH
6315-89-5,"3,4-DIMETHOXYANILINE","Amines, Aromatic",22770,"Amines, Aromatic",MATCH
6317-18-6,METHYLENEBIS(THIOCYANATE),Isocyanates and Isothiocyanates,22772,Isocyanates and Isothiocyanates,MATCH
632-58-6,TETRACHLOROPHTHALIC ACID,"Acids, Carboxylic;Aryl Halides",12442,"Acids, Carboxylic;Aryl Halides",MATCH
632-79-1,TETRABROMOPHTHALIC ANHYDRIDE,Anhydrides;Aryl Halides,12443,Anhydrides;Aryl Halides,MATCH
632-99-5,C.I. BASIC VIOLET 14,"Amines, Phosphines, and Pyridines;Conjugated Dienes;Hydrocarbons, Aliphatic Unsaturated;Hydrocarbons, Aromatic",12447,"Amines, Phosphines, and Pyridines;Conjugated Dienes;Hydrocarbons, Aliphatic Unsaturated;Hydrocarbons, Aromatic",MATCH
63283-80-7,DICHLOROISOPROPYL ETHER,Ethers;Halogenated Organic Compounds,44459,Ethers;Halogenated Organic Compounds,MATCH
63394-00-3,"TERPENE HYDROCARBONS, N.O.S.","Hydrocarbons, Aliphatic Unsaturated",,,ERROR
634-66-2,"1,2,3,4-TETRACHLOROBENZENE",Aryl Halides,12463,Aryl Halides,MATCH
634-90-2,"1,2,3,5-TETRACHLOROBENZENE",Aryl Halides,12468,Aryl Halides,MATCH
634-93-5,"2,4,6-TRICHLOROANILINE","Amines, Aromatic;Aryl Halides",12471,"Amines, Aromatic;Aryl Halides",MATCH
63449-41-2,BENZYLDIMETHYL(MIXED ALKYL)AMMONIUM CHLORIDE,Non-Redox-Active Inorganic Compounds;Quaternary Ammonium and Phosphonium Salts,,,ERROR
6358-07-2,2-AMINO-4-CHLORO-5-NITROPHENOL,"Amines, Aromatic;Aryl Halides;Nitro, Nitroso, Nitrate, and Nitrite Compounds, Organic;Phenols and Cresols",3894848,"Amines, Aromatic;Aryl Halides;Nitro, Nitroso, Nitrate, and Nitrite Compounds, Organic;Phenols and Cresols",MATCH
6358-08-3,2-AMINO-4-CHLORO-6-NITROPHENOL,"Amines, Aromatic;Aryl Halides;Nitro, Nitroso, Nitrate, and Nitrite Compounds, Organic;Phenols and Cresols",4348294,"Amines, Aromatic;Aryl Halides;Nitro, Nitroso, Nitrate, and Nitrite Compounds, Organic;Phenols and Cresols",MATCH
6358-15-2,"2-AMINO-3,4,6-TRICHLOROPHENOL","Amines, Aromatic;Aryl Halides;Phenols and Cresols",22823,"Amines, Aromatic;Aryl Halides;Phenols and Cresols",MATCH
6358-18-5,"4-CHLORO-2-(2,4-DINITROANILINO)PHENOL","Amines, Phosphines, and Pyridines;Aryl Halides;Nitro, Nitroso, Nitrate, and Nitrite Compounds, Organic;Phenols and Cresols",5360153,"Amines, Phosphines, and Pyridines;Aryl Halides;Nitro, Nitroso, Nitrate, and Nitrite Compounds, Organic;Phenols and Cresols",MATCH
6358-23-2,"2-(2,4-DINITROANILINO)PHENOL","Amines, Phosphines, and Pyridines;Nitro, Nitroso, Nitrate, and Nitrite Compounds, Organic;Phenols and Cresols",3100915,"Amines, Phosphines, and Pyridines;Nitro, Nitroso, Nitrate, and Nitrite Compounds, Organic;Phenols and Cresols",MATCH
6358-29-8,DIRECT RED 39,"Azo, Diazo, Azido, Hydrazine, and Azide Compounds;Non-Redox-Active Inorganic Compounds;Phenols and Cresols",22827,"Azo, Diazo, Azido, Hydrazine, and Azide Compounds;Non-Redox-Active Inorganic Compounds;Phenols and Cresols",MATCH
6358-31-2,C.I. PIGMENT YELLOW 74,"Alcohols and Polyols;Amides and Imides;Azo, Diazo, Azido, Hydrazine, and Azide Compounds;Ethers;Hydrocarbons, Aliphatic Unsaturated;Nitro, Nitroso, Nitrate, and Nitrite Compounds, Organic",22829,"Alcohols and Polyols;Amides and Imides;Azo, Diazo, Azido, Hydrazine, and Azide Compounds;Ethers;Hydrocarbons, Aliphatic Unsaturated;Nitro, Nitroso, Nitrate, and Nitrite Compounds, Organic",MATCH
6358-53-8,CITRUS RED NO. 2,"Azo, Diazo, Azido, Hydrazine, and Azide Compounds;Ethers;Phenols and Cresols",22830,"Azo, Diazo, Azido, Hydrazine, and Azide Compounds;Ethers;Phenols and Cresols",MATCH
6358-85-6,DIARYLANILIDE YELLOW,"Amides and Imides;Amines, Aromatic;Aryl Halides;Azo, Diazo, Azido, Hydrazine, and Azide Compounds;Ketones",186342,"Amides and Imides;Amines, Aromatic;Aryl Halides;Azo, Diazo, Azido, Hydrazine, and Azide Compounds;Ketones",MATCH
63597-41-1,OCTADIENE,"Conjugated Dienes;Hydrocarbons, Aliphatic Unsaturated;Polymerizable Compounds",517653,"Conjugated Dienes;Hydrocarbons, Aliphatic Unsaturated;Polymerizable Compounds",MATCH
636-21-5,O-TOLUIDINE HYDROCHLORIDE,"Salts, Acidic",12484,"Salts, Acidic",MATCH
636-26-0,5-METHYL-2-THIOURACIL,"Amides and Imides;Hydrocarbons, Aliphatic Unsaturated",720471,"Amides and Imides;Hydrocarbons, Aliphatic Unsaturated",MATCH
6369-59-1,"2,5-TOLUENEDIAMINE SULFATE","Salts, Acidic",22856,"Salts, Acidic",MATCH
637-39-8,TRIETHANOLAMINE HYDROCHLORIDE,"Alcohols and Polyols;Salts, Acidic",101814,"Alcohols and Polyols;Salts, Acidic",MATCH
637-78-5,ISOPROPYL PROPIONATE,"Esters, Sulfate Esters, Phosphate Esters, Thiophosphate Esters, and Borate Esters",12508,"Esters, Sulfate Esters, Phosphate Esters, Thiophosphate Esters, and Borate Esters",MATCH
6373-74-6,C.I. ACID ORANGE 3,"Amines, Phosphines, and Pyridines;Nitro, Nitroso, Nitrate, and Nitrite Compounds, Organic;Salts, Basic",5284435,"Amines, Phosphines, and Pyridines;Nitro, Nitroso, Nitrate, and Nitrite Compounds, Organic;Salts, Basic",MATCH
6375-17-3,2-ACETYLAMINO-4-METHYLPHENOL,Amides and Imides;Phenols and Cresols,292583,Amides and Imides;Phenols and Cresols,MATCH
638-03-9,M-TOLUIDINE HYDROCHLORIDE,"Salts, Acidic",522105,"Salts, Acidic",MATCH
638-11-9,ISOPROPYL BUTYRATE,"Esters, Sulfate Esters, Phosphate Esters, Thiophosphate Esters, and Borate Esters",61184,"Esters, Sulfate Esters, Phosphate Esters, Thiophosphate Esters, and Borate Esters",MATCH
638-29-9,VALERYL CHLORIDE,"Acyl Halides, Sulfonyl Halides, and Chloroformates",61186,"Acyl Halides, Sulfonyl Halides, and Chloroformates",MATCH
638-67-5,TRICOSANE,"Hydrocarbons, Aliphatic Saturated",12534,"Hydrocarbons, Aliphatic Saturated",MATCH
638-68-6,N-TRIACONTANE,"Hydrocarbons, Aliphatic Saturated",12535,"Hydrocarbons, Aliphatic Saturated",MATCH
6381-77-7,SODIUM ERYTHORBATE,"Alcohols and Polyols;Esters, Sulfate Esters, Phosphate Esters, Thiophosphate Esters, and Borate Esters;Hydrocarbons, Aliphatic Unsaturated;Salts, Basic",23683938,"Alcohols and Polyols;Esters, Sulfate Esters, Phosphate Esters, Thiophosphate Esters, and Borate Esters;Hydrocarbons, Aliphatic Unsaturated;Salts, Basic",MATCH
63868-82-6,ZIRCONIUM PICRAMATE,"Amines, Aromatic;Nitro, Nitroso, Nitrate, and Nitrite Compounds, Organic;Phenolic Salts;Water and Aqueous Solutions",11979385,"Amines, Aromatic;Nitro, Nitroso, Nitrate, and Nitrite Compounds, Organic;Phenolic Salts;Water and Aqueous Solutions",MATCH
63869-13-6,BIS(2-CHLOROETHYLTHIO)METHANE,"Halogenated Organic Compounds;Reducing Agents, Strong;Sulfides, Organic",522107,"Halogenated Organic Compounds;Reducing Agents, Strong;Sulfides, Organic",MATCH
63885-01-8,ZINC AMMONIUM NITRITE,"Nitrate and Nitrite Compounds, Inorganic;Salts, Acidic",62221,"Nitrate and Nitrite Compounds, Inorganic;Salts, Acidic",MATCH
639-58-7,TRIPHENYLTIN CHLORIDE,"Organometallics;Salts, Acidic",12540,"Organometallics;Salts, Acidic",MATCH
63905-10-2,"1,3-BIS(2-CHLOROETHYLTHIO)-N-PROPANE","Halogenated Organic Compounds;Reducing Agents, Strong;Sulfides, Organic",522108,"Halogenated Organic Compounds;Reducing Agents, Strong;Sulfides, Organic",MATCH
63918-89-8,O-MUSTARD (T),"Ethers;Halogenated Organic Compounds;Reducing Agents, Strong;Sulfides, Organic",45452,"Ethers;Halogenated Organic Compounds;Reducing Agents, Strong;Sulfides, Organic",MATCH
63918-90-1,BIS(2-CHLOROETHYLTHIOMETHYL)ETHER,"Ethers;Halogenated Organic Compounds;Reducing Agents, Strong;Sulfides, Organic",22608780,"Ethers;Halogenated Organic Compounds;Reducing Agents, Strong;Sulfides, Organic",MATCH
63937-14-4,MERCURY GLUCONATE,"Alcohols and Polyols;Metals, Less Reactive agents;Salts, Basic",45473,"Alcohols and Polyols;Metals, Less Reactive agents;Salts, Basic",MATCH
63989-69-5,FERRIC ARSENITE,"Salts, Basic",62222,"Salts, Basic",MATCH
64-00-6,"PHENOL, 3-(1-METHYLETHYL)-, METHYLCARBAMATE",Carbamates,6143,Carbamates,MATCH
64-10-8,"PHENYL UREA PESTICIDE, LIQUID, POISONOUS","Amides and Imides;Amines, Aromatic",6145,"Amides and Imides;Amines, Aromatic",MATCH
64-17-5,ETHANOL,"Acids, Weak;Alcohols and Polyols;Cyanides, Inorganic;Polymerizable Compounds",702,"Acids, Weak;Alcohols and Polyols;Cyanides, Inorganic;Polymerizable Compounds",MATCH
64-19-7,ACETIC ACID,"Acids, Carboxylic;Water and Aqueous Solutions",176,"Acids, Carboxylic;Water and Aqueous Solutions",MATCH
64-65-3,BEMEGRIDE,Amides and Imides,2310,Amides and Imides,MATCH
64-69-7,IODOACETIC ACID,"Acids, Carboxylic;Halogenated Organic Compounds",5240,"Acids, Carboxylic;Halogenated Organic Compounds",MATCH
64-75-5,TETRACYCLINE HYDROCHLORIDE,"Alcohols and Polyols;Amides and Imides;Hydrocarbons, Aliphatic Unsaturated;Ketones;Phenols and Cresols;Salts, Acidic",54704426,"Alcohols and Polyols;Amides and Imides;Hydrocarbons, Aliphatic Unsaturated;Ketones;Phenols and Cresols;Salts, Acidic",MATCH
64-77-7,TOLBUTAMIDE,"Amides and Imides;Sulfonates, Phosphonates, and Thiophosphonates, Organic",5505,"Amides and Imides;Sulfonates, Phosphonates, and Thiophosphonates, Organic",MATCH
64-86-8,COLCHICINE,Amides and Imides;Ethers;Ketones,6167,Amides and Imides;Ethers;Ketones,MATCH
640-19-7,FLUOROACETAMIDE,Amides and Imides;Fluorinated Organic Compounds,12542,Amides and Imides;Fluorinated Organic Compounds,MATCH
64039-27-6,BETA-DIOXYTHIOGUANOSINE,"Alcohols and Polyols;Amides and Imides;Amines, Phosphines, and Pyridines;Sulfides, Organic",3048840,"Alcohols and Polyols;Amides and Imides;Amines, Phosphines, and Pyridines;Sulfides, Organic",MATCH
64046-79-3,QUINACRINE MUSTARD,"Amines, Phosphines, and Pyridines;Aryl Halides;Halogenated Organic Compounds",20194,"Amines, Phosphines, and Pyridines;Aryl Halides;Halogenated Organic Compounds",MATCH
64091-91-4,4-(N-NITROSO-N-METHYLAMINO)-1-(3-PYRIDYL)-1-BUTANONE (NNK),"Amines, Phosphines, and Pyridines;Ketones;Nitro, Nitroso, Nitrate, and Nitrite Compounds, Organic",47289,"Amines, Phosphines, and Pyridines;Ketones;Nitro, Nitroso, Nitrate, and Nitrite Compounds, Organic",MATCH
64173-96-2,SODIUM 2-DIAZO-1-NAPHTHOL-4-SULFONATE,"Alcohols and Polyols;Azo, Diazo, Azido, Hydrazine, and Azide Compounds;Salts, Basic;Sulfonates, Phosphonates, and Thiophosphonates, Organic",174024,"Alcohols and Polyols;Azo, Diazo, Azido, Hydrazine, and Azide Compounds;Salts, Basic;Sulfonates, Phosphonates, and Thiophosphonates, Organic",MATCH
64216-20-2,"1,3-BIS((2-BENZOTHIAZOYLMERCAPTOMETHYL)UREA)","Amides and Imides;Amines, Phosphines, and Pyridines;Sulfides, Organic",219064,"Amides and Imides;Amines, Phosphines, and Pyridines;Sulfides, Organic",MATCH
6427-21-0,METHOXYMETHYL ISOCYANATE,Ethers;Isocyanates and Isothiocyanates,62609,Ethers;Isocyanates and Isothiocyanates,MATCH
6428-94-0,C.I. DIRECT VIOLET 32,"Amines, Aromatic;Azo, Diazo, Azido, Hydrazine, and Azide Compounds;Phenols and Cresols;Salts, Basic",22942,"Amines, Aromatic;Azo, Diazo, Azido, Hydrazine, and Azide Compounds;Phenols and Cresols;Salts, Basic",MATCH
643-22-1,ERYTHROMYCIN STEARATE,"Alcohols and Polyols;Amines, Phosphines, and Pyridines;Esters, Sulfate Esters, Phosphate Esters, Thiophosphate Esters, and Borate Esters;Ethers",12559,"Alcohols and Polyols;Amines, Phosphines, and Pyridines;Esters, Sulfate Esters, Phosphate Esters, Thiophosphate Esters, and Borate Esters;Ethers",MATCH
644-31-5,ACETYL BENZOYL PEROXIDE,"Peroxides, Organic",12568,"Peroxides, Organic",MATCH
644-64-4,DIMETILAN,"Azo, Diazo, Azido, Hydrazine, and Azide Compounds;Carbamates",12572,"Azo, Diazo, Azido, Hydrazine, and Azide Compounds;Carbamates",MATCH
644-97-3,BENZENE PHOSPHORUS DICHLORIDE,"Acyl Halides, Sulfonyl Halides, and Chloroformates;Halogenating Agents",12573,"Acyl Halides, Sulfonyl Halides, and Chloroformates;Halogenating Agents",MATCH
64475-85-0,TURPENTINE SUBSTITUTE,"Hydrocarbons, Aliphatic Unsaturated",168266335,"Hydrocarbons, Aliphatic Unsaturated",MATCH
645-00-1,1-IODO-3-NITROBENZENE,"Aryl Halides;Nitro, Nitroso, Nitrate, and Nitrite Compounds, Organic",12574,"Aryl Halides;Nitro, Nitroso, Nitrate, and Nitrite Compounds, Organic",MATCH
645-05-6,HEXAMETHYLMELAMINE,"Amines, Phosphines, and Pyridines",2123,"Amines, Phosphines, and Pyridines",MATCH
645-09-0,M-NITROBENZAMIDE,"Amides and Imides;Nitro, Nitroso, Nitrate, and Nitrite Compounds, Organic",12576,"Amides and Imides;Nitro, Nitroso, Nitrate, and Nitrite Compounds, Organic",MATCH
645-49-8,CIS-STILBENE,"Hydrocarbons, Aliphatic Unsaturated;Hydrocarbons, Aromatic",5356785,"Hydrocarbons, Aliphatic Unsaturated;Hydrocarbons, Aromatic",MATCH
6459-94-5,C.I. ACID RED 114,"Azo, Diazo, Azido, Hydrazine, and Azide Compounds;Phenols and Cresols;Salts, Basic;Sulfonates, Phosphonates, and Thiophosphonates, Organic",22960,"Azo, Diazo, Azido, Hydrazine, and Azide Compounds;Phenols and Cresols;Salts, Basic;Sulfonates, Phosphonates, and Thiophosphonates, Organic",MATCH
646-14-0,1-NITROHEXANE,"Nitro, Nitroso, Nitrate, and Nitrite Compounds, Organic",12589,"Nitro, Nitroso, Nitrate, and Nitrite Compounds, Organic",MATCH
646-31-1,N-TETRACOSANE,"Hydrocarbons, Aliphatic Saturated",12592,"Hydrocarbons, Aliphatic Saturated",MATCH
6471-49-4,C.I. PIGMENT RED 23,"Amides and Imides;Azo, Diazo, Azido, Hydrazine, and Azide Compounds;Nitro, Nitroso, Nitrate, and Nitrite Compounds, Organic;Phenols and Cresols",22979,"Amides and Imides;Azo, Diazo, Azido, Hydrazine, and Azide Compounds;Nitro, Nitroso, Nitrate, and Nitrite Compounds, Organic;Phenols and Cresols",MATCH
64741-62-4,OILS: CLARIFIED,"Esters, Sulfate Esters, Phosphate Esters, Thiophosphate Esters, and Borate Esters",,,ERROR
64741-89-5,"OIL, [SPRAY]","Hydrocarbons, Aliphatic Saturated",,,ERROR
64742-46-7,"OIL, [MINERAL SEAL]","Hydrocarbons, Aliphatic Saturated",,,ERROR
6484-52-2,AMMONIUM NITRATE,"Nitrate and Nitrite Compounds, Inorganic;Salts, Acidic;Water and Aqueous Solutions",22985,"Amides and Imides;Bases, Weak;Nitrate and Nitrite Compounds, Inorganic;Salts, Acidic;Water and Aqueous Solutions",MATCH
6487-48-5,POTASSIUM OXALATE MONOHYDRATE,"Reducing Agents, Weak;Salts, Basic",2724193,"Reducing Agents, Weak;Salts, Basic",MATCH
64902-72-3,CHLORSULFURON,"Amides and Imides;Amines, Phosphines, and Pyridines;Aryl Halides",47491,"Amides and Imides;Amines, Phosphines, and Pyridines;Aryl Halides",MATCH
64969-34-2,"3,3&#39;-DICHLOROBENZIDINE SULFATE","Aryl Halides;Salts, Acidic",62235,"Aryl Halides;Salts, Acidic",MATCH
64973-06-4,ARSENIC BROMIDE,"Acyl Halides, Sulfonyl Halides, and Chloroformates;Halogenating Agents",24569,"Acyl Halides, Sulfonyl Halides, and Chloroformates;Halogenating Agents",MATCH
65-30-5,"NICOTINE SULFATE, SOLID","Salts, Acidic;Water and Aqueous Solutions",2735101,"Salts, Acidic;Water and Aqueous Solutions",MATCH
65-45-2,2-HYDROXYBENZAMIDE,Amides and Imides;Phenols and Cresols,5147,Amides and Imides;Phenols and Cresols,MATCH
65-46-3,CYTIDINE,"Alcohols and Polyols;Amides and Imides;Amines, Phosphines, and Pyridines;Hydrocarbons, Aliphatic Unsaturated",6175,"Alcohols and Polyols;Amides and Imides;Amines, Phosphines, and Pyridines;Hydrocarbons, Aliphatic Unsaturated",MATCH
65-85-0,BENZOIC ACID,"Acids, Carboxylic",243,"Acids, Carboxylic",MATCH
65-86-1,OROTIC ACID,"Acids, Carboxylic;Amides and Imides;Hydrocarbons, Aliphatic Unsaturated",967,"Acids, Carboxylic;Amides and Imides;Hydrocarbons, Aliphatic Unsaturated",MATCH
65272-71-1,CHROMOSULFURIC ACID,"Acids, Strong Oxidizing",,,ERROR
6533-68-2,SCOPOLAMINE HYDROBROMIDE TRIHYDRATE,"Alcohols and Polyols;Epoxides;Esters, Sulfate Esters, Phosphate Esters, Thiophosphate Esters, and Borate Esters;Hydrocarbons, Aromatic;Salts, Acidic",20055509,"Alcohols and Polyols;Epoxides;Esters, Sulfate Esters, Phosphate Esters, Thiophosphate Esters, and Borate Esters;Hydrocarbons, Aromatic;Salts, Acidic",MATCH
6533-73-9,THALLOUS CARBONATE,Carbonate Salts,23031,Carbonate Salts,MATCH
6537-68-4,LEUCO VAT BLUE 1,"Alcohols and Polyols;Amines, Phosphines, and Pyridines;Conjugated Dienes;Hydrocarbons, Aromatic",23035,"Alcohols and Polyols;Amines, Phosphines, and Pyridines;Conjugated Dienes;Hydrocarbons, Aromatic",MATCH
6581-06-2,3-QUINUCLIDINYL BENZILATE,"Alcohols and Polyols;Amines, Phosphines, and Pyridines;Esters, Sulfate Esters, Phosphate Esters, Thiophosphate Esters, and Borate Esters",23056,"Alcohols and Polyols;Amines, Phosphines, and Pyridines;Esters, Sulfate Esters, Phosphate Esters, Thiophosphate Esters, and Borate Esters",MATCH
65996-91-0,"COAL TAR OIL, [LIGHT DISTILLATE]","Hydrocarbons, Aromatic;Phenols and Cresols",,,ERROR
65996-92-1,COAL TAR PITCH,"Hydrocarbons, Aromatic",,,ERROR
65997-15-1,PORTLAND CEMENT,"Non-Redox-Active Inorganic Compounds;Salts, Basic",,,ERROR
66-27-3,METHYL METHANESULFONATE,"Sulfonates, Phosphonates, and Thiophosphonates, Organic",4156,"Sulfonates, Phosphonates, and Thiophosphonates, Organic",MATCH
66-75-1,URACIL MUSTARD,"Amides and Imides;Amines, Phosphines, and Pyridines;Halogenated Organic Compounds;Hydrocarbons, Aliphatic Unsaturated",6194,"Amides and Imides;Amines, Phosphines, and Pyridines;Halogenated Organic Compounds;Hydrocarbons, Aliphatic Unsaturated",MATCH
66-81-9,CYCLOHEXIMIDE,Amides and Imides;Ketones,6197,Amides and Imides;Ketones,MATCH
6633-40-5,2-HYDROXY-7-NITROFLUORENE,"Nitro, Nitroso, Nitrate, and Nitrite Compounds, Organic;Phenols and Cresols",23119,"Nitro, Nitroso, Nitrate, and Nitrite Compounds, Organic;Phenols and Cresols",MATCH
6637-88-3,C.I. DIRECT ORANGE 6,"Amines, Aromatic;Azo, Diazo, Azido, Hydrazine, and Azide Compounds;Salts, Basic;Sulfonates, Phosphonates, and Thiophosphonates, Organic",135499571,"Amines, Aromatic;Azo, Diazo, Azido, Hydrazine, and Azide Compounds;Salts, Basic;Sulfonates, Phosphonates, and Thiophosphonates, Organic",MATCH
66441-23-4,FENOXAPROP ETHYL,"Amines, Phosphines, and Pyridines;Aryl Halides;Esters, Sulfate Esters, Phosphate Esters, Thiophosphate Esters, and Borate Esters",47938,"Amines, Phosphines, and Pyridines;Aryl Halides;Esters, Sulfate Esters, Phosphate Esters, Thiophosphate Esters, and Borate Esters",MATCH
67-20-9,NITROFURANTOIN,"Amides and Imides;Azo, Diazo, Azido, Hydrazine, and Azide Compounds;Nitro, Nitroso, Nitrate, and Nitrite Compounds, Organic",6604200,"Amides and Imides;Azo, Diazo, Azido, Hydrazine, and Azide Compounds;Nitro, Nitroso, Nitrate, and Nitrite Compounds, Organic",MATCH
67-21-0,DL-ETHIONINE,"Acids, Carboxylic;Acids, Weak;Amines, Phosphines, and Pyridines;Sulfides, Organic",6205,"Acids, Carboxylic;Acids, Weak;Amines, Phosphines, and Pyridines;Sulfides, Organic",MATCH
67-48-1,CHOLINE CHLORIDE,Alcohols and Polyols;Non-Redox-Active Inorganic Compounds;Quaternary Ammonium and Phosphonium Salts,6209,Alcohols and Polyols;Non-Redox-Active Inorganic Compounds;Quaternary Ammonium and Phosphonium Salts,MATCH
67-64-1,ACETONE,Ketones,180,Ketones,MATCH
67-72-1,HEXACHLOROETHANE,Halogenated Organic Compounds,6214,Halogenated Organic Compounds,MATCH
67-97-0,VITAMIN D3,"Alcohols and Polyols;Conjugated Dienes;Hydrocarbons, Aliphatic Unsaturated",5280795,"Alcohols and Polyols;Conjugated Dienes;Hydrocarbons, Aliphatic Unsaturated",MATCH
673-06-3,D-PHENYLALANINE,"Salts, Acidic",71567,"Salts, Acidic",MATCH
6731-36-8,"1,1-DI-(TERT-BUTYLPEROXY)-3,3,5-TRIMETHYL CYCLOHEXANE","Acetals, Ketals, Hemiacetals, and Hemiketals;Peroxides, Organic",93038,"Acetals, Ketals, Hemiacetals, and Hemiketals;Peroxides, Organic",MATCH
6742-54-7,N-UNDECYLBENZENE,"Hydrocarbons, Aromatic",23194,"Hydrocarbons, Aromatic",MATCH
67485-29-4,HYDRAMETHYLNON,"Amines, Phosphines, and Pyridines;Fluorinated Organic Compounds;Hydrocarbons, Aliphatic Unsaturated",49901,"Amines, Phosphines, and Pyridines;Fluorinated Organic Compounds;Hydrocarbons, Aliphatic Unsaturated",MATCH
676-99-3,DF,"Acyl Halides, Sulfonyl Halides, and Chloroformates;Sulfonates, Phosphonates, and Thiophosphonates, Organic",69610,"Acyl Halides, Sulfonyl Halides, and Chloroformates;Sulfonates, Phosphonates, and Thiophosphonates, Organic",MATCH
67634-00-8,"(3-METHYLBUTOXY)ACETIC ACID, 2-PROPENYL ESTER","Esters, Sulfate Esters, Phosphate Esters, Thiophosphate Esters, and Borate Esters;Ethers;Hydrocarbons, Aliphatic Unsaturated",106729,"Esters, Sulfate Esters, Phosphate Esters, Thiophosphate Esters, and Borate Esters;Ethers;Hydrocarbons, Aliphatic Unsaturated",MATCH
677-42-9,ISOPROPYLPHOSPHONYL DIFLUORIDE,"Acyl Halides, Sulfonyl Halides, and Chloroformates;Sulfonates, Phosphonates, and Thiophosphonates, Organic",14028521,"Acyl Halides, Sulfonyl Halides, and Chloroformates;Sulfonates, Phosphonates, and Thiophosphonates, Organic",MATCH
677-43-0,"N,N-DIMETHYL PHOSPHORAMIDIC DICHLORIDE","Acyl Halides, Sulfonyl Halides, and Chloroformates;Amides and Imides",12673,"Acyl Halides, Sulfonyl Halides, and Chloroformates;Amides and Imides",MATCH
677-71-4,HEXAFLUOROACETONE HYDRATE,"Acetals, Ketals, Hemiacetals, and Hemiketals;Alcohols and Polyols;Fluorinated Organic Compounds",69617,"Acetals, Ketals, Hemiacetals, and Hemiketals;Alcohols and Polyols;Fluorinated Organic Compounds",MATCH
67713-16-0,"HEXOTONAL &lt;OR&gt; HEXATONAL, CAST","Metals, Elemental and Powder, Active;Nitro, Nitroso, Nitrate, and Nitrite Compounds, Organic",,,ERROR
67762-27-0,TALLOW FATTY ALCOHOL,Alcohols and Polyols,,,ERROR
67774-32-7,POLYBROMINATED BIPHENYL,Aryl Halides;Not Chemically Reactive,42948,Aryl Halides;Not Chemically Reactive agents,MATCH
67805-95-2,ISONONANOYL PEROXIDE,"Peroxides, Organic",71367675,"Peroxides, Organic",MATCH
67828-17-5,DIETHYL DIBUTYLPHOSPHORAMIDATE,"Amines, Phosphines, and Pyridines;Esters, Sulfate Esters, Phosphate Esters, Thiophosphate Esters, and Borate Esters",105706,"Amines, Phosphines, and Pyridines;Esters, Sulfate Esters, Phosphate Esters, Thiophosphate Esters, and Borate Esters",MATCH
67873-91-0,"TRIISOCYANATOISOCYANURATE OF ISOPHORONEDIISOCYANATE, SOLUTION (70%)",Isocyanates and Isothiocyanates,106924,Isocyanates and Isothiocyanates,MATCH
6789-88-4,HEXYL BENZOATE,"Esters, Sulfate Esters, Phosphate Esters, Thiophosphate Esters, and Borate Esters",23235,"Esters, Sulfate Esters, Phosphate Esters, Thiophosphate Esters, and Borate Esters",MATCH
68-76-8,TRIAZIQUONE,"Amines, Phosphines, and Pyridines;Hydrocarbons, Aliphatic Unsaturated;Ketones",6235,"Amines, Phosphines, and Pyridines;Hydrocarbons, Aliphatic Unsaturated;Ketones",MATCH
68015-41-8,"FATTY ACIDS, TALL OIL, POLYMERS WITH GLYCEROL, MALEIC ANHYDRIDE, PHTHALIC ANHYDRIDE, AND SOYBEAN OIL","Alcohols and Polyols;Esters, Sulfate Esters, Phosphate Esters, Thiophosphate Esters, and Borate Esters;Hydrocarbons, Aliphatic Unsaturated",,,ERROR
68081-81-2,SODIUM ALKYLBENZENESULFONATES,"Salts, Basic",,,ERROR
68085-85-8,CYHALOTHRIN,"Esters, Sulfate Esters, Phosphate Esters, Thiophosphate Esters, and Borate Esters;Ethers;Fluorinated Organic Compounds;Halogenated Organic Compounds;Hydrocarbons, Aliphatic Unsaturated;Nitriles",5281873,"Esters, Sulfate Esters, Phosphate Esters, Thiophosphate Esters, and Borate Esters;Ethers;Fluorinated Organic Compounds;Halogenated Organic Compounds;Hydrocarbons, Aliphatic Unsaturated;Nitriles",MATCH
68131-40-8,ETHOXYLATED PENTADECANOL,Alcohols and Polyols;Ethers,,,ERROR
68131-73-7,POLYETHYLENE POLYAMINE,"Amines, Phosphines, and Pyridines",,,ERROR
68299-16-1,TERT-AMYL PEROXYNEODECANOATE,"Peroxides, Organic",110008,"Peroxides, Organic",MATCH
68334-30-5,"OIL, [FUEL, 1-D]","Hydrocarbons, Aliphatic Saturated",,,ERROR
68359-37-5,CYFLUTHRIN,"Aryl Halides;Esters, Sulfate Esters, Phosphate Esters, Thiophosphate Esters, and Borate Esters;Fluorinated Organic Compounds;Halogenated Organic Compounds;Hydrocarbons, Aliphatic Unsaturated;Nitriles",104926,"Aryl Halides;Esters, Sulfate Esters, Phosphate Esters, Thiophosphate Esters, and Borate Esters;Fluorinated Organic Compounds;Halogenated Organic Compounds;Hydrocarbons, Aliphatic Unsaturated;Nitriles",MATCH
684-93-5,N-NITROSO-N-METHYLUREA,"Amides and Imides;Azo, Diazo, Azido, Hydrazine, and Azide Compounds;Nitro, Nitroso, Nitrate, and Nitrite Compounds, Organic",12699,"Amides and Imides;Azo, Diazo, Azido, Hydrazine, and Azide Compounds;Nitro, Nitroso, Nitrate, and Nitrite Compounds, Organic",MATCH
6842-15-5,PROPYLENE TETRAMER,"Hydrocarbons, Aliphatic Unsaturated;Polymerizable Compounds",22833307,"Hydrocarbons, Aliphatic Unsaturated;Polymerizable Compounds",MATCH
68425-29-6,GASOLINE BLENDING STOCKS: ALKYLATES,"Hydrocarbons, Aliphatic Saturated",,,ERROR
68425-31-0,NATURAL GASOLINE,"Hydrocarbons, Aliphatic Saturated",,,ERROR
68476-30-2,"FUEL OIL, [NO. 2]","Hydrocarbons, Aliphatic Saturated",,,ERROR
68476-31-3,"FUEL OIL, [NO. 4]","Hydrocarbons, Aliphatic Saturated",,,ERROR
68476-85-7,LIQUEFIED PETROLEUM GAS,"Hydrocarbons, Aliphatic Saturated",,,ERROR
68511-50-2,SULFURIZED ISOBUTYLENE,"Ethers;Sulfides, Organic",,,ERROR
68514-06-7,VANILLAN BLACK LIQUOR,Aldehydes;Phenols and Cresols,,,ERROR
68551-12-2,ALCOHOL C-12 C-16 POLY (1-6) ETHOXYLATE,Alcohols and Polyols;Ethers,,,ERROR
68553-00-4,"FUEL OIL, [NO. 6]","Hydrocarbons, Aliphatic Saturated",,,ERROR
686-31-7,TERT-AMYL PEROXY-2-ETHYLHEXANOATE,"Peroxides, Organic",102465,"Peroxides, Organic",MATCH
686-68-0,DIHYDROUREA,Amides and Imides,12706,Amides and Imides,MATCH
68603-42-9,COCONUT OIL ACID DIETHANOLAMINE CONDENSATE (2/1),"Amines, Phosphines, and Pyridines",,,ERROR
68606-11-1,GASOLINES: STRAIGHT RUN,"Hydrocarbons, Aliphatic Saturated",,,ERROR
68783-78-8,DIMETHYL DITALLOW AMMONIUM CHLORIDE,"Hydrocarbons, Aliphatic Saturated;Non-Redox-Active Inorganic Compounds;Quaternary Ammonium and Phosphonium Salts",,,ERROR
68814-87-9,"DISTILLATES, [STRAIGHT RUN]","Hydrocarbons, Aliphatic Saturated",,,ERROR
68848-64-6,LITHIUM SILICON,"Metals, Alkali, Very Active",53470676,"Metals, Alkali, Very Active",MATCH
68915-66-2,"FATTY ACIDS, C5-10, ESTERS WITH POLYPENTAERYTHRITOL","Alcohols and Polyols;Esters, Sulfate Esters, Phosphate Esters, Thiophosphate Esters, and Borate Esters",,,ERROR
68916-39-2,WITCH HAZEL,"Alcohols and Polyols;Esters, Sulfate Esters, Phosphate Esters, Thiophosphate Esters, and Borate Esters",,,ERROR
68955-19-1,SODIUM ALKYL SULFATES,"Esters, Sulfate Esters, Phosphate Esters, Thiophosphate Esters, and Borate Esters;Salts, Basic",,,ERROR
68956-68-3,"OILS, EDIBLE: VEGETABLE","Esters, Sulfate Esters, Phosphate Esters, Thiophosphate Esters, and Borate Esters;Hydrocarbons, Aliphatic Unsaturated",,,ERROR
68956-82-1,"COBALT RESINATE, PRECIPITATED","Reducing Agents, Strong",,,ERROR
68975-47-3,ISOHEPTENE,"Hydrocarbons, Aliphatic Unsaturated;Polymerizable Compounds",77058,"Hydrocarbons, Aliphatic Unsaturated;Polymerizable Compounds",MATCH
69-05-6,QUINACRINE DIHYDROCHLORIDE,"Amines, Phosphines, and Pyridines;Aryl Halides;Ethers;Salts, Acidic",6239,"Amines, Phosphines, and Pyridines;Aryl Halides;Ethers;Salts, Acidic",MATCH
69-09-0,CHLORPROMAZINE HYDROCHLORIDE,"Amines, Phosphines, and Pyridines;Aryl Halides;Salts, Acidic;Sulfides, Organic",6240,"Amines, Phosphines, and Pyridines;Aryl Halides;Salts, Acidic;Sulfides, Organic",MATCH
69-57-8,"PENICILLIN G, SODIUM SALT","Amides and Imides;Salts, Acidic;Sulfides, Organic",23668834,"Amides and Imides;Salts, Acidic;Sulfides, Organic",MATCH
69-65-8,D-MANNITOL,Alcohols and Polyols,6251,Alcohols and Polyols,MATCH
69-72-7,SALICYLIC ACID,"Acids, Carboxylic;Phenols and Cresols",338,"Acids, Carboxylic;Phenols and Cresols",MATCH
69-74-9,CYTARABINE HYDROCHLORIDE,"Alcohols and Polyols;Amides and Imides;Salts, Basic",6252,"Alcohols and Polyols;Amides and Imides;Salts, Basic",MATCH
690-14-2,PROPYLPHOSPHONYL DIFLUORIDE,"Acyl Halides, Sulfonyl Halides, and Chloroformates;Sulfonates, Phosphonates, and Thiophosphonates, Organic",10558639,"Acyl Halides, Sulfonyl Halides, and Chloroformates;Sulfonates, Phosphonates, and Thiophosphonates, Organic",MATCH
69011-36-5,ETHOXYLATED TRIDECANOL,Alcohols and Polyols;Ethers,,,ERROR
692-42-2,DIETHYLARSINE,"Metal Hydrides, Metal Alkyls, Metal Aryls, and Silanes",6328051,"Metal Hydrides, Metal Alkyls, Metal Aryls, and Silanes",MATCH
6923-22-4,MONOCROTOPHOS,"Amides and Imides;Esters, Sulfate Esters, Phosphate Esters, Thiophosphate Esters, and Borate Esters;Hydrocarbons, Aliphatic Unsaturated",5371562,"Amides and Imides;Esters, Sulfate Esters, Phosphate Esters, Thiophosphate Esters, and Borate Esters;Hydrocarbons, Aliphatic Unsaturated",MATCH
693-21-0,DIETHYLENE GLYCOL DINITRATE,"Ethers;Nitro, Nitroso, Nitrate, and Nitrite Compounds, Organic",61198,"Ethers;Nitro, Nitroso, Nitrate, and Nitrite Compounds, Organic",MATCH
694-83-7,"1,2-DIAMINOCYCLOHEXANE","Amines, Phosphines, and Pyridines",4610,"Amines, Phosphines, and Pyridines",MATCH
69409-94-5,FLUVALINATE,"Amines, Phosphines, and Pyridines;Aryl Halides;Esters, Sulfate Esters, Phosphate Esters, Thiophosphate Esters, and Borate Esters;Fluorinated Organic Compounds;Nitriles",50516,"Amines, Phosphines, and Pyridines;Aryl Halides;Esters, Sulfate Esters, Phosphate Esters, Thiophosphate Esters, and Borate Esters;Fluorinated Organic Compounds;Nitriles",MATCH
6950-84-1,NAPHTHYLUREA,"Amides and Imides;Amines, Aromatic",81387,"Amides and Imides;Amines, Aromatic",MATCH
6959-47-3,2-(CHLOROMETHYL)PYRIDINE HYDROCHLORIDE,"Amines, Phosphines, and Pyridines;Halogenated Organic Compounds",23392,"Amines, Phosphines, and Pyridines;Halogenated Organic Compounds",MATCH
6959-48-4,3-(CHLOROMETHYL)PYRIDINE HYDROCHLORIDE,"Amines, Phosphines, and Pyridines;Halogenated Organic Compounds",23394,"Amines, Phosphines, and Pyridines;Halogenated Organic Compounds",MATCH
696-28-6,PHENYLDICHLOROARSINE,"Acyl Halides, Sulfonyl Halides, and Chloroformates",12762,"Acyl Halides, Sulfonyl Halides, and Chloroformates",MATCH
69655-05-6,"2&#39;,3&#39;-DIDEOXYINOSINE","Alcohols and Polyols;Amides and Imides;Amines, Phosphines, and Pyridines",135398739,"Alcohols and Polyols;Amides and Imides;Amines, Phosphines, and Pyridines",MATCH
69806-50-4,FLUAZIFOP BUTYL,"Amines, Phosphines, and Pyridines;Esters, Sulfate Esters, Phosphate Esters, Thiophosphate Esters, and Borate Esters;Fluorinated Organic Compounds",50897,"Amines, Phosphines, and Pyridines;Esters, Sulfate Esters, Phosphate Esters, Thiophosphate Esters, and Borate Esters;Fluorinated Organic Compounds",MATCH
70-11-1,PHENACYL BROMIDE,Halogenated Organic Compounds;Ketones,6259,Halogenated Organic Compounds;Ketones,MATCH
70-25-7,N-METHYL-N&#39;-NITRO-N-NITROSOGUANIDINE,"Amines, Phosphines, and Pyridines;Azo, Diazo, Azido, Hydrazine, and Azide Compounds;Nitro, Nitroso, Nitrate, and Nitrite Compounds, Organic",135436526,"Amines, Phosphines, and Pyridines;Azo, Diazo, Azido, Hydrazine, and Azide Compounds;Nitro, Nitroso, Nitrate, and Nitrite Compounds, Organic",MATCH
70-30-4,HEXACHLOROPHENE,Aryl Halides;Phenols and Cresols,3598,Aryl Halides;Phenols and Cresols,MATCH
70-34-8,"2,4-DINITROFLUOROBENZENE","Aryl Halides;Nitro, Nitroso, Nitrate, and Nitrite Compounds, Organic",6264,"Aryl Halides;Nitro, Nitroso, Nitrate, and Nitrite Compounds, Organic",MATCH
70-69-9,"PROPIOPHENONE, 4&#39;-AMINO-","Amines, Aromatic;Ketones",6270,"Amines, Aromatic;Ketones",MATCH
70027-50-8,COPPER SELENATE,"Oxidizing Agents, Weak;Salts, Basic",44147825,"Oxidizing Agents, Weak;Salts, Basic",MATCH
70042-58-9,TERT-BUTYLCYCLOHEXYL CHLOROFORMATE,"Acyl Halides, Sulfonyl Halides, and Chloroformates",3033862,"Acyl Halides, Sulfonyl Halides, and Chloroformates",MATCH
7005-72-3,4-CHLOROPHENYL PHENYL ETHER,Aryl Halides;Ethers,23436,Aryl Halides;Ethers,MATCH
7008-42-6,ACRONYCINE,"Amines, Phosphines, and Pyridines;Ethers;Hydrocarbons, Aliphatic Unsaturated;Ketones",345512,"Amines, Phosphines, and Pyridines;Ethers;Hydrocarbons, Aliphatic Unsaturated;Ketones",MATCH
70351-85-8,HEXABUTOXYTRIPHENYLENE,Ethers,10908485,Ethers,MATCH
70399-13-2,LITHIUM FERROSILICON,"Metals, Elemental and Powder, Active",23663317,"Metals, Elemental and Powder, Active",MATCH
7040-57-5,CHLOROSOMAN,"Acyl Halides, Sulfonyl Halides, and Chloroformates;Sulfonates, Phosphonates, and Thiophosphonates, Organic",145983,"Acyl Halides, Sulfonyl Halides, and Chloroformates;Sulfonates, Phosphonates, and Thiophosphonates, Organic",MATCH
70892-11-4,"FUEL OIL, [NO. 5]","Hydrocarbons, Aliphatic Saturated",,,ERROR
709-98-8,PROPANIL,"Amides and Imides;Amines, Aromatic;Aryl Halides",4933,"Amides and Imides;Amines, Aromatic;Aryl Halides",MATCH
70955-34-9,"FATTY ACIDS, TALL OIL, REACTION PRODUCTS WITH 2-[(2-AMINOETHYL)-\ AMINO]ETHANOL, QUATERNIZED WITH DIETHYL SULFATE","Acids, Carboxylic;Alcohols and Polyols;Amines, Phosphines, and Pyridines;Hydrocarbons, Aliphatic Saturated",,,ERROR
71-27-2,SUXAMETHONIUM DICHLORIDE,"Esters, Sulfate Esters, Phosphate Esters, Thiophosphate Esters, and Borate Esters;Non-Redox-Active Inorganic Compounds;Quaternary Ammonium and Phosphonium Salts",22475,"Esters, Sulfate Esters, Phosphate Esters, Thiophosphate Esters, and Borate Esters;Non-Redox-Active Inorganic Compounds;Quaternary Ammonium and Phosphonium Salts",MATCH
71-48-7,COBALT ACETATE,"Salts, Basic",6277,"Salts, Basic",MATCH
71-58-9,MEDROXYPROGESTERONE ACETATE,"Esters, Sulfate Esters, Phosphate Esters, Thiophosphate Esters, and Borate Esters;Hydrocarbons, Aliphatic Unsaturated;Ketones",6279,"Esters, Sulfate Esters, Phosphate Esters, Thiophosphate Esters, and Borate Esters;Hydrocarbons, Aliphatic Unsaturated;Ketones",MATCH
71-63-6,DIGITOXIN,"Alcohols and Polyols;Esters, Sulfate Esters, Phosphate Esters, Thiophosphate Esters, and Borate Esters;Ethers;Hydrocarbons, Aliphatic Unsaturated",441207,"Alcohols and Polyols;Esters, Sulfate Esters, Phosphate Esters, Thiophosphate Esters, and Borate Esters;Ethers;Hydrocarbons, Aliphatic Unsaturated",MATCH
7149-26-0,LINALYL ANTHRANILATE,"Amines, Aromatic;Esters, Sulfate Esters, Phosphate Esters, Thiophosphate Esters, and Borate Esters;Hydrocarbons, Aliphatic Unsaturated",23535,"Amines, Aromatic;Esters, Sulfate Esters, Phosphate Esters, Thiophosphate Esters, and Borate Esters;Hydrocarbons, Aliphatic Unsaturated",MATCH
7166-19-0,BETA-BROMO-BETA-NITROSTYRENE,"Halogenated Organic Compounds;Hydrocarbons, Aliphatic Unsaturated;Nitro, Nitroso, Nitrate, and Nitrite Compounds, Organic",23555,"Halogenated Organic Compounds;Hydrocarbons, Aliphatic Unsaturated;Nitro, Nitroso, Nitrate, and Nitrite Compounds, Organic",MATCH
71751-41-2,ABAMECTIN,"Acetals, Ketals, Hemiacetals, and Hemiketals;Alcohols and Polyols;Conjugated Dienes;Esters, Sulfate Esters, Phosphate Esters, Thiophosphate Esters, and Borate Esters;Ethers;Hydrocarbons, Aliphatic Unsaturated",9920327,"Acetals, Ketals, Hemiacetals, and Hemiketals;Alcohols and Polyols;Conjugated Dienes;Esters, Sulfate Esters, Phosphate Esters, Thiophosphate Esters, and Borate Esters;Ethers;Hydrocarbons, Aliphatic Unsaturated",MATCH
7177-48-2,AMPICILLIN TRIHYDRATE,"Acids, Carboxylic;Amides and Imides;Amines, Phosphines, and Pyridines;Sulfides, Organic",23565,"Acids, Carboxylic;Amides and Imides;Amines, Phosphines, and Pyridines;Sulfides, Organic",MATCH
7195-43-9,ISOPHTHALIC DIGLYCIDYL ESTER,"Epoxides;Esters, Sulfate Esters, Phosphate Esters, Thiophosphate Esters, and Borate Esters",23600,"Epoxides;Esters, Sulfate Esters, Phosphate Esters, Thiophosphate Esters, and Borate Esters",MATCH
72-14-0,SULFATHIAZOLE,"Amines, Phosphines, and Pyridines;Sulfides, Organic;Sulfonates, Phosphonates, and Thiophosphonates, Organic",5340,"Amines, Phosphines, and Pyridines;Sulfides, Organic;Sulfonates, Phosphonates, and Thiophosphonates, Organic",MATCH
72-20-8,ENDRIN,"Epoxides;Halogenated Organic Compounds;Hydrocarbons, Aliphatic Unsaturated",12358480,"Epoxides;Halogenated Organic Compounds;Hydrocarbons, Aliphatic Unsaturated",MATCH
72-43-5,METHOXYCHLOR,Ethers;Halogenated Organic Compounds,4115,Ethers;Halogenated Organic Compounds,MATCH
72-54-8,DICHLORODIPHENYLDICHLOROETHANE,Aryl Halides;Halogenated Organic Compounds,6294,Aryl Halides;Halogenated Organic Compounds,MATCH
72-55-9,"P,P&#39;-DDE","Aryl Halides;Halogenated Organic Compounds;Hydrocarbons, Aliphatic Unsaturated",3035,"Aryl Halides;Halogenated Organic Compounds;Hydrocarbons, Aliphatic Unsaturated",MATCH
72-56-0,"P,P&#39;-ETHYL DDD",Halogenated Organic Compounds,6295,Halogenated Organic Compounds,MATCH
72-57-1,TRYPAN BLUE,"Amines, Aromatic;Azo, Diazo, Azido, Hydrazine, and Azide Compounds;Phenols and Cresols",6296,"Amines, Aromatic;Azo, Diazo, Azido, Hydrazine, and Azide Compounds;Phenols and Cresols",MATCH
7206-76-0,2-PHENYL-2-ETHYLMALONDIAMIDE,Amides and Imides,23611,Amides and Imides,MATCH
7209-38-3,BIS (AMINOPROPYL) PIPERAZINE,"Amines, Phosphines, and Pyridines",81629,"Amines, Phosphines, and Pyridines",MATCH
72178-02-0,FOMESAFEN,"Amides and Imides;Aryl Halides;Fluorinated Organic Compounds;Nitro, Nitroso, Nitrate, and Nitrite Compounds, Organic",51556,"Amides and Imides;Aryl Halides;Fluorinated Organic Compounds;Nitro, Nitroso, Nitrate, and Nitrite Compounds, Organic",MATCH
7220-79-3,METHYLENE BLUE TRIHYDRATE,"Amines, Phosphines, and Pyridines;Hydrocarbons, Aromatic;Quaternary Ammonium and Phosphonium Salts;Sulfides, Organic",104827,"Amines, Phosphines, and Pyridines;Hydrocarbons, Aromatic;Quaternary Ammonium and Phosphonium Salts;Sulfides, Organic",MATCH
7227-91-0,"1-PHENYL-3,3-DIMETHYLTRIAZENE","Amines, Phosphines, and Pyridines;Azo, Diazo, Azido, Hydrazine, and Azide Compounds;Hydrocarbons, Aromatic",23654,"Amines, Phosphines, and Pyridines;Azo, Diazo, Azido, Hydrazine, and Azide Compounds;Hydrocarbons, Aromatic",MATCH
72276-00-7,"TRICHLOROBENZENE, POLYMER WITH 1,4-DICHLOROBENZENE AND SODIUM SULFIDE","Aryl Halides;Sulfides, Inorganic",,,ERROR
723-46-6,SULFAMETHOXAZOLE,"Amides and Imides;Amines, Aromatic;Oximes",5329,"Amides and Imides;Amines, Aromatic;Oximes",MATCH
7241-98-7,AFLATOXIN G2,"Acetals, Ketals, Hemiacetals, and Hemiketals;Esters, Sulfate Esters, Phosphate Esters, Thiophosphate Esters, and Borate Esters;Ethers",2724362,"Acetals, Ketals, Hemiacetals, and Hemiketals;Esters, Sulfate Esters, Phosphate Esters, Thiophosphate Esters, and Borate Esters;Ethers",MATCH
72490-01-8,FENOXYCARB,Carbamates;Ethers,51605,Carbamates;Ethers,MATCH
7261-97-4,DANTROLEN,"Amines, Phosphines, and Pyridines;Azo, Diazo, Azido, Hydrazine, and Azide Compounds;Nitro, Nitroso, Nitrate, and Nitrite Compounds, Organic",6914273,"Amines, Phosphines, and Pyridines;Azo, Diazo, Azido, Hydrazine, and Azide Compounds;Nitro, Nitroso, Nitrate, and Nitrite Compounds, Organic",MATCH
7269-57-0,2-AMINO-N6-HYDROXYADENINE,"Amines, Phosphines, and Pyridines;Oximes",101513,"Amines, Phosphines, and Pyridines;Oximes",MATCH
7287-19-6,PROMETRYN,"Amines, Phosphines, and Pyridines;Hydrocarbons, Aromatic;Sulfides, Organic",4929,"Amines, Phosphines, and Pyridines;Hydrocarbons, Aromatic;Sulfides, Organic",MATCH
7289-37-4,ETHOXYLATED DODECANOL,Alcohols and Polyols;Ethers,96386,Alcohols and Polyols;Ethers,MATCH
73-22-3,L-TRYPTOPHAN,"Salts, Acidic",6305,"Salts, Acidic",MATCH
73-49-4,QUINETHAZONE,"Amides and Imides;Amines, Aromatic;Aryl Halides;Sulfonates, Phosphonates, and Thiophosphonates, Organic",6307,"Amides and Imides;Amines, Aromatic;Aryl Halides;Sulfonates, Phosphonates, and Thiophosphonates, Organic",MATCH
730915-04-5,5-MERCAPTOTETRAZOL-1-ACETIC ACID,"Acids, Carboxylic;Azo, Diazo, Azido, Hydrazine, and Azide Compounds;Ketones",19021343,"Acids, Carboxylic;Azo, Diazo, Azido, Hydrazine, and Azide Compounds;Ketones",MATCH
732-11-6,PHOSMET,"Amides and Imides;Esters, Sulfate Esters, Phosphate Esters, Thiophosphate Esters, and Borate Esters",12901,"Amides and Imides;Esters, Sulfate Esters, Phosphate Esters, Thiophosphate Esters, and Borate Esters",MATCH
7320-34-5,POTASSIUM TETRAPYRO PHOSPHATE,"Salts, Basic",23740,"Salts, Basic",MATCH
7320-37-8,"1,2-EPOXYHEXADECANE",Epoxides;Polymerizable Compounds,23741,Epoxides;Polymerizable Compounds,MATCH
7336-20-1,"4,4&#39;-DIAMINO-2,2&#39;-STILBENEDISULFONIC ACID, DISODIUM SALT","Amines, Aromatic;Hydrocarbons, Aliphatic Unsaturated;Salts, Basic;Sulfonates, Phosphonates, and Thiophosphonates, Organic",,,ERROR
73459-03-7,5-METHYLISOPSORALEN,"Esters, Sulfate Esters, Phosphate Esters, Thiophosphate Esters, and Borate Esters;Ethers",62267,"Esters, Sulfate Esters, Phosphate Esters, Thiophosphate Esters, and Borate Esters;Ethers",MATCH
738-70-5,TRIMETHOPRIM,"Amines, Phosphines, and Pyridines;Ethers",5578,"Amines, Phosphines, and Pyridines;Ethers",MATCH
7390-81-0,"1,2-EPOXYOCTADECANE",Epoxides;Polymerizable Compounds,23872,Epoxides;Polymerizable Compounds,MATCH
7396-58-9,DIDECYLMETHYL AMINE,"Amines, Phosphines, and Pyridines",81880,"Amines, Phosphines, and Pyridines",MATCH
74-11-3,P-CHLOROBENZOIC ACID,"Acids, Carboxylic;Aryl Halides",6318,"Acids, Carboxylic;Aryl Halides",MATCH
74-31-7,"N,N&#39;-DIPHENYL-P-PHENYLENEDIAMINE","Amines, Phosphines, and Pyridines;Hydrocarbons, Aromatic",6319,"Amines, Phosphines, and Pyridines;Hydrocarbons, Aromatic",MATCH
74051-80-2,SETHOXYDIM,"Hydrocarbons, Aliphatic Unsaturated;Oximes",135491830,"Hydrocarbons, Aliphatic Unsaturated;Oximes",MATCH
7421-93-4,ENDRIN ALDEHYDE,Aldehydes;Halogenated Organic Compounds,522524,Aldehydes;Halogenated Organic Compounds,MATCH
7423-53-2,TRIS(3-CHLORO-2-HYDROXYPROPYL)ISOCYANURATE,Alcohols and Polyols;Halogenated Organic Compounds;Isocyanates and Isothiocyanates,23904,Alcohols and Polyols;Halogenated Organic Compounds;Isocyanates and Isothiocyanates,MATCH
7425-80-1,TETRAISOBUTYL TITANATE,"Bases, Strong;Esters, Sulfate Esters, Phosphate Esters, Thiophosphate Esters, and Borate Esters",165601,"Bases, Strong;Esters, Sulfate Esters, Phosphate Esters, Thiophosphate Esters, and Borate Esters",MATCH
7429-90-5,"ALUMINUM POWDER, COATED","Metals, Elemental and Powder, Active",5359268,"Metals, Elemental and Powder, Active",MATCH
7439-89-6,"IRON, [POWDERED]","Metals, Elemental and Powder, Active",23925,"Metals, Elemental and Powder, Active",MATCH
7439-90-9,KRYPTON,Not Chemically Reactive,5416,Not Chemically Reactive agents,MISMATCH
7439-92-1,LEAD,"Metals, Less Reactive agents",5352425,"Metals, Less Reactive agents",MATCH
7439-93-2,LITHIUM,"Metals, Alkali, Very Active",3028194,"Metals, Alkali, Very Active",MATCH
7439-95-4,MAGNESIUM,"Metals, Elemental and Powder, Active",5462224,"Metals, Elemental and Powder, Active",MATCH
7439-96-5,MANGANESE,"Metals, Less Reactive agents",23930,"Metals, Less Reactive agents",MATCH
7439-98-7,MOLYBDENUM,"Metals, Less Reactive agents",23932,"Metals, Less Reactive agents",MATCH
7440-01-9,NEON,Not Chemically Reactive,23935,Not Chemically Reactive agents,MISMATCH
7440-02-0,NICKEL,"Metals, Elemental and Powder, Active",935,"Metals, Elemental and Powder, Active",MATCH
7440-06-4,PLATINUM,"Metals, Less Reactive agents",23939,"Metals, Less Reactive agents",MATCH
7440-09-7,POTASSIUM,"Metals, Alkali, Very Active",5462222,"Metals, Alkali, Very Active",MATCH
7440-16-6,RHODIUM (METAL FUME),"Metals, Less Reactive agents",23948,"Metals, Less Reactive agents",MATCH
7440-17-7,RUBIDIUM,"Metals, Alkali, Very Active",5357696,"Metals, Alkali, Very Active",MATCH
7440-21-3,"SILICON POWDER, AMORPHOUS","Metals, Elemental and Powder, Active",5461123,"Metals, Elemental and Powder, Active",MATCH
7440-22-4,SILVER,"Metals, Less Reactive agents",23954,"Metals, Less Reactive agents",MATCH
7440-23-5,SODIUM,"Metals, Alkali, Very Active",5360545,"Metals, Alkali, Very Active",MATCH
7440-25-7,TANTALUM (METAL AND OXIDE DUST),"Metals, Elemental and Powder, Active",23956,"Metals, Elemental and Powder, Active",MATCH
7440-28-0,THALLIUM,"Metals, Less Reactive agents",5359464,"Metals, Less Reactive agents",MATCH
7440-31-5,TIN,"Metals, Less Reactive agents",5352426,"Metals, Less Reactive agents",MATCH
7440-32-6,"TITANIUM POWDER, DRY","Metals, Elemental and Powder, Active;Water and Aqueous Solutions",23963,"Metals, Elemental and Powder, Active;Water and Aqueous Solutions",MATCH
7440-33-7,TUNGSTEN,"Metals, Less Reactive agents",23964,"Metals, Less Reactive agents",MATCH
7440-36-0,ANTIMONY POWDER,"Metals, Elemental and Powder, Active",5354495,"Metals, Elemental and Powder, Active",MATCH
7440-37-1,ARGON,Not Chemically Reactive,23968,Not Chemically Reactive agents,MISMATCH
7440-38-2,ARSENIC,"Metals, Less Reactive agents",5359596,"Metals, Less Reactive agents",MATCH
7440-39-3,BARIUM,"Metals, Elemental and Powder, Active",5355457,"Metals, Elemental and Powder, Active",MATCH
7440-41-7,"BERYLLIUM COMPOUND, N.O.S.","Insufficient Information for Classification;Metals, Elemental and Powder, Active",5460467,"Insufficient Information for Classification;Metals, Elemental and Powder, Active",MATCH
7440-43-9,CADMIUM,"Metals, Elemental and Powder, Active",23973,"Metals, Elemental and Powder, Active",MATCH
7440-45-1,"CERIUM, SLABS, INGOTS OR RODS","Metals, Elemental and Powder, Active",23974,"Metals, Elemental and Powder, Active",MATCH
7440-46-2,CESIUM,"Metals, Alkali, Very Active",5354618,"Metals, Alkali, Very Active",MATCH
7440-47-3,CHROMIUM,"Metals, Elemental and Powder, Active",23976,"Metals, Elemental and Powder, Active",MATCH
7440-48-4,COBALT,"Metals, Elemental and Powder, Active",104730,"Metals, Elemental and Powder, Active",MATCH
7440-50-8,COPPER,"Metals, Less Reactive agents",23978,"Metals, Less Reactive agents",MATCH
7440-55-3,GALLIUM,"Metals, Less Reactive agents",5360835,"Metals, Less Reactive agents",MATCH
7440-58-6,"HAFNIUM POWDER, DRY","Metals, Elemental and Powder, Active;Water and Aqueous Solutions",23986,"Metals, Elemental and Powder, Active;Water and Aqueous Solutions",MATCH
7440-59-7,HELIUM,Not Chemically Reactive,23987,Not Chemically Reactive agents,MISMATCH
7440-62-2,VANADIUM (FUME OR DUST),"Metals, Elemental and Powder, Active",23990,"Metals, Elemental and Powder, Active",MATCH
7440-63-3,XENON,Not Chemically Reactive,23991,Not Chemically Reactive agents,MISMATCH
7440-65-5,YTTRIUM,"Metals, Elemental and Powder, Active",23993,"Metals, Elemental and Powder, Active",MATCH
7440-66-6,ZINC ASHES,"Metals, Elemental and Powder, Active",23994,"Metals, Elemental and Powder, Active",MATCH
7440-67-7,ZIRCONIUM POWDER WET,"Metals, Elemental and Powder, Active;Water and Aqueous Solutions",23995,"Metals, Elemental and Powder, Active;Water and Aqueous Solutions",MATCH
7440-70-2,CALCIUM,"Metals, Elemental and Powder, Active",5460341,"Metals, Elemental and Powder, Active",MATCH
7440-74-6,INDIUM,"Metals, Elemental and Powder, Active",5359967,"Metals, Elemental and Powder, Active",MATCH
7446-08-4,SELENIUM DIOXIDE,"Oxidizing Agents, Strong",24007,"Oxidizing Agents, Strong",MATCH
7446-27-7,LEAD PHOSPHATE,"Salts, Basic",24009,"Salts, Basic",MATCH
7446-34-6,SELENIUM SULFIDE,"Sulfides, Inorganic",24011,"Sulfides, Inorganic",MATCH
7446-70-0,"ALUMINUM CHLORIDE, ANHYDROUS","Acids, Strong Non-oxidizing;Halogenating Agents;Water and Aqueous Solutions",24012,"Acids, Strong Non-oxidizing;Halogenating Agents;Water and Aqueous Solutions",MATCH
7447-39-4,COPPER CHLORIDE,"Amines, Phosphines, and Pyridines;Salts, Acidic;Salts, Basic",24014,"Amines, Phosphines, and Pyridines;Salts, Acidic;Salts, Basic",MATCH
7447-40-7,POTASSIUM CHLORIDE,Non-Redox-Active Inorganic Compounds,4873,Non-Redox-Active Inorganic Compounds,MATCH
7447-41-8,LITHIUM CHLORIDE,Non-Redox-Active Inorganic Compounds,433294,Non-Redox-Active Inorganic Compounds,MATCH
7452-79-1,ETHYL-2-METHYL BUTYRATE,"Esters, Sulfate Esters, Phosphate Esters, Thiophosphate Esters, and Borate Esters",24020,"Esters, Sulfate Esters, Phosphate Esters, Thiophosphate Esters, and Borate Esters",MATCH
7481-89-2,"2&#39;,3&#39;-DIDEOXYCYTIDINE","Alcohols and Polyols;Amides and Imides;Amines, Phosphines, and Pyridines",24066,"Alcohols and Polyols;Amides and Imides;Amines, Phosphines, and Pyridines",MATCH
7487-94-7,MERCURIC CHLORIDE,"Metals, Less Reactive agents;Salts, Acidic",24085,"Metals, Less Reactive agents;Salts, Acidic",MATCH
7488-56-4,SELENIUM DISULFIDE,"Sulfides, Inorganic",24087,"Sulfides, Inorganic",MATCH
74893-76-8,"DINITROPHENOLATES, WETTED WITH NOT LESS THAN 15% WATER","Nitro, Nitroso, Nitrate, and Nitrite Compounds, Organic;Phenolic Salts;Water and Aqueous Solutions",20041894,"Nitro, Nitroso, Nitrate, and Nitrite Compounds, Organic;Phenolic Salts;Water and Aqueous Solutions",MATCH
7492-66-2,CITRAL DIETHYL ACETAL,"Ethers;Hydrocarbons, Aliphatic Unsaturated",5365794,"Ethers;Hydrocarbons, Aliphatic Unsaturated",MATCH
7493-63-2,ALLYL ANTHRANILATE,"Amines, Aromatic;Esters, Sulfate Esters, Phosphate Esters, Thiophosphate Esters, and Borate Esters;Hydrocarbons, Aliphatic Unsaturated",24116,"Amines, Aromatic;Esters, Sulfate Esters, Phosphate Esters, Thiophosphate Esters, and Borate Esters;Hydrocarbons, Aliphatic Unsaturated",MATCH
7493-72-3,ALLYL NONANOATE,"Esters, Sulfate Esters, Phosphate Esters, Thiophosphate Esters, and Borate Esters;Hydrocarbons, Aliphatic Unsaturated",61410,"Esters, Sulfate Esters, Phosphate Esters, Thiophosphate Esters, and Borate Esters;Hydrocarbons, Aliphatic Unsaturated",MATCH
7496-02-8,6-NITROCHRYSENE,"Hydrocarbons, Aromatic;Nitro, Nitroso, Nitrate, and Nitrite Compounds, Organic",24121,"Hydrocarbons, Aromatic;Nitro, Nitroso, Nitrate, and Nitrite Compounds, Organic",MATCH
75-16-1,METHYL MAGNESIUM BROMIDE IN ETHYL ETHER,"Ethers;Metal Hydrides, Metal Alkyls, Metal Aryls, and Silanes",6349,"Ethers;Metal Hydrides, Metal Alkyls, Metal Aryls, and Silanes",MATCH
75-20-7,CALCIUM CARBIDE,"Nitrides, Phosphides, Carbides, and Silicides",,,ERROR
75-27-4,DICHLOROBROMOMETHANE,Halogenated Organic Compounds,6359,Halogenated Organic Compounds,MATCH
75-39-8,ACETALDEHYDE AMMONIA,"Aldehydes;Amines, Phosphines, and Pyridines",522583,"Aldehydes;Amines, Phosphines, and Pyridines",MATCH
75-47-8,IODOFORM,Halogenated Organic Compounds,6374,Halogenated Organic Compounds,MATCH
75-60-5,CACODYLIC ACID,"Acids, Carboxylic",2513,"Acids, Carboxylic",MATCH
75-66-1,TERT-BUTYL MERCAPTAN,"Sulfides, Organic",6387,"Sulfides, Organic",MATCH
75-98-9,TRIMETHYLACETIC ACID,"Acids, Carboxylic",6417,"Acids, Carboxylic",MATCH
75-99-0,"2,2-DICHLOROPROPIONIC ACID","Acids, Carboxylic;Aryl Halides;Halogenated Organic Compounds",6418,"Acids, Carboxylic;Aryl Halides;Halogenated Organic Compounds",MATCH
752-74-9,TRIS(TRIPHENYLSTANNYL) ISOCYANURATE,Isocyanates and Isothiocyanates;Organometallics,11979373,Isocyanates and Isothiocyanates;Organometallics,MATCH
753-98-0,ETHYL PHOSPHONYL DIFLUORIDE,"Acyl Halides, Sulfonyl Halides, and Chloroformates;Sulfonates, Phosphonates, and Thiophosphonates, Organic",12585494,"Acyl Halides, Sulfonyl Halides, and Chloroformates;Sulfonates, Phosphonates, and Thiophosphonates, Organic",MATCH
75389-89-8,DIETHYLTOLUENEDIAMINE,"Amines, Aromatic",24834553,"Amines, Aromatic",MATCH
75519-19-6,TRIBROMOACETONITRILE,Halogenated Organic Compounds;Nitriles,3852893,Halogenated Organic Compounds;Nitriles,MATCH
7553-56-2,IODINE,"Oxidizing Agents, Weak",807,"Oxidizing Agents, Weak",MATCH
756-79-6,DIMETHYL METHYLPHOSPHONATE,"Sulfonates, Phosphonates, and Thiophosphonates, Organic",12958,"Sulfonates, Phosphonates, and Thiophosphonates, Organic",MATCH
757-58-4,HEXAETHYL TETRAPHOSPHATE,"Anhydrides;Esters, Sulfate Esters, Phosphate Esters, Thiophosphate Esters, and Borate Esters",12960,"Anhydrides;Esters, Sulfate Esters, Phosphate Esters, Thiophosphate Esters, and Borate Esters",MATCH
7578-36-1,BORON TRIFLUORIDE ACETIC ACID COMPLEX,"Acids, Carboxylic;Acids, Weak;Fluoride Salts, Soluble",,,ERROR
75790-84-0,"4-METHYLDIPHENYLMETHANE-3,4-DIISOCYANATE",Isocyanates and Isothiocyanates,62272,Isocyanates and Isothiocyanates,MATCH
75790-87-3,"2,4&#39;-DIISOCYANATODIPHENYL SULFIDE","Isocyanates and Isothiocyanates;Sulfides, Organic",62273,"Isocyanates and Isothiocyanates;Sulfides, Organic",MATCH
7580-67-8,LITHIUM HYDRIDE,"Metal Hydrides, Metal Alkyls, Metal Aryls, and Silanes",62714,"Metal Hydrides, Metal Alkyls, Metal Aryls, and Silanes",MATCH
759-73-9,N-NITROSO-N-ETHYLUREA,"Amides and Imides;Azo, Diazo, Azido, Hydrazine, and Azide Compounds;Nitro, Nitroso, Nitrate, and Nitrite Compounds, Organic",12967,"Amides and Imides;Azo, Diazo, Azido, Hydrazine, and Azide Compounds;Nitro, Nitroso, Nitrate, and Nitrite Compounds, Organic",MATCH
759-94-4,ETHYL DIPROPYLTHIOCARBAMATE,Thiocarbamate Esters and Salts/Dithiocarbamate Esters and Salts,12968,Thiocarbamate Esters and Salts/Dithiocarbamate Esters and Salts,MATCH
76-03-9,TRICHLOROACETIC ACID,"Acids, Carboxylic;Halogenated Organic Compounds;Water and Aqueous Solutions",6421,"Acids, Carboxylic;Halogenated Organic Compounds;Water and Aqueous Solutions",MATCH
76-11-9,"1,1,1,2-TETRACHLORO-2,2-DIFLUOROETHANE",Fluorinated Organic Compounds,6426,Fluorinated Organic Compounds,MATCH
76-19-7,OCTAFLUOROPROPANE,Fluorinated Organic Compounds,6432,Fluorinated Organic Compounds,MATCH
76-22-2,CAMPHOR,Ketones,2537,Ketones,MATCH
76-44-8,HEPTACHLOR,"Halogenated Organic Compounds;Hydrocarbons, Aliphatic Unsaturated",3589,"Halogenated Organic Compounds;Hydrocarbons, Aliphatic Unsaturated",MATCH
76-57-3,CODEINE,"Alcohols and Polyols;Amines, Phosphines, and Pyridines;Ethers",5284371,"Alcohols and Polyols;Amines, Phosphines, and Pyridines;Ethers",MATCH
76-87-9,TRIPHENYLTIN HYDROXIDE,"Organometallics;Salts, Basic",9907219,"Organometallics;Salts, Basic",MATCH
7601-89-0,SODIUM PERCHLORATE,"Oxidizing Agents, Strong",522606,"Oxidizing Agents, Strong",MATCH
76180-96-6,"2-AMINO-3-METHYLIMIDAZO(4,5-F)QUINOLINE","Amines, Phosphines, and Pyridines",53462,"Amines, Phosphines, and Pyridines",MATCH
762-12-9,DIDECANOYL PEROXIDE,"Peroxides, Organic",69802,"Peroxides, Organic",MATCH
762-13-0,PELARGONYL PEROXIDE,"Peroxides, Organic",12978,"Peroxides, Organic",MATCH
762-16-3,CAPRYLYL PEROXIDE,"Peroxides, Organic",12979,"Peroxides, Organic",MATCH
763-20-2,2-METHYL-2-HEPTANETHIOL,"Sulfides, Organic",69810,"Sulfides, Organic",MATCH
7631-86-9,"SILICA, AMORPHOUS",Siloxanes,24261,Siloxanes,MATCH
7631-89-2,SODIUM ARSENATE,"Oxidizing Agents, Weak;Salts, Basic",47275,"Oxidizing Agents, Weak;Salts, Basic",MATCH
7631-90-5,SODIUM BISULFITE,Sulfite and Thiosulfate Salts;Water and Aqueous Solutions,23665763,Sulfite and Thiosulfate Salts;Water and Aqueous Solutions,MATCH
7631-99-4,SODIUM NITRATE,"Nitrate and Nitrite Compounds, Inorganic",24268,"Nitrate and Nitrite Compounds, Inorganic",MATCH
7632-00-0,SODIUM NITRITE,"Nitrate and Nitrite Compounds, Inorganic;Water and Aqueous Solutions",23668193,"Nitrate and Nitrite Compounds, Inorganic;Water and Aqueous Solutions",MATCH
764-42-1,FUMARONITRILE,"Hydrocarbons, Aliphatic Unsaturated;Nitriles",637930,"Hydrocarbons, Aliphatic Unsaturated;Nitriles",MATCH
7646-69-7,SODIUM HYDRIDE,"Metal Hydrides, Metal Alkyls, Metal Aryls, and Silanes",24758,"Metal Hydrides, Metal Alkyls, Metal Aryls, and Silanes",MATCH
7646-79-9,COBALT CHLORIDE,"Salts, Acidic",3032536,"Salts, Acidic",MATCH
7646-85-7,"ZINC CHLORIDE, ANHYDROUS","Acids, Strong Non-oxidizing;Water and Aqueous Solutions",5727,"Acids, Strong Non-oxidizing;Water and Aqueous Solutions",MATCH
7646-93-7,POTASSIUM HYDROGEN SULFATE,"Salts, Acidic",516920,"Salts, Acidic",MATCH
7647-01-0,HYDROCHLORIC ACID,"Acids, Strong Non-oxidizing;Water and Aqueous Solutions",313,"Acids, Strong Non-oxidizing;Water and Aqueous Solutions",MATCH
7647-10-1,PALLADIUM CHLORIDE,"Metals, Less Reactive agents;Oxidizing Agents, Weak;Salts, Acidic",24290,"Metals, Less Reactive agents;Oxidizing Agents, Weak;Salts, Acidic",MATCH
76578-14-8,QUIZALOFOP-ETHYL,"Amines, Phosphines, and Pyridines;Aryl Halides;Esters, Sulfate Esters, Phosphate Esters, Thiophosphate Esters, and Borate Esters;Ethers",53518,"Amines, Phosphines, and Pyridines;Aryl Halides;Esters, Sulfate Esters, Phosphate Esters, Thiophosphate Esters, and Borate Esters;Ethers",MATCH
766-09-6,1-ETHYLPIPERIDINE,"Amines, Phosphines, and Pyridines",13007,"Amines, Phosphines, and Pyridines",MATCH
7664-38-2,PHOSPHORIC ACID,"Acids, Weak",1004,"Acids, Weak",MATCH
7664-93-9,SULFURIC ACID,"Acids, Strong Oxidizing",1118,"Acids, Strong Oxidizing",MATCH
7665-72-7,T-BUTYL GLYCIDYL ETHER,Epoxides;Ethers,24314,Epoxides;Ethers,MATCH
7673-09-8,TRICHLOROMELAMINE,"Acids, Weak;Amines, Phosphines, and Pyridines;Halogenated Organic Compounds",24322,"Acids, Weak;Amines, Phosphines, and Pyridines;Halogenated Organic Compounds",MATCH
768-52-5,N-ISOPROPYLANILINE,"Amines, Aromatic",13032,"Amines, Aromatic",MATCH
7681-11-0,POTASSIUM IODIDE,"Reducing Agents, Weak;Salts, Basic",4875,"Reducing Agents, Weak;Salts, Basic",MATCH
7681-38-1,"SODIUM BISULFATE, SOLID","Salts, Acidic;Water and Aqueous Solutions",516919,"Salts, Acidic;Water and Aqueous Solutions",MATCH
7681-49-4,SODIUM FLUORIDE,"Salts, Basic;Water and Aqueous Solutions",5235,"Salts, Basic;Water and Aqueous Solutions",MATCH
7681-65-4,COPPER IODIDE,Non-Redox-Active Inorganic Compounds,6432705,Non-Redox-Active Inorganic Compounds,MATCH
7693-27-8,MAGNESIUM HYDRIDE,"Metal Hydrides, Metal Alkyls, Metal Aryls, and Silanes",,,ERROR
7696-12-0,TETRAMETHRIN,"Amides and Imides;Esters, Sulfate Esters, Phosphate Esters, Thiophosphate Esters, and Borate Esters;Hydrocarbons, Aliphatic Unsaturated",83975,"Amides and Imides;Esters, Sulfate Esters, Phosphate Esters, Thiophosphate Esters, and Borate Esters;Hydrocarbons, Aliphatic Unsaturated",MATCH
7697-37-2,NITRIC ACID,"Acids, Strong Oxidizing",944,"Acids, Strong Oxidizing",MATCH
7699-31-2,"1,2-DIETHYLHYDRAZINE DIHYDROCHLORIDE","Azo, Diazo, Azido, Hydrazine, and Azide Compounds;Salts, Acidic",24372,"Azo, Diazo, Azido, Hydrazine, and Azide Compounds;Salts, Acidic",MATCH
7699-43-6,ZIRCONIUM OXYCHLORIDE,"Salts, Acidic",173000778,"Salts, Acidic",MATCH
7699-45-8,ZINC BROMIDE,"Salts, Acidic",10421208,"Salts, Acidic",MATCH
77-06-5,GIBBERELLIC ACID,"Acids, Carboxylic;Alcohols and Polyols;Esters, Sulfate Esters, Phosphate Esters, Thiophosphate Esters, and Borate Esters;Hydrocarbons, Aliphatic Unsaturated",6466,"Acids, Carboxylic;Alcohols and Polyols;Esters, Sulfate Esters, Phosphate Esters, Thiophosphate Esters, and Borate Esters;Hydrocarbons, Aliphatic Unsaturated",MATCH
77-58-7,DIBUTYLTIN DILAURATE,"Organometallics;Salts, Basic",16682738,"Organometallics;Salts, Basic",MATCH
77-65-6,ALPHA-BROMO-ALPHA-ETHYLBUTYRYLUREA,Amides and Imides;Halogenated Organic Compounds,6488,Amides and Imides;Halogenated Organic Compounds,MATCH
77-77-0,DIVINYL SULFONE,"Hydrocarbons, Aliphatic Unsaturated;Polymerizable Compounds;Sulfonates, Phosphonates, and Thiophosphonates, Organic",6496,"Hydrocarbons, Aliphatic Unsaturated;Polymerizable Compounds;Sulfonates, Phosphonates, and Thiophosphonates, Organic",MATCH
77-81-6,TABUN,"Amines, Phosphines, and Pyridines;Nitriles;Sulfonates, Phosphonates, and Thiophosphonates, Organic",6500,"Amines, Phosphines, and Pyridines;Nitriles;Sulfonates, Phosphonates, and Thiophosphonates, Organic",MATCH
77-83-8,3-METHYL-3-PHENYLGLYCIDIC ACID ETHYL ESTER,"Epoxides;Esters, Sulfate Esters, Phosphate Esters, Thiophosphate Esters, and Borate Esters",6501,"Epoxides;Esters, Sulfate Esters, Phosphate Esters, Thiophosphate Esters, and Borate Esters",MATCH
77-92-9,CITRIC ACID,"Acids, Carboxylic;Alcohols and Polyols",311,"Acids, Carboxylic;Alcohols and Polyols",MATCH
770-12-7,MONOPHENYL DICHLOROPHOSPHATE,"Acyl Halides, Sulfonyl Halides, and Chloroformates;Esters, Sulfate Esters, Phosphate Esters, Thiophosphate Esters, and Borate Esters",13038,"Acyl Halides, Sulfonyl Halides, and Chloroformates;Esters, Sulfate Esters, Phosphate Esters, Thiophosphate Esters, and Borate Esters",MATCH
7704-34-9,"SULFUR, MOLTEN","Reducing Agents, Strong",5362487,"Reducing Agents, Strong",MATCH
7704-98-5,TITANIUM HYDRIDE,"Metal Hydrides, Metal Alkyls, Metal Aryls, and Silanes",197094,"Metal Hydrides, Metal Alkyls, Metal Aryls, and Silanes",MATCH
7705-07-9,TITANIUM TRICHLORIDE MIXTURE,"Reducing Agents, Strong",62646,,NO_PUBCHEM_DATA
7705-08-0,FERRIC CHLORIDE,"Acids, Strong Non-oxidizing;Water and Aqueous Solutions",24380,"Acids, Strong Non-oxidizing;Water and Aqueous Solutions",MATCH
77094-11-2,"2-AMINO-3,4-DIMETHYLIMIDAZO(4,5-F)QUINOLINE","Amines, Phosphines, and Pyridines",62274,"Amines, Phosphines, and Pyridines",MATCH
771-29-9,TETRALIN HYDROPEROXIDE,"Peroxides, Organic",69866,"Peroxides, Organic",MATCH
7713-79-3,N-PHENYLMALEISOIMIDE,"Amides and Imides;Esters, Sulfate Esters, Phosphate Esters, Thiophosphate Esters, and Borate Esters;Hydrocarbons, Aliphatic Unsaturated",568654,"Amides and Imides;Esters, Sulfate Esters, Phosphate Esters, Thiophosphate Esters, and Borate Esters;Hydrocarbons, Aliphatic Unsaturated",MATCH
7718-98-1,VANADIUM TRICHLORIDE,"Acids, Strong Non-oxidizing",62647,"Acids, Strong Non-oxidizing",MATCH
7722-64-7,POTASSIUM PERMANGANATE,"Oxidizing Agents, Strong",516875,"Oxidizing Agents, Strong",MATCH
7722-84-1,HYDROGEN PEROXIDE,"Oxidizing Agents, Strong;Water and Aqueous Solutions",784,"Oxidizing Agents, Strong;Water and Aqueous Solutions",MATCH
7722-88-5,TETRASODIUM PYROPHOSPHATE,"Anhydrides;Salts, Basic",24403,"Anhydrides;Salts, Basic",MATCH
7725-93-1,2-MERCAPTO-4-METHYL-5-THIAZOLYL METHYL KETONE,"Ketones;Sulfides, Organic",3032538,"Ketones;Sulfides, Organic",MATCH
7727-15-3,"ALUMINUM BROMIDE, ANHYDROUS","Acids, Strong Non-oxidizing;Halogenating Agents",24409,"Acids, Strong Non-oxidizing;Halogenating Agents",MATCH
7727-21-1,POTASSIUM PERSULFATE,"Oxidizing Agents, Strong",24412,"Oxidizing Agents, Strong",MATCH
7727-37-9,NITROGEN,Not Chemically Reactive,947,Epoxides;Not Chemically Reactive agents;Polymerizable Compounds,MISMATCH
7727-43-7,BARIUM SULFATE,"Salts, Basic",24414,"Salts, Basic",MATCH
7727-54-0,AMMONIUM PERSULFATE,"Oxidizing Agents, Strong;Salts, Acidic",62648,"Oxidizing Agents, Strong;Salts, Acidic",MATCH
7732-18-5,WATER,Water and Aqueous Solutions,962,Water and Aqueous Solutions,MATCH
7733-02-0,ZINC SULFATE,"Salts, Acidic",24424,"Salts, Acidic",MATCH
77501-63-4,LACTOFEN,"Aryl Halides;Esters, Sulfate Esters, Phosphate Esters, Thiophosphate Esters, and Borate Esters;Ethers;Fluorinated Organic Compounds;Nitro, Nitroso, Nitrate, and Nitrite Compounds, Organic",62276,"Aryl Halides;Esters, Sulfate Esters, Phosphate Esters, Thiophosphate Esters, and Borate Esters;Ethers;Fluorinated Organic Compounds;Nitro, Nitroso, Nitrate, and Nitrite Compounds, Organic",MATCH
7756-94-7,TRIISOBUTYLENE,"Hydrocarbons, Aliphatic Unsaturated;Polymerizable Compounds",,,ERROR
7756-96-9,BUTYL ANTHRANILATE,"Amines, Aromatic;Esters, Sulfate Esters, Phosphate Esters, Thiophosphate Esters, and Borate Esters",24433,"Amines, Aromatic;Esters, Sulfate Esters, Phosphate Esters, Thiophosphate Esters, and Borate Esters",MATCH
7757-79-1,POTASSIUM NITRATE,"Nitrate and Nitrite Compounds, Inorganic",24434,"Nitrate and Nitrite Compounds, Inorganic",MATCH
7757-83-7,SODIUM SULFITE,Sulfite and Thiosulfate Salts,24437,Sulfite and Thiosulfate Salts,MATCH
7758-01-2,POTASSIUM BROMATE,"Oxidizing Agents, Strong",23673461,"Oxidizing Agents, Strong",MATCH
7758-02-3,POTASSIUM BROMIDE,Non-Redox-Active Inorganic Compounds,253877,Non-Redox-Active Inorganic Compounds,MATCH
7758-09-0,POTASSIUM NITRITE,"Nitrate and Nitrite Compounds, Inorganic",516910,"Nitrate and Nitrite Compounds, Inorganic",MATCH
7758-19-2,SODIUM CHLORITE,"Oxidizing Agents, Strong;Salts, Basic",23668197,"Oxidizing Agents, Strong;Salts, Basic",MATCH
7758-94-3,"FERROUS CHLORIDE, SOLID","Reducing Agents, Strong;Water and Aqueous Solutions",24458,"Reducing Agents, Strong;Water and Aqueous Solutions",MATCH
7758-95-4,LEAD CHLORIDE,Non-Redox-Active Inorganic Compounds,24459,Non-Redox-Active Inorganic Compounds,MATCH
7758-97-6,LEAD CHROMATE,"Oxidizing Agents, Strong;Salts, Basic",24460,"Oxidizing Agents, Strong;Salts, Basic",MATCH
7758-98-7,CUPRIC SULFATE,"Salts, Acidic",24462,"Salts, Acidic",MATCH
7758-99-8,COPPER SULFATE PENTAHYDRATE,"Salts, Acidic",24463,"Salts, Acidic",MATCH
7759-01-5,LEAD TUNGSTATE,Non-Redox-Active Inorganic Compounds,24464,Non-Redox-Active Inorganic Compounds,MATCH
776-74-9,DIPHENYLMETHYL BROMIDE,Halogenated Organic Compounds,236603,Halogenated Organic Compounds,MATCH
7761-88-8,SILVER NITRATE,"Nitrate and Nitrite Compounds, Inorganic",24470,"Nitrate and Nitrite Compounds, Inorganic",MATCH
7772-98-7,SODIUM THIOSULFATE,Sulfite and Thiosulfate Salts,24477,,NO_PUBCHEM_DATA
7772-99-8,"STANNOUS CHLORIDE, SOLID","Reducing Agents, Strong;Salts, Acidic",24479,"Reducing Agents, Strong;Salts, Acidic",MATCH
7773-03-7,POTASSIUM BISULFITE SOLUTION,Sulfite and Thiosulfate Salts;Water and Aqueous Solutions,23663620,Sulfite and Thiosulfate Salts;Water and Aqueous Solutions,MATCH
7773-06-0,AMMONIUM SULFAMATE,"Salts, Basic",24482,"Salts, Basic",MATCH
7774-29-0,MERCURY IODIDE,"Metals, Less Reactive agents;Reducing Agents, Weak",24485,"Metals, Less Reactive agents;Reducing Agents, Weak",MATCH
7775-09-9,SODIUM CHLORATE,"Oxidizing Agents, Strong;Water and Aqueous Solutions",516902,"Oxidizing Agents, Strong;Water and Aqueous Solutions",MATCH
7775-11-3,SODIUM CHROMATE,"Oxidizing Agents, Strong;Salts, Basic;Water and Aqueous Solutions",24488,"Oxidizing Agents, Strong;Salts, Basic;Water and Aqueous Solutions",MATCH
7775-14-6,SODIUM DITHIONITE,Anhydrides,24489,Anhydrides,MATCH
7775-27-1,SODIUM PERSULFATE,"Oxidizing Agents, Strong",62655,"Oxidizing Agents, Strong",MATCH
7775-41-9,SILVER FLUORIDE,"Salts, Basic",165912,"Salts, Basic",MATCH
7778-18-9,CALCIUM SULFATE,"Salts, Basic",24497,"Salts, Basic",MATCH
7778-39-4,"ARSENIC ACID, LIQUID","Acids, Weak;Oxidizing Agents, Weak;Water and Aqueous Solutions",234,"Acids, Weak;Oxidizing Agents, Weak;Water and Aqueous Solutions",MATCH
7778-44-1,CALCIUM ARSENATE,"Oxidizing Agents, Weak;Salts, Basic",24501,"Oxidizing Agents, Weak;Salts, Basic",MATCH
7778-50-9,POTASSIUM BICHROMATE,"Oxidizing Agents, Strong;Salts, Basic",24502,"Oxidizing Agents, Strong;Salts, Basic",MATCH
7778-54-3,CALCIUM HYPOCHLORITE,"Oxidizing Agents, Strong;Salts, Basic;Water and Aqueous Solutions",24504,"Bases, Strong;Oxidizing Agents, Strong;Salts, Basic",MATCH
7778-66-7,POTASSIUM HYPOCHLORITE SOLUTION,"Oxidizing Agents, Strong;Salts, Basic;Water and Aqueous Solutions",23665762,"Oxidizing Agents, Strong;Salts, Basic;Water and Aqueous Solutions",MATCH
7778-74-7,POTASSIUM PERCHLORATE,"Oxidizing Agents, Strong",516900,"Oxidizing Agents, Strong",MATCH
7779-16-0,CYCLOHEXYL ANTHRANILATE,"Amines, Aromatic;Esters, Sulfate Esters, Phosphate Esters, Thiophosphate Esters, and Borate Esters",24510,"Amines, Aromatic;Esters, Sulfate Esters, Phosphate Esters, Thiophosphate Esters, and Borate Esters",MATCH
7779-30-8,"1-(2,6,6-TRIMETHYL-2-CYCLOHEXEN-1-YL)-1-PENTEN-3-ONE","Hydrocarbons, Aliphatic Unsaturated;Ketones",61071,"Hydrocarbons, Aliphatic Unsaturated;Ketones",MATCH
7779-65-9,ISOAMYL CINNAMATE,"Esters, Sulfate Esters, Phosphate Esters, Thiophosphate Esters, and Borate Esters;Hydrocarbons, Aliphatic Unsaturated;Hydrocarbons, Aromatic",5273467,"Esters, Sulfate Esters, Phosphate Esters, Thiophosphate Esters, and Borate Esters;Hydrocarbons, Aliphatic Unsaturated;Hydrocarbons, Aromatic",MATCH
7779-77-3,ISOBUTYL ANTHRANILATE,"Amines, Aromatic;Esters, Sulfate Esters, Phosphate Esters, Thiophosphate Esters, and Borate Esters",24515,"Amines, Aromatic;Esters, Sulfate Esters, Phosphate Esters, Thiophosphate Esters, and Borate Esters",MATCH
7779-86-4,ZINC DITHIONITE,Anhydrides,24517,Anhydrides,MATCH
7779-88-6,ZINC NITRATE,"Nitrate and Nitrite Compounds, Inorganic",24518,"Nitrate and Nitrite Compounds, Inorganic",MATCH
7782-42-5,GRAPHITE (NATURAL),"Reducing Agents, Weak",5462310,"Hydrocarbons, Aliphatic Saturated;Reducing Agents, Weak",MATCH
7782-44-7,OXYGEN,"Oxidizing Agents, Strong",977,"Oxidizing Agents, Strong",MATCH
7782-49-2,SELENIUM POWDER,"Metals, Elemental and Powder, Active",6326970,"Metals, Elemental and Powder, Active",MATCH
7782-89-0,LITHIUM AMIDE,"Bases, Strong",24532,"Bases, Strong",MATCH
7782-92-5,SODIUM AMIDE,"Bases, Strong;Nitrides, Phosphides, Carbides, and Silicides",24533,"Bases, Strong;Nitrides, Phosphides, Carbides, and Silicides",MATCH
7783-00-8,SELENIOUS ACID,"Acids, Weak;Oxidizing Agents, Strong",1091,"Acids, Weak;Oxidizing Agents, Strong",MATCH
7783-08-6,SELENIC ACID,"Acids, Strong Oxidizing",1089,"Acids, Strong Oxidizing",MATCH
7783-18-8,AMMONIUM THIOSULFATE,"Salts, Acidic;Sulfite and Thiosulfate Salts;Water and Aqueous Solutions",6096946,"Salts, Acidic;Sulfite and Thiosulfate Salts;Water and Aqueous Solutions",MATCH
7783-20-2,AMMONIUM SULFATE,"Salts, Acidic",6097028,"Salts, Acidic",MATCH
7783-33-7,"MERCURIC POTASSIUM IODIDE, [SOLID]","Metals, Less Reactive agents;Salts, Acidic",24542,"Metals, Less Reactive agents;Salts, Acidic",MATCH
7783-35-9,MERCURIC SULFATE,"Metals, Less Reactive agents;Salts, Acidic",24544,"Metals, Less Reactive agents;Salts, Acidic",MATCH
7783-36-0,MERCUROUS SULFATE,"Metals, Less Reactive agents;Salts, Acidic",24545,"Metals, Less Reactive agents;Salts, Acidic",MATCH
7783-46-2,LEAD FLUORIDE,Non-Redox-Active Inorganic Compounds,24549,Non-Redox-Active Inorganic Compounds,MATCH
7783-47-3,STANNOUS FLUORIDE,"Fluoride Salts, Soluble;Reducing Agents, Strong;Salts, Acidic",24550,"Fluoride Salts, Soluble;Reducing Agents, Strong;Salts, Acidic",MATCH
7783-50-8,FERRIC FLUORIDE,"Salts, Acidic",24552,"Salts, Acidic",MATCH
7783-56-4,ANTIMONY TRIFLUORIDE,"Acids, Strong Non-oxidizing;Fluoride Salts, Soluble;Oxidizing Agents, Strong",24554,"Acids, Strong Non-oxidizing;Fluoride Salts, Soluble;Oxidizing Agents, Strong",MATCH
7783-58-6,GERMANIUM TETRAFLUORIDE,"Chlorosilanes;Fluoride Salts, Soluble;Halogenating Agents",82215,"Chlorosilanes;Fluoride Salts, Soluble;Halogenating Agents",MATCH
7783-66-6,IODINE PENTAFLUORIDE,"Halogenating Agents;Oxidizing Agents, Strong",522683,"Halogenating Agents;Oxidizing Agents, Strong",MATCH
7783-81-5,"RADIOACTIVE MATERIAL, URANIUM HEXAFLUORIDE, FISSILE","Fluoride Salts, Soluble;Halogenating Agents",24560,"Fluoride Salts, Soluble;Halogenating Agents",MATCH
7783-97-3,SILVER IODATE,"Oxidizing Agents, Strong",165642,"Oxidizing Agents, Strong",MATCH
7784-08-9,SILVER ARSENITE,"Salts, Basic",44144454,"Salts, Basic",MATCH
7784-18-1,ALUMINUM FLUORIDE,"Salts, Basic",2124,"Salts, Basic",MATCH
7784-21-6,ALUMINUM HYDRIDE,"Metal Hydrides, Metal Alkyls, Metal Aryls, and Silanes",14488,"Metal Hydrides, Metal Alkyls, Metal Aryls, and Silanes",MATCH
7784-30-7,"ALUMINUM PHOSPHATE, SOLUTION","Salts, Acidic;Water and Aqueous Solutions",64655,"Salts, Acidic;Water and Aqueous Solutions",MATCH
7784-37-4,MERCURIC ARSENATE,"Oxidizing Agents, Weak;Salts, Basic",44144455,"Oxidizing Agents, Weak;Salts, Basic",MATCH
7784-44-3,AMMONIUM ARSENATE,"Oxidizing Agents, Weak;Salts, Acidic",24574,"Oxidizing Agents, Weak;Salts, Acidic",MATCH
7784-45-4,"ARSENIC IODIDE, SOLID","Acyl Halides, Sulfonyl Halides, and Chloroformates;Halogenating Agents",24575,"Acyl Halides, Sulfonyl Halides, and Chloroformates;Halogenating Agents",MATCH
7784-46-5,"SODIUM ARSENITE, AQUEOUS SOLUTION","Salts, Basic;Water and Aqueous Solutions",443495,"Salts, Basic;Water and Aqueous Solutions",MATCH
7786-34-7,MEVINPHOS,"Esters, Sulfate Esters, Phosphate Esters, Thiophosphate Esters, and Borate Esters;Hydrocarbons, Aliphatic Unsaturated",9560,"Esters, Sulfate Esters, Phosphate Esters, Thiophosphate Esters, and Borate Esters;Hydrocarbons, Aliphatic Unsaturated",MATCH
7786-81-4,NICKEL SULFATE,"Salts, Acidic",24586,"Salts, Acidic",MATCH
7787-36-2,BARIUM PERMANGANATE,"Oxidizing Agents, Strong",24587,"Oxidizing Agents, Strong",MATCH
7787-41-9,BARIUM SELENATE,"Oxidizing Agents, Weak;Salts, Basic",134655,"Oxidizing Agents, Weak;Salts, Basic",MATCH
7787-47-5,BERYLLIUM CHLORIDE,"Salts, Acidic",24588,"Salts, Acidic",MATCH
7787-49-7,BERYLLIUM FLUORIDE,"Salts, Acidic",24589,"Salts, Acidic",MATCH
7787-59-9,BISMUTH OXYCHLORIDE,"Acyl Halides, Sulfonyl Halides, and Chloroformates",173065887,"Acyl Halides, Sulfonyl Halides, and Chloroformates",MATCH
7787-70-4,COPPER (I) BROMIDE,Non-Redox-Active Inorganic Compounds,24593,Non-Redox-Active Inorganic Compounds,MATCH
7788-97-8,"CHROMIC FLUORIDE, SOLID","Salts, Basic;Water and Aqueous Solutions",522687,"Salts, Basic;Water and Aqueous Solutions",MATCH
7789-00-6,POTASSIUM CHROMATE,"Oxidizing Agents, Strong;Salts, Basic",24597,"Oxidizing Agents, Strong;Salts, Basic",MATCH
7789-06-2,STRONTIUM CHROMATE,"Oxidizing Agents, Strong;Salts, Basic",24599,"Oxidizing Agents, Strong;Salts, Basic",MATCH
7789-09-5,AMMONIUM DICHROMATE,"Oxidizing Agents, Strong;Salts, Acidic",24600,"Oxidizing Agents, Strong;Salts, Acidic",MATCH
7789-18-6,CESIUM NITRATE,"Nitrate and Nitrite Compounds, Inorganic",62674,"Nitrate and Nitrite Compounds, Inorganic",MATCH
7789-23-3,POTASSIUM FLUORIDE,"Salts, Basic",522689,"Salts, Basic",MATCH
7789-29-9,POTASSIUM BIFLUORIDE,"Fluoride Salts, Soluble;Salts, Acidic;Water and Aqueous Solutions",11829350,"Fluoride Salts, Soluble;Salts, Acidic;Water and Aqueous Solutions",MATCH
7789-38-0,SODIUM BROMATE,"Oxidizing Agents, Strong",23668195,"Oxidizing Agents, Strong",MATCH
7789-42-6,CADMIUM BROMIDE,Non-Redox-Active Inorganic Compounds,9816930,Non-Redox-Active Inorganic Compounds,MATCH
7789-43-7,COBALTOUS BROMIDE,"Salts, Acidic",24610,"Salts, Acidic",MATCH
7789-45-9,COPPER(II) BROMIDE,"Salts, Acidic",24611,"Salts, Acidic",MATCH
7789-47-1,MERCURIC BROMIDE,"Metals, Less Reactive agents;Non-Redox-Active Inorganic Compounds",24612,"Metals, Less Reactive agents;Non-Redox-Active Inorganic Compounds",MATCH
7789-59-5,PHOSPHORUS OXYBROMIDE,"Acyl Halides, Sulfonyl Halides, and Chloroformates",24613,"Acyl Halides, Sulfonyl Halides, and Chloroformates",MATCH
7789-60-8,PHOSPHORUS TRIBROMIDE,"Acids, Strong Non-oxidizing;Reducing Agents, Strong",24614,"Acids, Strong Non-oxidizing;Reducing Agents, Strong",MATCH
7789-61-9,ANTIMONY TRIBROMIDE,"Acids, Strong Non-oxidizing;Halogenating Agents;Oxidizing Agents, Strong",24615,"Acids, Strong Non-oxidizing;Halogenating Agents;Oxidizing Agents, Strong",MATCH
7789-69-7,PHOSPHORUS PENTABROMIDE,"Acids, Strong Non-oxidizing;Halogenating Agents;Oxidizing Agents, Strong",62678,"Acids, Strong Non-oxidizing;Halogenating Agents;Oxidizing Agents, Strong",MATCH
7789-75-5,CALCIUM FLUORIDE,Non-Redox-Active Inorganic Compounds,84512,Non-Redox-Active Inorganic Compounds,MATCH
7789-78-8,CALCIUM HYDRIDE,"Metal Hydrides, Metal Alkyls, Metal Aryls, and Silanes",,,ERROR
7790-59-2,POTASSIUM SELENATE,"Oxidizing Agents, Weak;Salts, Basic",62680,"Oxidizing Agents, Weak;Salts, Basic",MATCH
7790-69-4,LITHIUM NITRATE,"Nitrate and Nitrite Compounds, Inorganic",10129889,"Nitrate and Nitrite Compounds, Inorganic",MATCH
7790-93-4,CHLORIC ACID,"Acids, Strong Oxidizing",19654,"Acids, Strong Oxidizing",MATCH
7790-98-9,AMMONIUM PERCHLORATE,"Oxidizing Agents, Strong;Salts, Acidic",24639,"Oxidizing Agents, Strong;Salts, Acidic",MATCH
7790-99-0,IODINE MONOCHLORIDE,"Halogenating Agents;Oxidizing Agents, Strong",24640,"Halogenating Agents;Oxidizing Agents, Strong",MATCH
7791-10-8,STRONTIUM CHLORATE,"Oxidizing Agents, Strong",24641,"Oxidizing Agents, Strong",MATCH
7791-12-0,THALLOUS CHLORIDE,Non-Redox-Active Inorganic Compounds,24642,Non-Redox-Active Inorganic Compounds,MATCH
7791-21-1,CHLORINE MONOXIDE,"Halogenating Agents;Oxidizing Agents, Strong",24646,"Halogenating Agents;Oxidizing Agents, Strong",MATCH
7791-27-7,PYROSULFURYL CHLORIDE,"Acyl Halides, Sulfonyl Halides, and Chloroformates;Anhydrides",24649,"Acyl Halides, Sulfonyl Halides, and Chloroformates;Anhydrides",MATCH
78-11-5,PENTAERYTHRITE TETRANITRATE,"Nitro, Nitroso, Nitrate, and Nitrite Compounds, Organic;Water and Aqueous Solutions",6518,"Nitro, Nitroso, Nitrate, and Nitrite Compounds, Organic;Water and Aqueous Solutions",MATCH
78-18-2,1-HYDROXY-1&#39;-HYDROPEROXY DICYCLOHEXYL PEROXIDE,"Acetals, Ketals, Hemiacetals, and Hemiketals;Alcohols and Polyols;Peroxides, Organic",6521,"Acetals, Ketals, Hemiacetals, and Hemiketals;Alcohols and Polyols;Peroxides, Organic;Water and Aqueous Solutions",MATCH
78-32-0,TRI-P-TOLYL PHOSPHATE,"Esters, Sulfate Esters, Phosphate Esters, Thiophosphate Esters, and Borate Esters;Hydrocarbons, Aromatic",6529,"Esters, Sulfate Esters, Phosphate Esters, Thiophosphate Esters, and Borate Esters;Hydrocarbons, Aromatic",MATCH
78-34-2,DIOXATHION,"Esters, Sulfate Esters, Phosphate Esters, Thiophosphate Esters, and Borate Esters;Ethers",6531,"Esters, Sulfate Esters, Phosphate Esters, Thiophosphate Esters, and Borate Esters;Ethers",MATCH
78-38-6,DIETHYL ETHYLPHOSPHONATE,"Sulfonates, Phosphonates, and Thiophosphonates, Organic",6534,"Sulfonates, Phosphonates, and Thiophosphonates, Organic",MATCH
78-42-2,TRIS(2-ETHYLHEXYL)PHOSPHATE,"Esters, Sulfate Esters, Phosphate Esters, Thiophosphate Esters, and Borate Esters",6537,"Esters, Sulfate Esters, Phosphate Esters, Thiophosphate Esters, and Borate Esters",MATCH
78-44-4,CARISOPRODOL,Carbamates,2576,Carbamates,MATCH
78-48-8,"S,S,S-TRIBUTYLTRITHIOPHOSPHATE","Esters, Sulfate Esters, Phosphate Esters, Thiophosphate Esters, and Borate Esters",5125,"Esters, Sulfate Esters, Phosphate Esters, Thiophosphate Esters, and Borate Esters",MATCH
78-51-3,TRIBUTOXYETHYL PHOSPHATE,"Esters, Sulfate Esters, Phosphate Esters, Thiophosphate Esters, and Borate Esters;Ethers",6540,"Esters, Sulfate Esters, Phosphate Esters, Thiophosphate Esters, and Borate Esters;Ethers",MATCH
78-53-5,AMITON,"Amines, Phosphines, and Pyridines;Sulfonates, Phosphonates, and Thiophosphonates, Organic",6542,"Amines, Phosphines, and Pyridines;Sulfonates, Phosphonates, and Thiophosphonates, Organic",MATCH
78-63-7,"2,5-DIMETHYL-2,5-DI-(TERT-BUTYLPEROXY)HEXANE","Peroxides, Organic",6545,"Peroxides, Organic",MATCH
78-67-1,AZODIISOBUTYRONITRILE,"Azo, Diazo, Azido, Hydrazine, and Azide Compounds;Nitriles",6547,"Azo, Diazo, Azido, Hydrazine, and Azide Compounds;Nitriles",MATCH
78-71-7,"OXETANE, 3,3-BIS(CHLOROMETHYL)-",Ethers;Halogenated Organic Compounds,6550,Ethers;Halogenated Organic Compounds,MATCH
78-75-1,"1,2-DIBROMOPROPANE",Halogenated Organic Compounds,6553,Halogenated Organic Compounds,MATCH
78-89-7,2-CHLORO-1-PROPANOL,Alcohols and Polyols;Halogenated Organic Compounds,6566,Alcohols and Polyols;Halogenated Organic Compounds,MATCH
78-98-8,METHYLGLYOXAL,Aldehydes;Ketones;Polymerizable Compounds,880,Aldehydes;Ketones;Polymerizable Compounds,MATCH
7803-54-5,MAGNESIUM DIAMIDE,"Bases, Strong",10219363,"Bases, Strong",MATCH
7803-55-6,AMMONIUM METAVANADATE,"Oxidizing Agents, Weak;Salts, Acidic",516859,"Oxidizing Agents, Weak;Salts, Acidic",MATCH
7803-63-6,AMMONIUM HYDROGEN SULFATE,"Salts, Acidic",24655,"Salts, Acidic",MATCH
7803-65-8,AMMONIUM HYPOPHOSPHITE,"Reducing Agents, Strong;Salts, Acidic",24656,"Reducing Agents, Strong;Salts, Acidic",MATCH
78413-87-3,OCTONAL,"Nitro, Nitroso, Nitrate, and Nitrite Compounds, Organic",44148217,"Nitro, Nitroso, Nitrate, and Nitrite Compounds, Organic",MATCH
786-19-6,CARBOPHENOTHION,"Aryl Halides;Esters, Sulfate Esters, Phosphate Esters, Thiophosphate Esters, and Borate Esters",13081,"Aryl Halides;Esters, Sulfate Esters, Phosphate Esters, Thiophosphate Esters, and Borate Esters",MATCH
79-06-1,ACRYLAMIDE,Acrylates and Acrylic Acids;Amides and Imides;Polymerizable Compounds;Water and Aqueous Solutions,6579,Acrylates and Acrylic Acids;Amides and Imides;Polymerizable Compounds;Water and Aqueous Solutions,MATCH
79-08-3,BROMOACETIC ACID,"Acids, Carboxylic;Halogenated Organic Compounds;Water and Aqueous Solutions",6227,"Acids, Carboxylic;Halogenated Organic Compounds;Water and Aqueous Solutions",MATCH
79-11-8,"CHLOROACETIC ACID, SOLID","Acids, Carboxylic;Halogenated Organic Compounds",300,"Acids, Carboxylic;Halogenated Organic Compounds",MATCH
79-15-2,N-BROMOACETAMIDE,Amides and Imides;Halogenated Organic Compounds,4353,Amides and Imides;Halogenated Organic Compounds,MATCH
79-19-6,THIOSEMICARBAZIDE,"Azo, Diazo, Azido, Hydrazine, and Azide Compounds;Isocyanates and Isothiocyanates",2723789,"Azo, Diazo, Azido, Hydrazine, and Azide Compounds;Isocyanates and Isothiocyanates",MATCH
79-30-1,ISOBUTYRYL CHLORIDE,"Acyl Halides, Sulfonyl Halides, and Chloroformates",62325,"Acyl Halides, Sulfonyl Halides, and Chloroformates",MATCH
79-42-5,THIOLACTIC ACID,"Acids, Carboxylic;Sulfides, Organic",62326,"Acids, Carboxylic;Sulfides, Organic",MATCH
79-92-5,CAMPHENE,"Hydrocarbons, Aliphatic Unsaturated",6616,"Hydrocarbons, Aliphatic Unsaturated",MATCH
79-94-7,TETRABROMOBISPHENOL A,Aryl Halides;Phenols and Cresols,6618,Aryl Halides;Phenols and Cresols,MATCH
793-24-8,"N-(1,3-DIMETHYLBUTYL)-N&#39;-PHENYL-P-PHENYLENEDIAMINE","Amines, Phosphines, and Pyridines",13101,"Amines, Phosphines, and Pyridines",MATCH
79869-58-2,PROPANETHIOLS,"Sulfides, Organic",7848,"Sulfides, Organic",MATCH
80-05-7,"4,4&#39;-ISOPROPYLIDENEDIPHENOL",Phenols and Cresols,6623,Phenols and Cresols,MATCH
80-07-9,"4,4&#39;-DICHLORODIPHENYL SULFONE","Aryl Halides;Sulfonates, Phosphonates, and Thiophosphonates, Organic",6625,"Aryl Halides;Sulfonates, Phosphonates, and Thiophosphonates, Organic",MATCH
80-08-0,"4,4&#39;-SULFONYLDIANILINE","Amines, Aromatic;Sulfonates, Phosphonates, and Thiophosphonates, Organic",2955,"Amines, Aromatic;Sulfonates, Phosphonates, and Thiophosphonates, Organic",MATCH
80-13-7,HALAZONE,"Acids, Carboxylic;Halogenating Agents;Sulfonates, Phosphonates, and Thiophosphonates, Organic",3552,"Acids, Carboxylic;Halogenating Agents;Sulfonates, Phosphonates, and Thiophosphonates, Organic",MATCH
80-15-9,CUMENE HYDROPEROXIDE,"Peroxides, Organic",6629,"Peroxides, Organic",MATCH
80-17-1,BENZENESULFONYL HYDRAZIDE,"Azo, Diazo, Azido, Hydrazine, and Azide Compounds;Sulfonates, Phosphonates, and Thiophosphonates, Organic",65723,"Azo, Diazo, Azido, Hydrazine, and Azide Compounds;Sulfonates, Phosphonates, and Thiophosphonates, Organic",MATCH
80-30-8,N-CYCLOHEXYL-4-METHYLBENZENESULFONAMIDE,"Amines, Phosphines, and Pyridines;Sulfonates, Phosphonates, and Thiophosphonates, Organic",6633,"Amines, Phosphines, and Pyridines;Sulfonates, Phosphonates, and Thiophosphonates, Organic",MATCH
80-39-7,N-ETHYL-4-METHYLBENZENE SULFONAMIDE,"Amines, Phosphines, and Pyridines;Sulfonates, Phosphonates, and Thiophosphonates, Organic",6637,"Amines, Phosphines, and Pyridines;Sulfonates, Phosphonates, and Thiophosphonates, Organic",MATCH
80-43-3,DICUMYL PEROXIDE,"Peroxides, Organic",6641,"Peroxides, Organic",MATCH
80-46-6,P-TERT-PENTYLPHENOL,Phenols and Cresols,6643,Phenols and Cresols,MATCH
80-47-7,P-MENTHANE HYDROPEROXIDE,"Peroxides, Organic",6644,"Peroxides, Organic",MATCH
80-51-3,"DIPHENYLOXIDE-4,4&#39;-DISULFONYL HYDRAZIDE","Azo, Diazo, Azido, Hydrazine, and Azide Compounds;Ethers;Sulfonates, Phosphonates, and Thiophosphonates, Organic",6649,"Azo, Diazo, Azido, Hydrazine, and Azide Compounds;Ethers;Sulfonates, Phosphonates, and Thiophosphonates, Organic",MATCH
80-52-4,"1,8-P-MENTHANEDIAMINE","Amines, Phosphines, and Pyridines",6650,"Amines, Phosphines, and Pyridines",MATCH
80-59-1,"TIGLIC ACID, [CORROSIVE SOLID]","Acids, Carboxylic;Acrylates and Acrylic Acids",125468,"Acids, Carboxylic;Acrylates and Acrylic Acids",MATCH
8001-22-7,"OILS, EDIBLE: SOYA BEAN","Esters, Sulfate Esters, Phosphate Esters, Thiophosphate Esters, and Borate Esters;Hydrocarbons, Aliphatic Unsaturated",,,ERROR
8001-23-8,"OILS, EDIBLE: SAFFLOWER","Esters, Sulfate Esters, Phosphate Esters, Thiophosphate Esters, and Borate Esters;Hydrocarbons, Aliphatic Unsaturated",,,ERROR
8001-25-0,"OILS, EDIBLE: OLIVE","Esters, Sulfate Esters, Phosphate Esters, Thiophosphate Esters, and Borate Esters;Hydrocarbons, Aliphatic Unsaturated",,,ERROR
8001-26-1,"OILS, MISCELLANEOUS: LINSEED","Esters, Sulfate Esters, Phosphate Esters, Thiophosphate Esters, and Borate Esters;Hydrocarbons, Aliphatic Unsaturated",,,ERROR
8001-28-3,CROTON OIL,"Esters, Sulfate Esters, Phosphate Esters, Thiophosphate Esters, and Borate Esters",,,ERROR
8001-29-4,COTTONSEED OIL,"Acids, Carboxylic;Alcohols and Polyols;Hydrocarbons, Aliphatic Saturated;Hydrocarbons, Aliphatic Unsaturated",,,ERROR
8001-31-8,"OILS, EDIBLE: COCONUT","Esters, Sulfate Esters, Phosphate Esters, Thiophosphate Esters, and Borate Esters;Hydrocarbons, Aliphatic Unsaturated",,,ERROR
8001-35-2,TOXAPHENE,"Halogenated Organic Compounds;Hydrocarbons, Aliphatic Unsaturated",5284469,"Halogenated Organic Compounds;Hydrocarbons, Aliphatic Unsaturated",MATCH
8001-58-9,"CREOSOTE, [COAL TAR]",Phenols and Cresols,,,ERROR
8001-79-4,CASTOR OIL,"Alcohols and Polyols;Esters, Sulfate Esters, Phosphate Esters, Thiophosphate Esters, and Borate Esters;Hydrocarbons, Aliphatic Unsaturated",,,ERROR
8002-03-7,"OILS, EDIBLE: PEANUT","Esters, Sulfate Esters, Phosphate Esters, Thiophosphate Esters, and Borate Esters;Hydrocarbons, Aliphatic Unsaturated",,,ERROR
8002-05-9,PETROLEUM ETHER,"Hydrocarbons, Aliphatic Saturated",,,ERROR
8002-09-3,PINE OIL,Alcohols and Polyols,,,ERROR
8002-16-2,"OIL, [ROSIN]","Hydrocarbons, Aliphatic Saturated;Hydrocarbons, Aliphatic Unsaturated",,,ERROR
8002-24-2,"OILS, MISCELLANEOUS: SPERM","Esters, Sulfate Esters, Phosphate Esters, Thiophosphate Esters, and Borate Esters",,,ERROR
8002-26-4,"OILS, MISCELLANEOUS: TALL","Acids, Weak;Esters, Sulfate Esters, Phosphate Esters, Thiophosphate Esters, and Borate Esters",,,ERROR
8002-64-0,"OILS, MISCELLANEOUS: NEATSFOOT","Esters, Sulfate Esters, Phosphate Esters, Thiophosphate Esters, and Borate Esters;Hydrocarbons, Aliphatic Unsaturated",,,ERROR
8002-74-2,WAXES: PARAFFIN,"Hydrocarbons, Aliphatic Saturated",,,ERROR
8002-75-3,"OILS, EDIBLE: PALM","Esters, Sulfate Esters, Phosphate Esters, Thiophosphate Esters, and Borate Esters;Hydrocarbons, Aliphatic Unsaturated",,,ERROR
8003-03-0,APC,"Acids, Carboxylic;Amides and Imides;Amines, Phosphines, and Pyridines;Esters, Sulfate Esters, Phosphate Esters, Thiophosphate Esters, and Borate Esters;Ethers",24666,"Acids, Carboxylic;Amides and Imides;Amines, Phosphines, and Pyridines;Esters, Sulfate Esters, Phosphate Esters, Thiophosphate Esters, and Borate Esters;Ethers",MATCH
8003-19-8,DICHLOROPROPANE - DICHLOROPROPENE (MIXTURE),Halogenated Organic Compounds,73422990,,NO_PUBCHEM_DATA
8003-22-3,D &amp; C YELLOW 11,"Amines, Phosphines, and Pyridines;Ketones",6731,"Amines, Phosphines, and Pyridines;Ketones",MATCH
8003-34-7,"PYRETHRINS, [SOLID]","Conjugated Dienes;Esters, Sulfate Esters, Phosphate Esters, Thiophosphate Esters, and Borate Esters;Hydrocarbons, Aliphatic Unsaturated;Ketones",60202781,"Conjugated Dienes;Esters, Sulfate Esters, Phosphate Esters, Thiophosphate Esters, and Borate Esters;Hydrocarbons, Aliphatic Unsaturated;Ketones",MATCH
8003-69-8,C.I. DIRECT BLACK 80,"Amines, Aromatic;Azo, Diazo, Azido, Hydrazine, and Azide Compounds;Phenols and Cresols;Salts, Basic",24668,"Amines, Aromatic;Azo, Diazo, Azido, Hydrazine, and Azide Compounds;Phenols and Cresols;Salts, Basic",MATCH
8004-13-5,DOWTHERM,"Ethers;Hydrocarbons, Aromatic",24670,"Ethers;Hydrocarbons, Aromatic",MATCH
8005-02-5,C.I. SOLVENT BLACK 7,Insufficient Information for Classification,73894736,Insufficient Information for Classification,MATCH
8006-14-2,"NATURAL GAS, REFRIGERATED LIQUID (CRYOGENIC LIQUID)","Hydrocarbons, Aliphatic Saturated",297,"Hydrocarbons, Aliphatic Saturated",MATCH
8006-19-7,AMATOL,"Nitrate and Nitrite Compounds, Inorganic;Nitro, Nitroso, Nitrate, and Nitrite Compounds, Organic",24675,"Nitrate and Nitrite Compounds, Inorganic;Nitro, Nitroso, Nitrate, and Nitrite Compounds, Organic",MATCH
8006-28-8,"SODA LIME, WITH MORE THAN 4% SODIUM HYDROXIDE","Bases, Strong",66545795,"Bases, Strong",MATCH
8006-61-9,GASOLINE BLENDING STOCKS: REFORMATES,"Hydrocarbons, Aliphatic Saturated",,,ERROR
8007-56-5,AQUA REGIA,"Acids, Strong Oxidizing",90477010,"Acids, Strong Oxidizing",MATCH
8007-70-3,ANISE OIL,Aldehydes;Polymerizable Compounds,,,ERROR
8008-20-6,KEROSENE,"Hydrocarbons, Aliphatic Saturated",,,ERROR
8008-51-3,CAMPHOR OIL,Ethers,,,ERROR
8009-03-8,PETROLATUM,"Hydrocarbons, Aliphatic Saturated",,,ERROR
8012-74-6,LONDON PURPLE,"Amines, Aromatic;Salts, Basic",,,ERROR
8012-75-7,CALCIUM CHROMATE DIHYDRATE,"Oxidizing Agents, Strong;Salts, Basic",165806,"Oxidizing Agents, Strong;Salts, Basic",MATCH
8012-95-1,MINERAL OIL,"Hydrocarbons, Aliphatic Saturated",,,ERROR
8013-07-8,EPOXIDIZED VEGETABLE OILS,Epoxides,,,ERROR
8013-11-4,SENNA (POWDERED),"Acids, Carboxylic;Alcohols and Polyols;Phenols and Cresols",73111,"Acids, Carboxylic;Alcohols and Polyols;Phenols and Cresols",MATCH
8013-75-0,FUSEL OIL,Alcohols and Polyols,,,ERROR
8014-95-7,"SULFURIC ACID, FUMING","Acids, Strong Oxidizing",24681,"Acids, Strong Oxidizing",MATCH
8015-86-9,WAXES: CARNAUBA,"Esters, Sulfate Esters, Phosphate Esters, Thiophosphate Esters, and Borate Esters",,,ERROR
8016-38-4,ORANGE FLOWER WATER,Insufficient Information for Classification;Water and Aqueous Solutions,,,ERROR
8017-16-1,POLYPHOSPHORIC ACID,"Acids, Weak",,,ERROR
8021-39-4,"CREOSOTE, BEECHWOOD",Phenols and Cresols,,,ERROR
8022-00-2,METHYL DEMETON,"Esters, Sulfate Esters, Phosphate Esters, Thiophosphate Esters, and Borate Esters;Sulfides, Organic",24692,"Esters, Sulfate Esters, Phosphate Esters, Thiophosphate Esters, and Borate Esters;Sulfides, Organic",MATCH
8024-37-1,TURMERIC OLEO RESIN,"Hydrocarbons, Aliphatic Unsaturated;Ketones;Phenols and Cresols",,,ERROR
8024-48-4,CASANTHRANOL,Alcohols and Polyols,,,ERROR
8028-73-7,ARSENICAL DUST,"Metals, Less Reactive agents",,,ERROR
8029-43-4,CORN SYRUP,Alcohols and Polyols;Water and Aqueous Solutions,,,ERROR
8029-68-3,ICHTHAMMOL,"Acids, Carboxylic;Amines, Phosphines, and Pyridines;Ethers",3657,"Acids, Carboxylic;Alcohols and Polyols;Amides and Imides;Amines, Phosphines, and Pyridines;Ethers",MATCH
8030-30-6,"COAL TAR OIL, [HEAVY DISTILLATE]","Hydrocarbons, Aliphatic Saturated",,,ERROR
8030-97-5,"PYROLIGNEOUS ACID, [FLAMMABLE LIQUID LABEL]","Acids, Carboxylic;Alcohols and Polyols;Ketones",,,ERROR
8032-32-4,"PETROLEUM NAPHTHA, [V.M. &amp; P.]","Hydrocarbons, Aliphatic Saturated;Hydrocarbons, Aromatic",,,ERROR
80455-52-3,CYCLOPENTAPHENANTHRENE,"Hydrocarbons, Aromatic",130801,"Hydrocarbons, Aromatic",MATCH
8046-19-3,STYRAX BALSAM,"Hydrocarbons, Aliphatic Unsaturated",,,ERROR
8047-99-2,TOLUENE ETHYLSULFONAMIDE,"Amides and Imides;Sulfonates, Phosphonates, and Thiophosphonates, Organic",14110,"Amides and Imides;Sulfonates, Phosphonates, and Thiophosphonates, Organic",MATCH
8049-17-0,FERROSILICON,"Metals, Elemental and Powder, Active",91886646,"Metals, Elemental and Powder, Active",MATCH
8049-19-2,FERROPHOSPHORUS,"Metals, Less Reactive agents",159456,"Metals, Less Reactive agents",MATCH
8052-41-3,STODDARD SOLVENT,"Hydrocarbons, Aliphatic Saturated",,,ERROR
8052-42-4,ASPHALT,"Hydrocarbons, Aliphatic Saturated;Hydrocarbons, Aliphatic Unsaturated;Hydrocarbons, Aromatic",,,ERROR
8061-51-6,"LIGNOSULFONIC ACID, SODIUM SALT","Acetals, Ketals, Hemiacetals, and Hemiketals;Salts, Acidic",44135711,"Acetals, Ketals, Hemiacetals, and Hemiketals;Salts, Acidic",MATCH
8061-53-8,AMMONIUM LIGNINSULFONATE,"Esters, Sulfate Esters, Phosphate Esters, Thiophosphate Esters, and Borate Esters;Phenols and Cresols;Salts, Acidic",,,ERROR
8064-77-5,BENDECTIN,"Acids, Carboxylic;Alcohols and Polyols;Amines, Phosphines, and Pyridines;Esters, Sulfate Esters, Phosphate Esters, Thiophosphate Esters, and Borate Esters",6019,"Acids, Carboxylic;Alcohols and Polyols;Amines, Phosphines, and Pyridines;Esters, Sulfate Esters, Phosphate Esters, Thiophosphate Esters, and Borate Esters",MATCH
8065-48-3,DEMETON,"Esters, Sulfate Esters, Phosphate Esters, Thiophosphate Esters, and Borate Esters;Sulfides, Organic",24722,"Esters, Sulfate Esters, Phosphate Esters, Thiophosphate Esters, and Borate Esters;Sulfides, Organic",MATCH
8066-33-9,"PENTOLITE, [DRY]","Nitro, Nitroso, Nitrate, and Nitrite Compounds, Organic",56841779,"Nitro, Nitroso, Nitrate, and Nitrite Compounds, Organic",MATCH
80789-74-8,"5-ISATINSULFONIC ACID, SODIUM SALT","Salts, Basic",3657942,"Salts, Basic",MATCH
81-07-2,SACCHARIN (MANUFACTURING),"Amides and Imides;Sulfonates, Phosphonates, and Thiophosphonates, Organic",5143,"Amides and Imides;Amines, Phosphines, and Pyridines;Salts, Basic;Sulfonates, Phosphonates, and Thiophosphonates, Organic",MATCH
81-11-8,"4,4&#39;-DIAMINO-2,2&#39;-STILBENEDISULFONIC ACID","Acids, Weak;Amines, Aromatic;Hydrocarbons, Aliphatic Unsaturated;Sulfonates, Phosphonates, and Thiophosphonates, Organic",6668,"Acids, Weak;Amines, Aromatic;Hydrocarbons, Aliphatic Unsaturated;Sulfonates, Phosphonates, and Thiophosphonates, Organic",MATCH
81-14-1,MUSK KETONE,"Ketones;Nitro, Nitroso, Nitrate, and Nitrite Compounds, Organic",6669,"Ketones;Nitro, Nitroso, Nitrate, and Nitrite Compounds, Organic",MATCH
81-15-2,"5-TERT-BUTYL-2,4,6-TRINITRO-M-XYLENE","Hydrocarbons, Aromatic;Nitro, Nitroso, Nitrate, and Nitrite Compounds, Organic",62329,"Hydrocarbons, Aromatic;Nitro, Nitroso, Nitrate, and Nitrite Compounds, Organic",MATCH
81-19-6,"ALPHA,ALPHA,2,6-TETRACHLOROTOLUENE",Aryl Halides;Halogenated Organic Compounds,6671,Aryl Halides;Halogenated Organic Compounds,MATCH
81-20-9,"1,3-DIMETHYL-2-NITROBENZENE","Nitro, Nitroso, Nitrate, and Nitrite Compounds, Organic",6672,"Nitro, Nitroso, Nitrate, and Nitrite Compounds, Organic",MATCH
81-49-2,"1-AMINO-2,4-DIBROMOANTHRAQUINONE","Amines, Aromatic;Aryl Halides;Ketones",6681,"Amines, Aromatic;Aryl Halides;Ketones",MATCH
81-55-0,"1,8-DIHYDROXY-4,5-DINITROANTHRAQUINONE","Alcohols and Polyols;Ketones;Nitro, Nitroso, Nitrate, and Nitrite Compounds, Organic;Phenols and Cresols",3378440,"Alcohols and Polyols;Ketones;Nitro, Nitroso, Nitrate, and Nitrite Compounds, Organic;Phenols and Cresols",MATCH
81-77-6,VAT BLUE 4,"Amines, Phosphines, and Pyridines;Hydrocarbons, Aromatic;Ketones",6690,"Amines, Phosphines, and Pyridines;Hydrocarbons, Aromatic;Ketones",MATCH
81-81-2,WARFARIN,"Alcohols and Polyols;Esters, Sulfate Esters, Phosphate Esters, Thiophosphate Esters, and Borate Esters;Hydrocarbons, Aromatic;Ketones",54678486,"Alcohols and Polyols;Esters, Sulfate Esters, Phosphate Esters, Thiophosphate Esters, and Borate Esters;Hydrocarbons, Aromatic;Ketones",MATCH
81-88-9,C.I. FOOD RED 15,"Acids, Carboxylic;Amines, Phosphines, and Pyridines;Conjugated Dienes;Ethers;Quaternary Ammonium and Phosphonium Salts",6694,"Acids, Carboxylic;Amines, Phosphines, and Pyridines;Conjugated Dienes;Ethers;Quaternary Ammonium and Phosphonium Salts",MATCH
812-00-0,MONOMETHYL PHOSPHATE,"Acids, Weak;Esters, Sulfate Esters, Phosphate Esters, Thiophosphate Esters, and Borate Esters",13130,"Acids, Weak;Esters, Sulfate Esters, Phosphate Esters, Thiophosphate Esters, and Borate Esters",MATCH
81228-87-7,CYCLOBUTYL CHLOROFORMATE,"Acyl Halides, Sulfonyl Halides, and Chloroformates",5362587,"Acyl Halides, Sulfonyl Halides, and Chloroformates",MATCH
813-44-5,BIS(PERFLUORISOPROPYL) KETONE,Fluorinated Organic Compounds;Ketones,69941,Fluorinated Organic Compounds;Ketones,MATCH
813-78-5,DIMETHYL PHOSPHATE,"Acids, Weak;Esters, Sulfate Esters, Phosphate Esters, Thiophosphate Esters, and Borate Esters",13134,"Acids, Weak;Esters, Sulfate Esters, Phosphate Esters, Thiophosphate Esters, and Borate Esters",MATCH
814-61-9,BORON TRIFLUORIDE PROPIONIC ACID COMPLEX,"Acids, Carboxylic;Acids, Weak;Fluoride Salts, Soluble",,,ERROR
815-82-7,CUPRIC TARTRATE,"Alcohols and Polyols;Salts, Basic",13155,"Alcohols and Polyols;Salts, Basic",MATCH
816-40-0,1-BROMO-2-BUTANONE,Halogenated Organic Compounds;Ketones,13156,Halogenated Organic Compounds;Ketones,MATCH
818-61-1,HYDROXYETHYLACRYLATE,Acrylates and Acrylic Acids;Alcohols and Polyols;Polymerizable Compounds,13165,Acrylates and Acrylic Acids;Alcohols and Polyols;Polymerizable Compounds,MATCH
82-05-3,BENZANTHRONE,"Hydrocarbons, Aromatic;Ketones",6697,"Hydrocarbons, Aromatic;Ketones",MATCH
82-28-0,1-AMINO-2-METHYLANTHRAQUINONE,"Amines, Aromatic;Hydrocarbons, Aromatic;Ketones",6702,"Amines, Aromatic;Hydrocarbons, Aromatic;Ketones",MATCH
82-62-2,"3,4,6-TRICHLORO-2-NITROPHENOL","Aryl Halides;Nitro, Nitroso, Nitrate, and Nitrite Compounds, Organic;Phenols and Cresols",6718,"Aryl Halides;Nitro, Nitroso, Nitrate, and Nitrite Compounds, Organic;Phenols and Cresols",MATCH
82-66-6,DIPHACINONE,"Acids, Weak;Ketones",6719,"Acids, Weak;Ketones",MATCH
82-68-8,QUINTOZENE,"Aryl Halides;Nitro, Nitroso, Nitrate, and Nitrite Compounds, Organic",6720,"Aryl Halides;Nitro, Nitroso, Nitrate, and Nitrite Compounds, Organic",MATCH
82-71-3,TRINITRORESORCINOL,"Nitro, Nitroso, Nitrate, and Nitrite Compounds, Organic;Phenols and Cresols;Water and Aqueous Solutions",6721,"Nitro, Nitroso, Nitrate, and Nitrite Compounds, Organic;Phenols and Cresols",MATCH
82065-80-3,DIISOTRIDECYL PEROXYDICARBONATE,"Peroxides, Organic",22394993,"Peroxides, Organic",MATCH
821-06-7,"(E)-1,4-DIBROMO-2-BUTENE","Halogenated Organic Compounds;Hydrocarbons, Aliphatic Unsaturated",641245,"Halogenated Organic Compounds;Hydrocarbons, Aliphatic Unsaturated",MATCH
821-95-4,1-UNDECENE,"Hydrocarbons, Aliphatic Unsaturated",13190,"Hydrocarbons, Aliphatic Unsaturated",MATCH
823-40-5,"2,6-DIAMINOTOLUENE","Amines, Aromatic",13205,"Amines, Aromatic",MATCH
824-11-3,TRIMETHYLOLPROPANE PHOSPHITE,"Reducing Agents, Weak;Sulfonates, Phosphonates, and Thiophosphonates, Organic",13210,"Reducing Agents, Weak;Sulfonates, Phosphonates, and Thiophosphonates, Organic",MATCH
824-72-6,BENZENE PHOSPHORUS OXYDICHLORIDE,"Acyl Halides, Sulfonyl Halides, and Chloroformates;Halogenating Agents",69990,"Acyl Halides, Sulfonyl Halides, and Chloroformates;Halogenating Agents",MATCH
82657-04-3,BIFENTHRIN,"Esters, Sulfate Esters, Phosphate Esters, Thiophosphate Esters, and Borate Esters;Fluorinated Organic Compounds;Halogenated Organic Compounds;Hydrocarbons, Aliphatic Unsaturated",6442842,"Esters, Sulfate Esters, Phosphate Esters, Thiophosphate Esters, and Borate Esters;Fluorinated Organic Compounds;Halogenated Organic Compounds;Hydrocarbons, Aliphatic Unsaturated",MATCH
827-16-7,TRIMETHYL ISOCYANURATE,Isocyanates and Isothiocyanates,13225,Isocyanates and Isothiocyanates,MATCH
828-00-2,DIMETHOXANE,"Esters, Sulfate Esters, Phosphate Esters, Thiophosphate Esters, and Borate Esters;Ethers",13232,"Esters, Sulfate Esters, Phosphate Esters, Thiophosphate Esters, and Borate Esters;Ethers",MATCH
83-26-1,PINDONE,Ketones,6732,Ketones,MATCH
83-32-9,ACENAPHTHENE,"Hydrocarbons, Aromatic",6734,"Hydrocarbons, Aromatic",MATCH
83-38-5,"2,6-DICHLOROBENZALDEHYDE",Aldehydes;Aryl Halides;Halogenated Organic Compounds,6737,Aldehydes;Aryl Halides;Halogenated Organic Compounds,MATCH
83-41-0,"1,2-DIMETHYL-3-NITROBENZENE","Nitro, Nitroso, Nitrate, and Nitrite Compounds, Organic",6739,"Nitro, Nitroso, Nitrate, and Nitrite Compounds, Organic",MATCH
83-66-9,MUSK AMBRETTE,"Nitro, Nitroso, Nitrate, and Nitrite Compounds, Organic",6753,"Nitro, Nitroso, Nitrate, and Nitrite Compounds, Organic",MATCH
83-67-0,THEOBROMINE,"Amides and Imides;Amines, Phosphines, and Pyridines",5429,"Amides and Imides;Amines, Phosphines, and Pyridines",MATCH
83-72-7,"2-HYDROXY-1,4-NAPHTHOQUINONE",Ketones;Phenols and Cresols,6755,Ketones;Phenols and Cresols,MATCH
83-79-4,ROTENONE,"Hydrocarbons, Aliphatic Unsaturated;Ketones",6758,"Hydrocarbons, Aliphatic Unsaturated;Ketones",MATCH
831-52-7,SODIUM PICRAMATE,"Amines, Aromatic;Nitro, Nitroso, Nitrate, and Nitrite Compounds, Organic;Phenolic Salts;Water and Aqueous Solutions",5362461,"Amines, Aromatic;Nitro, Nitroso, Nitrate, and Nitrite Compounds, Organic;Phenolic Salts;Water and Aqueous Solutions",MATCH
832-69-9,1-METHYLPHENANTHRENE,"Hydrocarbons, Aromatic",13257,"Hydrocarbons, Aromatic",MATCH
834-12-8,AMETRYN,"Amines, Phosphines, and Pyridines;Hydrocarbons, Aromatic",13263,"Amines, Phosphines, and Pyridines;Hydrocarbons, Aromatic",MATCH
834-28-6,PHENFORMIN HYDROCHLORIDE,"Amines, Phosphines, and Pyridines;Hydrocarbons, Aromatic;Salts, Acidic",13266,"Amines, Phosphines, and Pyridines;Hydrocarbons, Aromatic;Salts, Acidic",MATCH
83463-62-1,BROMOCHLOROACETONITRILE,Halogenated Organic Compounds;Nitriles,55004,Halogenated Organic Compounds;Nitriles,MATCH
83547-96-0,"1,4-DICHLOROBUTANE-D8",Halogenated Organic Compounds,16213505,Halogenated Organic Compounds,MATCH
839-90-7,"1,3,5-TRIS(2-HYDROXYETHYL)TRIAZINE-2,4,6-TRIONE",Alcohols and Polyols;Isocyanates and Isothiocyanates,13286,Alcohols and Polyols;Isocyanates and Isothiocyanates,MATCH
84-15-1,O-TERPHENYL,"Hydrocarbons, Aromatic",6766,"Hydrocarbons, Aromatic",MATCH
84-61-7,DICYCLOHEXYL PHTHALATE,"Esters, Sulfate Esters, Phosphate Esters, Thiophosphate Esters, and Borate Esters",6777,"Esters, Sulfate Esters, Phosphate Esters, Thiophosphate Esters, and Borate Esters",MATCH
84-64-0,BUTYL CYCLOHEXYL PHTHALATE,"Esters, Sulfate Esters, Phosphate Esters, Thiophosphate Esters, and Borate Esters",6779,"Esters, Sulfate Esters, Phosphate Esters, Thiophosphate Esters, and Borate Esters",MATCH
84-65-1,ANTHRAQUINONE,"Hydrocarbons, Aromatic;Ketones",6780,"Hydrocarbons, Aromatic;Ketones",MATCH
84-66-2,DIETHYL PHTHALATE,"Esters, Sulfate Esters, Phosphate Esters, Thiophosphate Esters, and Borate Esters",6781,"Esters, Sulfate Esters, Phosphate Esters, Thiophosphate Esters, and Borate Esters",MATCH
84-69-5,DI-ISOBUTYL PHTHALATE,"Esters, Sulfate Esters, Phosphate Esters, Thiophosphate Esters, and Borate Esters",6782,"Esters, Sulfate Esters, Phosphate Esters, Thiophosphate Esters, and Borate Esters",MATCH
84-74-2,N-BUTYL PHTHALATE,"Esters, Sulfate Esters, Phosphate Esters, Thiophosphate Esters, and Borate Esters",3026,"Esters, Sulfate Esters, Phosphate Esters, Thiophosphate Esters, and Borate Esters",MATCH
84-75-3,DI-N-HEXYL PHTHALATE,"Esters, Sulfate Esters, Phosphate Esters, Thiophosphate Esters, and Borate Esters",6786,"Esters, Sulfate Esters, Phosphate Esters, Thiophosphate Esters, and Borate Esters",MATCH
84-76-4,DINONYL PHTHALATE,"Esters, Sulfate Esters, Phosphate Esters, Thiophosphate Esters, and Borate Esters",6787,"Esters, Sulfate Esters, Phosphate Esters, Thiophosphate Esters, and Borate Esters",MATCH
842-07-9,C.I. SOLVENT YELLOW 14,"Azo, Diazo, Azido, Hydrazine, and Azide Compounds;Phenols and Cresols",13297,"Azo, Diazo, Azido, Hydrazine, and Azide Compounds;Phenols and Cresols",MATCH
85-01-8,PHENANTHRENE,"Hydrocarbons, Aromatic",995,"Hydrocarbons, Aromatic",MATCH
85-02-9,BENZO[F]QUINOLINE,"Amines, Phosphines, and Pyridines;Hydrocarbons, Aromatic",6796,"Amines, Phosphines, and Pyridines;Hydrocarbons, Aromatic",MATCH
85-22-3,"2,3,4,5,6-PENTABROMOETHYLBENZENE",Aryl Halides,6800,Aryl Halides,MATCH
85-41-6,PHTHALIMIDE,Amides and Imides,6809,Amides and Imides,MATCH
85-43-8,MEMTETRAHYDROPHTHALIC ANHYDRIDE,"Anhydrides;Hydrocarbons, Aliphatic Unsaturated",6810,"Anhydrides;Hydrocarbons, Aliphatic Unsaturated",MATCH
85-44-9,PHTHALIC ANHYDRIDE,Anhydrides,6811,Anhydrides,MATCH
85-68-7,BUTYL BENZYL PHTHALATE,"Esters, Sulfate Esters, Phosphate Esters, Thiophosphate Esters, and Borate Esters",2347,"Esters, Sulfate Esters, Phosphate Esters, Thiophosphate Esters, and Borate Esters",MATCH
85-98-3,"N,N&#39;-DIETHYLCARBANILIDE","Amides and Imides;Amines, Aromatic",6828,"Amides and Imides;Amines, Aromatic",MATCH
86-00-0,"2-NITRO-1,1&#39;-BIPHENYL","Hydrocarbons, Aromatic;Nitro, Nitroso, Nitrate, and Nitrite Compounds, Organic",6829,"Hydrocarbons, Aromatic;Nitro, Nitroso, Nitrate, and Nitrite Compounds, Organic",MATCH
86-30-6,N-NITROSODIPHENYLAMINE,"Azo, Diazo, Azido, Hydrazine, and Azide Compounds;Nitro, Nitroso, Nitrate, and Nitrite Compounds, Organic",6838,"Azo, Diazo, Azido, Hydrazine, and Azide Compounds;Nitro, Nitroso, Nitrate, and Nitrite Compounds, Organic",MATCH
86-50-0,AZINPHOS-METHYL,"Amides and Imides;Azo, Diazo, Azido, Hydrazine, and Azide Compounds;Esters, Sulfate Esters, Phosphate Esters, Thiophosphate Esters, and Borate Esters",2268,"Amides and Imides;Azo, Diazo, Azido, Hydrazine, and Azide Compounds;Esters, Sulfate Esters, Phosphate Esters, Thiophosphate Esters, and Borate Esters",MATCH
86-73-7,FLUORENE,"Hydrocarbons, Aromatic",6853,"Hydrocarbons, Aromatic",MATCH
86-74-8,CARBAZOLE,"Amines, Phosphines, and Pyridines",6854,"Amines, Phosphines, and Pyridines",MATCH
86-88-4,ANTU,"Amides and Imides;Hydrocarbons, Aromatic",736366,"Amides and Imides;Hydrocarbons, Aromatic;Sulfides, Organic",MATCH
860-22-0,INDIGO CARMINE,"Amines, Phosphines, and Pyridines;Hydrocarbons, Aliphatic Unsaturated;Ketones;Salts, Basic",2723854,"Amines, Phosphines, and Pyridines;Hydrocarbons, Aliphatic Unsaturated;Ketones;Salts, Basic",MATCH
87-08-1,PENICILLIN V,"Acids, Carboxylic;Amides and Imides;Sulfides, Organic",6869,"Acids, Carboxylic;Amides and Imides;Sulfides, Organic",MATCH
87-25-2,ETHYL ANTHRANILATE,"Amines, Aromatic;Esters, Sulfate Esters, Phosphate Esters, Thiophosphate Esters, and Borate Esters",6877,"Amines, Aromatic;Esters, Sulfate Esters, Phosphate Esters, Thiophosphate Esters, and Borate Esters",MATCH
87-29-6,CINNAMYL ANTHRANILATE,"Amines, Aromatic;Esters, Sulfate Esters, Phosphate Esters, Thiophosphate Esters, and Borate Esters;Hydrocarbons, Aliphatic Unsaturated",5284369,"Amines, Aromatic;Esters, Sulfate Esters, Phosphate Esters, Thiophosphate Esters, and Borate Esters;Hydrocarbons, Aliphatic Unsaturated",MATCH
87-33-2,ISOSORBIDE DINITRATE MIXTURE,"Ethers;Nitro, Nitroso, Nitrate, and Nitrite Compounds, Organic",6883,,NO_PUBCHEM_DATA
87-44-5,BETA-CARYOPHYLLENE,"Hydrocarbons, Aliphatic Unsaturated",5281515,"Hydrocarbons, Aliphatic Unsaturated",MATCH
87-47-8,PYROLAN,"Azo, Diazo, Azido, Hydrazine, and Azide Compounds;Carbamates",6888,"Azo, Diazo, Azido, Hydrazine, and Azide Compounds;Carbamates",MATCH
87-59-2,"2,3-XYLIDINE","Amines, Aromatic",6893,"Amines, Aromatic",MATCH
87-61-6,"1,2,3-TRICHLOROBENZENE",Aryl Halides,6895,Aryl Halides,MATCH
87-65-0,"2,6-DICHLOROPHENOL","Acids, Weak;Aryl Halides;Phenols and Cresols",6899,"Acids, Weak;Aryl Halides;Phenols and Cresols",MATCH
87-66-1,PYROGALLIC ACID,"Acids, Weak",1057,"Acids, Weak",MATCH
87-82-1,HEXABROMOBENZENE,Aryl Halides,6905,Aryl Halides,MATCH
87-84-3,PENTABROMOCHLOROCYCLOHEXANE,Halogenated Organic Compounds,6907,Halogenated Organic Compounds,MATCH
87-86-5,PENTACHLOROPHENOL,Aryl Halides;Phenols and Cresols,992,Aryl Halides;Phenols and Cresols,MATCH
87-90-1,"TRICHLORO-S-TRIAZINETRIONE, DRY","Acyl Halides, Sulfonyl Halides, and Chloroformates;Halogenating Agents;Oxidizing Agents, Strong;Salts, Acidic",6909,"Acyl Halides, Sulfonyl Halides, and Chloroformates;Halogenating Agents;Oxidizing Agents, Strong;Salts, Acidic",MATCH
872-10-6,DIAMYL SULFIDE,"Sulfides, Organic",13382,"Sulfides, Organic",MATCH
874-42-0,"2,4-DICHLOROBENZALDEHYDE",Aldehydes;Aryl Halides;Halogenated Organic Compounds,13404,Aldehydes;Aryl Halides;Halogenated Organic Compounds,MATCH
87495-30-5,RESORCINE BLUE,Phenols and Cresols,9828885,Phenols and Cresols,MATCH
877-08-7,"TETRACHLORO-O-XYLENE, [SOLID]",Aryl Halides,522883,Aryl Halides,MATCH
879-39-0,"2,3,4,5-TETRACHLORONITROBENZENE","Aryl Halides;Nitro, Nitroso, Nitrate, and Nitrite Compounds, Organic",13428,"Aryl Halides;Nitro, Nitroso, Nitrate, and Nitrite Compounds, Organic",MATCH
88-05-1,"ANILINE, 2,4,6-TRIMETHYL-","Amines, Aromatic",6913,"Amines, Aromatic",MATCH
88-06-2,"2,4,6-TRICHLOROPHENOL","Acids, Weak;Aryl Halides;Phenols and Cresols",6914,"Acids, Weak;Aryl Halides;Phenols and Cresols",MATCH
88-17-5,2-TRIFLUOROMETHYLANILINE,"Amines, Aromatic;Fluorinated Organic Compounds",6922,"Amines, Aromatic;Fluorinated Organic Compounds",MATCH
88-21-1,2-AMINOBENZENE SULFONIC ACID,"Acids, Weak;Amines, Aromatic",6926,"Acids, Weak;Amines, Aromatic",MATCH
88-23-3,6-AMINO-4-CHLORO-1-PHENOL-2-SULFONIC ACID,"Acids, Weak;Amines, Aromatic;Aryl Halides;Phenols and Cresols;Sulfonates, Phosphonates, and Thiophosphonates, Organic",6927,"Acids, Weak;Amines, Aromatic;Aryl Halides;Phenols and Cresols;Sulfonates, Phosphonates, and Thiophosphonates, Organic",MATCH
88-60-8,MONO-TERT-BUTYL-M-CRESOL,Phenols and Cresols,6937,Phenols and Cresols,MATCH
88-69-7,O-ISOPROPYL PHENOL,Phenols and Cresols,6943,Phenols and Cresols,MATCH
88-73-3,O-NITROCHLOROBENZENE,"Aryl Halides;Nitro, Nitroso, Nitrate, and Nitrite Compounds, Organic",6945,"Aryl Halides;Nitro, Nitroso, Nitrate, and Nitrite Compounds, Organic",MATCH
88-74-4,O-NITROANILINE,"Amines, Aromatic;Nitro, Nitroso, Nitrate, and Nitrite Compounds, Organic",6946,"Amines, Aromatic;Nitro, Nitroso, Nitrate, and Nitrite Compounds, Organic",MATCH
88-75-5,2-NITROPHENOL,"Nitro, Nitroso, Nitrate, and Nitrite Compounds, Organic;Phenols and Cresols",6947,"Nitro, Nitroso, Nitrate, and Nitrite Compounds, Organic;Phenols and Cresols",MATCH
88-85-7,DINOSEB,"Nitro, Nitroso, Nitrate, and Nitrite Compounds, Organic;Phenols and Cresols",6950,"Nitro, Nitroso, Nitrate, and Nitrite Compounds, Organic;Phenols and Cresols",MATCH
88-89-1,"PICRIC ACID, WETTED WITH NOT LESS THAN 30% WATER BY MASS","Nitro, Nitroso, Nitrate, and Nitrite Compounds, Organic;Phenols and Cresols;Water and Aqueous Solutions",6954,"Nitro, Nitroso, Nitrate, and Nitrite Compounds, Organic;Phenols and Cresols;Water and Aqueous Solutions",MATCH
88-96-0,PHTHALAMIDE,Amides and Imides,6956,Amides and Imides,MATCH
88-99-3,PHTHALIC ACID,"Acids, Carboxylic;Hydrocarbons, Aromatic",1017,"Acids, Carboxylic;Hydrocarbons, Aromatic",MATCH
881-03-8,1-NITRO-2-METHYLNAPHTHALENE,"Hydrocarbons, Aromatic;Nitro, Nitroso, Nitrate, and Nitrite Compounds, Organic",13432,"Hydrocarbons, Aromatic;Nitro, Nitroso, Nitrate, and Nitrite Compounds, Organic",MATCH
88374-25-8,N-ETHYL-2-METHYL-4-NITROANILINE,"Amines, Aromatic;Nitro, Nitroso, Nitrate, and Nitrite Compounds, Organic",643521,"Amines, Aromatic;Nitro, Nitroso, Nitrate, and Nitrite Compounds, Organic",MATCH
88671-89-0,MYCLOBUTANIL,"Amines, Phosphines, and Pyridines;Aryl Halides;Nitriles",6336,"Amines, Phosphines, and Pyridines;Aryl Halides;Nitriles",MATCH
89-40-7,4-NITROPHTHALIMIDE,"Amines, Phosphines, and Pyridines;Nitro, Nitroso, Nitrate, and Nitrite Compounds, Organic",6969,"Amines, Phosphines, and Pyridines;Nitro, Nitroso, Nitrate, and Nitrite Compounds, Organic",MATCH
89-57-6,5-AMINOSALICYLIC ACID,"Acids, Carboxylic;Amines, Aromatic;Phenols and Cresols",4075,"Acids, Carboxylic;Amines, Aromatic;Phenols and Cresols",MATCH
89-58-7,"1,4-DIMETHYL-2-NITROBENZENE","Nitro, Nitroso, Nitrate, and Nitrite Compounds, Organic",6974,"Nitro, Nitroso, Nitrate, and Nitrite Compounds, Organic",MATCH
89-62-3,4-METHYL-2-NITROANILINE,"Amines, Aromatic;Nitro, Nitroso, Nitrate, and Nitrite Compounds, Organic",6978,"Amines, Aromatic;Nitro, Nitroso, Nitrate, and Nitrite Compounds, Organic",MATCH
89-63-4,4-CHLORO-2-NITROANILINE,"Amines, Aromatic;Aryl Halides;Nitro, Nitroso, Nitrate, and Nitrite Compounds, Organic",6979,"Amines, Aromatic;Aryl Halides;Nitro, Nitroso, Nitrate, and Nitrite Compounds, Organic",MATCH
89-69-0,"2,4,5-TRICHLORONITROBENZENE","Aryl Halides;Nitro, Nitroso, Nitrate, and Nitrite Compounds, Organic",6983,"Aryl Halides;Nitro, Nitroso, Nitrate, and Nitrite Compounds, Organic",MATCH
89-72-5,O-SEC-BUTYLPHENOL,Phenols and Cresols,6984,Phenols and Cresols,MATCH
89-78-1,"D,L-MENTHOL",Alcohols and Polyols,1254,Alcohols and Polyols,MATCH
89-87-2,"1,3-DIMETHYL-4-NITROBENZENE","Nitro, Nitroso, Nitrate, and Nitrite Compounds, Organic",6991,"Nitro, Nitroso, Nitrate, and Nitrite Compounds, Organic",MATCH
89-97-4,2-CHLOROBENZYLAMINE,"Amines, Phosphines, and Pyridines;Aryl Halides",66648,"Amines, Phosphines, and Pyridines;Aryl Halides",MATCH
89-98-5,2-CHLOROBENZALDEHYDE,Aldehydes;Aryl Halides;Halogenated Organic Compounds,6996,Aldehydes;Aryl Halides;Halogenated Organic Compounds,MATCH
90-04-0,O-ANISIDINE,"Amines, Aromatic;Ethers",7000,"Amines, Aromatic;Ethers",MATCH
90-05-1,O-METHOXYPHENOL,Ethers;Phenols and Cresols,460,Ethers;Phenols and Cresols,MATCH
90-12-0,1-METHYLNAPHTHALENE,"Hydrocarbons, Aromatic",7002,"Hydrocarbons, Aromatic",MATCH
90-13-1,1-CHLORONAPHTHALENE,Aryl Halides,7003,Aryl Halides,MATCH
90-30-2,N-PHENYL-1-NAPHTHYLAMINE,"Amines, Phosphines, and Pyridines",7013,"Amines, Phosphines, and Pyridines",MATCH
90-33-5,BETA-METHYLUMBELLIFERONE,"Esters, Sulfate Esters, Phosphate Esters, Thiophosphate Esters, and Borate Esters;Phenols and Cresols",5280567,"Esters, Sulfate Esters, Phosphate Esters, Thiophosphate Esters, and Borate Esters;Phenols and Cresols",MATCH
90-41-5,2-AMINOBIPHENYL,"Amines, Aromatic",7015,"Amines, Aromatic",MATCH
90-43-7,2-PHENYLPHENOL,Phenols and Cresols,7017,Phenols and Cresols,MATCH
90-45-9,9-AMINOACRIDINE,"Amines, Phosphines, and Pyridines;Hydrocarbons, Aromatic",7019,"Amines, Phosphines, and Pyridines;Hydrocarbons, Aromatic",MATCH
90-72-2,"2,4,6-TRIDIMETHYLAMINOMETHYL PHENOL","Amines, Phosphines, and Pyridines;Phenols and Cresols",7026,"Amines, Phosphines, and Pyridines;Phenols and Cresols",MATCH
90-94-8,MICHLER&#39;S KETONE,"Amines, Phosphines, and Pyridines;Ketones",7031,"Amines, Phosphines, and Pyridines;Ketones",MATCH
900-95-8,"STANNANE, ACETOXYTRIPHENYL-",Organometallics,16682804,Organometallics,MATCH
9000-01-5,GUM ARABIC,Alcohols and Polyols;Ethers,,,ERROR
9000-16-2,DAMMAR RESIN,"Acids, Carboxylic;Hydrocarbons, Aliphatic Unsaturated",,,ERROR
9000-30-0,GUAR GUM,Alcohols and Polyols;Ethers,,,ERROR
9000-40-2,LOCUST BEAN GUM,Alcohols and Polyols;Ethers,,,ERROR
9002-86-2,POLYVINYL CHLORIDE LATEX,Halogenated Organic Compounds;Water and Aqueous Solutions,,,ERROR
9002-88-4,POLYETHYLENE AS,"Hydrocarbons, Aliphatic Saturated",,,ERROR
9002-89-5,POLYVINYL ALCOHOL,Alcohols and Polyols,,,ERROR
9002-92-0,DODECYL ALCOHOL ETHOXYLATE,Alcohols and Polyols;Ethers,,,ERROR
9003-07-0,POLYPROPYLENE,"Hydrocarbons, Aliphatic Saturated",,,ERROR
9003-29-6,POLYBUTENE,"Hydrocarbons, Aliphatic Unsaturated",,,ERROR
9003-39-8,POLYVINYLPYRROLIDONE,"Amines, Phosphines, and Pyridines",,,ERROR
9003-53-6,"POLYSTYRENE BEADS, EXPANDABLE","Hydrocarbons, Aromatic",,,ERROR
9004-34-6,CELLULOSE,Alcohols and Polyols;Ethers,,,ERROR
9004-66-4,IRON DEXTRAN,"Acetals, Ketals, Hemiacetals, and Hemiketals;Non-Redox-Active Inorganic Compounds;Water and Aqueous Solutions",,,ERROR
9004-70-0,COLLODION,"Acetals, Ketals, Hemiacetals, and Hemiketals;Alcohols and Polyols;Ethers;Nitro, Nitroso, Nitrate, and Nitrite Compounds, Organic;Water and Aqueous Solutions",,,ERROR
9005-25-8,STARCH,Alcohols and Polyols;Ethers,,,ERROR
9006-42-2,METIRAM,Thiocarbamate Esters and Salts/Dithiocarbamate Esters and Salts,,,ERROR
9007-13-0,CALCIUM RESINATE,"Reducing Agents, Strong",,,ERROR
9008-34-8,MANGANESE RESINATE,"Reducing Agents, Strong",,,ERROR
9010-69-9,ZINC RESINATE,"Reducing Agents, Strong",,,ERROR
9016-00-6,DIMETHYLPOLYSILOXANE,Siloxanes,,,ERROR
9016-87-9,POLYMERIC DIPHENYLMETHANE DIISOCYANATE,Isocyanates and Isothiocyanates,,,ERROR
90454-18-5,"DICHLORO-1,1,2-TRIFLUOROETHANE",Fluorinated Organic Compounds,9631,Fluorinated Organic Compounds,MATCH
9056-38-6,"NITROSTARCH, WETTED WITH NOT LESS THAN 20% WATER","Ethers;Nitro, Nitroso, Nitrate, and Nitrite Compounds, Organic;Water and Aqueous Solutions",,,ERROR
9080-17-5,"AMMONIUM POLYSULFIDE, SOLUTION","Bases, Strong;Sulfides, Inorganic;Water and Aqueous Solutions",,,ERROR
90982-32-4,CHLORIMURON ETHYL,"Amines, Phosphines, and Pyridines;Aryl Halides;Esters, Sulfate Esters, Phosphate Esters, Thiophosphate Esters, and Borate Esters;Sulfonates, Phosphonates, and Thiophosphonates, Organic",56160,"Amines, Phosphines, and Pyridines;Aryl Halides;Esters, Sulfate Esters, Phosphate Esters, Thiophosphate Esters, and Borate Esters;Sulfonates, Phosphonates, and Thiophosphonates, Organic",MATCH
91-20-3,NAPHTHALENE,"Bases, Strong;Hydrocarbons, Aromatic",931,"Bases, Strong;Hydrocarbons, Aromatic",MATCH
91-44-1,7-DIETHYLAMINO-4-METHYLCOUMARIN,"Amines, Phosphines, and Pyridines;Esters, Sulfate Esters, Phosphate Esters, Thiophosphate Esters, and Borate Esters",7050,"Amines, Phosphines, and Pyridines;Esters, Sulfate Esters, Phosphate Esters, Thiophosphate Esters, and Borate Esters",MATCH
91-53-2,ETHOXYQUIN,"Amines, Phosphines, and Pyridines;Ethers;Hydrocarbons, Aliphatic Unsaturated;Polymerizable Compounds",3293,"Amines, Phosphines, and Pyridines;Ethers;Hydrocarbons, Aliphatic Unsaturated;Polymerizable Compounds",MATCH
91-58-7,2-CHLORONAPHTHALENE,Aryl Halides,7056,Aryl Halides,MATCH
91-59-8,BETA-NAPHTHYLAMINE,"Amines, Aromatic",7057,"Amines, Aromatic",MATCH
91-62-3,6-METHYLQUINOLINE,"Amines, Phosphines, and Pyridines;Hydrocarbons, Aromatic",7059,"Amines, Phosphines, and Pyridines;Hydrocarbons, Aromatic",MATCH
91-63-4,QUINALDINE,"Amines, Phosphines, and Pyridines",7060,"Amines, Phosphines, and Pyridines",MATCH
91-64-5,COUMARIN,"Esters, Sulfate Esters, Phosphate Esters, Thiophosphate Esters, and Borate Esters;Hydrocarbons, Aromatic",323,"Esters, Sulfate Esters, Phosphate Esters, Thiophosphate Esters, and Borate Esters;Hydrocarbons, Aromatic",MATCH
91-68-9,3-DIETHYLAMINOPHENOL,"Amines, Phosphines, and Pyridines;Phenols and Cresols",7062,"Amines, Phosphines, and Pyridines;Phenols and Cresols",MATCH
91-80-5,METHAPYRILENE,"Amines, Phosphines, and Pyridines;Sulfides, Organic",4098,"Amines, Phosphines, and Pyridines;Sulfides, Organic",MATCH
91-81-6,TRIPELENAMINE,"Amines, Phosphines, and Pyridines",5587,"Amines, Phosphines, and Pyridines",MATCH
91-84-9,PYRILAMINE,"Amines, Phosphines, and Pyridines",4992,"Amines, Phosphines, and Pyridines",MATCH
91-85-0,THONZYLAMINE,"Amines, Phosphines, and Pyridines",5457,"Amines, Phosphines, and Pyridines",MATCH
91-93-0,"3,3&#39;-DIMETHOXYBENZIDINE-4,4&#39;-DIISOCYANATE",Ethers;Isocyanates and Isothiocyanates,7069,Ethers;Isocyanates and Isothiocyanates,MATCH
91-94-1,"3,3&#39;-DICHLOROBENZIDINE","Amines, Aromatic;Aryl Halides",7070,"Amines, Aromatic;Aryl Halides",MATCH
91-97-4,"3,3&#39;-DIMETHYL-4,4&#39;-DIPHENYLENE DIISOCYANATE",Isocyanates and Isothiocyanates,7072,Isocyanates and Isothiocyanates,MATCH
915-67-3,AMARANTH,"Azo, Diazo, Azido, Hydrazine, and Azide Compounds;Phenols and Cresols;Salts, Basic;Sulfonates, Phosphonates, and Thiophosphonates, Organic",13506,"Azo, Diazo, Azido, Hydrazine, and Azide Compounds;Phenols and Cresols;Salts, Basic;Sulfonates, Phosphonates, and Thiophosphonates, Organic",MATCH
91724-16-2,STRONTIUM ARSENITE,"Salts, Basic",167445,"Salts, Basic",MATCH
919-86-8,DEMETON-S-METHYL,"Esters, Sulfate Esters, Phosphate Esters, Thiophosphate Esters, and Borate Esters;Sulfides, Organic",13526,"Esters, Sulfate Esters, Phosphate Esters, Thiophosphate Esters, and Borate Esters;Sulfides, Organic",MATCH
92-06-8,M-TERPHENYL,"Hydrocarbons, Aromatic",7076,"Hydrocarbons, Aromatic",MATCH
92-36-4,2-(4-AMINOPHENYL)-6-METHYLBENZOTHIAZOLE,"Amines, Aromatic;Sulfides, Organic",7087,"Amines, Aromatic;Sulfides, Organic",MATCH
92-48-8,6-METHYLCOUMARIN,"Esters, Sulfate Esters, Phosphate Esters, Thiophosphate Esters, and Borate Esters",7092,"Esters, Sulfate Esters, Phosphate Esters, Thiophosphate Esters, and Borate Esters",MATCH
92-52-4,BIPHENYL,"Hydrocarbons, Aromatic",7095,"Hydrocarbons, Aromatic",MATCH
92-59-1,N-ETHYL-N-BENZYLANILINE,"Amines, Aromatic",7098,"Amines, Aromatic",MATCH
92-66-0,4-BROMOBIPHENYL,Aryl Halides,7101,Aryl Halides,MATCH
92-67-1,4-AMINOBIPHENYL,"Amines, Aromatic",7102,"Amines, Aromatic",MATCH
92-84-2,PHENOTHIAZINE,"Amines, Phosphines, and Pyridines;Sulfides, Organic",7108,"Amines, Phosphines, and Pyridines;Sulfides, Organic",MATCH
92-87-5,BENZIDINE,"Amines, Aromatic",7111,"Amines, Aromatic",MATCH
92-93-3,4-NITROBIPHENYL,"Hydrocarbons, Aromatic;Nitro, Nitroso, Nitrate, and Nitrite Compounds, Organic",7114,"Hydrocarbons, Aromatic;Nitro, Nitroso, Nitrate, and Nitrite Compounds, Organic",MATCH
92-94-4,P-TERPHENYL,"Hydrocarbons, Aromatic",7115,"Hydrocarbons, Aromatic",MATCH
920-37-6,2-CHLOROACRYLONITRILE,"Halogenated Organic Compounds;Hydrocarbons, Aliphatic Unsaturated;Nitriles;Polymerizable Compounds",70198,"Halogenated Organic Compounds;Hydrocarbons, Aliphatic Unsaturated;Nitriles;Polymerizable Compounds",MATCH
920-46-7,METHACRYLOYL CHLORIDE,"Acrylates and Acrylic Acids;Acyl Halides, Sulfonyl Halides, and Chloroformates;Polymerizable Compounds",13528,"Acrylates and Acrylic Acids;Acyl Halides, Sulfonyl Halides, and Chloroformates;Polymerizable Compounds",MATCH
921-09-5,"1,1,2,3-TETRACHLOROBUTADIENE","Conjugated Dienes;Halogenated Organic Compounds;Hydrocarbons, Aliphatic Unsaturated",13531,"Conjugated Dienes;Halogenated Organic Compounds;Hydrocarbons, Aliphatic Unsaturated",MATCH
924-16-3,N-NITROSODI-N-BUTYLAMINE,"Azo, Diazo, Azido, Hydrazine, and Azide Compounds;Nitro, Nitroso, Nitrate, and Nitrite Compounds, Organic",13542,"Azo, Diazo, Azido, Hydrazine, and Azide Compounds;Nitro, Nitroso, Nitrate, and Nitrite Compounds, Organic",MATCH
924-42-5,N-METHYLOLACRYLAMIDE,Acrylates and Acrylic Acids;Alcohols and Polyols;Amides and Imides;Polymerizable Compounds;Water and Aqueous Solutions,13543,Acrylates and Acrylic Acids;Alcohols and Polyols;Amides and Imides;Polymerizable Compounds;Water and Aqueous Solutions,MATCH
926-56-7,METHYLPENTADIENE,"Conjugated Dienes;Hydrocarbons, Aliphatic Unsaturated;Polymerizable Compounds",13555,"Conjugated Dienes;Hydrocarbons, Aliphatic Unsaturated;Polymerizable Compounds",MATCH
926-63-6,DIMETHYL-N-PROPYLAMINE,"Amines, Phosphines, and Pyridines",61236,"Amines, Phosphines, and Pyridines",MATCH
926-64-7,2-DIMETHYLAMINOACETONITRILE,"Amines, Phosphines, and Pyridines;Nitriles",61237,"Amines, Phosphines, and Pyridines;Nitriles",MATCH
927-07-1,TERT-BUTYL PEROXYPIVALATE,"Peroxides, Organic",61238,"Peroxides, Organic",MATCH
929-06-6,2-(2-AMINOETHOXY)ETHANOL,"Alcohols and Polyols;Amines, Phosphines, and Pyridines",13578,"Alcohols and Polyols;Amines, Phosphines, and Pyridines",MATCH
93-05-0,"N,N-DIETHYL-P-PHENYLENEDIAMINE","Amines, Aromatic",7120,"Amines, Aromatic",MATCH
93-15-2,METHYLEUGENOL,"Ethers;Hydrocarbons, Aliphatic Unsaturated",7127,"Ethers;Hydrocarbons, Aliphatic Unsaturated",MATCH
93-43-6,2-NAPHTHYL LACTATE,"Alcohols and Polyols;Esters, Sulfate Esters, Phosphate Esters, Thiophosphate Esters, and Borate Esters",7140,"Alcohols and Polyols;Esters, Sulfate Esters, Phosphate Esters, Thiophosphate Esters, and Borate Esters",MATCH
93-45-8,4-(2-NAPHTHYLAMINO)PHENOL,"Amines, Phosphines, and Pyridines;Phenols and Cresols",7141,"Amines, Phosphines, and Pyridines;Phenols and Cresols",MATCH
93-46-9,"N,N&#39;-DI-2-NAPHTHYL-P-PHENYLENEDIAMINE","Amines, Phosphines, and Pyridines;Hydrocarbons, Aromatic",7142,"Amines, Phosphines, and Pyridines;Hydrocarbons, Aromatic",MATCH
93-65-2,MECOPROP,"Acids, Carboxylic;Aryl Halides",7153,"Acids, Carboxylic;Aryl Halides",MATCH
93-71-0,RANDOX,"Amides and Imides;Halogenated Organic Compounds;Hydrocarbons, Aliphatic Unsaturated",7157,"Amides and Imides;Halogenated Organic Compounds;Hydrocarbons, Aliphatic Unsaturated",MATCH
93-72-1,"2,4,5-TRICHLOROPHENOXYPROPIONIC ACID","Acids, Carboxylic;Aryl Halides;Ethers;Halogenated Organic Compounds",7158,"Acids, Carboxylic;Aryl Halides;Ethers;Halogenated Organic Compounds",MATCH
93-76-5,"2,4,5-TRICHLOROPHENOXYACETIC ACID","Acids, Carboxylic;Aryl Halides;Ethers;Halogenated Organic Compounds",1480,"Acids, Carboxylic;Aryl Halides;Ethers;Halogenated Organic Compounds",MATCH
93-79-8,"2,4,5-T, N-BUTYL ESTER","Aryl Halides;Esters, Sulfate Esters, Phosphate Esters, Thiophosphate Esters, and Borate Esters;Ethers",7161,"Aryl Halides;Esters, Sulfate Esters, Phosphate Esters, Thiophosphate Esters, and Borate Esters;Ethers;Salts, Basic",MATCH
930-37-0,METHYL GLYCIDYL ETHER,Epoxides;Ethers,13589,Epoxides;Ethers,MATCH
930-55-2,N-NITROSOPYRROLIDINE,"Azo, Diazo, Azido, Hydrazine, and Azide Compounds;Nitro, Nitroso, Nitrate, and Nitrite Compounds, Organic",13591,"Azo, Diazo, Azido, Hydrazine, and Azide Compounds;Nitro, Nitroso, Nitrate, and Nitrite Compounds, Organic",MATCH
931-97-5,CYCLOHEXANONE CYANOHYDRIN,Alcohols and Polyols;Nitriles,13610,Alcohols and Polyols;Nitriles,MATCH
932-64-9,NITROTRIAZOLONE &lt;OR&gt; NTO,"Amides and Imides;Azo, Diazo, Azido, Hydrazine, and Azide Compounds;Nitro, Nitroso, Nitrate, and Nitrite Compounds, Organic",135406868,"Amides and Imides;Azo, Diazo, Azido, Hydrazine, and Azide Compounds;Nitro, Nitroso, Nitrate, and Nitrite Compounds, Organic",MATCH
933-75-5,"2,3,6-TRICHLOROPHENOL","Acids, Weak;Aryl Halides;Phenols and Cresols",13618,"Acids, Weak;Aryl Halides;Phenols and Cresols",MATCH
933-78-8,"2,3,5-TRICHLOROPHENOL","Acids, Weak;Aryl Halides;Phenols and Cresols",13619,"Acids, Weak;Aryl Halides;Phenols and Cresols",MATCH
934-32-7,2-AMINOBENZIMIDAZOLE,"Amines, Phosphines, and Pyridines",13624,"Amines, Phosphines, and Pyridines",MATCH
935-95-5,"2,3,5,6-TETRACHLOROPHENOL","Acids, Weak;Aryl Halides;Phenols and Cresols",13636,"Acids, Weak;Aryl Halides;Phenols and Cresols",MATCH
937-14-4,3-CHLOROPEROXYBENZOIC ACID,"Acids, Weak;Halogenated Organic Compounds;Peroxides, Organic",70297,"Acids, Weak;Halogenated Organic Compounds;Peroxides, Organic",MATCH
938-73-8,2-ETHOXYBENZAMIDE,Amides and Imides,3282,Amides and Imides,MATCH
939-27-5,2-ETHYLNAPHTHALENE,"Hydrocarbons, Aromatic",13652,"Hydrocarbons, Aromatic",MATCH
94-13-3,PROPYL-4-HYDROXYBENZOATE,"Esters, Sulfate Esters, Phosphate Esters, Thiophosphate Esters, and Borate Esters;Phenols and Cresols",7175,"Esters, Sulfate Esters, Phosphate Esters, Thiophosphate Esters, and Borate Esters;Phenols and Cresols",MATCH
94-17-7,P-CHLOROBENZOYL PEROXIDE,"Aryl Halides;Peroxides, Organic",7179,"Aryl Halides;Peroxides, Organic",MATCH
94-20-2,CHLOROPROPAMIDE,"Amides and Imides;Aryl Halides;Sulfonates, Phosphonates, and Thiophosphonates, Organic",2727,"Amides and Imides;Aryl Halides;Sulfonates, Phosphonates, and Thiophosphonates, Organic",MATCH
94-25-7,N-BUTYL-P-AMINOBENZOATE,"Amines, Aromatic;Esters, Sulfate Esters, Phosphate Esters, Thiophosphate Esters, and Borate Esters",2482,"Amines, Aromatic;Esters, Sulfate Esters, Phosphate Esters, Thiophosphate Esters, and Borate Esters",MATCH
94-26-8,N-BUTYL-P-HYDROXYBENZOATE,"Esters, Sulfate Esters, Phosphate Esters, Thiophosphate Esters, and Borate Esters;Phenols and Cresols",7184,"Esters, Sulfate Esters, Phosphate Esters, Thiophosphate Esters, and Borate Esters;Phenols and Cresols",MATCH
94-36-0,BENZOYL PEROXIDE,"Peroxides, Organic",7187,"Peroxides, Organic",MATCH
94-45-1,2-AMINO-6-ETHOXYBENZOTHIAZOLE,"Amines, Phosphines, and Pyridines;Sulfides, Organic",7192,"Amines, Phosphines, and Pyridines;Sulfides, Organic",MATCH
94-51-9,DIPROPYLENE GLYCOL DIBENZOATE,"Esters, Sulfate Esters, Phosphate Esters, Thiophosphate Esters, and Borate Esters;Ethers",66752,"Esters, Sulfate Esters, Phosphate Esters, Thiophosphate Esters, and Borate Esters;Ethers",MATCH
94-52-0,6-NITROBENZIMIDAZOLE,"Amines, Phosphines, and Pyridines;Nitro, Nitroso, Nitrate, and Nitrite Compounds, Organic",7195,"Amines, Phosphines, and Pyridines;Nitro, Nitroso, Nitrate, and Nitrite Compounds, Organic",MATCH
94-58-6,DIHYDROSAFROLE,"Ethers;Hydrocarbons, Aromatic",7197,"Ethers;Hydrocarbons, Aromatic",MATCH
94-59-7,SAFROLE,"Acetals, Ketals, Hemiacetals, and Hemiketals;Ethers;Hydrocarbons, Aliphatic Unsaturated",5144,"Acetals, Ketals, Hemiacetals, and Hemiketals;Ethers;Hydrocarbons, Aliphatic Unsaturated",MATCH
94-70-2,O-PHENETIDINE,"Amines, Aromatic",7203,"Amines, Aromatic;Amines, Phosphines, and Pyridines;Ethers",MATCH
94-74-6,METHOXONE,"Acids, Carboxylic;Aryl Halides",7204,"Acids, Carboxylic;Aryl Halides",MATCH
94-75-7,"2,4-DICHLOROPHENOXYACETIC ACID","Acids, Carboxylic;Aryl Halides;Halogenated Organic Compounds",1486,"Acids, Carboxylic;Aryl Halides;Halogenated Organic Compounds",MATCH
94-80-4,"2,4-D, N-BUTYL ESTER","Aryl Halides;Esters, Sulfate Esters, Phosphate Esters, Thiophosphate Esters, and Borate Esters;Ethers",7206,"Aryl Halides;Esters, Sulfate Esters, Phosphate Esters, Thiophosphate Esters, and Borate Esters;Ethers",MATCH
94-82-6,"2,4-DB","Acids, Carboxylic;Halogenated Organic Compounds",1489,"Acids, Carboxylic;Halogenated Organic Compounds",MATCH
941-69-5,N-PHENYLMALEIMIDE,"Amides and Imides;Amines, Aromatic;Hydrocarbons, Aliphatic Unsaturated",13662,"Amides and Imides;Amines, Aromatic;Hydrocarbons, Aliphatic Unsaturated",MATCH
944-22-9,FONOFOS,"Sulfonates, Phosphonates, and Thiophosphonates, Organic",13676,"Sulfonates, Phosphonates, and Thiophosphonates, Organic",MATCH
947-02-4,PHOSFOLAN,"Amines, Phosphines, and Pyridines;Esters, Sulfate Esters, Phosphate Esters, Thiophosphate Esters, and Borate Esters;Sulfides, Organic",13689,"Amines, Phosphines, and Pyridines;Esters, Sulfate Esters, Phosphate Esters, Thiophosphate Esters, and Borate Esters;Sulfides, Organic",MATCH
947-08-0,THIOBUTABARBITAL SODIUM,"Amines, Phosphines, and Pyridines;Salts, Basic;Sulfides, Organic",23710500,"Amines, Phosphines, and Pyridines;Salts, Basic;Sulfides, Organic",MATCH
95-06-7,SULFALLATE,"Halogenated Organic Compounds;Hydrocarbons, Aliphatic Unsaturated;Thiocarbamate Esters and Salts/Dithiocarbamate Esters and Salts",7216,"Halogenated Organic Compounds;Hydrocarbons, Aliphatic Unsaturated;Thiocarbamate Esters and Salts/Dithiocarbamate Esters and Salts",MATCH
95-08-9,TRIETHYLENE GLYCOL DI-(2-ETHYLBUTYRATE),"Esters, Sulfate Esters, Phosphate Esters, Thiophosphate Esters, and Borate Esters;Ethers",7217,"Esters, Sulfate Esters, Phosphate Esters, Thiophosphate Esters, and Borate Esters;Ethers",MATCH
95-14-7,"1,2,3-BENZOTRIAZOLE","Azo, Diazo, Azido, Hydrazine, and Azide Compounds;Hydrocarbons, Aromatic",7220,"Azo, Diazo, Azido, Hydrazine, and Azide Compounds;Hydrocarbons, Aromatic",MATCH
95-19-2,HEPTADECYL HYDROXYETHYLIMIDAZOLINE,"Alcohols and Polyols;Amines, Phosphines, and Pyridines",7223,"Alcohols and Polyols;Amines, Phosphines, and Pyridines",MATCH
95-46-5,O-BROMOTOLUENE,Aryl Halides,7236,Aryl Halides,MATCH
95-51-2,O-CHLOROANILINE,"Amines, Aromatic;Aryl Halides",7240,"Amines, Aromatic;Amines, Phosphines, and Pyridines;Aryl Halides;Halogenated Organic Compounds",MATCH
95-54-5,"1,2-PHENYLENEDIAMINE","Amines, Aromatic",7243,"Amines, Aromatic",MATCH
95-55-6,O-AMINOPHENOL,"Amines, Aromatic;Phenols and Cresols",5801,"Amines, Aromatic;Phenols and Cresols",MATCH
95-64-7,"3,4-XYLIDINE","Amines, Aromatic",7248,"Amines, Aromatic",MATCH
95-65-8,"3,4-DIMETHYLPHENOL",Phenols and Cresols,7249,Phenols and Cresols,MATCH
95-68-1,"2,4-XYLIDINE","Amines, Aromatic",7250,"Amines, Aromatic",MATCH
95-69-2,4-CHLORO-O-TOLUIDINE,"Amines, Aromatic;Aryl Halides",7251,"Amines, Aromatic;Aryl Halides",MATCH
95-73-8,"2,4-DICHLOROTOLUENE",Aryl Halides,7254,Aryl Halides,MATCH
95-74-9,3-CHLORO-P-TOLUIDINE,"Amines, Aromatic;Aryl Halides",7255,"Amines, Aromatic;Aryl Halides",MATCH
95-76-1,"3,4-DICHLOROANILINE","Amines, Aromatic;Aryl Halides",7257,"Amines, Aromatic;Aryl Halides",MATCH
95-77-2,"3,4-DICHLOROPHENOL",Aryl Halides;Phenols and Cresols,7258,Aryl Halides;Phenols and Cresols,MATCH
95-78-3,"2,5-XYLIDINE","Amines, Aromatic",7259,"Amines, Aromatic",MATCH
95-82-9,"2,5-DICHLOROANILINE","Amines, Aromatic;Aryl Halides",7262,"Amines, Aromatic;Aryl Halides",MATCH
95-83-0,4-CHLORO-O-PHENYLENEDIAMINE,"Amines, Aromatic;Aryl Halides",7263,"Amines, Aromatic;Aryl Halides",MATCH
95-84-1,2-AMINO-4-METHYLPHENOL,"Amines, Aromatic;Phenols and Cresols",7264,"Amines, Aromatic;Phenols and Cresols",MATCH
95-85-2,2-AMINO-4-CHLOROPHENOL,"Amines, Aromatic;Aryl Halides;Phenols and Cresols",7265,"Amines, Aromatic;Aryl Halides;Phenols and Cresols",MATCH
95-87-4,"2,5-DIMETHYLPHENOL",Phenols and Cresols,7267,Phenols and Cresols,MATCH
95-93-2,"1,2,4,5-TETRAMETHYLBENZENE","Hydrocarbons, Aromatic",7269,"Hydrocarbons, Aromatic",MATCH
95-94-3,"1,2,4,5-TETRACHLOROBENZENE",Aryl Halides,7270,Aryl Halides,MATCH
95-95-4,"2,4,5-TRICHLOROPHENOL","Acids, Weak;Aryl Halides;Phenols and Cresols",7271,"Acids, Weak;Aryl Halides;Phenols and Cresols",MATCH
950-10-7,MEPHOSFOLAN,"Amines, Phosphines, and Pyridines;Esters, Sulfate Esters, Phosphate Esters, Thiophosphate Esters, and Borate Esters;Sulfides, Organic",9568069,"Amines, Phosphines, and Pyridines;Esters, Sulfate Esters, Phosphate Esters, Thiophosphate Esters, and Borate Esters;Sulfides, Organic",MATCH
950-37-8,METHIDATHION,"Azo, Diazo, Azido, Hydrazine, and Azide Compounds;Esters, Sulfate Esters, Phosphate Esters, Thiophosphate Esters, and Borate Esters;Sulfides, Organic",13709,"Azo, Diazo, Azido, Hydrazine, and Azide Compounds;Esters, Sulfate Esters, Phosphate Esters, Thiophosphate Esters, and Borate Esters;Sulfides, Organic",MATCH
952-23-8,PROFLAVINE HYDROCHLORIDE,"Amines, Phosphines, and Pyridines;Salts, Acidic",197873,"Amines, Phosphines, and Pyridines;Salts, Acidic",MATCH
957-51-7,DIPHENAMID,Amides and Imides,13728,Amides and Imides,MATCH
958-93-0,THENYLDIAMINE HYDROCHLORIDE,"Conjugated Dienes;Salts, Acidic;Sulfides, Organic",24180707,"Conjugated Dienes;Salts, Acidic;Sulfides, Organic",MATCH
959-98-8,ALPHA - ENDOSULFAN,"Esters, Sulfate Esters, Phosphate Esters, Thiophosphate Esters, and Borate Esters;Halogenated Organic Compounds;Hydrocarbons, Aliphatic Unsaturated",12309460,"Esters, Sulfate Esters, Phosphate Esters, Thiophosphate Esters, and Borate Esters;Halogenated Organic Compounds;Hydrocarbons, Aliphatic Unsaturated",MATCH
96-09-3,STYRENE OXIDE,"Epoxides;Hydrocarbons, Aromatic;Polymerizable Compounds",7276,"Epoxides;Hydrocarbons, Aromatic;Polymerizable Compounds",MATCH
96-13-9,"2,3-DIBROMO-1-PROPANOL",Alcohols and Polyols;Halogenated Organic Compounds,7281,Alcohols and Polyols;Halogenated Organic Compounds,MATCH
96-19-5,"1,2,3-TRICHLOROPROPENE","Halogenated Organic Compounds;Hydrocarbons, Aliphatic Unsaturated",7286,"Halogenated Organic Compounds;Hydrocarbons, Aliphatic Unsaturated",MATCH
96-31-1,"N,N&#39;-DIMETHYLUREA",Amides and Imides,7293,Amides and Imides,MATCH
96-41-3,CYCLOPENTANOL,Alcohols and Polyols,7298,Alcohols and Polyols,MATCH
96-45-7,ETHYLENE THIOUREA,"Amides and Imides;Sulfides, Organic",2723650,"Amides and Imides;Sulfides, Organic",MATCH
96-50-4,2-AMINOTHIAZOLE,"Amines, Phosphines, and Pyridines;Sulfides, Organic",2155,"Amines, Phosphines, and Pyridines;Sulfides, Organic",MATCH
96-64-0,SOMAN,"Acyl Halides, Sulfonyl Halides, and Chloroformates;Sulfonates, Phosphonates, and Thiophosphonates, Organic",7305,"Acyl Halides, Sulfonyl Halides, and Chloroformates;Sulfonates, Phosphonates, and Thiophosphonates, Organic",MATCH
96-67-3,6-AMINO-4-NITRO-1-PHENOL-2-SULFONIC ACID,"Acids, Strong Oxidizing;Amines, Phosphines, and Pyridines;Nitro, Nitroso, Nitrate, and Nitrite Compounds, Organic;Phenols and Cresols",4312530,"Acids, Strong Oxidizing;Amines, Phosphines, and Pyridines;Nitro, Nitroso, Nitrate, and Nitrite Compounds, Organic;Phenols and Cresols",MATCH
96-69-5,"4,4&#39;-THIOBIS(6-TERT-BUTYL-M-CRESOL)","Phenols and Cresols;Sulfides, Organic",7308,"Phenols and Cresols;Sulfides, Organic",MATCH
96-91-3,"2-AMINO-4,6-DINITROPHENOL","Amines, Aromatic;Nitro, Nitroso, Nitrate, and Nitrite Compounds, Organic;Phenols and Cresols;Water and Aqueous Solutions",4921319,"Amines, Aromatic;Nitro, Nitroso, Nitrate, and Nitrite Compounds, Organic;Phenols and Cresols;Water and Aqueous Solutions",MATCH
96-93-5,2-AMINO-6-NITRO-1-PHENOL-4-SULFONIC ACID,"Acids, Weak;Amines, Aromatic;Nitro, Nitroso, Nitrate, and Nitrite Compounds, Organic",3844407,"Acids, Weak;Amines, Aromatic;Nitro, Nitroso, Nitrate, and Nitrite Compounds, Organic",MATCH
96-98-0,4-METHYL-3-NITROBENZOIC ACID,"Acids, Carboxylic;Nitro, Nitroso, Nitrate, and Nitrite Compounds, Organic",7319,"Acids, Carboxylic;Nitro, Nitroso, Nitrate, and Nitrite Compounds, Organic",MATCH
961-11-5,TETRACHLORVINPHOS,"Aryl Halides;Esters, Sulfate Esters, Phosphate Esters, Thiophosphate Esters, and Borate Esters;Halogenated Organic Compounds",13745,"Aryl Halides;Esters, Sulfate Esters, Phosphate Esters, Thiophosphate Esters, and Borate Esters;Halogenated Organic Compounds",MATCH
961-71-7,PHENBENZAMINE,"Amines, Phosphines, and Pyridines",13751,"Amines, Phosphines, and Pyridines",MATCH
96196-27-9,"2,2&#39;-DIMETHYLBENZIDINE HYDROCHLORIDE","Salts, Acidic",219060,"Salts, Acidic",MATCH
963-89-3,"7,9-DIMETHYLBENZ(C)ACRIDINE","Amines, Phosphines, and Pyridines;Hydrocarbons, Aromatic",13757,"Amines, Phosphines, and Pyridines;Hydrocarbons, Aromatic",MATCH
968-81-0,ACETOHEXAMIDE,"Amides and Imides;Ketones;Sulfonates, Phosphonates, and Thiophosphonates, Organic",1989,"Amides and Imides;Ketones;Sulfonates, Phosphonates, and Thiophosphonates, Organic",MATCH
97-00-7,"1-CHLORO-2,4-DINITROBENZENE","Aryl Halides;Nitro, Nitroso, Nitrate, and Nitrite Compounds, Organic",6,"Aryl Halides;Nitro, Nitroso, Nitrate, and Nitrite Compounds, Organic",MATCH
97-02-9,"2,4-DINITROANILINE","Amines, Aromatic;Nitro, Nitroso, Nitrate, and Nitrite Compounds, Organic",7321,"Amines, Aromatic;Nitro, Nitroso, Nitrate, and Nitrite Compounds, Organic",MATCH
97-18-7,"2,2&#39;-THIOBIS(4,6-DICHLOROPHENOL)","Aryl Halides;Phenols and Cresols;Sulfides, Organic",2406,"Aryl Halides;Phenols and Cresols;Sulfides, Organic",MATCH
97-23-4,DICHLOROPHENE,Aryl Halides;Phenols and Cresols,3037,Aryl Halides;Phenols and Cresols,MATCH
97-24-5,"2,2&#39;-THIOBIS(4-CHLOROPHENOL)","Aryl Halides;Phenols and Cresols;Sulfides, Organic",7329,"Aryl Halides;Phenols and Cresols;Sulfides, Organic",MATCH
97-32-5,4-METHOXY-3-NITRO-N-PHENYLBENZAMIDE,"Amides and Imides;Amines, Aromatic;Nitro, Nitroso, Nitrate, and Nitrite Compounds, Organic",7331,"Amides and Imides;Amines, Aromatic;Nitro, Nitroso, Nitrate, and Nitrite Compounds, Organic",MATCH
97-42-7,CARVYL ACETATE,"Esters, Sulfate Esters, Phosphate Esters, Thiophosphate Esters, and Borate Esters;Hydrocarbons, Aliphatic Unsaturated",7335,"Esters, Sulfate Esters, Phosphate Esters, Thiophosphate Esters, and Borate Esters;Hydrocarbons, Aliphatic Unsaturated",MATCH
97-53-0,EUGENOL,"Hydrocarbons, Aliphatic Unsaturated;Phenols and Cresols",3314,"Hydrocarbons, Aliphatic Unsaturated;Phenols and Cresols",MATCH
97-54-1,ISOEUGENOL,"Hydrocarbons, Aliphatic Unsaturated;Phenols and Cresols",853433,"Hydrocarbons, Aliphatic Unsaturated;Phenols and Cresols",MATCH
97-56-3,O-AMINOAZOTOLUENE,"Amines, Aromatic;Azo, Diazo, Azido, Hydrazine, and Azide Compounds",7340,"Amines, Aromatic;Azo, Diazo, Azido, Hydrazine, and Azide Compounds",MATCH
97-77-8,TETRAETHYLTHIURAM DISULFIDE,"Sulfides, Organic;Thiocarbamate Esters and Salts/Dithiocarbamate Esters and Salts",3117,"Sulfides, Organic;Thiocarbamate Esters and Salts/Dithiocarbamate Esters and Salts",MATCH
97-96-1,2-ETHYLBUTYRALDEHYDE,Aldehydes,7359,Aldehydes,MATCH
98-05-5,BENZENEARSONIC ACID,"Acids, Weak",7365,"Acids, Weak",MATCH
98-11-3,BENZENESULFONIC ACID,"Acids, Strong Oxidizing",7371,"Acids, Strong Oxidizing",MATCH
98-12-4,CYCLOHEXYLTRICHLOROSILANE,Chlorosilanes,60987,Chlorosilanes,MATCH
98-15-7,M-CHLOROBENZOTRIFLUORIDE,Aryl Halides;Fluorinated Organic Compounds;Halogenated Organic Compounds,7374,Aryl Halides;Fluorinated Organic Compounds;Halogenated Organic Compounds,MATCH
98-30-6,2-AMINO-4-(METHYLSULFONYL)PHENOL,"Amines, Aromatic;Phenols and Cresols;Sulfonates, Phosphonates, and Thiophosphonates, Organic",7382,"Amines, Aromatic;Phenols and Cresols;Sulfonates, Phosphonates, and Thiophosphonates, Organic",MATCH
98-37-3,2-AMINOPHENOL-4-SULFONIC ACID,"Acids, Weak;Amines, Aromatic",7385,"Acids, Weak;Amines, Aromatic",MATCH
98-46-4,"3-NITRO-ALPHA,ALPHA,ALPHA-TRIFLUOROTOLUENE","Fluorinated Organic Compounds;Nitro, Nitroso, Nitrate, and Nitrite Compounds, Organic",7386,"Fluorinated Organic Compounds;Nitro, Nitroso, Nitrate, and Nitrite Compounds, Organic",MATCH
98-51-1,P-TERT-BUTYLTOLUENE,"Hydrocarbons, Aromatic",7390,"Hydrocarbons, Aromatic",MATCH
98-54-4,4-TERT-BUTYL PHENOL,Phenols and Cresols,7393,Phenols and Cresols,MATCH
98-59-9,P-TOLUENE SULFONYLCHLORIDE,"Acyl Halides, Sulfonyl Halides, and Chloroformates;Halogenating Agents",7397,"Acyl Halides, Sulfonyl Halides, and Chloroformates;Halogenating Agents",MATCH
98-92-0,NICOTINAMIDE,"Amides and Imides;Amines, Phosphines, and Pyridines",936,"Amides and Imides;Amines, Phosphines, and Pyridines",MATCH
98-96-4,PYRAZINAMIDE,"Amides and Imides;Amines, Phosphines, and Pyridines",1046,"Amides and Imides;Amines, Phosphines, and Pyridines",MATCH
98136-99-3,BROMOCHLOROACETALDEHYDE,Aldehydes;Halogenated Organic Compounds,542763,Aldehydes;Halogenated Organic Compounds,MATCH
982-57-0,CHLORAMPHENICOL SODIUM SUCCINATE,"Alcohols and Polyols;Amides and Imides;Esters, Sulfate Esters, Phosphate Esters, Thiophosphate Esters, and Borate Esters;Halogenated Organic Compounds;Nitro, Nitroso, Nitrate, and Nitrite Compounds, Organic",656833,"Alcohols and Polyols;Amides and Imides;Esters, Sulfate Esters, Phosphate Esters, Thiophosphate Esters, and Borate Esters;Halogenated Organic Compounds;Nitro, Nitroso, Nitrate, and Nitrite Compounds, Organic",MATCH
98205-29-9,NITROGUANIDINE NITRATE,"Amines, Phosphines, and Pyridines;Azo, Diazo, Azido, Hydrazine, and Azide Compounds;Nitro, Nitroso, Nitrate, and Nitrite Compounds, Organic",135849548,"Amines, Phosphines, and Pyridines;Azo, Diazo, Azido, Hydrazine, and Azide Compounds;Nitro, Nitroso, Nitrate, and Nitrite Compounds, Organic",MATCH
98516-30-4,ETHOXYPROPYL ACETATE,"Esters, Sulfate Esters, Phosphate Esters, Thiophosphate Esters, and Borate Esters;Ethers",14847874,"Esters, Sulfate Esters, Phosphate Esters, Thiophosphate Esters, and Borate Esters;Ethers",MATCH
989-38-8,C.I. BASIC RED 1,"Amines, Aromatic;Esters, Sulfate Esters, Phosphate Esters, Thiophosphate Esters, and Borate Esters;Salts, Acidic",13806,"Amines, Aromatic;Esters, Sulfate Esters, Phosphate Esters, Thiophosphate Esters, and Borate Esters;Salts, Acidic",MATCH
99-04-7,M-TOLUIC ACID,"Acids, Carboxylic",7418,"Acids, Carboxylic",MATCH
99-07-0,3-DIMETHYLAMINOPHENOL,"Amines, Phosphines, and Pyridines;Phenols and Cresols",7421,"Amines, Phosphines, and Pyridines;Phenols and Cresols",MATCH
99-09-2,M-NITROANILINE,"Amines, Aromatic;Nitro, Nitroso, Nitrate, and Nitrite Compounds, Organic",7423,"Amines, Aromatic;Nitro, Nitroso, Nitrate, and Nitrite Compounds, Organic",MATCH
99-12-7,"1,3-DIMETHYL-5-NITROBENZENE","Nitro, Nitroso, Nitrate, and Nitrite Compounds, Organic",7426,"Nitro, Nitroso, Nitrate, and Nitrite Compounds, Organic",MATCH
99-30-9,DICHLORAN,"Amines, Aromatic;Aryl Halides;Nitro, Nitroso, Nitrate, and Nitrite Compounds, Organic",7430,"Amines, Aromatic;Aryl Halides;Nitro, Nitroso, Nitrate, and Nitrite Compounds, Organic",MATCH
99-35-4,"TRINITROBENZENE, WETTED WITH NOT LESS THAN 30% WATER","Nitro, Nitroso, Nitrate, and Nitrite Compounds, Organic;Water and Aqueous Solutions",7434,"Nitro, Nitroso, Nitrate, and Nitrite Compounds, Organic;Water and Aqueous Solutions",MATCH
99-48-9,CARVEOL,"Alcohols and Polyols;Hydrocarbons, Aliphatic Unsaturated",7438,"Alcohols and Polyols;Hydrocarbons, Aliphatic Unsaturated",MATCH
99-51-4,"1,2-DIMETHYL-4-NITROBENZENE","Nitro, Nitroso, Nitrate, and Nitrite Compounds, Organic",7440,"Nitro, Nitroso, Nitrate, and Nitrite Compounds, Organic",MATCH
99-52-5,2-METHYL-4-NITROANILINE,"Amines, Aromatic;Nitro, Nitroso, Nitrate, and Nitrite Compounds, Organic",7441,"Amines, Aromatic;Nitro, Nitroso, Nitrate, and Nitrite Compounds, Organic",MATCH
99-54-7,"3,4-DICHLORONITROBENZENE","Aryl Halides;Nitro, Nitroso, Nitrate, and Nitrite Compounds, Organic",7443,"Aryl Halides;Nitro, Nitroso, Nitrate, and Nitrite Compounds, Organic",MATCH
99-55-8,5-NITRO-O-TOLUIDINE,"Amines, Aromatic;Nitro, Nitroso, Nitrate, and Nitrite Compounds, Organic",7444,"Amines, Aromatic;Nitro, Nitroso, Nitrate, and Nitrite Compounds, Organic",MATCH
99-56-9,4-NITRO-O-PHENYLENEDIAMINE,"Amines, Aromatic;Nitro, Nitroso, Nitrate, and Nitrite Compounds, Organic",5111791,"Amines, Aromatic;Nitro, Nitroso, Nitrate, and Nitrite Compounds, Organic",MATCH
99-57-0,2-AMINO-4-NITROPHENOL,"Amines, Aromatic;Nitro, Nitroso, Nitrate, and Nitrite Compounds, Organic;Phenols and Cresols",3613389,"Amines, Aromatic;Nitro, Nitroso, Nitrate, and Nitrite Compounds, Organic;Phenols and Cresols",MATCH
99-59-2,5-NITRO-O-ANISIDINE,"Amines, Aromatic;Nitro, Nitroso, Nitrate, and Nitrite Compounds, Organic",7447,"Amines, Aromatic;Nitro, Nitroso, Nitrate, and Nitrite Compounds, Organic",MATCH
99-65-0,M-DINITROBENZENE,"Nitro, Nitroso, Nitrate, and Nitrite Compounds, Organic",7452,"Nitro, Nitroso, Nitrate, and Nitrite Compounds, Organic",MATCH
99-66-1,VALPROIC ACID,"Acids, Carboxylic",3121,"Acids, Carboxylic",MATCH
99-75-2,METHYL-P-TOLUATE,"Esters, Sulfate Esters, Phosphate Esters, Thiophosphate Esters, and Borate Esters",7455,"Esters, Sulfate Esters, Phosphate Esters, Thiophosphate Esters, and Borate Esters",MATCH
99-82-1,P-MENTHANE,"Hydrocarbons, Aliphatic Saturated",7459,"Hydrocarbons, Aliphatic Saturated",MATCH
99-94-5,P-TOLUIC ACID,"Acids, Carboxylic",7470,"Acids, Carboxylic",MATCH
99-97-8,"N,N-DIMETHYL-P-TOLUIDINE","Amines, Aromatic",7471,"Amines, Aromatic",MATCH
99-98-9,DIMETHYL-P-PHENYLENEDIAMINE,"Amines, Aromatic",7472,"Amines, Aromatic",MATCH
99-99-0,P-NITROTOLUENE,"Nitro, Nitroso, Nitrate, and Nitrite Compounds, Organic",7473,"Nitro, Nitroso, Nitrate, and Nitrite Compounds, Organic",MATCH
991-42-4,NORBORMIDE,"Alcohols and Polyols;Amides and Imides;Amines, Phosphines, and Pyridines",13814,"Alcohols and Polyols;Amides and Imides;Amines, Phosphines, and Pyridines",MATCH
992-59-6,DIRECT RED 2,"Amines, Aromatic;Azo, Diazo, Azido, Hydrazine, and Azide Compounds;Non-Redox-Active Inorganic Compounds",13816,"Amines, Aromatic;Azo, Diazo, Azido, Hydrazine, and Azide Compounds;Non-Redox-Active Inorganic Compounds",MATCH
993-43-1,"ETHYL PHOSPHONOTHIOIC DICHLORIDE, ANHYDROUS","Acyl Halides, Sulfonyl Halides, and Chloroformates;Sulfonates, Phosphonates, and Thiophosphonates, Organic",61246,"Acyl Halides, Sulfonyl Halides, and Chloroformates;Sulfonates, Phosphonates, and Thiophosphonates, Organic",MATCH
995-33-5,"N-BUTYL-4,4-DI-(TERT-BUTYLPEROXY)VALERATE, [&lt;= 52% WITH INERT SOLID]","Acetals, Ketals, Hemiacetals, and Hemiketals;Peroxides, Organic",70447,"Acetals, Ketals, Hemiacetals, and Hemiketals;Peroxides, Organic",MATCH
998-40-3,TRIBUTYLPHOSPHANE,"Amines, Phosphines, and Pyridines;Reducing Agents, Weak",13831,"Amines, Phosphines, and Pyridines;Reducing Agents, Weak",MATCH
999-81-5,CHLORMEQUAT CHLORIDE,Halogenated Organic Compounds;Non-Redox-Active Inorganic Compounds;Quaternary Ammonium and Phosphonium Salts,13836,Halogenated Organic Compounds;Non-Redox-Active Inorganic Compounds;Quaternary Ammonium and Phosphonium Salts,MATCH
