CAS_Number,Chemical_Name,Reactive_Group_IDs,Reactive_Groups
100-00-5,P-NITROCHLOROBENZENE,16;46,"Aryl Halides;Nitro, Nitroso, Nitrate, and Nitrite Compounds, Organic"
100-01-6,"P-NITROANILINE, [SOLID]",13;46,"Amines, Aromatic;Nitro, Nitroso, Nitrate, and Nitrite Compounds, Organic"
100-02-7,4-NITROPHENOL,46;55,"Nitro, Nitroso, Nitrate, and Nitrite Compounds, Organic;Phenols and Cresols"
100-07-2,4-METHOXYBENZOYL CHLORIDE,7,"Acyl Halides, Sulfonyl Halides, and Chloroformates"
100-14-1,"BENZENE, 1-(CHLOROMETHYL)-4-NITRO-",31;46,"Halogenated Organic Compounds;Nitro, Nitroso, Nitrate, and Nitrite Compounds, Organic"
100-15-2,N-METHYL-4-NITROANILINE,13;46,"Amines, Aromatic;Nitro, Nitroso, Nitrate, and Nitrite Compounds, Organic"
100-16-3,"4-NITROPHENYLHYDRAZINE, [WETTED WITH NOT LESS THAN 30% WATER BY MASS]",17;46;68,"Azo, Diazo, Azido, Hydrazine, and Azide Compounds;Nitro, Nitroso, Nitrate, and Nitrite Compounds, Organic;Water and Aqueous Solutions"
100-19-6,P-NITROACETOPHENONE,38;46,"Ketones;Nitro, Nitroso, Nitrate, and Nitrite Compounds, Organic"
100-21-0,TEREPHTHALIC ACID,2;35,"Acids, Carboxylic;Hydrocarbons, Aromatic"
100-22-1,"N,N,N&#39;,N&#39;-TETRAMETHYL-P-PHENYLENEDIAMINE",14,"Amines, Phosphines, and Pyridines"
100-25-4,P-DINITROBENZENE,46,"Nitro, Nitroso, Nitrate, and Nitrite Compounds, Organic"
100-27-6,P-NITROPHENETHYL ALCOHOL,8;46,"Alcohols and Polyols;Nitro, Nitroso, Nitrate, and Nitrite Compounds, Organic"
100-38-9,"2-(N,N-DIETHYLAMINO)ETHANETHIOL",14;64,"Amines, Phosphines, and Pyridines;Sulfides, Organic"
100-51-6,BENZYL ALCOHOL,8,Alcohols and Polyols
100-57-2,PHENYLMERCURIC HYDROXIDE,18;49,"Bases, Strong;Organometallics"
100-64-1,CYCLOHEXANONE OXIME,52,Oximes
100-65-2,N-PHENYLHYDROXYLAMINE,8;14,"Alcohols and Polyols;Amines, Phosphines, and Pyridines"
100-73-2,"ACROLEIN DIMER, STABILIZED",9;28;34;56,"Aldehydes;Ethers;Hydrocarbons, Aliphatic Unsaturated;Polymerizable Compounds"
100-75-4,N-NITROSOPIPERIDINE,17;46,"Azo, Diazo, Azido, Hydrazine, and Azide Compounds;Nitro, Nitroso, Nitrate, and Nitrite Compounds, Organic"
100-97-0,HEXAMETHYLENETETRAMINE,14,"Amines, Phosphines, and Pyridines"
10016-20-3,ALPHA-CYCLODEXTRIN,8,Alcohols and Polyols
1002-89-7,AMMONIUM STEARATE,47,Non-Redox-Active Inorganic Compounds
10022-31-8,BARIUM NITRATE,43,"Nitrate and Nitrite Compounds, Inorganic"
10025-73-7,CHROMIC CHLORIDE,47,Non-Redox-Active Inorganic Compounds
10025-91-9,ANTIMONY TRICHLORIDE,3;32;50,"Acids, Strong Non-oxidizing;Halogenating Agents;Oxidizing Agents, Strong"
10026-06-9,"STANNIC CHLORIDE, PENTAHYDRATE",3,"Acids, Strong Non-oxidizing"
10026-11-6,ZIRCONIUM TETRACHLORIDE,3,"Acids, Strong Non-oxidizing"
10026-13-8,PHOSPHORUS PENTACHLORIDE,3;32;50,"Acids, Strong Non-oxidizing;Halogenating Agents;Oxidizing Agents, Strong"
10026-17-2,COBALT FLUORIDE,59;61,"Reducing Agents, Weak;Salts, Basic"
10026-24-1,COBALT SULFATE HEPTAHYDRATE,60,"Salts, Acidic"
10028-22-5,FERRIC SULFATE,60,"Salts, Acidic"
10031-13-7,LEAD(II) ARSENITE,61,"Salts, Basic"
10031-87-5,2-ETHYLBUTYL ACETATE,27,"Esters, Sulfate Esters, Phosphate Esters, Thiophosphate Esters, and Borate Esters"
10034-81-8,MAGNESIUM PERCHLORATE,50,"Oxidizing Agents, Strong"
10034-82-9,SODIUM CHROMATE TETRAHYDRATE,50;61,"Oxidizing Agents, Strong;Salts, Basic"
10034-96-5,MANGANESE(II) SULFATE MONOHYDRATE,60,"Salts, Acidic"
10039-54-0,HYDROXYLAMINE SULFATE,58;60,"Reducing Agents, Strong;Salts, Acidic"
10042-76-9,STRONTIUM NITRATE,43,"Nitrate and Nitrite Compounds, Inorganic"
10043-01-3,"ALUMINUM SULFATE, SOLID",60;68,"Salts, Acidic;Water and Aqueous Solutions"
10043-52-4,CALCIUM CHLORIDE,60,"Salts, Acidic"
10045-89-3,FERROUS AMMONIUM SULFATE,60,"Salts, Acidic"
10045-94-0,MERCURIC NITRATE,43,"Nitrate and Nitrite Compounds, Inorganic"
10048-95-0,SODIUM ARSENATE HEPTAHYDRATE,51;61,"Oxidizing Agents, Weak;Salts, Basic"
10049-05-5,CHROMOUS CHLORIDE,58,"Reducing Agents, Strong"
10099-58-8,LANTHANUM CHLORIDE,60,"Salts, Acidic"
10099-74-8,LEAD NITRATE,43,"Nitrate and Nitrite Compounds, Inorganic"
101-02-0,TRIPHENYL PHOSPHITE,59;66,"Reducing Agents, Weak;Sulfonates, Phosphonates, and Thiophosphonates, Organic"
101-05-3,ANILAZINE,14;16,"Amines, Phosphines, and Pyridines;Aryl Halides"
101-14-4,"4,4&#39;-METHYLENEBIS(2-CHLOROANILINE)",13;16,"Amines, Aromatic;Aryl Halides"
101-18-8,3-HYDROXY-N-PHENYLANILINE,14;55,"Amines, Phosphines, and Pyridines;Phenols and Cresols"
101-20-2,TRICLOCARBAN,12;13;16,"Amides and Imides;Amines, Aromatic;Aryl Halides"
101-21-3,ISOPROPYL-N-(3-CHLOROPHENYL)CARBAMATE,16;20,Aryl Halides;Carbamates
101-25-7,"N,N&#39;-DINITROSOPENTAMETHYLENE TETRAMINE",14;17;46,"Amines, Phosphines, and Pyridines;Azo, Diazo, Azido, Hydrazine, and Azide Compounds;Nitro, Nitroso, Nitrate, and Nitrite Compounds, Organic"
101-27-9,BARBAN,11;16;20;31,"Alkynes, with No Acetylenic Hydrogen;Aryl Halides;Carbamates;Halogenated Organic Compounds"
101-39-3,ALPHA-METHYLCINNAMALDEHYDE,9;34;35,"Aldehydes;Hydrocarbons, Aliphatic Unsaturated;Hydrocarbons, Aromatic"
101-54-2,N-PHENYL-P-PHENYLENEDIAMINE,13,"Amines, Aromatic"
101-55-3,4-BROMOPHENYL PHENYL ETHER,16;28,Aryl Halides;Ethers
101-61-1,"4,4&#39;-METHYLENEBIS(N,N-DIMETHYL)BENZENAMINE",14,"Amines, Phosphines, and Pyridines"
101-67-7,"4,4&#39;-DIOCTYLDIPHENYLAMINE",14,"Amines, Phosphines, and Pyridines"
101-68-8,"DIPHENYLMETHANE-4,4&#39;-DIISOCYANATE",37,Isocyanates and Isothiocyanates
101-70-2,"4,4&#39;-DIMETHOXYDIPHENYLAMINE",14,"Amines, Phosphines, and Pyridines"
101-72-4,N-ISOPROPYL-N&#39;-PHENYL-P-PHENYLENEDIAMINE,13,"Amines, Aromatic"
101-73-5,P-ISOPROPOXYDIPHENYLAMINE,14;28,"Amines, Phosphines, and Pyridines;Ethers"
101-77-9,"4,4&#39;-DIAMINODIPHENYLMETHANE",13,"Amines, Aromatic"
101-80-4,"4,4&#39;-DIAMINODIPHENYL ETHER",13;28,"Amines, Aromatic;Ethers"
101-83-7,DICYCLOHEXYLAMINE,14,"Amines, Phosphines, and Pyridines"
101-90-6,DIGLYCIDYL RESORCINOL ETHER,26;28;35,"Epoxides;Ethers;Hydrocarbons, Aromatic"
101-96-2,"N,N&#39;-DI-SEC-BUTYL-P-PHENYLENEDIAMINE",13,"Amines, Aromatic"
10101-50-5,SODIUM PERMANGANATE,50,"Oxidizing Agents, Strong"
10101-53-8,CHROMIC SULFATE,60,"Salts, Acidic"
10101-63-0,LEAD IODIDE,47,Non-Redox-Active Inorganic Compounds
10101-97-0,NICKEL SULFATE HEXAHYDRATE,60,"Salts, Acidic"
10102-20-2,SODIUM TELLURITE,59;61,"Reducing Agents, Weak;Salts, Basic"
10102-45-1,THALLIUM NITRATE,43,"Nitrate and Nitrite Compounds, Inorganic"
10102-49-5,FERRIC ARSENATE,51;61,"Oxidizing Agents, Weak;Salts, Basic"
10102-50-8,FERROUS ARSENATE,47,Non-Redox-Active Inorganic Compounds
10102-71-3,SODIUM ALUMINUM SULPHATE,60,"Salts, Acidic"
10103-50-1,MAGNESIUM ARSENATE,47,Non-Redox-Active Inorganic Compounds
10108-64-2,CADMIUM CHLORIDE,60,"Salts, Acidic"
10112-91-1,MERCUROUS CHLORIDE,42;47,"Metals, Less Reactive;Non-Redox-Active Inorganic Compounds"
10118-76-0,CALCIUM PERMANGANATE,50,"Oxidizing Agents, Strong"
101200-48-0,TRIBENURON-METHYL,12;14;27;66,"Amides and Imides;Amines, Phosphines, and Pyridines;Esters, Sulfate Esters, Phosphate Esters, Thiophosphate Esters, and Borate Esters;Sulfonates, Phosphonates, and Thiophosphonates, Organic"
10124-36-4,CADMIUM SULFATE,60,"Salts, Acidic"
10124-43-3,COBALT SULFATE,60,"Salts, Acidic"
10124-48-8,MERCURY AMMONIUM CHLORIDE,42;47,"Metals, Less Reactive;Non-Redox-Active Inorganic Compounds"
10124-50-2,POTASSIUM ARSENITE,61,"Salts, Basic"
10137-69-6,CYCLOHEXENYLTRICHLOROSILANE,22;34,"Chlorosilanes;Hydrocarbons, Aliphatic Unsaturated"
10137-74-3,CALCIUM CHLORATE,50;61;68,"Oxidizing Agents, Strong;Salts, Basic;Water and Aqueous Solutions"
10141-05-6,COBALT NITRATE,43,"Nitrate and Nitrite Compounds, Inorganic"
10143-23-4,"2,3-DIMETHYL-1-PENTANOL",8,Alcohols and Polyols
10169-02-5,C.I. ACID RED 97,17;55;61;66,"Azo, Diazo, Azido, Hydrazine, and Azide Compounds;Phenols and Cresols;Salts, Basic;Sulfonates, Phosphonates, and Thiophosphonates, Organic"
10192-30-0,"AMMONIUM BISULFITE, SOLID",60;65;68,"Salts, Acidic;Sulfite and Thiosulfate Salts;Water and Aqueous Solutions"
10196-04-0,AMMONIUM SULFITE,60;65,"Salts, Acidic;Sulfite and Thiosulfate Salts"
102-01-2,ACETOACETANILIDE,12;13;38,"Amides and Imides;Amines, Aromatic;Ketones"
102-06-7,"1,3-DIPHENYLGUANIDINE",14,"Amines, Phosphines, and Pyridines"
102-08-9,THIOCARBANILIDE,12;35;64,"Amides and Imides;Hydrocarbons, Aromatic;Sulfides, Organic"
102-16-9,BENZYL PHENYLACETATE,27,"Esters, Sulfate Esters, Phosphate Esters, Thiophosphate Esters, and Borate Esters"
102-27-2,N-ETHYL-M-TOLUIDINE,13,"Amines, Aromatic"
102-28-3,M-AMINOACETANILIDE,12;13,"Amides and Imides;Amines, Aromatic"
102-36-3,"ISOCYANIC ACID, 3,4-DICHLOROPHENYL ESTER",16;37,Aryl Halides;Isocyanates and Isothiocyanates
102-50-1,M-CRESIDINE,13,"Amines, Aromatic"
102-54-5,FERROCENE,35;49,"Hydrocarbons, Aromatic;Organometallics"
102-67-0,TRIPROPYLALUMINUM,39,"Metal Hydrides, Metal Alkyls, Metal Aryls, and Silanes"
102-71-6,TRIETHANOLAMINE,8;14,"Alcohols and Polyols;Amines, Phosphines, and Pyridines"
102-81-8,DIBUTYLAMINOETHANOL,8;14,"Alcohols and Polyols;Amines, Phosphines, and Pyridines"
102-96-5,BETA-NITROSTYRENE,34;46,"Hydrocarbons, Aliphatic Unsaturated;Nitro, Nitroso, Nitrate, and Nitrite Compounds, Organic"
10213-75-9,3-[(2-ETHYLHEXYL)OXY]PROPIONITRILE,28;45,Ethers;Nitriles
10222-01-2,"2,2-DIBROMO-3-NITRILOPROPIONAMIDE",12;31;45,Amides and Imides;Halogenated Organic Compounds;Nitriles
1024-57-3,HEPTACHLOR EPOXIDE,26;31;34,"Epoxides;Halogenated Organic Compounds;Hydrocarbons, Aliphatic Unsaturated"
10241-05-1,MOLYBDENUM PENTACHLORIDE,32,Halogenating Agents
1025-15-6,TRIALLYL ISOCYANURATE,34;37,"Hydrocarbons, Aliphatic Unsaturated;Isocyanates and Isothiocyanates"
10265-92-6,METHAMIDOPHOS,5;27,"Acids, Weak;Esters, Sulfate Esters, Phosphate Esters, Thiophosphate Esters, and Borate Esters"
10277-43-7,LANTHANUM NITRATE HEXAHYDRATE,43,"Nitrate and Nitrite Compounds, Inorganic"
10290-12-7,COPPER ARSENITE,61,"Salts, Basic"
10294-26-5,SILVER SULFATE,42;47,"Metals, Less Reactive;Non-Redox-Active Inorganic Compounds"
103-09-3,ETHYLHEXYL ACETATE,27,"Esters, Sulfate Esters, Phosphate Esters, Thiophosphate Esters, and Borate Esters"
103-23-1,BIS(2-ETHYLHEXYL) ADIPATE,27,"Esters, Sulfate Esters, Phosphate Esters, Thiophosphate Esters, and Borate Esters"
103-30-0,TRANS-STILBENE,34,"Hydrocarbons, Aliphatic Unsaturated"
103-33-3,AZOBENZENE,17,"Azo, Diazo, Azido, Hydrazine, and Azide Compounds"
103-50-4,DIBENZYL ETHER,28,Ethers
103-70-8,FORMANILIDE,12;13,"Amides and Imides;Amines, Aromatic"
103-75-3,ETHOXYDIHYDROPYRAN,1;28;34,"Acetals, Ketals, Hemiacetals, and Hemiketals;Ethers;Hydrocarbons, Aliphatic Unsaturated"
103-80-0,PHENYLACETYL CHLORIDE,7,"Acyl Halides, Sulfonyl Halides, and Chloroformates"
103-83-3,BENZYLDIMETHYLAMINE,14,"Amines, Phosphines, and Pyridines"
103-84-4,ACETANILIDE,12;13,"Amides and Imides;Amines, Aromatic"
103-85-5,PHENYLTHIOUREA,12,Amides and Imides
103-89-9,N-ACETYL-P-TOLUIDINE,12;13,"Amides and Imides;Amines, Aromatic"
103-90-2,4-HYDROXYACETANILIDE,12;55,Amides and Imides;Phenols and Cresols
1031-07-8,ENDOSULFAN SULFATE,27;31;34,"Esters, Sulfate Esters, Phosphate Esters, Thiophosphate Esters, and Borate Esters;Halogenated Organic Compounds;Hydrocarbons, Aliphatic Unsaturated"
1031-47-6,TRIAMIPHOS,14;17;27,"Amines, Phosphines, and Pyridines;Azo, Diazo, Azido, Hydrazine, and Azide Compounds;Esters, Sulfate Esters, Phosphate Esters, Thiophosphate Esters, and Borate Esters"
10311-84-9,DIALIFOR,12;27;31,"Amides and Imides;Esters, Sulfate Esters, Phosphate Esters, Thiophosphate Esters, and Borate Esters;Halogenated Organic Compounds"
10318-26-0,DIBROMODULCITOL,8;31,Alcohols and Polyols;Halogenated Organic Compounds
10325-94-7,CADMIUM NITRATE,43,"Nitrate and Nitrite Compounds, Inorganic"
10326-21-3,MAGNESIUM CHLORATE,50,"Oxidizing Agents, Strong"
10326-24-6,ZINC ARSENITE,61,"Salts, Basic"
10326-27-9,BARIUM CHLORIDE DIHYDRATE,47,Non-Redox-Active Inorganic Compounds
1034-41-9,KEPONE ALCOHOL,8;31,Alcohols and Polyols;Halogenated Organic Compounds
10347-54-3,"1,4-BIS(METHYLISOCYANATE)CYCLOHEXANE",37,Isocyanates and Isothiocyanates
10353-73-8,"ISOOCTYL ACID PHOSPHATE, [CORROSIVE LIQUID]",5;27,"Acids, Weak;Esters, Sulfate Esters, Phosphate Esters, Thiophosphate Esters, and Borate Esters"
10356-76-0,5-FLUORO-2&#39;-DEOXYCYTIDINE,8;12;14;16,"Alcohols and Polyols;Amides and Imides;Amines, Phosphines, and Pyridines;Aryl Halides"
10361-37-2,BARIUM CHLORIDE,47,Non-Redox-Active Inorganic Compounds
10361-95-2,ZINC CHLORATE,50,"Oxidizing Agents, Strong"
10377-60-3,MAGNESIUM NITRATE,43,"Nitrate and Nitrite Compounds, Inorganic"
10377-66-9,MANGANESE NITRATE,43,"Nitrate and Nitrite Compounds, Inorganic"
10380-29-7,"CUPRIC SULFATE, AMMONIATED",14;60,"Amines, Phosphines, and Pyridines;Salts, Acidic"
10386-84-2,"4,4&#39;-DIBROMOOCTAFLUOROBIPHENYL",16,Aryl Halides
104-01-8,4-METHOXYPHENYLACETIC ACID,2;28,"Acids, Carboxylic;Ethers"
104-12-1,P-CHLOROPHENYL ISOCYANATE,16;37,Aryl Halides;Isocyanates and Isothiocyanates
104-15-4,"TOLUENE SULFONIC ACID, LIQUID, WITH MORE THAN 5% FREE SULFURIC ACID",4,"Acids, Strong Oxidizing"
104-28-9,2-ETHOXYETHYL-P-METHOXYCINNAMATE,27;28;34,"Esters, Sulfate Esters, Phosphate Esters, Thiophosphate Esters, and Borate Esters;Ethers;Hydrocarbons, Aliphatic Unsaturated"
104-46-1,ANETHOLE,28;34,"Ethers;Hydrocarbons, Aliphatic Unsaturated"
104-49-4,"1,4-PHENYLENE DIISOCYANATE",37,Isocyanates and Isothiocyanates
104-72-3,N-DECYLBENZENE,35,"Hydrocarbons, Aromatic"
104-75-6,2-ETHYLHEXYLAMINE,14,"Amines, Phosphines, and Pyridines"
104-85-8,P-TOLUNITRILE,45,Nitriles
104-88-1,4-CHLOROBENZALDEHYDE,9;16;35,"Aldehydes;Aryl Halides;Hydrocarbons, Aromatic"
104-94-9,P-ANISIDINE,13;28,"Amines, Aromatic;Ethers"
10421-48-4,FERRIC NITRATE,43,"Nitrate and Nitrite Compounds, Inorganic"
10431-47-7,POTASSIUM SELENITE,65,Sulfite and Thiosulfate Salts
10453-86-8,RESMETHRIN,27;28;34,"Esters, Sulfate Esters, Phosphate Esters, Thiophosphate Esters, and Borate Esters;Ethers;Hydrocarbons, Aliphatic Unsaturated"
105-11-3,P-QUINONE DIOXIME,8;14;34,"Alcohols and Polyols;Amines, Phosphines, and Pyridines;Hydrocarbons, Aliphatic Unsaturated"
105-16-8,"DIETHYLAMINOETHYLMETHACRYLATE, [LIQUID]",6;14;56,"Acrylates and Acrylic Acids;Amines, Phosphines, and Pyridines;Polymerizable Compounds"
105-40-8,"N-METHYLCARBAMIC ACID, ETHYL ESTER",20,Carbamates
105-48-6,ISOPROPYL CHLOROACETATE,27;31,"Esters, Sulfate Esters, Phosphate Esters, Thiophosphate Esters, and Borate Esters;Halogenated Organic Compounds"
105-55-5,"N,N&#39;-DIETHYLTHIOUREA",12,Amides and Imides
105-56-6,ETHYL CYANOACETATE,27;45,"Esters, Sulfate Esters, Phosphate Esters, Thiophosphate Esters, and Borate Esters;Nitriles"
105-59-9,METHYLDIETHANOLAMINE,8;14,"Alcohols and Polyols;Amines, Phosphines, and Pyridines"
105-60-2,CAPROLACTAM,12;56,Amides and Imides;Polymerizable Compounds
105-64-6,DIISOPROPYL PEROXYDICARBONATE,53,"Peroxides, Organic"
105-74-8,LAUROYL PEROXIDE,53,"Peroxides, Organic"
105-79-3,ISOBUTYL CAPROATE,27,"Esters, Sulfate Esters, Phosphate Esters, Thiophosphate Esters, and Borate Esters"
105-87-3,GERANYL ACETATE,27;34,"Esters, Sulfate Esters, Phosphate Esters, Thiophosphate Esters, and Borate Esters;Hydrocarbons, Aliphatic Unsaturated"
10544-63-5,ETHYL CROTONATE,27;34,"Esters, Sulfate Esters, Phosphate Esters, Thiophosphate Esters, and Borate Esters;Hydrocarbons, Aliphatic Unsaturated"
106-20-7,"2,2&#39;-DIETHYLHEXYLAMINE",14,"Amines, Phosphines, and Pyridines"
106-24-1,GERANIOL,8;34,"Alcohols and Polyols;Hydrocarbons, Aliphatic Unsaturated"
106-31-0,BUTYRIC ANHYDRIDE,15,Anhydrides
106-38-7,P-BROMOTOLUENE,16,Aryl Halides
106-40-1,P-BROMOANILINE,13;16,"Amines, Aromatic;Aryl Halides"
106-47-8,P-CHLOROANILINE,13;16,"Amines, Aromatic;Aryl Halides"
106-48-9,P-CHLOROPHENOL,16;55,Aryl Halides;Phenols and Cresols
106-49-0,P-TOLUIDINE,13,"Amines, Aromatic"
106-50-3,P-PHENYLENEDIAMINE,13,"Amines, Aromatic"
106-51-4,BENZOQUINONE,38,Ketones
106-70-7,METHYL CAPROATE,27,"Esters, Sulfate Esters, Phosphate Esters, Thiophosphate Esters, and Borate Esters"
106-87-6,1-VINYL-3-CYCLOHEXENE DIOXIDE,26;56,Epoxides;Polymerizable Compounds
106-90-1,GLYCIDYL ACRYLATE,6;26;56,Acrylates and Acrylic Acids;Epoxides;Polymerizable Compounds
106-91-2,GLYCIDYL METHACRYLATE,6;26;56,Acrylates and Acrylic Acids;Epoxides;Polymerizable Compounds
10605-21-7,CARBENDAZIM,14;20,"Amines, Phosphines, and Pyridines;Carbamates"
1064-48-8,C.I. ACID BLACK 1,17;46;61,"Azo, Diazo, Azido, Hydrazine, and Azide Compounds;Nitro, Nitroso, Nitrate, and Nitrite Compounds, Organic;Salts, Basic"
1066-30-4,CHROMIC ACETATE,61,"Salts, Basic"
1066-33-7,AMMONIUM BICARBONATE,21;61,"Carbonate Salts;Salts, Basic"
1066-45-1,TRIMETHYLTIN CHLORIDE,49;60,"Organometallics;Salts, Acidic"
1067-14-7,TRIETHYL LEAD CHLORIDE,49,Organometallics
1067-33-0,DIBUTYLTIN DIACETATE,49;61,"Organometallics;Salts, Basic"
1068-27-5,"2,5-DIMETHYL-2,5-BIS(TERT-BUTYLPEROXY)-3-HEXYNE",11;34;53,"Alkynes, with No Acetylenic Hydrogen;Hydrocarbons, Aliphatic Unsaturated;Peroxides, Organic"
107-04-0,1-CHLORO-2-BROMOETHANE,31,Halogenated Organic Compounds
107-20-0,2-CHLOROETHANAL,9;31;56,Aldehydes;Halogenated Organic Compounds;Polymerizable Compounds
107-21-1,ETHYLENE GLYCOL,8,Alcohols and Polyols
107-27-7,ETHYL MERCURY CHLORIDE,49,Organometallics
107-29-9,ACETALDEHYDE OXIME,52,Oximes
107-35-7,L-TAURINE,5;14,"Acids, Weak;Amines, Phosphines, and Pyridines"
107-41-5,HEXYLENE GLYCOL,8,Alcohols and Polyols
107-49-3,TETRAETHYL PYROPHOSPHATE,15;27,"Anhydrides;Esters, Sulfate Esters, Phosphate Esters, Thiophosphate Esters, and Borate Esters"
107-68-6,N-METHYLTAURINE,5;14,"Acids, Weak;Amines, Phosphines, and Pyridines"
107-70-0,4-METHOXY-4-METHYLPENTAN-2-ONE,28;38,Ethers;Ketones
107-71-1,TERT-BUTYL PEROXYACETATE,53,"Peroxides, Organic"
107-81-3,2-BROMOPENTANE,31,Halogenated Organic Compounds
107-94-8,3-CHLOROPROPIONIC ACID,2;31,"Acids, Carboxylic;Halogenated Organic Compounds"
107-97-1,SARCOSINE,2;12,"Acids, Carboxylic;Amides and Imides"
1071-83-6,GLYPHOSATE,2;14;66,"Acids, Carboxylic;Amines, Phosphines, and Pyridines;Sulfonates, Phosphonates, and Thiophosphonates, Organic"
1072-52-2,1-AZIRIDINE ETHANOL,8;14;26,"Alcohols and Polyols;Amines, Phosphines, and Pyridines;Epoxides"
108-02-1,"2-(N,N-DIMETHYLAMINO)ETHANETHIOL",14;64,"Amines, Phosphines, and Pyridines;Sulfides, Organic"
108-09-8,"1,3-DIMETHYLBUTYLAMINE",14,"Amines, Phosphines, and Pyridines"
108-29-2,GAMMA-VALEROLACTONE,27,"Esters, Sulfate Esters, Phosphate Esters, Thiophosphate Esters, and Borate Esters"
108-30-5,SUCCINIC ANHYDRIDE,15,Anhydrides
108-31-6,MALEIC ANHYDRIDE,15;34,"Anhydrides;Hydrocarbons, Aliphatic Unsaturated"
108-42-9,M-CHLOROANILINE,13;16,"Amines, Aromatic;Aryl Halides"
108-45-2,"1,3-PHENYLENEDIAMINE",13,"Amines, Aromatic"
108-46-3,RESORCINOL,55,Phenols and Cresols
108-60-1,BIS(2-CHLORO-1-METHYLETHYL)ETHER,28;31,Ethers;Halogenated Organic Compounds
108-68-9,"3,5-DIMETHYLPHENOL",55,Phenols and Cresols
108-69-0,"3,5-XYLIDINE",13,"Amines, Aromatic"
108-70-3,"1,3,5-TRICHLOROBENZENE",16,Aryl Halides
108-78-1,MELAMINE,14,"Amines, Phosphines, and Pyridines"
108-80-5,CYANURIC ACID,12,Amides and Imides
108-82-7,DIISOBUTYLCARBINOL,8,Alcohols and Polyols
108-95-2,"PHENOL SOLUTION, [AQUEOUS]",5;55;68,"Acids, Weak;Phenols and Cresols;Water and Aqueous Solutions"
108171-26-2,CHLOROWAX 500C,31,Halogenated Organic Compounds
109-09-1,2-CHLOROPYRIDINE,14;16,"Amines, Phosphines, and Pyridines;Aryl Halides"
109-13-7,"TERT-BUTYL PEROXYISOBUTYRATE, [&gt; 52% BUT &lt;= 77% IN BENZENE SOLUTION]",53,"Peroxides, Organic"
109-27-3,TETRAZENE,17,"Azo, Diazo, Azido, Hydrazine, and Azide Compounds"
109-52-4,PENTANOIC ACID,2,"Acids, Carboxylic"
109-53-5,VINYL ISOBUTYL ETHER,28;34;56,"Ethers;Hydrocarbons, Aliphatic Unsaturated;Polymerizable Compounds"
109-56-8,ISOPROPYLAMINOETHANOL,8;14,"Alcohols and Polyols;Amines, Phosphines, and Pyridines"
109-57-9,ALLYLTHIOUREA,12;34,"Amides and Imides;Hydrocarbons, Aliphatic Unsaturated"
109-59-1,ETHYLENE GLYCOL ISOPROPYL ETHER,8;28,Alcohols and Polyols;Ethers
109-70-6,1-BROMO-3-CHLOROPROPANE,31,Halogenated Organic Compounds
109-78-4,ETHYLENE CYANOHYDRIN,8;45,Alcohols and Polyols;Nitriles
109-80-8,"1,3-DIMERCAPTOPROPANE",64,"Sulfides, Organic"
110-13-4,"2,5-HEXANEDIONE",38,Ketones
110-15-6,SUCCINIC ACID,2,"Acids, Carboxylic"
110-16-7,MALEIC ACID,2;23;34,"Acids, Carboxylic;Conjugated Dienes;Hydrocarbons, Aliphatic Unsaturated"
110-17-8,FUMARIC ACID,2;34,"Acids, Carboxylic;Hydrocarbons, Aliphatic Unsaturated"
110-21-4,BIUREA,12;14,"Amides and Imides;Amines, Phosphines, and Pyridines"
110-22-5,"ACETYL PEROXIDE SOLUTION, [&lt;= 25% PEROXIDE]",53;68,"Peroxides, Organic;Water and Aqueous Solutions"
110-26-9,"N,N&#39;-METHYLENEBISACRYLAMIDE",12;34,"Amides and Imides;Hydrocarbons, Aliphatic Unsaturated"
110-33-8,DI-N-HEXYL ADIPATE,27,"Esters, Sulfate Esters, Phosphate Esters, Thiophosphate Esters, and Borate Esters"
110-44-1,SORBIC ACID,2;23;34,"Acids, Carboxylic;Conjugated Dienes;Hydrocarbons, Aliphatic Unsaturated"
110-61-2,SUCCINONITRILE,45,Nitriles
110-63-4,"1,4-BUTANEDIOL",8,Alcohols and Polyols
110-69-0,BUTYRALDOXIME,52,Oximes
110-73-6,"ETHYLAMINOETHANOL, [COMBUSTIBLE LIQUID LABEL]",8;14,"Alcohols and Polyols;Amines, Phosphines, and Pyridines"
110-75-8,2-CHLOROETHYL VINYL ETHER,28;31;34;56,"Ethers;Halogenated Organic Compounds;Hydrocarbons, Aliphatic Unsaturated;Polymerizable Compounds"
110-78-1,N-PROPYL ISOCYANATE,37,Isocyanates and Isothiocyanates
110-85-0,"N,N-DIETHYLETHYLENEDIAMINE",14,"Amines, Phosphines, and Pyridines"
110-88-3,"1,3,5-TRIOXANE",28,Ethers
110-94-1,GLUTARIC ACID,2,"Acids, Carboxylic"
110-97-4,DIISOPROPANOLAMINE,8;14,"Alcohols and Polyols;Amines, Phosphines, and Pyridines"
11024-24-1,DIGITONIN,8,Alcohols and Polyols
11041-12-6,CHOLESTYRAMINE,14,"Amines, Phosphines, and Pyridines"
11056-06-7,BLEOMYCIN,8;12;14;64,"Alcohols and Polyols;Amides and Imides;Amines, Phosphines, and Pyridines;Sulfides, Organic"
11071-47-9,ISOOCTENE,34,"Hydrocarbons, Aliphatic Unsaturated"
11084-85-8,CHLORINATED TRISODIUM PHOSPHATE,50;61,"Oxidizing Agents, Strong;Salts, Basic"
11096-82-5,PCB-1260,16,Aryl Halides
11099-03-9,C.I. SOLVENT BLACK 5,36,Insufficient Information for Classification
111-02-4,TRANS-SQUALENE,34,"Hydrocarbons, Aliphatic Unsaturated"
111-11-5,METHYL OCTANOATE,27,"Esters, Sulfate Esters, Phosphate Esters, Thiophosphate Esters, and Borate Esters"
111-14-8,HEPTANOIC ACID,2,"Acids, Carboxylic"
111-20-6,SEBACIC ACID,2,"Acids, Carboxylic"
111-21-7,TRIETHYLENE GLYCOL DIACETATE,27;28;56,"Esters, Sulfate Esters, Phosphate Esters, Thiophosphate Esters, and Borate Esters;Ethers;Polymerizable Compounds"
111-35-3,3-ETHOXY-1-PROPANOL,8;28,Alcohols and Polyols;Ethers
111-41-1,AMINOETHYLETHANOLAMINE,8;14,"Alcohols and Polyols;Amines, Phosphines, and Pyridines"
111-42-2,DIETHANOLAMINE,8;14,"Alcohols and Polyols;Amines, Phosphines, and Pyridines"
111-46-6,DIETHYLENE GLYCOL,8;28,Alcohols and Polyols;Ethers
111-48-8,THIODIGLYCOL,8;64,"Alcohols and Polyols;Sulfides, Organic"
111-54-6,"ETHYLENEBISDITHIOCARBAMIC ACID, SALTS AND ESTERS",5;67,"Acids, Weak;Thiocarbamate Esters and Salts/Dithiocarbamate Esters and Salts"
111-55-7,ETHYLENE GLYCOL DIACETATE,27,"Esters, Sulfate Esters, Phosphate Esters, Thiophosphate Esters, and Borate Esters"
111-69-3,ADIPONITRILE,45,Nitriles
111-70-6,HEPTANOL,8,Alcohols and Polyols
111-90-0,DIETHYLENE GLYCOL MONOETHYL ETHER,8;28,Alcohols and Polyols;Ethers
111-94-4,"3,3&#39;-IMINODIPROPIONITRILE",14;45;56,"Amines, Phosphines, and Pyridines;Nitriles;Polymerizable Compounds"
11100-14-4,PCB-1268,16,Aryl Halides
11103-57-4,VITAMIN A,8;23;34,"Alcohols and Polyols;Conjugated Dienes;Hydrocarbons, Aliphatic Unsaturated"
11104-28-2,PCB-1221,16,Aryl Halides
11106-54-0,4-METHOXYBENZYLIDINE-4&#39;-N-BUTYLAZOXYBENZENE,14;17;35,"Amines, Phosphines, and Pyridines;Azo, Diazo, Azido, Hydrazine, and Azide Compounds;Hydrocarbons, Aromatic"
1111-78-0,AMMONIUM CARBAMATE,20;60,"Carbamates;Salts, Acidic"
11138-49-1,"SODIUM ALUMINATE, SOLUTION",18;68,"Bases, Strong;Water and Aqueous Solutions"
1114-71-2,PEBULATE,67,Thiocarbamate Esters and Salts/Dithiocarbamate Esters and Salts
11141-16-5,PCB-1232,16,Aryl Halides
111512-56-2,"1,1-DICHLORO-1,2,3,3,3-PENTAFLUOROPROPANE",30,Fluorinated Organic Compounds
1116-40-1,TRIISOBUTYLAMINE,14,"Amines, Phosphines, and Pyridines"
1116-54-7,N-NITROSODIETHANOLAMINE,8;17;46,"Alcohols and Polyols;Azo, Diazo, Azido, Hydrazine, and Azide Compounds;Nitro, Nitroso, Nitrate, and Nitrite Compounds, Organic"
1116-70-7,TRI-N-BUTYLALUMINUM,39,"Metal Hydrides, Metal Alkyls, Metal Aryls, and Silanes"
1119-40-0,DIMETHYL GLUTARATE,27,"Esters, Sulfate Esters, Phosphate Esters, Thiophosphate Esters, and Borate Esters"
111984-09-9,"3,3&#39;-DIMETHOXYBENZIDINE HYDROCHLORIDE",28;60,"Ethers;Salts, Acidic"
112-02-7,HEXADECYLTRIMETHYLAMMONIUM CHLORIDE,47;57,Non-Redox-Active Inorganic Compounds;Quaternary Ammonium and Phosphonium Salts
112-15-2,DIETHYLENE GLYCOL ETHYL ETHER ACETATE,27;28,"Esters, Sulfate Esters, Phosphate Esters, Thiophosphate Esters, and Borate Esters;Ethers"
112-18-5,"N,N-DIMETHYLDODECYLAMINE",14,"Amines, Phosphines, and Pyridines"
112-24-3,TRIETHYLENETETRAMINE,14,"Amines, Phosphines, and Pyridines"
112-27-6,TRIETHYLENE GLYCOL,8;28,Alcohols and Polyols;Ethers
112-30-1,DECYL ALCOHOL,8,Alcohols and Polyols
112-31-2,DECALDEHYDE,9,Aldehydes
112-34-5,DIETHYLENE GLYCOL MONOBUTYL ETHER,8;28,Alcohols and Polyols;Ethers
112-35-6,TRIETHYLENE GLYCOL METHYL ETHER,8;28,Alcohols and Polyols;Ethers
112-37-8,UNDECANOIC ACID,2,"Acids, Carboxylic"
112-41-4,1-DODECENE,34,"Hydrocarbons, Aliphatic Unsaturated"
112-48-1,ETHYLENE GLYCOL DIBUTYL ETHER,28,Ethers
112-50-5,ETHOXY TRIGLYCOL,8;28,Alcohols and Polyols;Ethers
112-52-7,LAURYL CHLORIDE,31,Halogenated Organic Compounds
112-53-8,DODECANOL,8,Alcohols and Polyols
112-56-1,2-(2-BUTOXYETHOXY)ETHYL THIOCYANATE,28;37,Ethers;Isocyanates and Isothiocyanates
112-57-2,TETRAETHYLENEPENTAMINE,14,"Amines, Phosphines, and Pyridines"
112-59-4,DIETHYLENE GLYCOL N-HEXYL ETHER,28,Ethers
112-60-7,TETRAETHYLENE GLYCOL,8;28,Alcohols and Polyols;Ethers
112-61-8,METHYL STEARATE,27,"Esters, Sulfate Esters, Phosphate Esters, Thiophosphate Esters, and Borate Esters"
112-62-9,OLEIC ACID METHYL ESTER,27;34,"Esters, Sulfate Esters, Phosphate Esters, Thiophosphate Esters, and Borate Esters;Hydrocarbons, Aliphatic Unsaturated"
112-67-4,HEXADECANOYL CHLORIDE,7,"Acyl Halides, Sulfonyl Halides, and Chloroformates"
112-69-6,DIMETHYL HEXADECANAMINE,14,"Amines, Phosphines, and Pyridines"
112-72-1,TETRADECANOL,8,Alcohols and Polyols
112-73-2,DIETHYLENE GLYCOL DIBUTYL ETHER,28,Ethers
112-75-4,DIMETHYLTETRADECANAMINE,14,"Amines, Phosphines, and Pyridines"
112-80-1,OLEIC ACID,2;34,"Acids, Carboxylic;Hydrocarbons, Aliphatic Unsaturated"
112-95-8,N-EICOSANE,33,"Hydrocarbons, Aliphatic Saturated"
1120-01-0,"HEXADECYL SULFATE, [SODIUM SALT]",61,"Salts, Basic"
1120-36-1,1-TETRADECENE,34,"Hydrocarbons, Aliphatic Unsaturated"
1120-71-4,PROPANE SULTONE,4;66,"Acids, Strong Oxidizing;Sulfonates, Phosphonates, and Thiophosphonates, Organic"
1122-54-9,4-ACETYLPYRIDINE,14;38,"Amines, Phosphines, and Pyridines;Ketones"
1124-33-0,"PYRIDINE, 4-NITRO-, 1-OXIDE",14;46;51,"Amines, Phosphines, and Pyridines;Nitro, Nitroso, Nitrate, and Nitrite Compounds, Organic;Oxidizing Agents, Weak"
1125-27-5,ETHYLPHENYLDICHLOROSILANE,22,Chlorosilanes
1126-78-9,N-BUTYLANILINE,13,"Amines, Aromatic"
1129-41-5,METOLCARB,20,Carbamates
113-92-8,CHLORPHENIRAMINE MALEATE,16;34;60,"Aryl Halides;Hydrocarbons, Aliphatic Unsaturated;Salts, Acidic"
1134-23-2,CYCLOATE,67,Thiocarbamate Esters and Salts/Dithiocarbamate Esters and Salts
1134-47-0,BACLOFEN,2;14;16;31,"Acids, Carboxylic;Amines, Phosphines, and Pyridines;Aryl Halides;Halogenated Organic Compounds"
114-26-1,PROPOXUR,20;28,Carbamates;Ethers
114-49-8,SCOPOLAMINE HYDROBROMIDE,8;26;27;35;60,"Alcohols and Polyols;Epoxides;Esters, Sulfate Esters, Phosphate Esters, Thiophosphate Esters, and Borate Esters;Hydrocarbons, Aromatic;Salts, Acidic"
114-83-0,1-ACETYL-2-PHENYLHYDRAZIDE,12;14;17,"Amides and Imides;Amines, Phosphines, and Pyridines;Azo, Diazo, Azido, Hydrazine, and Azide Compounds"
1143-38-0,ANTHRALIN,38;55,Ketones;Phenols and Cresols
115-02-6,AZASERINE,2;14;17;27,"Acids, Carboxylic;Amines, Phosphines, and Pyridines;Azo, Diazo, Azido, Hydrazine, and Azide Compounds;Esters, Sulfate Esters, Phosphate Esters, Thiophosphate Esters, and Borate Esters"
115-09-3,METHYL MERCURY(II)CHLORIDE,49,Organometallics
115-18-4,METHYL BUTENOL,8;34,"Alcohols and Polyols;Hydrocarbons, Aliphatic Unsaturated"
115-19-5,2-METHYL-2-HYDROXY-3-BUTYNE,8;10,"Alcohols and Polyols;Alkynes, with Acetylenic Hydrogen"
115-26-4,DIMEFOX,14;66,"Amines, Phosphines, and Pyridines;Sulfonates, Phosphonates, and Thiophosphonates, Organic"
115-28-6,CHLORENDIC ACID,2;31;34,"Acids, Carboxylic;Halogenated Organic Compounds;Hydrocarbons, Aliphatic Unsaturated"
115-29-7,ENDOSULFAN,27;31;34,"Esters, Sulfate Esters, Phosphate Esters, Thiophosphate Esters, and Borate Esters;Halogenated Organic Compounds;Hydrocarbons, Aliphatic Unsaturated"
115-32-2,DICOFOL,8;16;31,Alcohols and Polyols;Aryl Halides;Halogenated Organic Compounds
115-77-5,PENTAERYTHRITOL,8,Alcohols and Polyols
115-86-6,TRIPHENYL PHOSPHATE,27;35,"Esters, Sulfate Esters, Phosphate Esters, Thiophosphate Esters, and Borate Esters;Hydrocarbons, Aromatic"
115-90-2,FENSULFOTHION,27;66,"Esters, Sulfate Esters, Phosphate Esters, Thiophosphate Esters, and Borate Esters;Sulfonates, Phosphonates, and Thiophosphonates, Organic"
115-96-8,TRIS(2-CHLOROETHYL) PHOSPHATE,27;31,"Esters, Sulfate Esters, Phosphate Esters, Thiophosphate Esters, and Borate Esters;Halogenated Organic Compounds"
1156-19-0,TOLAZAMIDE,12;17;66,"Amides and Imides;Azo, Diazo, Azido, Hydrazine, and Azide Compounds;Sulfonates, Phosphonates, and Thiophosphonates, Organic"
116-06-3,ALDICARB,20;52,Carbamates;Oximes
116-54-1,METHYL DICHLOROACETATE,27;31,"Esters, Sulfate Esters, Phosphate Esters, Thiophosphate Esters, and Borate Esters;Halogenated Organic Compounds"
116-71-2,VAT BLUE 20,35;38,"Hydrocarbons, Aromatic;Ketones"
1162-65-8,AFLATOXIN B-1,28;34;38,"Ethers;Hydrocarbons, Aliphatic Unsaturated;Ketones"
1163-19-5,DECABROMODIPHENYL OXIDE,16;28,Aryl Halides;Ethers
117-08-8,TETRACHLOROPHTHALIC ANHYDRIDE,15;16,Anhydrides;Aryl Halides
117-10-2,DANTHRON,38;55,Ketones;Phenols and Cresols
117-18-0,"2,3,5,6-TETRACHLORONITROBENZENE",16;46,"Aryl Halides;Nitro, Nitroso, Nitrate, and Nitrite Compounds, Organic"
117-39-5,QUERCETIN,38;55,Ketones;Phenols and Cresols
117-61-3,"BENZIDINE-2,2&#39;-DISULFONIC ACID",5;13;66,"Acids, Weak;Amines, Aromatic;Sulfonates, Phosphonates, and Thiophosphonates, Organic"
117-79-3,2-AMINOANTHRAQUINONE,13;38,"Amines, Aromatic;Ketones"
117-80-6,DICHLONE,16;38;68,Aryl Halides;Ketones;Water and Aqueous Solutions
117-81-7,DI(2-ETHYLHEXYL) PHTHALATE,27,"Esters, Sulfate Esters, Phosphate Esters, Thiophosphate Esters, and Borate Esters"
117-84-0,DI-N-OCTYL PHTHALATE,27,"Esters, Sulfate Esters, Phosphate Esters, Thiophosphate Esters, and Borate Esters"
1172-18-5,FLURAZEPAM DIHYDROCHLORIDE,12;14;16;30;60,"Amides and Imides;Amines, Phosphines, and Pyridines;Aryl Halides;Fluorinated Organic Compounds;Salts, Acidic"
1174-72-7,TETRAPHENOXYSILANE,62,Siloxanes
118-52-5,"1,3-DICHLORO-5,5-DIMETHYLHYDANTOIN",7;32;50,"Acyl Halides, Sulfonyl Halides, and Chloroformates;Halogenating Agents;Oxidizing Agents, Strong"
118-56-9,"3,3,5-TRIMETHYLCYCLOHEXYLSALICYLATE",27;55,"Esters, Sulfate Esters, Phosphate Esters, Thiophosphate Esters, and Borate Esters;Phenols and Cresols"
118-58-1,BENZYL SALICYLATE,27;55,"Esters, Sulfate Esters, Phosphate Esters, Thiophosphate Esters, and Borate Esters;Phenols and Cresols"
118-71-8,MALTOL,28;38;55,Ethers;Ketones;Phenols and Cresols
118-74-1,HEXACHLOROBENZENE,16,Aryl Halides
118-75-2,CHLORANIL,31;34;38,"Halogenated Organic Compounds;Hydrocarbons, Aliphatic Unsaturated;Ketones"
118-79-6,"2,4,6-TRIBROMOPHENOL",5;16;55,"Acids, Weak;Aryl Halides;Phenols and Cresols"
118-90-1,O-TOLUIC ACID,2,"Acids, Carboxylic"
118-91-2,O-CHLOROBENZOIC ACID,2;16,"Acids, Carboxylic;Aryl Halides"
118-92-3,ANTHRANILIC ACID,2;13,"Acids, Carboxylic;Amines, Aromatic"
118-96-7,"TNT, WETTED WITH NOT LESS THAN 30% WATER",46;68,"Nitro, Nitroso, Nitrate, and Nitrite Compounds, Organic;Water and Aqueous Solutions"
1184-57-2,METHYL MERCURY HYDROXIDE,49;61,"Organometallics;Salts, Basic"
1185-57-5,FERRIC AMMONIUM CITRATE,60,"Salts, Acidic"
1185-81-5,DIBUTYLTIN-BIS(LAURYL MERCAPTIDE),49;63,"Organometallics;Sulfides, Inorganic"
1187-42-4,DIAMINOMALEONITRILE,14;34;45,"Amines, Phosphines, and Pyridines;Hydrocarbons, Aliphatic Unsaturated;Nitriles"
1189-85-1,T-BUTYL CHROMATE,50,"Oxidizing Agents, Strong"
119-06-2,DITRIDECYL PHTHALATE,27,"Esters, Sulfate Esters, Phosphate Esters, Thiophosphate Esters, and Borate Esters"
119-07-3,OCTYL DECYL PHTHALATE,27,"Esters, Sulfate Esters, Phosphate Esters, Thiophosphate Esters, and Borate Esters"
119-15-3,"4-(2,4-DINITROANILINO)PHENOL",13;46;55,"Amines, Aromatic;Nitro, Nitroso, Nitrate, and Nitrite Compounds, Organic;Phenols and Cresols"
119-31-3,3-DIMETHYLAMINO-4-METHYLPHENOL,14;55,"Amines, Phosphines, and Pyridines;Phenols and Cresols"
119-34-6,4-AMINO-2-NITROPHENOL,13;46;55,"Amines, Aromatic;Nitro, Nitroso, Nitrate, and Nitrite Compounds, Organic;Phenols and Cresols"
119-38-0,ISOPROPYLMETHYLPYRAZOLYL DIMETHYLCARBAMATE,17;20,"Azo, Diazo, Azido, Hydrazine, and Azide Compounds;Carbamates"
119-39-1,1-(2H)-PHTHALAZINONE,12;17;35,"Amides and Imides;Azo, Diazo, Azido, Hydrazine, and Azide Compounds;Hydrocarbons, Aromatic"
119-53-9,BENZOIN,8;35;38,"Alcohols and Polyols;Hydrocarbons, Aromatic;Ketones"
119-61-9,BENZOPHENONE,35;38,"Hydrocarbons, Aromatic;Ketones"
119-75-5,2-NITRODIPHENYLAMINE,14;46,"Amines, Phosphines, and Pyridines;Nitro, Nitroso, Nitrate, and Nitrite Compounds, Organic"
119-84-6,"3,4-DIHYDROCOUMARIN",27,"Esters, Sulfate Esters, Phosphate Esters, Thiophosphate Esters, and Borate Esters"
119-90-4,"3,3&#39;-DIMETHOXYBENZIDINE",13;28,"Amines, Aromatic;Ethers"
119-93-7,"3,3&#39;-DIMETHYLBENZIDINE",13,"Amines, Aromatic"
1191-41-9,ETHYL LINOLENATE,27;34,"Esters, Sulfate Esters, Phosphate Esters, Thiophosphate Esters, and Borate Esters;Hydrocarbons, Aliphatic Unsaturated"
1191-80-6,MERCURY OLEATE,34;42;51;61,"Hydrocarbons, Aliphatic Unsaturated;Metals, Less Reactive;Oxidizing Agents, Weak;Salts, Basic"
1194-65-6,DICHLOBENIL,16;45;68,Aryl Halides;Nitriles;Water and Aqueous Solutions
1197-01-9,P-CYMEN-8-OL,8,Alcohols and Polyols
1199-18-4,6-HYDROXYDOPAMINE,14;55,"Amines, Phosphines, and Pyridines;Phenols and Cresols"
120-12-7,ANTHRACENE,35,"Hydrocarbons, Aromatic"
120-14-9,VERATRALDEHYDE,9;28;35,"Aldehydes;Ethers;Hydrocarbons, Aromatic"
120-22-9,P-NITROSODIETHYLANILINE,13;46,"Amines, Aromatic;Nitro, Nitroso, Nitrate, and Nitrite Compounds, Organic"
120-32-1,ORTHO-BENZYL-PARA-CHLOROPHENOL,16;55,Aryl Halides;Phenols and Cresols
120-36-5,"2,4-DP",2;16;28;31,"Acids, Carboxylic;Aryl Halides;Ethers;Halogenated Organic Compounds"
120-37-6,3-ETHYLAMINO-4-METHYLPHENOL,14;55,"Amines, Phosphines, and Pyridines;Phenols and Cresols"
120-40-1,LAURIC ACID DIETHANOLAMINE CONDENSATE (1/1),8;12,Alcohols and Polyols;Amides and Imides
120-57-0,PIPERONAL,1;9,"Acetals, Ketals, Hemiacetals, and Hemiketals;Aldehydes"
120-58-1,ISOSAFROLE,1;27;34,"Acetals, Ketals, Hemiacetals, and Hemiketals;Esters, Sulfate Esters, Phosphate Esters, Thiophosphate Esters, and Borate Esters;Hydrocarbons, Aliphatic Unsaturated"
120-61-6,DIMETHYL TEREPHTHALATE,27,"Esters, Sulfate Esters, Phosphate Esters, Thiophosphate Esters, and Borate Esters"
120-62-7,PIPERONYL SULFOXIDE,1;66,"Acetals, Ketals, Hemiacetals, and Hemiketals;Sulfonates, Phosphonates, and Thiophosphonates, Organic"
120-66-1,O-ACETOTOLUIDIDE,12;13,"Amides and Imides;Amines, Aromatic"
120-71-8,P-CRESIDINE,13;28,"Amines, Aromatic;Ethers"
120-78-5,"2,2&#39;-DITHIOBISBENZOTHIAZOLE",14;64,"Amines, Phosphines, and Pyridines;Sulfides, Organic"
120-80-9,CATECHOL,55,Phenols and Cresols
120-83-2,"2,4-DICHLOROPHENOL",5;16;55,"Acids, Weak;Aryl Halides;Phenols and Cresols"
12001-26-2,MICA (CONTAINING LESS THAN 1% QUARTZ),47,Non-Redox-Active Inorganic Compounds
12001-28-4,"ASBESTOS, [BLUE]",48,Not Chemically Reactive
12001-29-5,"ASBESTOS, WHITE",48,Not Chemically Reactive
12002-03-8,COPPER ACETOARSENITE,47,Non-Redox-Active Inorganic Compounds
12002-19-6,MERCURY NUCLEATE,61,"Salts, Basic"
12002-43-6,GILSONITE,33;35,"Hydrocarbons, Aliphatic Saturated;Hydrocarbons, Aromatic"
12002-48-1,"TRICHLOROBENZENES, LIQUID",16,Aryl Halides
12003-41-7,ALUMINUM FERROSILICON POWDER,41,"Metals, Elemental and Powder, Active"
12007-89-5,AMMONIUM PENTABORATE,61,"Salts, Basic"
12024-21-4,GALLIUM OXIDE,47,Non-Redox-Active Inorganic Compounds
12027-06-4,AMMONIUM IODIDE,60,"Salts, Acidic"
12027-67-7,AMMONIUM MOLYBDATE,60,"Salts, Acidic"
12030-88-5,POTASSIUM SUPEROXIDE,18;50,"Bases, Strong;Oxidizing Agents, Strong"
12031-80-0,LITHIUM PEROXIDE,18;50,"Bases, Strong;Oxidizing Agents, Strong"
12034-12-7,SODIUM SUPEROXIDE,18;50,"Bases, Strong;Oxidizing Agents, Strong"
12035-72-2,NICKEL SUBSULFIDE,63,"Sulfides, Inorganic"
12036-71-4,URANIUM PEROXIDE,50,"Oxidizing Agents, Strong"
12037-82-0,"PHOSPHORUS HEPTASULFIDE, FREE FROM YELLOW AND WHITE PHOSPHORUS",63,"Sulfides, Inorganic"
12039-13-3,TITANIUM DISULFIDE,63,"Sulfides, Inorganic"
12039-52-0,"SELENIOUS ACID, DITHALLIUM(1+) SALT",61,"Salts, Basic"
12057-74-8,MAGNESIUM PHOSPHIDE,44,"Nitrides, Phosphides, Carbides, and Silicides"
12058-85-4,SODIUM PHOSPHIDE,44,"Nitrides, Phosphides, Carbides, and Silicides"
12075-68-2,ETHYL ALUMINUM SESQUICHLORIDE,39,"Metal Hydrides, Metal Alkyls, Metal Aryls, and Silanes"
12079-65-1,MANGANESE CYCLOPENTADIENYL TRICARBONYL,49,Organometallics
1208-52-2,"2,4&#39;-DIAMINODIPHENYLMETHANE",13,"Amines, Aromatic"
12083-48-6,BIS(CYCLOPENTADIENYL)VANADIUM DICHLORIDE,49,Organometallics
121-14-2,"DINITROTOLUENES, MOLTEN",46,"Nitro, Nitroso, Nitrate, and Nitrite Compounds, Organic"
121-17-5,3-NITRO-4-CHLOROBENZOTRIFLUORIDE,16;30;46,"Aryl Halides;Fluorinated Organic Compounds;Nitro, Nitroso, Nitrate, and Nitrite Compounds, Organic"
121-19-7,4-HYDROXY-3-NITROPHENYL ARSONIC ACID,5;46;55,"Acids, Weak;Nitro, Nitroso, Nitrate, and Nitrite Compounds, Organic;Phenols and Cresols"
121-32-4,ETHYL VANILLIN,9;28;55,Aldehydes;Ethers;Phenols and Cresols
121-33-5,VANILLIN,9;28;55,Aldehydes;Ethers;Phenols and Cresols
121-39-1,ETHYL-3-PHENYLGLYCIDATE,26;27;56,"Epoxides;Esters, Sulfate Esters, Phosphate Esters, Thiophosphate Esters, and Borate Esters;Polymerizable Compounds"
121-46-0,"2,5-NORBORNADIENE, STABILIZED",34;56,"Hydrocarbons, Aliphatic Unsaturated;Polymerizable Compounds"
121-47-1,3-AMINOBENZENE SULFONIC ACID,5;14,"Acids, Weak;Amines, Phosphines, and Pyridines"
121-54-0,BENZETHONIUM CHLORIDE,28;35;47;57,"Ethers;Hydrocarbons, Aromatic;Non-Redox-Active Inorganic Compounds;Quaternary Ammonium and Phosphonium Salts"
121-57-3,4-AMINOBENZENE SULFONIC ACID,5;14,"Acids, Weak;Amines, Phosphines, and Pyridines"
121-59-5,CARBARSONE,12;60,"Amides and Imides;Salts, Acidic"
121-66-4,2-AMINO-5-NITROTHIAZOLE,14;46;64,"Amines, Phosphines, and Pyridines;Nitro, Nitroso, Nitrate, and Nitrite Compounds, Organic;Sulfides, Organic"
121-72-2,"N,N-DIMETHYL-M-TOLUIDINE",13,"Amines, Aromatic"
121-73-3,3-CHLORONITROBENZENE,16;46,"Aryl Halides;Nitro, Nitroso, Nitrate, and Nitrite Compounds, Organic"
121-75-5,MALATHION,27,"Esters, Sulfate Esters, Phosphate Esters, Thiophosphate Esters, and Borate Esters"
121-79-9,PROPYL GALLATE,27;55,"Esters, Sulfate Esters, Phosphate Esters, Thiophosphate Esters, and Borate Esters;Phenols and Cresols"
121-82-4,"CYCLOTRIMETHYLENE TRINITRAMINE, [DESENSITIZED]",17;46,"Azo, Diazo, Azido, Hydrazine, and Azide Compounds;Nitro, Nitroso, Nitrate, and Nitrite Compounds, Organic"
121-87-9,2-CHLORO-4-NITROANILINE,13;16;46,"Amines, Aromatic;Aryl Halides;Nitro, Nitroso, Nitrate, and Nitrite Compounds, Organic"
121-88-0,2-AMINO-5-NITROPHENOL,13;46;55,"Amines, Aromatic;Nitro, Nitroso, Nitrate, and Nitrite Compounds, Organic;Phenols and Cresols"
121-89-1,3-NITROACETOPHENONE,38;46,"Ketones;Nitro, Nitroso, Nitrate, and Nitrite Compounds, Organic"
121-90-4,M-NITROBENZOYL CHLORIDE,7;46,"Acyl Halides, Sulfonyl Halides, and Chloroformates;Nitro, Nitroso, Nitrate, and Nitrite Compounds, Organic"
121-91-5,ISOPHTHALIC ACID,2;35,"Acids, Carboxylic;Hydrocarbons, Aromatic"
121-92-6,M-NITROBENZOIC ACID,2;46,"Acids, Carboxylic;Nitro, Nitroso, Nitrate, and Nitrite Compounds, Organic"
12108-13-3,METHYLCYCLOPENTADIENYLMANGANESE TRICARBONYL,49,Organometallics
1212-29-9,"N,N&#39;-DICYCLOHEXYLTHIOUREA",12,Amides and Imides
12122-67-7,ZINEB,67,Thiocarbamate Esters and Salts/Dithiocarbamate Esters and Salts
12124-97-9,AMMONIUM BROMIDE,60,"Salts, Acidic"
12124-99-1,"AMMONIUM HYDROSULFIDE, SOLUTION",18;19;63;68,"Bases, Strong;Bases, Weak;Sulfides, Inorganic;Water and Aqueous Solutions"
12125-01-8,AMMONIUM FLUORIDE,29;60,"Fluoride Salts, Soluble;Salts, Acidic"
12125-02-9,AMMONIUM CHLORIDE,60,"Salts, Acidic"
12136-45-7,POTASSIUM MONOXIDE,18,"Bases, Strong"
12165-69-4,"PHOSPHORUS TRISULFIDE, FREE FROM YELLOW AND WHITE PHOSPHORUS",63,"Sulfides, Inorganic"
12167-20-3,NITROCRESOLS,46;55,"Nitro, Nitroso, Nitrate, and Nitrite Compounds, Organic;Phenols and Cresols"
12184-88-2,"METAL HYDRIDES, WATER-REACTIVE, N.O.S.",39,"Metal Hydrides, Metal Alkyls, Metal Aryls, and Silanes"
122-04-3,P-NITROBENZOYL CHLORIDE,7;46,"Acyl Halides, Sulfonyl Halides, and Chloroformates;Nitro, Nitroso, Nitrate, and Nitrite Compounds, Organic"
122-09-8,"BENZENEETHANAMINE, ALPHA,ALPHA-DIMETHYL-",14,"Amines, Phosphines, and Pyridines"
122-14-5,FENITROTHION,27;46,"Esters, Sulfate Esters, Phosphate Esters, Thiophosphate Esters, and Borate Esters;Nitro, Nitroso, Nitrate, and Nitrite Compounds, Organic"
122-19-0,BENZYLDIMETHYLOCTADECYLAMMONIUM CHLORIDE,47;57,Non-Redox-Active Inorganic Compounds;Quaternary Ammonium and Phosphonium Salts
122-20-3,TRIISOPROPANOLAMINE,8;14,"Alcohols and Polyols;Amines, Phosphines, and Pyridines"
122-34-9,SIMAZINE,14;16,"Amines, Phosphines, and Pyridines;Aryl Halides"
122-39-4,DIPHENYLAMINE,13,"Amines, Aromatic"
122-42-9,PROPHAM,20,Carbamates
122-51-0,ETHYL ORTHOFORMATE,28,Ethers
122-59-8,PHENOXYACETIC ACID,2;28,"Acids, Carboxylic;Ethers"
122-60-1,PHENYL GLYCIDYL ETHER,26;28,Epoxides;Ethers
122-62-3,BIS(2-ETHYLHEXYL) SEBACATE,27,"Esters, Sulfate Esters, Phosphate Esters, Thiophosphate Esters, and Borate Esters"
122-66-7,"1,2-DIPHENYLHYDRAZINE",17;35;58,"Azo, Diazo, Azido, Hydrazine, and Azide Compounds;Hydrocarbons, Aromatic;Reducing Agents, Strong"
122-79-2,PHENOL ACETATE,27,"Esters, Sulfate Esters, Phosphate Esters, Thiophosphate Esters, and Borate Esters"
122-80-5,P-AMINOACETANILIDE,12;13,"Amides and Imides;Amines, Aromatic"
122-99-6,ETHYLENE GLYCOL PHENYL ETHER,8;28;35,"Alcohols and Polyols;Ethers;Hydrocarbons, Aromatic"
12224-98-5,C.I. PIGMENT RED 81,14;27;61,"Amines, Phosphines, and Pyridines;Esters, Sulfate Esters, Phosphate Esters, Thiophosphate Esters, and Borate Esters;Salts, Basic"
12225-21-7,C.I. PIGMENT YELLOW 100,12;17;27;61;66,"Amides and Imides;Azo, Diazo, Azido, Hydrazine, and Azide Compounds;Esters, Sulfate Esters, Phosphate Esters, Thiophosphate Esters, and Borate Esters;Salts, Basic;Sulfonates, Phosphonates, and Thiophosphonates, Organic"
12262-58-7,"CYCLOHEXANONE PEROXIDE, NOT MORE THAN 72% IN SOLUTION",1;8;53,"Acetals, Ketals, Hemiacetals, and Hemiketals;Alcohols and Polyols;Peroxides, Organic"
1229-35-2,METHDILAZINE HYDROCHLORIDE,14;60;64,"Amines, Phosphines, and Pyridines;Salts, Acidic;Sulfides, Organic"
123-00-2,N-AMINOPROPYLMORPHOLINE,14;28,"Amines, Phosphines, and Pyridines;Ethers"
123-01-3,DODECYLBENZENE,33;35,"Hydrocarbons, Aliphatic Saturated;Hydrocarbons, Aromatic"
123-02-4,TRIDECYLBENZENE,35,"Hydrocarbons, Aromatic"
123-15-9,ALPHA-METHYLVALERALDEHYDE,9,Aldehydes
123-20-6,"VINYL BUTYRATE, STABILIZED",27;34;56,"Esters, Sulfate Esters, Phosphate Esters, Thiophosphate Esters, and Borate Esters;Hydrocarbons, Aliphatic Unsaturated;Polymerizable Compounds"
123-23-9,SUCCINIC ACID PEROXIDE,2;5;53,"Acids, Carboxylic;Acids, Weak;Peroxides, Organic"
123-30-8,P-AMINOPHENOL,13;55,"Amines, Aromatic;Phenols and Cresols"
123-31-9,HYDROQUINONE,5;55,"Acids, Weak;Phenols and Cresols"
123-33-1,MALEIC HYDRAZIDE,12;17;34,"Amides and Imides;Azo, Diazo, Azido, Hydrazine, and Azide Compounds;Hydrocarbons, Aliphatic Unsaturated"
123-35-3,"MYRCENE, [LIQUID]",23;34,"Conjugated Dienes;Hydrocarbons, Aliphatic Unsaturated"
123-39-7,N-METHYLFORMAMIDE,12,Amides and Imides
123-61-5,"1,3-PHENYLENE DIISOCYANATE",37,Isocyanates and Isothiocyanates
123-77-3,AZODICARBONAMIDE,12;17,"Amides and Imides;Azo, Diazo, Azido, Hydrazine, and Azide Compounds"
123-80-8,ETHYLENE GLYCOL DIPROPIONATE,27,"Esters, Sulfate Esters, Phosphate Esters, Thiophosphate Esters, and Borate Esters"
123-88-6,METHOXYETHYL MERCURY CHLORIDE,28;49,Ethers;Organometallics
124-04-9,ADIPIC ACID,2,"Acids, Carboxylic"
124-07-2,OCTANOIC ACID,2,"Acids, Carboxylic"
124-09-4,"HEXAMETHYLENEDIAMINE, SOLID",14;68,"Amines, Phosphines, and Pyridines;Water and Aqueous Solutions"
124-17-4,DIETHYLENE GLYCOL MONOBUTYL ETHER ACETATE,27;28,"Esters, Sulfate Esters, Phosphate Esters, Thiophosphate Esters, and Borate Esters;Ethers"
124-19-6,NONANAL,9,Aldehydes
124-22-1,DODECANAMINE,14,"Amines, Phosphines, and Pyridines"
124-28-7,"N,N-DIMETHYL-1-OCTADECANAMINE",14,"Amines, Phosphines, and Pyridines"
124-30-1,OCTADECYLAMINE,14,"Amines, Phosphines, and Pyridines"
124-41-4,SODIUM METHYLATE,18,"Bases, Strong"
124-43-6,UREA HYDROGEN PEROXIDE,12;53,"Amides and Imides;Peroxides, Organic"
124-48-1,CHLORODIBROMOMETHANE,31,Halogenated Organic Compounds
124-64-1,TETRAKIS(HYDROXYMETHYL)PHOSPHONIUM CHLORIDE,5;47;57,"Acids, Weak;Non-Redox-Active Inorganic Compounds;Quaternary Ammonium and Phosphonium Salts"
124-65-2,SODIUM CACODYLATE,61,"Salts, Basic"
124-87-8,COCCULUS,8;26;27;34,"Alcohols and Polyols;Epoxides;Esters, Sulfate Esters, Phosphate Esters, Thiophosphate Esters, and Borate Esters;Hydrocarbons, Aliphatic Unsaturated"
12401-86-4,SODIUM MONOXIDE,18,"Bases, Strong"
1241-94-7,2-ETHYLHEXYL DIPHENYL PHOSPHATE,27,"Esters, Sulfate Esters, Phosphate Esters, Thiophosphate Esters, and Borate Esters"
12427-38-2,MANEB,67,Thiocarbamate Esters and Salts/Dithiocarbamate Esters and Salts
125-33-7,PRIMACLONE,12,Amides and Imides
12519-36-7,DIAMMONIUM SALT OF ZINC EDTA,60,"Salts, Acidic"
126-07-8,GRISEOFULVIN,16;28;34;38,"Aryl Halides;Ethers;Hydrocarbons, Aliphatic Unsaturated;Ketones"
126-27-2,OXETHAZAINE,8;12;14,"Alcohols and Polyols;Amides and Imides;Amines, Phosphines, and Pyridines"
126-30-7,"2,2-DIMETHYLPROPANE-1,3-DIOL",8,Alcohols and Polyols
126-31-8,"IODOMETHANESULFONIC ACID, SODIUM SALT",31;60,"Halogenated Organic Compounds;Salts, Acidic"
126-33-0,SULFOLANE,66,"Sulfonates, Phosphonates, and Thiophosphonates, Organic"
126-72-7,"TRIS(2,3-DIBROMOPROPYL) PHOSPHATE",27;31,"Esters, Sulfate Esters, Phosphate Esters, Thiophosphate Esters, and Borate Esters;Halogenated Organic Compounds"
126-73-8,TRIBUTYL PHOSPHATE,27,"Esters, Sulfate Esters, Phosphate Esters, Thiophosphate Esters, and Borate Esters"
126-92-1,SODIUM(2-ETHYLHEXYL)ALCOHOL SULFATE,27;61,"Esters, Sulfate Esters, Phosphate Esters, Thiophosphate Esters, and Borate Esters;Salts, Basic"
1260-17-9,CARMINIC ACID,2;8;55,"Acids, Carboxylic;Alcohols and Polyols;Phenols and Cresols"
12654-97-6,"TRIAZINE PESTICIDE, LIQUID, FLAMMABLE, POISONOUS",17,"Azo, Diazo, Azido, Hydrazine, and Azide Compounds"
12672-29-6,PCB-1248,16,Aryl Halides
12674-11-2,PCB-1016,16,Aryl Halides
127-07-1,HYDROXYUREA,8;12,Alcohols and Polyols;Amides and Imides
127-69-5,SULFISOXAZOLE,14;52;66,"Amines, Phosphines, and Pyridines;Oximes;Sulfonates, Phosphonates, and Thiophosphonates, Organic"
127-82-2,ZINC PHENOLSULFONATE,55;60,"Phenols and Cresols;Salts, Acidic"
127-85-5,SODIUM ARSANILATE,13;61,"Amines, Aromatic;Salts, Basic"
127-95-7,POTASSIUM HYDROGEN OXALATE,59;61,"Reducing Agents, Weak;Salts, Basic"
12701-79-0,BIS(CYCLOPENTADIENYL)VANADIUM CHLORIDE,49,Organometallics
1271-19-8,TITANOCENE DICHLORIDE,3;35;49,"Acids, Strong Non-oxidizing;Hydrocarbons, Aromatic;Organometallics"
1271-24-5,BIS(CYCLOPENTADIENYL)CHROMIUM,49,Organometallics
1271-28-9,NICKELOCENE,49,Organometallics
12737-18-7,CALCIUM SILICIDE,44,"Nitrides, Phosphides, Carbides, and Silicides"
127564-92-5,DICHLOROPENTAFLUOROPROPANE,30,Fluorinated Organic Compounds
1277-43-6,COBALTOCENE,35;49,"Hydrocarbons, Aromatic;Organometallics"
12772-47-3,1-PENTOL,8;27;34;56,"Alcohols and Polyols;Esters, Sulfate Esters, Phosphate Esters, Thiophosphate Esters, and Borate Esters;Hydrocarbons, Aliphatic Unsaturated;Polymerizable Compounds"
12788-93-1,ACID BUTYL PHOSPHATE,5;27,"Acids, Weak;Esters, Sulfate Esters, Phosphate Esters, Thiophosphate Esters, and Borate Esters"
12789-46-7,AMYL ACID PHOSPHATE,5;27,"Acids, Weak;Esters, Sulfate Esters, Phosphate Esters, Thiophosphate Esters, and Borate Esters"
128-03-0,POTASSIUM DIMETHYLDITHIOCARBAMATE,67;68,Thiocarbamate Esters and Salts/Dithiocarbamate Esters and Salts;Water and Aqueous Solutions
128-04-1,SODIUM DIMETHYLDITHIOCARBAMATE,67,Thiocarbamate Esters and Salts/Dithiocarbamate Esters and Salts
128-37-0,BUTYLATED HYDROXYTOLUENE,55,Phenols and Cresols
128-39-2,"2,6-DI-TERT-BUTYLPHENOL",55,Phenols and Cresols
128-44-9,"SACCHARIN, SODIUM SALT",14;61;66,"Amines, Phosphines, and Pyridines;Salts, Basic;Sulfonates, Phosphonates, and Thiophosphonates, Organic"
128-66-5,C.I. VAT YELLOW 4,35;38,"Hydrocarbons, Aromatic;Ketones"
128903-21-9,"2,2-DICHLORO-1,1,1,3,3-PENTAFLUOROPROPANE",30,Fluorinated Organic Compounds
129-00-0,PYRENE,35,"Hydrocarbons, Aromatic"
129-06-6,WARFARIN SODIUM,8;27;38;61,"Alcohols and Polyols;Esters, Sulfate Esters, Phosphate Esters, Thiophosphate Esters, and Borate Esters;Ketones;Salts, Basic"
129-15-7,2-METHYL-1-NITROANTHRAQUINONE,38;46,"Ketones;Nitro, Nitroso, Nitrate, and Nitrite Compounds, Organic"
129-17-9,SULFAN BLUE,13;23;57;61,"Amines, Aromatic;Conjugated Dienes;Quaternary Ammonium and Phosphonium Salts;Salts, Basic"
1291-32-3,ZIRCONOCENE DICHLORIDE,3;49,"Acids, Strong Non-oxidizing;Organometallics"
1295-35-8,"BIS(1,5-CYCLOOCTADIENE)NICKEL",34;49,"Hydrocarbons, Aliphatic Unsaturated;Organometallics"
1299-86-1,ALUMINUM CARBIDE,44,"Nitrides, Phosphides, Carbides, and Silicides"
130-15-4,"1,4-NAPHTHOQUINONE",38,Ketones
130-17-6,2-(4-AMINOPHENYL)-6-METHYLBENZOTHIAZOLE SULFONIC ACID,5;14;64,"Acids, Weak;Amines, Phosphines, and Pyridines;Sulfides, Organic"
130-26-7,IODOCHLOROHYDROXYQUINOLINE,14;16;55,"Amines, Phosphines, and Pyridines;Aryl Halides;Phenols and Cresols"
130-80-3,DIETHYLSTILBESTROL DIPROPIONATE,27;34;35,"Esters, Sulfate Esters, Phosphate Esters, Thiophosphate Esters, and Borate Esters;Hydrocarbons, Aliphatic Unsaturated;Hydrocarbons, Aromatic"
1300-71-6,XYLENOLS,35,"Hydrocarbons, Aromatic"
1300-73-8,XYLIDINES,13,"Amines, Aromatic"
13007-92-6,CHROMIUM CARBONYL,49,Organometallics
1301-70-8,FERRIC GLYCEROPHOSPHATE,27;47,"Esters, Sulfate Esters, Phosphate Esters, Thiophosphate Esters, and Borate Esters;Non-Redox-Active Inorganic Compounds"
13014-18-1,"2,4,ALPHA,ALPHA,ALPHA-PENTACHLOROTOLUENE",16;31,Aryl Halides;Halogenated Organic Compounds
13014-24-9,"3,4,ALPHA,ALPHA,ALPHA-PENTACHLOROTOLUENE",16;31,Aryl Halides;Halogenated Organic Compounds
13029-08-8,"2,2&#39;-DICHLOROBIPHENYL",16,Aryl Halides
1303-00-0,GALLIUM ARSENIDE,44,"Nitrides, Phosphides, Carbides, and Silicides"
1303-28-2,ARSENIC PENTOXIDE,5;15;51,"Acids, Weak;Anhydrides;Oxidizing Agents, Weak"
1303-33-9,ARSENIC TRISULFIDE,63,"Sulfides, Inorganic"
1303-86-2,BORON OXIDE,60,"Salts, Acidic"
1304-28-5,BARIUM OXIDE,18,"Bases, Strong"
1304-29-6,BARIUM PEROXIDE,50;61,"Oxidizing Agents, Strong;Salts, Basic"
1304-56-9,BERYLLIUM OXIDE,18,"Bases, Strong"
1304-82-1,BISMUTH TELLURIDE,42,"Metals, Less Reactive"
13048-33-4,"1,6-HEXANEDIOL DIACRYLATE",6;56,Acrylates and Acrylic Acids;Polymerizable Compounds
1305-62-0,CALCIUM HYDROXIDE,19,"Bases, Weak"
1305-78-8,CALCIUM OXIDE,18,"Bases, Strong"
1305-79-9,CALCIUM PEROXIDE,50;61,"Oxidizing Agents, Strong;Salts, Basic"
1305-99-3,CALCIUM PHOSPHIDE,44,"Nitrides, Phosphides, Carbides, and Silicides"
13052-09-0,"2,5-DIMETHYL-2,5-DI-(2-ETHYLHEXANOYLPEROXY)HEXANE",53,"Peroxides, Organic"
1306-19-0,CADMIUM OXIDE,61,"Salts, Basic"
13071-79-9,TERBUFOS,27;64,"Esters, Sulfate Esters, Phosphate Esters, Thiophosphate Esters, and Borate Esters;Sulfides, Organic"
1309-48-4,MAGNESIUM OXIDE,61,"Salts, Basic"
1309-60-0,LEAD DIOXIDE,50,"Oxidizing Agents, Strong"
1309-64-4,ANTIMONY TRIOXIDE,47,Non-Redox-Active Inorganic Compounds
13098-39-0,HEXAFLUOROACETONE SESQUIHYDRATE,30;38,Fluorinated Organic Compounds;Ketones
131-11-3,DIMETHYL PHTHALATE,27,"Esters, Sulfate Esters, Phosphate Esters, Thiophosphate Esters, and Borate Esters"
131-16-8,DI-N-PROPYL PHTHALATE,27,"Esters, Sulfate Esters, Phosphate Esters, Thiophosphate Esters, and Borate Esters"
131-17-9,DIALLYL PHTHALATE,27;34;56,"Esters, Sulfate Esters, Phosphate Esters, Thiophosphate Esters, and Borate Esters;Hydrocarbons, Aliphatic Unsaturated;Polymerizable Compounds"
131-18-0,DI-N-PENTYL PHTHALATE,27,"Esters, Sulfate Esters, Phosphate Esters, Thiophosphate Esters, and Borate Esters"
131-52-2,SODIUM PENTACHLOROPHENATE,16;54,Aryl Halides;Phenolic Salts
131-53-3,"2,2&#39;-DIHYDROXY-4-METHOXYBENZOPHENONE",28;35;38;55,"Ethers;Hydrocarbons, Aromatic;Ketones;Phenols and Cresols"
131-57-7,2-HYDROXY-4-METHOXYBENZOPHENONE,28;38;55,Ethers;Ketones;Phenols and Cresols
131-73-7,DIPICRYLAMINE,13;46,"Amines, Aromatic;Nitro, Nitroso, Nitrate, and Nitrite Compounds, Organic"
131-74-8,"AMMONIUM PICRATE, WETTED WITH NOT LESS THAN 10% WATER",46;54;60;68,"Nitro, Nitroso, Nitrate, and Nitrite Compounds, Organic;Phenolic Salts;Salts, Acidic;Water and Aqueous Solutions"
131-89-5,"2-CYCLOHEXYL-4,6-DINITROPHENOL",46;55,"Nitro, Nitroso, Nitrate, and Nitrite Compounds, Organic;Phenols and Cresols"
131-92-0,C.I. VAT BROWN 3,12;14;35;38,"Amides and Imides;Amines, Phosphines, and Pyridines;Hydrocarbons, Aromatic;Ketones"
1310-58-3,"POTASSIUM HYDROXIDE, SOLUTION",18;68,"Bases, Strong;Water and Aqueous Solutions"
1310-61-8,POTASSIUM HYDROSULFIDE,19;63,"Bases, Weak;Sulfides, Inorganic"
1310-65-2,"LITHIUM HYDROXIDE, SOLUTION",18;68,"Bases, Strong;Water and Aqueous Solutions"
1310-66-3,"LITHIUM HYDROXIDE, MONOHYDRATE",18,"Bases, Strong"
1310-73-2,SODIUM HYDROXIDE SOLUTION,18;68,"Bases, Strong;Water and Aqueous Solutions"
1310-82-3,RUBIDIUM HYDROXIDE,18;68,"Bases, Strong;Water and Aqueous Solutions"
13114-72-2,"1-METHYL-3,3-DIPHENYLUREA",12;13,"Amides and Imides;Amines, Aromatic"
1312-03-4,"MERCURIC SUBSULFATE, [SOLID]",42;51;61,"Metals, Less Reactive;Oxidizing Agents, Weak;Salts, Basic"
1312-73-8,"POTASSIUM SULFIDE, HYDRATED, WITH NOT LESS THAN 30% WATER OF CRYSTALLIZATION",63;68,"Sulfides, Inorganic;Water and Aqueous Solutions"
13121-70-5,CYHEXATIN,49;61,"Organometallics;Salts, Basic"
13122-18-4,"TERT-BUTYL PEROXY-3,5,5-TRIMETHYLHEXANOATE",53,"Peroxides, Organic"
1313-27-5,MOLYBDENUM TRIOXIDE,47,Non-Redox-Active Inorganic Compounds
1313-60-6,SODIUM PEROXIDE,18;50,"Bases, Strong;Oxidizing Agents, Strong"
1313-82-2,"SODIUM SULFIDE, ANHYDROUS",19;63;68,"Bases, Weak;Sulfides, Inorganic;Water and Aqueous Solutions"
1313-99-1,NICKEL OXIDE,61,"Salts, Basic"
1314-13-2,"ZINC OXIDE, CRUDE",61,"Salts, Basic"
1314-18-7,STRONTIUM PEROXIDE,18;50,"Bases, Strong;Oxidizing Agents, Strong"
1314-20-1,"THORIUM OXIDE, [RADIOACTIVE MATERIAL, LOW SPECIFIC ACTIVITY]",47,Non-Redox-Active Inorganic Compounds
1314-22-3,ZINC PEROXIDE,50,"Oxidizing Agents, Strong"
1314-32-5,THALLIC OXIDE,47,Non-Redox-Active Inorganic Compounds
1314-34-7,VANADIUM TRIOXIDE,61,"Salts, Basic"
1314-56-3,PHOSPHORIC ANHYDRIDE,5;15,"Acids, Weak;Anhydrides"
1314-62-1,VANADIUM PENTOXIDE,50;60,"Oxidizing Agents, Strong;Salts, Acidic"
1314-64-3,URANYL SULFATE,47,Non-Redox-Active Inorganic Compounds
1314-80-3,"PHOSPHORUS PENTASULFIDE, FREE FROM YELLOW AND WHITE PHOSPHORUS",63,"Sulfides, Inorganic"
1314-84-7,ZINC PHOSPHIDE,44,"Nitrides, Phosphides, Carbides, and Silicides"
1314-85-8,"PHOSPHORUS SESQUISULFIDE, FREE FROM YELLOW AND WHITE PHOSPHORUS",63,"Sulfides, Inorganic"
1314-87-0,LEAD SULFIDE,63,"Sulfides, Inorganic"
1314-96-1,STRONTIUM SULFIDE,63,"Sulfides, Inorganic"
1314-98-3,ZINC SULFIDE,63,"Sulfides, Inorganic"
1317-35-7,MANGANESE TETROXIDE,50;61,"Oxidizing Agents, Strong;Salts, Basic"
1317-36-8,LITHARGE,47,Non-Redox-Active Inorganic Compounds
1317-65-3,LIMESTONE,21,Carbonate Salts
13171-21-6,PHOSPHAMIDON,12;27;31;34,"Amides and Imides;Esters, Sulfate Esters, Phosphate Esters, Thiophosphate Esters, and Borate Esters;Halogenated Organic Compounds;Hydrocarbons, Aliphatic Unsaturated"
13194-48-4,ETHOPROPHOS,27,"Esters, Sulfate Esters, Phosphate Esters, Thiophosphate Esters, and Borate Esters"
132-20-7,PHENIRAMINE MALEATE,34;60,"Hydrocarbons, Aliphatic Unsaturated;Salts, Acidic"
132-27-4,SODIUM O-PHENYLPHENOXIDE,54,Phenolic Salts
132-32-1,3-AMINO-9-ETHYLCARBAZOLE,13,"Amines, Aromatic"
132-64-9,DIBENZOFURAN,28;35,"Ethers;Hydrocarbons, Aromatic"
132-98-9,PENICILLIN VK+,12;60;64,"Amides and Imides;Salts, Acidic;Sulfides, Organic"
1320-67-8,POLYPROPYLENE GLYCOL METHYL ETHER,8;28,Alcohols and Polyols;Ethers
1321-12-6,NITROTOLUENES,46,"Nitro, Nitroso, Nitrate, and Nitrite Compounds, Organic"
1321-31-9,PHENETIDINES,14;28,"Amines, Phosphines, and Pyridines;Ethers"
1321-64-8,PENTACHLORONAPHTHALENE,16,Aryl Halides
1321-65-9,TRICHLORONAPHTHALENE,16,Aryl Halides
1321-94-4,METHYLNAPHTHALENE,35,"Hydrocarbons, Aromatic"
132259-10-0,"AIR, COMPRESSED",50;51,"Oxidizing Agents, Strong;Oxidizing Agents, Weak"
1325-37-7,DIRECT YELLOW 11,17;55;61,"Azo, Diazo, Azido, Hydrazine, and Azide Compounds;Phenols and Cresols;Salts, Basic"
13256-06-9,N-NITROSODIAMYLAMINE,17;46,"Azo, Diazo, Azido, Hydrazine, and Azide Compounds;Nitro, Nitroso, Nitrate, and Nitrite Compounds, Organic"
1326-03-0,C.I. PIGMENT VIOLET 1,14;57,"Amines, Phosphines, and Pyridines;Quaternary Ammonium and Phosphonium Salts"
1327-41-9,ALUMINUM CHLOROHYDRATE SOLUTION,5;68,"Acids, Weak;Water and Aqueous Solutions"
1327-53-3,ARSENIC TRIOXIDE,59;60,"Reducing Agents, Weak;Salts, Acidic"
1328-53-6,C.I. PIGMENT GREEN 7,14;16;47,"Amines, Phosphines, and Pyridines;Aryl Halides;Non-Redox-Active Inorganic Compounds"
13284-07-6,"4,4&#39;-DIACETYL-BIS(AMIDINOHYDRAZONE)CARBANILIDE DIHYDROCHLORIDE TRIHYDRATE",12;17,"Amides and Imides;Azo, Diazo, Azido, Hydrazine, and Azide Compounds"
13284-42-9,2-PENTENENITRILE,34;45,"Hydrocarbons, Aliphatic Unsaturated;Nitriles"
133-06-2,CAPTAN,12;31;34;64,"Amides and Imides;Halogenated Organic Compounds;Hydrocarbons, Aliphatic Unsaturated;Sulfides, Organic"
133-07-3,FOLPET,12;31;64,"Amides and Imides;Halogenated Organic Compounds;Sulfides, Organic"
133-14-2,"DI-(2,4-DICHLOROBENZOYL) PEROXIDE",16;53,"Aryl Halides;Peroxides, Organic"
133-18-6,PHENETHYL ANTHRANILATE,13;27,"Amines, Aromatic;Esters, Sulfate Esters, Phosphate Esters, Thiophosphate Esters, and Borate Esters"
133-55-1,"N,N&#39;-DINITROSO-N,N&#39;-DIMETHYL TEREPHTHALAMIDE",12;46,"Amides and Imides;Nitro, Nitroso, Nitrate, and Nitrite Compounds, Organic"
133-90-4,CHLORAMBEN,2;14;16;31,"Acids, Carboxylic;Amines, Phosphines, and Pyridines;Aryl Halides;Halogenated Organic Compounds"
1330-61-6,ISODECYL ACRYLATE,6;56,Acrylates and Acrylic Acids;Polymerizable Compounds
1332-07-6,ZINC BORATE,47,Non-Redox-Active Inorganic Compounds
1332-21-4,ASBESTOS,47;62,Non-Redox-Active Inorganic Compounds;Siloxanes
1332-58-7,KAOLIN,47,Non-Redox-Active Inorganic Compounds
1333-39-7,"PHENOLSULFONIC ACID, LIQUID",4,"Acids, Strong Oxidizing"
1333-41-1,PICOLINES,14,"Amines, Phosphines, and Pyridines"
1333-82-0,"CHROMIUM TRIOXIDE, ANHYDROUS",15;50,"Anhydrides;Oxidizing Agents, Strong"
1333-83-1,"SODIUM BIFLUORIDE, SOLID",29;60;68,"Fluoride Salts, Soluble;Salts, Acidic;Water and Aqueous Solutions"
1333-86-4,CARBON BLACK,33;59,"Hydrocarbons, Aliphatic Saturated;Reducing Agents, Weak"
1335-31-5,MERCURIC OXYCYANIDE,24,"Cyanides, Inorganic"
1335-32-6,LEAD SUBACETATE,61,"Salts, Basic"
1335-87-1,HEXACHLORONAPHTHALENE,16,Aryl Halides
1335-88-2,TETRACHLORONAPHTHALENE,16,Aryl Halides
13356-08-6,FENBUTATIN OXIDE,35;49,"Hydrocarbons, Aromatic;Organometallics"
1336-21-6,AMMONIUM HYDROXIDE,19;68,"Bases, Weak;Water and Aqueous Solutions"
13360-63-9,ETHYL-N-BUTYLAMINE,14,"Amines, Phosphines, and Pyridines"
13366-73-9,PHOTODIELDRIN,26;31,Epoxides;Halogenated Organic Compounds
1337-81-1,"VINYLPYRIDINES, STABILIZED",14;34;56,"Amines, Phosphines, and Pyridines;Hydrocarbons, Aliphatic Unsaturated;Polymerizable Compounds"
1338-02-9,COPPER NAPHTHENATE,33;61,"Hydrocarbons, Aliphatic Saturated;Salts, Basic"
1338-23-4,METHYL ETHYL KETONE PEROXIDE,1;53,"Acetals, Ketals, Hemiacetals, and Hemiketals;Peroxides, Organic"
1338-24-5,NAPHTHENIC ACID,2,"Acids, Carboxylic"
13397-24-5,GYPSUM,47,Non-Redox-Active Inorganic Compounds
134-03-2,SODIUM ASCORBATE,8;27;34;61,"Alcohols and Polyols;Esters, Sulfate Esters, Phosphate Esters, Thiophosphate Esters, and Borate Esters;Hydrocarbons, Aliphatic Unsaturated;Salts, Basic"
134-20-3,METHYL ANTHRANILATE,13;27,"Amines, Aromatic;Esters, Sulfate Esters, Phosphate Esters, Thiophosphate Esters, and Borate Esters"
134-29-2,O-ANISIDINE HYDROCHLORIDE,28;60,"Ethers;Salts, Acidic"
134-31-6,8-HYDROXYQUINOLINE SULFATE,55;60,"Phenols and Cresols;Salts, Acidic"
134-32-7,ALPHA-NAPHTHYLAMINE,13,"Amines, Aromatic"
134-50-9,9-AMINOACRIDINE HYDROCHLORIDE,60,"Salts, Acidic"
134-62-3,"N,N-DIETHYL-M-TOLUAMIDE",12,Amides and Imides
134-72-5,EPHEDRINE SULFATE,8;35;60,"Alcohols and Polyols;Hydrocarbons, Aromatic;Salts, Acidic"
1341-49-7,"AMMONIUM BIFLUORIDE, SOLID",29;60;68,"Fluoride Salts, Soluble;Salts, Acidic;Water and Aqueous Solutions"
13410-01-0,SODIUM SELENATE,51;61,"Oxidizing Agents, Weak;Salts, Basic"
134190-37-7,DIETHYLDIISOCYANATOBENZENE,37,Isocyanates and Isothiocyanates
134191-62-1,DIDYMIUM NITRATE,43,"Nitrate and Nitrite Compounds, Inorganic"
13424-46-9,LEAD AZIDE,17,"Azo, Diazo, Azido, Hydrazine, and Azide Compounds"
1344-00-9,SODIUM ALUMINOSILICATE,61;62,"Salts, Basic;Siloxanes"
1344-40-7,"LEAD PHOSPHITE, DIBASIC",61,"Salts, Basic"
1344-48-5,MERCURIC SULFIDE,63,"Sulfides, Inorganic"
13446-10-1,AMMONIUM PERMANGANATE,50;60,"Oxidizing Agents, Strong;Salts, Acidic"
13450-90-3,GALLIUM TRICHLORIDE,3,"Acids, Strong Non-oxidizing"
13450-97-0,STRONTIUM PERCHLORATE,50,"Oxidizing Agents, Strong"
13453-30-0,THALLIUM CHLORATE,50,"Oxidizing Agents, Strong"
13462-88-9,NICKEL BROMIDE,60,"Salts, Acidic"
13463-41-7,ZINC PYRITHIONE,61,"Salts, Basic"
13463-67-7,TITANIUM DIOXIDE,47,Non-Redox-Active Inorganic Compounds
13464-33-0,ZINC ARSENATE AND ZINC ARSENITE MIXTURE,51;61,"Oxidizing Agents, Weak;Salts, Basic"
13466-78-9,CARENE,34,"Hydrocarbons, Aliphatic Unsaturated"
13472-08-7,"2,2&#39;-AZODI-(2-METHYLBUTYRONITRILE)",17;45,"Azo, Diazo, Azido, Hydrazine, and Azide Compounds;Nitriles"
13473-90-0,ALUMINUM NITRATE,43,"Nitrate and Nitrite Compounds, Inorganic"
13474-88-9,"1,1-DICHLORO-1,2,2,3,3-PENTAFLUOROPROPANE",30,Fluorinated Organic Compounds
134758-98-8,ALKYL THIADIAZOLE,14;64,"Amines, Phosphines, and Pyridines;Sulfides, Organic"
13477-10-6,"BARIUM HYPOCHLORITE, WITH MORE THAN 22% AVAILABLE CHLORINE",50;61,"Oxidizing Agents, Strong;Salts, Basic"
13477-36-6,CALCIUM PERCHLORATE,50,"Oxidizing Agents, Strong"
13479-54-4,BIS(GLYCINATO) COPPER(II),61,"Salts, Basic"
13494-80-9,TELLURIUM,42,"Metals, Less Reactive"
13494-90-1,GALLIUM NITRATE,43,"Nitrate and Nitrite Compounds, Inorganic"
135-20-6,CUPFERRON,17;46;61,"Azo, Diazo, Azido, Hydrazine, and Azide Compounds;Nitro, Nitroso, Nitrate, and Nitrite Compounds, Organic;Salts, Basic"
135-23-9,METHAPYRILENE HYDROCHLORIDE,14;60;64,"Amines, Phosphines, and Pyridines;Salts, Acidic;Sulfides, Organic"
135-88-6,N-PHENYL-2-NAPHTHYLAMINE,14,"Amines, Phosphines, and Pyridines"
13506-76-8,2-METHYL-6-NITROBENZOIC ACID,2;46,"Acids, Carboxylic;Nitro, Nitroso, Nitrate, and Nitrite Compounds, Organic"
135072-82-1,4-DIMETHYLAMINO-6-(2-DIMETHYLAMINOETHOXY)TOLUENE-2-DIAZONIUM ZINC CHLORIDE,14;17;25;28;60,"Amines, Phosphines, and Pyridines;Azo, Diazo, Azido, Hydrazine, and Azide Compounds;Diazonium Salts;Ethers;Salts, Acidic"
13530-65-9,ZINC CHROMATE,50;61,"Oxidizing Agents, Strong;Salts, Basic"
13537-32-1,"FLUOROPHOSPHORIC ACID, ANHYDROUS",3,"Acids, Strong Non-oxidizing"
13552-21-1,1-AMINO-2-BUTANOL,8;14,"Alcohols and Polyols;Amines, Phosphines, and Pyridines"
13552-44-8,"4,4&#39;-METHYLENEDIANILINE DIHYDROCHLORIDE",60,"Salts, Acidic"
13597-54-1,ZINC SELENATE,51;61,"Oxidizing Agents, Weak;Salts, Basic"
13598-36-2,PHOSPHOROUS ACID,5,"Acids, Weak"
136-35-6,"1,3-DIPHENYLTRIAZENE",17,"Azo, Diazo, Azido, Hydrazine, and Azide Compounds"
136-40-3,PHENAZOPYRIDINE HYDROCHLORIDE,17;60,"Azo, Diazo, Azido, Hydrazine, and Azide Compounds;Salts, Acidic"
136-45-8,DIPROPYL ISOCINCHOMERONATE,14;27,"Amines, Phosphines, and Pyridines;Esters, Sulfate Esters, Phosphate Esters, Thiophosphate Esters, and Borate Esters"
136-77-6,P-HEXYLRESORCINOL,55,Phenols and Cresols
136-78-7,CRAG® HERBICIDE,16;27;61,"Aryl Halides;Esters, Sulfate Esters, Phosphate Esters, Thiophosphate Esters, and Borate Esters;Salts, Basic"
136-95-8,2-AMINOBENZOTHIAZOLE,14;64,"Amines, Phosphines, and Pyridines;Sulfides, Organic"
136013-79-1,"1,3-DICHLORO-1,1,2,3,3-PENTAFLUOROPROPANE",30,Fluorinated Organic Compounds
13608-87-2,"2&#39;,3&#39;,4&#39;-TRICHLOROACETOPHENONE",16;38,Aryl Halides;Ketones
13637-76-8,LEAD PERCHLORATE,50,"Oxidizing Agents, Strong"
13674-84-5,TRIS(1-CHLORO-2-PROPYL) PHOSPHATE,27;31,"Esters, Sulfate Esters, Phosphate Esters, Thiophosphate Esters, and Borate Esters;Halogenated Organic Compounds"
13674-87-8,"TRIS(1,3-DICHLORO-2-PROPYL)PHOSPHATE",27;31,"Esters, Sulfate Esters, Phosphate Esters, Thiophosphate Esters, and Borate Esters;Halogenated Organic Compounds"
13682-73-0,POTASSIUM CUPROCYANIDE,24,"Cyanides, Inorganic"
13684-56-5,DESMEDIPHAM,20,Carbamates
13684-63-4,PHENMEDIPHAM,20,Carbamates
137-05-3,METHYL 2-CYANOACRYLATE,6;45;56,Acrylates and Acrylic Acids;Nitriles;Polymerizable Compounds
137-09-7,"2,4-DIAMINOPHENOL DIHYDROCHLORIDE",55;60,"Phenols and Cresols;Salts, Acidic"
137-17-7,"2,4,5-TRIMETHYLANILINE",13,"Amines, Aromatic"
137-26-8,THIRAM,67,Thiocarbamate Esters and Salts/Dithiocarbamate Esters and Salts
137-30-4,ZIRAM,67,Thiocarbamate Esters and Salts/Dithiocarbamate Esters and Salts
137-41-7,POTASSIUM N-METHYLDITHIOCARBAMATE,67;68,Thiocarbamate Esters and Salts/Dithiocarbamate Esters and Salts;Water and Aqueous Solutions
137-42-8,"METAM SODIUM (COMPOUNDS, WEED, KILLING, LIQUID)",67;68,Thiocarbamate Esters and Salts/Dithiocarbamate Esters and Salts;Water and Aqueous Solutions
137-89-3,BIS(2-ETHYLHEXYL) ISOPHTHALATE,27,"Esters, Sulfate Esters, Phosphate Esters, Thiophosphate Esters, and Borate Esters"
13718-26-8,SODIUM VANADATE,51;61,"Oxidizing Agents, Weak;Salts, Basic"
13718-59-7,BARIUM SELENITE,65,Sulfite and Thiosulfate Salts
13746-89-9,ZIRCONIUM NITRATE,43,"Nitrate and Nitrite Compounds, Inorganic"
13762-51-1,POTASSIUM BOROHYDRIDE,39,"Metal Hydrides, Metal Alkyls, Metal Aryls, and Silanes"
13765-19-0,CALCIUM CHROMATE,50;61,"Oxidizing Agents, Strong;Salts, Basic"
13768-86-0,SELENIUM TRIOXIDE,50,"Oxidizing Agents, Strong"
13769-43-2,POTASSIUM METAVANADATE,51;61,"Oxidizing Agents, Weak;Salts, Basic"
13770-96-2,SODIUM ALUMINUM HYDRIDE,39,"Metal Hydrides, Metal Alkyls, Metal Aryls, and Silanes"
13774-25-9,MAGNESIUM BISULFITE SOLUTION,65;68,Sulfite and Thiosulfate Salts;Water and Aqueous Solutions
13779-41-4,"DIFLUOROPHOSPHORIC ACID, ANHYDROUS",3;7;29,"Acids, Strong Non-oxidizing;Acyl Halides, Sulfonyl Halides, and Chloroformates;Fluoride Salts, Soluble"
13780-03-5,"CALCIUM HYDROGEN SULFITE, SOLUTION",65;68,Sulfite and Thiosulfate Salts;Water and Aqueous Solutions
138-89-6,P-NITROSODIMETHYLANILINE,13;46,"Amines, Aromatic;Nitro, Nitroso, Nitrate, and Nitrite Compounds, Organic"
138-93-2,DISODIUM CYANODITHIOIMIDOCARBONATE,45;61;67,"Nitriles;Salts, Basic;Thiocarbamate Esters and Salts/Dithiocarbamate Esters and Salts"
13814-96-5,LEAD FLUOBORATE,47;68,Non-Redox-Active Inorganic Compounds;Water and Aqueous Solutions
13826-83-0,AMMONIUM FLUOBORATE,60,"Salts, Acidic"
13826-88-5,ZINC FLUOROBORATE,60;68,"Salts, Acidic;Water and Aqueous Solutions"
13838-16-9,ENFLURANE,28;30;31,Ethers;Fluorinated Organic Compounds;Halogenated Organic Compounds
13840-33-0,LITHIUM HYPOCHLORITE MIXTURE,50;61,"Oxidizing Agents, Strong;Salts, Basic"
13843-81-7,LITHIUM DICHROMATE,50;61,"Oxidizing Agents, Strong;Salts, Basic"
13889-92-4,S-(N-PROPYL)CHLOROTHIOFORMIC ACID,7;27,"Acyl Halides, Sulfonyl Halides, and Chloroformates;Esters, Sulfate Esters, Phosphate Esters, Thiophosphate Esters, and Borate Esters"
139-02-6,"SODIUM PHENOLATE, SOLID",54,Phenolic Salts
139-05-9,SODIUM CYCLAMATE,14;61,"Amines, Phosphines, and Pyridines;Salts, Basic"
139-13-9,NITRILOTRIACETIC ACID,2;14,"Acids, Carboxylic;Amines, Phosphines, and Pyridines"
139-25-3,"3,3&#39;-DIMETHYL DIPHENYLMETHANE-4,4&#39;-DIISOCYANATE",37,Isocyanates and Isothiocyanates
139-65-1,"4,4&#39;-THIODIANILINE",13;64,"Amines, Aromatic;Sulfides, Organic"
139-87-7,ETHYLDIETHANOLAMINE,8;14,"Alcohols and Polyols;Amines, Phosphines, and Pyridines"
139-94-6,NITHIAZIDE,12;46;64,"Amides and Imides;Nitro, Nitroso, Nitrate, and Nitrite Compounds, Organic;Sulfides, Organic"
139-96-8,"DODECYL SULFATE, [TRIETHANOLAMINE SALT]",8;14;60,"Alcohols and Polyols;Amines, Phosphines, and Pyridines;Salts, Acidic"
13909-09-6,1-(2-CHLOROETHYL)-3-(4-METHYLCYCLOHEXYL)-1-NITROSOUREA,12;31;46,"Amides and Imides;Halogenated Organic Compounds;Nitro, Nitroso, Nitrate, and Nitrite Compounds, Organic"
13961-86-9,OLEIC ACID DIETHANOLAMINE CONDENSATE (1/1),2;8;14,"Acids, Carboxylic;Alcohols and Polyols;Amines, Phosphines, and Pyridines"
13967-90-3,BARIUM BROMATE,50,"Oxidizing Agents, Strong"
1397-94-0,ANTIMYCIN A,12;13;27,"Amides and Imides;Amines, Aromatic;Esters, Sulfate Esters, Phosphate Esters, Thiophosphate Esters, and Borate Esters"
13983-17-0,WOLLASTONITE,19;61;62,"Bases, Weak;Salts, Basic;Siloxanes"
13987-01-4,TRIPROPYLENE,34;56,"Hydrocarbons, Aliphatic Unsaturated;Polymerizable Compounds"
140-08-9,TRIS(2-CHLOROETHYL)PHOSPHITE,31;59;66,"Halogenated Organic Compounds;Reducing Agents, Weak;Sulfonates, Phosphonates, and Thiophosphonates, Organic"
140-49-8,4&#39;-(CHLOROACETYL)ACETANILIDE,12;13;31;38,"Amides and Imides;Amines, Aromatic;Halogenated Organic Compounds;Ketones"
140-56-7,FORMULATED FENAMINOSULF,13;17;61,"Amines, Aromatic;Azo, Diazo, Azido, Hydrazine, and Azide Compounds;Salts, Basic"
140-64-7,PENTAMIDINE ISETHIONATE,8;28;60;66,"Alcohols and Polyols;Ethers;Salts, Acidic;Sulfonates, Phosphonates, and Thiophosphonates, Organic"
140-67-0,ESTRAGOLE,28;34,"Ethers;Hydrocarbons, Aliphatic Unsaturated"
140-80-7,2-AMINO-5-DIETHYLAMINOPENTANE,14,"Amines, Phosphines, and Pyridines"
140-82-9,DIETHYLAMINOETHOXYETHANOL,8;14,"Alcohols and Polyols;Amines, Phosphines, and Pyridines"
1401-55-4,TANNIC ACID,27;55,"Esters, Sulfate Esters, Phosphate Esters, Thiophosphate Esters, and Borate Esters;Phenols and Cresols"
14017-41-5,COBALTOUS SULFAMATE,61,"Salts, Basic"
14018-95-2,ZINC DICHROMATE,50;61,"Oxidizing Agents, Strong;Salts, Basic"
14019-91-1,CALCIUM SELENATE,51;61,"Oxidizing Agents, Weak;Salts, Basic"
1405-41-0,GENTAMYCIN SULFATE,1;60,"Acetals, Ketals, Hemiacetals, and Hemiketals;Salts, Acidic"
1406-16-2,VITAMIN D3 EMULSIFIABLE,8;23;34,"Alcohols and Polyols;Conjugated Dienes;Hydrocarbons, Aliphatic Unsaturated"
1406-66-2,ALPHA-TOCOPHEROL,8,Alcohols and Polyols
141-38-8,"9,10-EPOXYOCTADECANOIC ACID, 2-ETHYLHEXYL ESTER",26;27,"Epoxides;Esters, Sulfate Esters, Phosphate Esters, Thiophosphate Esters, and Borate Esters"
141-59-3,TERT-OCTYL MERCAPTAN,64,"Sulfides, Organic"
141-66-2,DICROTOPHOS,12;27;34,"Amides and Imides;Esters, Sulfate Esters, Phosphate Esters, Thiophosphate Esters, and Borate Esters;Hydrocarbons, Aliphatic Unsaturated"
141-75-3,BUTYRYL CHLORIDE,7,"Acyl Halides, Sulfonyl Halides, and Chloroformates"
141-82-2,MALONIC ACID,2,"Acids, Carboxylic"
141-84-4,RHODANINE,12;64,"Amides and Imides;Sulfides, Organic"
141-91-3,"2,6-DIMETHYL MORPHOLINE",14,"Amines, Phosphines, and Pyridines"
14124-68-6,SELENATES,51;61,"Oxidizing Agents, Weak;Salts, Basic"
14167-18-1,SALCOMINE,14;54;60,"Amines, Phosphines, and Pyridines;Phenolic Salts;Salts, Acidic"
142-04-1,ANILINE HYDROCHLORIDE,60,"Salts, Acidic"
142-09-6,N-HEXYL METHACRYLATE,6;56,Acrylates and Acrylic Acids;Polymerizable Compounds
142-46-1,"2,5-DITHIOBIUREA",17;67,"Azo, Diazo, Azido, Hydrazine, and Azide Compounds;Thiocarbamate Esters and Salts/Dithiocarbamate Esters and Salts"
142-47-2,MONOSODIUM GLUTAMATE,60,"Salts, Acidic"
142-59-6,NABAM,67,Thiocarbamate Esters and Salts/Dithiocarbamate Esters and Salts
142-64-3,PIPERAZINE DIHYDROCHLORIDE,60,"Salts, Acidic"
142-71-2,CUPRIC ACETATE,61,"Salts, Basic"
142-78-9,LAURYL ETHANOLAMIDE,8;12,Alcohols and Polyols;Amides and Imides
142-88-1,PIPERAZINE ADIPATE,60,"Salts, Acidic"
142-90-5,DODECYL METHACRYLATE,6;56,Acrylates and Acrylic Acids;Polymerizable Compounds
1420-04-8,CLONITRALID,12;14;16;46;55,"Amides and Imides;Amines, Phosphines, and Pyridines;Aryl Halides;Nitro, Nitroso, Nitrate, and Nitrite Compounds, Organic;Phenols and Cresols"
1420-07-1,DINOTERB,46;55,"Nitro, Nitroso, Nitrate, and Nitrite Compounds, Organic;Phenols and Cresols"
14255-87-9,PARBENDAZOLE,14;20,"Amines, Phosphines, and Pyridines;Carbamates"
142582-74-9,AMSCO SOLVENT F,35,"Hydrocarbons, Aromatic"
14264-31-4,"SODIUM CUPROCYANIDE, SOLID",24;47;68,"Cyanides, Inorganic;Non-Redox-Active Inorganic Compounds;Water and Aqueous Solutions"
142868-93-7,"1,4-BIS(2-CHLOROETHYLTHIO)-N-BUTANE",31;58;64,"Halogenated Organic Compounds;Reducing Agents, Strong;Sulfides, Organic"
142868-94-8,"1,5-BIS(2-CHLOROETHYLTHIO)-N-PENTANE",31;58;64,"Halogenated Organic Compounds;Reducing Agents, Strong;Sulfides, Organic"
14293-73-3,POTASSIUM DITHIONITE,15,Anhydrides
143-00-0,"DODECYL SULFATE, [DIETHANOLAMINE SALT]",8;27;60,"Alcohols and Polyols;Esters, Sulfate Esters, Phosphate Esters, Thiophosphate Esters, and Borate Esters;Salts, Acidic"
143-07-7,LAURIC ACID,2,"Acids, Carboxylic"
143-08-8,NONANOL,8,Alcohols and Polyols
143-10-2,1-DECANETHIOL,64,"Sulfides, Organic"
143-13-5,NONYL ACETATE,27,"Esters, Sulfate Esters, Phosphate Esters, Thiophosphate Esters, and Borate Esters"
143-16-8,DIHEXYLAMINE,14,"Amines, Phosphines, and Pyridines"
143-18-0,POTASSIUM OLEATE,34;61,"Hydrocarbons, Aliphatic Unsaturated;Salts, Basic"
143-19-1,"OLEIC ACID, [SODIUM SALT]",34;61,"Hydrocarbons, Aliphatic Unsaturated;Salts, Basic"
143-23-7,BIS-HEXAMETHYLENE TRIAMINE,14,"Amines, Phosphines, and Pyridines"
143-27-1,HEXADECYLAMINE,14,"Amines, Phosphines, and Pyridines"
143-33-9,SODIUM CYANIDE,19;24;68,"Bases, Weak;Cyanides, Inorganic;Water and Aqueous Solutions"
143-50-0,KEPONE,31;38,Halogenated Organic Compounds;Ketones
143-67-9,VINBLASTINE SULFATE,8;27;60,"Alcohols and Polyols;Esters, Sulfate Esters, Phosphate Esters, Thiophosphate Esters, and Borate Esters;Salts, Acidic"
14302-13-7,C.I. PIGMENT GREEN 36,14;16;47,"Amines, Phosphines, and Pyridines;Aryl Halides;Non-Redox-Active Inorganic Compounds"
14307-35-8,LITHIUM CHROMATE,50;61,"Oxidizing Agents, Strong;Salts, Basic"
14311-93-4,ZIRCONIUM ACETATE,47;68,Non-Redox-Active Inorganic Compounds;Water and Aqueous Solutions
14333-13-2,"PERMANGANATE, N.O.S.",50,"Oxidizing Agents, Strong"
144-55-8,SODIUM BICARBONATE,21,Carbonate Salts
144-62-7,OXALIC ACID,2,"Acids, Carboxylic"
144-80-9,SULFACETAMIDE,12;13;66,"Amides and Imides;Amines, Aromatic;Sulfonates, Phosphonates, and Thiophosphonates, Organic"
144-82-1,SULFAMETHIZOLE,13;17;64,"Amines, Aromatic;Azo, Diazo, Azido, Hydrazine, and Azide Compounds;Sulfides, Organic"
144-83-2,SULFAPYRIDINE,14;66,"Amines, Phosphines, and Pyridines;Sulfonates, Phosphonates, and Thiophosphonates, Organic"
1445-76-7,CHLOROSARIN,7;66,"Acyl Halides, Sulfonyl Halides, and Chloroformates;Sulfonates, Phosphonates, and Thiophosphonates, Organic"
14452-57-4,MAGNESIUM PEROXIDE,50;61,"Oxidizing Agents, Strong;Salts, Basic"
14484-64-1,FERBAM,67,Thiocarbamate Esters and Salts/Dithiocarbamate Esters and Salts
14486-19-2,CADMIUM FLUOROBORATE,60;68,"Salts, Acidic;Water and Aqueous Solutions"
145-73-3,ENDOTHALL,2;28,"Acids, Carboxylic;Ethers"
14504-75-7,CYTOXAL ALCOHOL,8;14;31;66,"Alcohols and Polyols;Amines, Phosphines, and Pyridines;Halogenated Organic Compounds;Sulfonates, Phosphonates, and Thiophosphonates, Organic"
14519-07-4,ZINC BROMATE,50,"Oxidizing Agents, Strong"
14519-17-6,MAGNESIUM BROMATE,50,"Oxidizing Agents, Strong"
1455-21-6,1-NONANETHIOL,64,"Sulfides, Organic"
1455-77-2,GUANAZOLE,14;17,"Amines, Phosphines, and Pyridines;Azo, Diazo, Azido, Hydrazine, and Azide Compounds"
14552-35-3,CUPRIETHYLENEDIAMINE HYDROXIDE SOLUTION,14;61;68,"Amines, Phosphines, and Pyridines;Salts, Basic;Water and Aqueous Solutions"
1459-10-5,TETRADECYLBENZENE,35,"Hydrocarbons, Aromatic"
146-59-8,ICR 170,14;16;28;31;60,"Amines, Phosphines, and Pyridines;Aryl Halides;Ethers;Halogenated Organic Compounds;Salts, Acidic"
146-84-9,"SILVER PICRATE, WETTED WITH NOT LESS THAN 30% WATER",46;50;54;68,"Nitro, Nitroso, Nitrate, and Nitrite Compounds, Organic;Oxidizing Agents, Strong;Phenolic Salts;Water and Aqueous Solutions"
1462-84-6,"2,3,6-COLLIDINE",14,"Amines, Phosphines, and Pyridines"
14644-61-2,ZIRCONIUM SULFATE,60,"Salts, Acidic"
1465-25-4,N-(1-NAPHTHYL)ETHYLENEDIAMINE DIHYDROCHLORIDE,14;61,"Amines, Phosphines, and Pyridines;Salts, Basic"
14666-78-5,DIETHYL PEROXYDICARBONATE,53,"Peroxides, Organic"
1467-79-4,DIMETHYL CYANAMIDE,14;45,"Amines, Phosphines, and Pyridines;Nitriles"
14674-72-7,CALCIUM CHLORITE,50;61,"Oxidizing Agents, Strong;Salts, Basic"
14684-25-4,BENZENE PHOSPHORUS THIODICHLORIDE,7;32,"Acyl Halides, Sulfonyl Halides, and Chloroformates;Halogenating Agents"
147-14-8,BLUE 15 B,14;35;47,"Amines, Phosphines, and Pyridines;Hydrocarbons, Aromatic;Non-Redox-Active Inorganic Compounds"
147-24-0,DIPHENHYDRAMINE HYDROCHLORIDE,28;35;60,"Ethers;Hydrocarbons, Aromatic;Salts, Acidic"
147-47-7,"1,2-DIHYDRO-2,2,4-TRIMETHYLQUINOLINE",14;34;35,"Amines, Phosphines, and Pyridines;Hydrocarbons, Aliphatic Unsaturated;Hydrocarbons, Aromatic"
147-94-4,CYTARABINE,8;14;28;34,"Alcohols and Polyols;Amines, Phosphines, and Pyridines;Ethers;Hydrocarbons, Aliphatic Unsaturated"
14708-14-6,NICKEL FLUOROBORATE,47;68,Non-Redox-Active Inorganic Compounds;Water and Aqueous Solutions
1477-42-5,2-AMINO-4-METHYLBENZOTHIAZOLE,14;38,"Amines, Phosphines, and Pyridines;Ketones"
1477-55-0,"M-XYLENE-ALPHA,ALPHA&#39;-DIAMINE",13,"Amines, Aromatic"
14797-65-0,"NITRITES, INORGANIC, N.O.S.",43,"Nitrate and Nitrite Compounds, Inorganic"
14797-73-0,"PERCHLORATE, N.O.S.",50,"Oxidizing Agents, Strong"
148-01-6,DINITOLMIDE,12;13;46,"Amides and Imides;Amines, Aromatic;Nitro, Nitroso, Nitrate, and Nitrite Compounds, Organic"
148-18-5,SODIUM DIETHYLDITHIOCARBAMATE,67,Thiocarbamate Esters and Salts/Dithiocarbamate Esters and Salts
148-24-3,8-HYDROXYQUINOLINE,14;55,"Amines, Phosphines, and Pyridines;Phenols and Cresols"
148-65-2,CHLOROTHEN,14;16;64,"Amines, Phosphines, and Pyridines;Aryl Halides;Sulfides, Organic"
148-79-8,THIABENDAZOLE,14;35;64,"Amines, Phosphines, and Pyridines;Hydrocarbons, Aromatic;Sulfides, Organic"
148-82-3,MELPHALAN,2;14;31,"Acids, Carboxylic;Amines, Phosphines, and Pyridines;Halogenated Organic Compounds"
14807-96-6,TALC,47,Non-Redox-Active Inorganic Compounds
14866-68-3,"CHLORATE, N.O.S., WET",50;68,"Oxidizing Agents, Strong;Water and Aqueous Solutions"
14882-18-9,BISMUTH SUBSALICYLATE,54;61,"Phenolic Salts;Salts, Basic"
149-30-4,2-MERCAPTOBENZOTHIAZOLE,14;64,"Amines, Phosphines, and Pyridines;Sulfides, Organic"
149-57-5,ETHYLHEXOIC ACID,2,"Acids, Carboxylic"
149-91-7,GALLIC ACID,2;5;55,"Acids, Carboxylic;Acids, Weak;Phenols and Cresols"
14901-07-6,BETA-IONONE,23;34;38,"Conjugated Dienes;Hydrocarbons, Aliphatic Unsaturated;Ketones"
14915-07-2,"PEROXIDES, INORGANIC, N.O.S.",50,"Oxidizing Agents, Strong"
14977-61-8,CHROMIUM OXYCHLORIDE,32;50,"Halogenating Agents;Oxidizing Agents, Strong"
1498-40-4,"ETHYL PHOSPHONOUS DICHLORIDE, ANHYDROUS",7,"Acyl Halides, Sulfonyl Halides, and Chloroformates"
1498-51-7,ETHYL PHOSPHORODICHLORIDATE,7,"Acyl Halides, Sulfonyl Halides, and Chloroformates"
1498-54-0,"N,N-DIETHYL PHOSPHORAMIDIC DICHLORIDE",7;12,"Acyl Halides, Sulfonyl Halides, and Chloroformates;Amides and Imides"
1498-60-8,ISOPROPYLPHOSPHONOTHIOIC DICHLORIDE,7;66,"Acyl Halides, Sulfonyl Halides, and Chloroformates;Sulfonates, Phosphonates, and Thiophosphonates, Organic"
150-13-0,P-AMINOBENZOIC ACID,2;13;14,"Acids, Carboxylic;Amines, Aromatic;Amines, Phosphines, and Pyridines"
150-38-9,"ETHYLENEDIAMINE TETRAACETIC ACID, TRISODIUM SALT",14;61,"Amines, Phosphines, and Pyridines;Salts, Basic"
150-50-5,MERPHOS,64;66,"Sulfides, Organic;Sulfonates, Phosphonates, and Thiophosphonates, Organic"
150-68-5,MONURON,12;16,Amides and Imides;Aryl Halides
150-69-6,DULCIN,12;13,"Amides and Imides;Amines, Aromatic"
150-76-5,HYDROQUINONE MONOMETHYL ETHER,28;55,Ethers;Phenols and Cresols
150-78-7,"1,4-DIMETHOXYBENZENE",28,Ethers
15005-97-7,3-(2-HYDROXYETHOXY)-4-PYRROLIDIN-1-YL BENZENEDIAZONIUM ZINC CHLORIDE,8;14;17;25;28;35;60,"Alcohols and Polyols;Amines, Phosphines, and Pyridines;Azo, Diazo, Azido, Hydrazine, and Azide Compounds;Diazonium Salts;Ethers;Hydrocarbons, Aromatic;Salts, Acidic"
1504-74-1,O-METHOXYCINNAMALDEHYDE,9;28;34;35,"Aldehydes;Ethers;Hydrocarbons, Aliphatic Unsaturated;Hydrocarbons, Aromatic"
1506-38-3,DIOCTYL ACID PYROPHOSPHATE,5;15;27,"Acids, Weak;Anhydrides;Esters, Sulfate Esters, Phosphate Esters, Thiophosphate Esters, and Borate Esters"
15096-52-3,SODIUM ALUMINUM FLUORIDE,61,"Salts, Basic"
151-21-3,"DODECYL SULFATE, [SODIUM SALT]",33;61,"Hydrocarbons, Aliphatic Saturated;Salts, Basic"
151-38-2,METHOXYETHYLMERCURIC ACETATE,49,Organometallics
151-50-8,POTASSIUM CYANIDE,19;24;68,"Bases, Weak;Cyanides, Inorganic;Water and Aqueous Solutions"
15110-74-4,"2,5-DINITRO-9H-FLUORENE",35;46,"Hydrocarbons, Aromatic;Nitro, Nitroso, Nitrate, and Nitrite Compounds, Organic"
15121-84-3,O-NITROPHENETHYL ALCOHOL,8;46,"Alcohols and Polyols;Nitro, Nitroso, Nitrate, and Nitrite Compounds, Organic"
15181-46-1,"BISULFITES, AQUEOUS SOLUTION, N.O.S.",65;68,Sulfite and Thiosulfate Salts;Water and Aqueous Solutions
152-16-9,"DIPHOSPHORAMIDE, OCTAMETHYL-",14;27,"Amines, Phosphines, and Pyridines;Esters, Sulfate Esters, Phosphate Esters, Thiophosphate Esters, and Borate Esters"
1522-92-5,"3-BROMO-2,2-BIS(BROMOMETHYL)PROPANOL",8;31,Alcohols and Polyols;Halogenated Organic Compounds
15242-96-3,STEARATOCHROMIUM CHLORIDE COMPLEX,60,"Salts, Acidic"
15245-44-0,"LEAD STYPHNATE, [WETTED WITH &gt;= 20 % WATER OR MIXTURE OF ALCOHOL AND WATER]",46;54;68,"Nitro, Nitroso, Nitrate, and Nitrite Compounds, Organic;Phenolic Salts;Water and Aqueous Solutions"
15271-41-7,"BICYCLO[2.2.1]HEPTANE-2-CARBONITRILE, 5-CHLORO-6-[[[(METHYLAMINO)CABONYL]OXY]IMINO]-, [1S-(1ALPHA,2BETA,4ALPHA,5ALPHA,6E)]-",20;31;45;52,Carbamates;Halogenated Organic Compounds;Nitriles;Oximes
15283-51-9,FERROUS FLUOROBORATE,59;68,"Reducing Agents, Weak;Water and Aqueous Solutions"
153-78-6,2-AMINOFLUORENE,13,"Amines, Aromatic"
153-94-6,D(+)-TRYPTOPHAN,60,"Salts, Acidic"
15339-36-3,"MANGANESE, BIS(DIMETHYLCARBAMODITHIOATO-S,S&#39;)-",67,Thiocarbamate Esters and Salts/Dithiocarbamate Esters and Salts
15385-57-6,"MERCUROUS IODIDE, [SOLID]",42;47,"Metals, Less Reactive;Non-Redox-Active Inorganic Compounds"
15385-58-7,MERCUROUS BROMIDE,42;47,"Metals, Less Reactive;Non-Redox-Active Inorganic Compounds"
154-41-6,PHENYLPROPANOLAMINE HYDROCHLORIDE,8;35;60,"Alcohols and Polyols;Hydrocarbons, Aromatic;Salts, Acidic"
154-42-7,6-THIOGUANINE,14;38,"Amines, Phosphines, and Pyridines;Ketones"
154-69-8,TRIPELENAMINE HYDROCHLORIDE,14;35;60,"Amines, Phosphines, and Pyridines;Hydrocarbons, Aromatic;Salts, Acidic"
154-93-8,"1,3-BIS(2-CHLOROETHYL)-1-NITROSOUREA",12;17;31;46,"Amides and Imides;Azo, Diazo, Azido, Hydrazine, and Azide Compounds;Halogenated Organic Compounds;Nitro, Nitroso, Nitrate, and Nitrite Compounds, Organic"
15457-98-4,ZINC BISULFITE SOLUTION,65;68,Sulfite and Thiosulfate Salts;Water and Aqueous Solutions
15481-70-6,"2,6-TOLUENEDIAMINE DIHYDROCHLORIDE",60,"Salts, Acidic"
15512-36-4,CALCIUM DITHIONITE,15,Anhydrides
1552-42-7,CRYSTAL VIOLET LACTONE,14;27;35,"Amines, Phosphines, and Pyridines;Esters, Sulfate Esters, Phosphate Esters, Thiophosphate Esters, and Borate Esters;Hydrocarbons, Aromatic"
15520-11-3,"DI-(4-TERT-BUTYLCYCLOHEXYL)PEROXYDICARBONATE, [TECHNICALLY PURE]",53,"Peroxides, Organic"
15541-45-4,"BROMATES, INORGANIC, N.O.S.",50,"Oxidizing Agents, Strong"
15545-97-8,"2,2&#39;-AZODI(2,4-DIMETHYL-4-METHOXYVALERONITRILE)",17;28;45,"Azo, Diazo, Azido, Hydrazine, and Azide Compounds;Ethers;Nitriles"
15557-00-3,3-CHLORO-4-DIETHYLAMINOBENZENEDIAZONIUM ZINC CHLORIDE,13;16;17;25;60,"Amines, Aromatic;Aryl Halides;Azo, Diazo, Azido, Hydrazine, and Azide Compounds;Diazonium Salts;Salts, Acidic"
1558-25-4,TRICHLORO(CHLOROMETHYL)SILANE,22;31,Chlorosilanes;Halogenated Organic Compounds
156-10-5,P-NITROSODIPHENYLAMINE,13;46,"Amines, Aromatic;Nitro, Nitroso, Nitrate, and Nitrite Compounds, Organic"
156-62-7,"CALCIUM CYANAMIDE, WITH MORE THAN 0.1% CALCIUM CARBIDE",24;61,"Cyanides, Inorganic;Salts, Basic"
1561-49-5,"DICYCLOHEXYL PEROXYDICARBONATE, [TECHNICALLY PURE]",53,"Peroxides, Organic"
1562-94-3,P-AZOXYANISOLE,17;19;28;35,"Azo, Diazo, Azido, Hydrazine, and Azide Compounds;Bases, Weak;Ethers;Hydrocarbons, Aromatic"
1563-38-8,CARBOFURAN PHENOL,28;55,Ethers;Phenols and Cresols
1563-66-2,CARBOFURAN,20;28,Carbamates;Ethers
15630-89-4,SODIUM PERCARBONATE,21;50;61,"Carbonate Salts;Oxidizing Agents, Strong;Salts, Basic"
15646-96-5,"2,4,4-TRIMETHYLHEXAMETHYLENE DIISOCYANATE",37,Isocyanates and Isothiocyanates
15663-27-1,PLATINOL,61,"Salts, Basic"
15699-18-0,NICKEL AMMONIUM SULFATE,51;60,"Oxidizing Agents, Weak;Salts, Acidic"
1570-64-5,P-CHLORO-O-CRESOL,16;55,Aryl Halides;Phenols and Cresols
1571-08-0,METHYL-P-FORMYLBENZOATE,9;27,"Aldehydes;Esters, Sulfate Esters, Phosphate Esters, Thiophosphate Esters, and Borate Esters"
15715-41-0,DIETHYL METHYLPHOSPHONITE,14;59,"Amines, Phosphines, and Pyridines;Reducing Agents, Weak"
15791-78-3,DISPERSE BLUE 27,14;38;46;55,"Amines, Phosphines, and Pyridines;Ketones;Nitro, Nitroso, Nitrate, and Nitrite Compounds, Organic;Phenols and Cresols"
15805-73-9,VINYL CARBAMATE,20;34,"Carbamates;Hydrocarbons, Aliphatic Unsaturated"
1582-09-8,TRIFLURALIN,13;30;46,"Amines, Aromatic;Fluorinated Organic Compounds;Nitro, Nitroso, Nitrate, and Nitrite Compounds, Organic"
15825-70-4,"MANITOL HEXANITRATE, [WET WITH &gt;= 40 % WATER OR MIXTURE OF ALCOHOL AND WATER]",46;68,"Nitro, Nitroso, Nitrate, and Nitrite Compounds, Organic;Water and Aqueous Solutions"
15829-53-5,MERCURY OXIDE,42;51,"Metals, Less Reactive;Oxidizing Agents, Weak"
15834-33-0,PHOSPHORODITHIOIC ACID ALCOHOL,27,"Esters, Sulfate Esters, Phosphate Esters, Thiophosphate Esters, and Borate Esters"
15950-66-0,"2,3,4-TRICHLOROPHENOL",5;16;55,"Acids, Weak;Aryl Halides;Phenols and Cresols"
1596-84-5,"SUCCINIC ACID 2,2-DIMETHYLHYDRAZIDE",2;12;17,"Acids, Carboxylic;Amides and Imides;Azo, Diazo, Azido, Hydrazine, and Azide Compounds"
15972-60-8,ALACHLOR,12;13;31,"Amides and Imides;Amines, Aromatic;Halogenated Organic Compounds"
1600-27-7,MERCURY ACETATE,61,"Salts, Basic"
16039-52-4,COPPER LACTATE,8;61,"Alcohols and Polyols;Salts, Basic"
16051-77-7,ISOSORBIDE-5-MONONITRATE,8;46,"Alcohols and Polyols;Nitro, Nitroso, Nitrate, and Nitrite Compounds, Organic"
1606-67-3,1-AMINOPYRENE,13;35,"Amines, Aromatic;Hydrocarbons, Aromatic"
16066-38-9,DI-N-PROPYL PEROXYDICARBONATE,53,"Peroxides, Organic"
16071-86-6,C.I. DIRECT BROWN 95,17;55;61,"Azo, Diazo, Azido, Hydrazine, and Azide Compounds;Phenols and Cresols;Salts, Basic"
16091-18-2,DI(N-OCTYL)TIN MALEATE,34;49,"Hydrocarbons, Aliphatic Unsaturated;Organometallics"
16110-51-3,CHROMOGLICIC ACID,2;8;38,"Acids, Carboxylic;Alcohols and Polyols;Ketones"
16111-62-9,"DI-(2-ETHYLHEXYL) PEROXYDICARBONATE, [TECHNICALLY PURE]",53,"Peroxides, Organic"
1615-80-1,"HYDRAZINE, 1,2-DIETHYL-",17;19,"Azo, Diazo, Azido, Hydrazine, and Azide Compounds;Bases, Weak"
16215-49-9,BUTYL PEROXYDICARBONATE,53,"Peroxides, Organic"
1622-32-8,"ETHANESULFONYL CHLORIDE, 2-CHLORO-",7;31,"Acyl Halides, Sulfonyl Halides, and Chloroformates;Halogenated Organic Compounds"
1623-24-1,ISOPROPYL ACID PHOSPHATE,5;27,"Acids, Weak;Esters, Sulfate Esters, Phosphate Esters, Thiophosphate Esters, and Borate Esters"
16238-56-5,7-BROMOMETHYL-12-METHYLBENZ(A)ANTHRACENE,31;35,"Halogenated Organic Compounds;Hydrocarbons, Aromatic"
16323-43-6,"3,3&#39;-(1,4-PHENYLENE)BIS-2-PROPENOIC ACID",2;6;34,"Acids, Carboxylic;Acrylates and Acrylic Acids;Hydrocarbons, Aliphatic Unsaturated"
1634-78-2,MALAOXON,27,"Esters, Sulfate Esters, Phosphate Esters, Thiophosphate Esters, and Borate Esters"
1642-54-2,DIETHYLCARBAMAZINE CITRATE,8;12;14,"Alcohols and Polyols;Amides and Imides;Amines, Phosphines, and Pyridines"
1643-20-5,DIMETHYLDODECYLAMINE-N-OXIDE,14;51,"Amines, Phosphines, and Pyridines;Oxidizing Agents, Weak"
16452-01-0,O-CRESIDINE,13,"Amines, Aromatic"
1646-75-9,ALDICARB OXIME,52;64,"Oximes;Sulfides, Organic"
1646-88-4,ALDICARB SULFONE,20;52;66,"Carbamates;Oximes;Sulfonates, Phosphonates, and Thiophosphonates, Organic"
1649-08-7,"1,2-DICHLORO-1,1-DIFLUOROETHANE",30,Fluorinated Organic Compounds
16529-56-9,2-METHYL-3-BUTENENITRILE,34;45,"Hydrocarbons, Aliphatic Unsaturated;Nitriles"
16543-55-8,N-NITROSONORNICOTINE,14;17;46,"Amines, Phosphines, and Pyridines;Azo, Diazo, Azido, Hydrazine, and Azide Compounds;Nitro, Nitroso, Nitrate, and Nitrite Compounds, Organic"
16561-29-8,12-O-TETRADECANOYLPHORBOL-13-ACETATE,8;27;34,"Alcohols and Polyols;Esters, Sulfate Esters, Phosphate Esters, Thiophosphate Esters, and Borate Esters;Hydrocarbons, Aliphatic Unsaturated"
16721-80-5,"SODIUM HYDROSULFIDE, SOLID, WITH LESS THAN 25% WATER OF CRYSTALLIZATION",19;63;68,"Bases, Weak;Sulfides, Inorganic;Water and Aqueous Solutions"
16731-55-8,POTASSIUM METABISULFITE,65,Sulfite and Thiosulfate Salts
1675-54-3,BISPHENOL A DIGLYCIDYL ETHER,26;28,Epoxides;Ethers
16752-77-5,METHOMYL,20;64,"Carbamates;Sulfides, Organic"
1684-40-8,"1,2,3,4-TETRAHYDRO-9-AMINOACRIDINE HYDROCHLORIDE MONOHYDRATE",60,"Salts, Acidic"
16853-85-3,LITHIUM ALUMINUM HYDRIDE,39,"Metal Hydrides, Metal Alkyls, Metal Aryls, and Silanes"
16871-71-9,ZINC FLUOROSILICATE,32;61,"Halogenating Agents;Salts, Basic"
16871-90-2,POTASSIUM FLUOROSILICATE,32;61,"Halogenating Agents;Salts, Basic"
16872-11-0,FLUOROBORIC ACID,3,"Acids, Strong Non-oxidizing"
1689-84-5,BROMOXYNIL,8;16;45,Alcohols and Polyols;Aryl Halides;Nitriles
1689-99-2,"BROMOXYNIL OCTANOATE, [SOLID]",16;27;45,"Aryl Halides;Esters, Sulfate Esters, Phosphate Esters, Thiophosphate Esters, and Borate Esters;Nitriles"
16890-85-0,CHLOROTHIOFORMIC ACID,7;64,"Acyl Halides, Sulfonyl Halides, and Chloroformates;Sulfides, Organic"
16893-85-9,SODIUM FLUOROSILICATE,32;61,"Halogenating Agents;Salts, Basic"
16919-19-0,AMMONIUM FLUOROSILICATE,32;61,"Halogenating Agents;Salts, Basic"
16923-95-8,ZIRCONIUM POTASSIUM FLUORIDE,60,"Salts, Acidic"
1693-71-6,TRIALLYL BORATE,27;34,"Esters, Sulfate Esters, Phosphate Esters, Thiophosphate Esters, and Borate Esters;Hydrocarbons, Aliphatic Unsaturated"
16938-22-0,"2,2,4-TRIMETHYLHEXAMETHYLENE DIISOCYANATE",37,Isocyanates and Isothiocyanates
1694-09-3,BENZYL VIOLET 4B,14;23;57;61;66,"Amines, Phosphines, and Pyridines;Conjugated Dienes;Quaternary Ammonium and Phosphonium Salts;Salts, Basic;Sulfonates, Phosphonates, and Thiophosphonates, Organic"
16940-66-2,SODIUM BOROHYDRIDE,39,"Metal Hydrides, Metal Alkyls, Metal Aryls, and Silanes"
16940-81-1,HEXAFLUOROPHOSPHORIC ACID,3;29;68,"Acids, Strong Non-oxidizing;Fluoride Salts, Soluble;Water and Aqueous Solutions"
16941-12-1,"CHLOROPLATINIC ACID, SOLID",5,"Acids, Weak"
16949-15-8,LITHIUM BOROHYDRIDE,39,"Metal Hydrides, Metal Alkyls, Metal Aryls, and Silanes"
16949-65-8,MAGNESIUM FLUOROSILICATE,61,"Salts, Basic"
16961-83-4,FLUOROSILICIC ACID,3;29;68,"Acids, Strong Non-oxidizing;Fluoride Salts, Soluble;Water and Aqueous Solutions"
16962-07-5,ALUMINUM BOROHYDRIDE,39,"Metal Hydrides, Metal Alkyls, Metal Aryls, and Silanes"
17014-71-0,POTASSIUM PEROXIDE,18;50,"Bases, Strong;Oxidizing Agents, Strong"
17026-81-2,3-AMINO-4-ETHOXYACETANILIDE,12;13,"Amides and Imides;Amines, Aromatic"
1703-58-8,"1,2,3,4-BUTANETETRACARBOXYLIC ACID",2,"Acids, Carboxylic"
1705-60-8,"2,2-DI-(4,4-DI-TERT-BUTYLPEROXYCYCLOHEXYL)PROPANE",1;53,"Acetals, Ketals, Hemiacetals, and Hemiketals;Peroxides, Organic"
17070-45-0,ICR 191,14;16;28;31;60,"Amines, Phosphines, and Pyridines;Aryl Halides;Ethers;Halogenated Organic Compounds;Salts, Acidic"
17084-08-1,"FLUOROSILICATES, N.O.S.",29,"Fluoride Salts, Soluble"
1712-87-4,DI-(2-METHYLBENZOYL)PEROXIDE,53,"Peroxides, Organic"
1719-05-7,D&amp;C ORANGE 5 ZIRCONIUM LAKE,8;14;35,"Alcohols and Polyols;Amines, Phosphines, and Pyridines;Hydrocarbons, Aromatic"
17341-40-1,"1,1-DIMETHYL-1-(2-HYDROXYPROPYLAMINE)METHACRYLIMIDE",8;12;17;34;57,"Alcohols and Polyols;Amides and Imides;Azo, Diazo, Azido, Hydrazine, and Azide Compounds;Hydrocarbons, Aliphatic Unsaturated;Quaternary Ammonium and Phosphonium Salts"
17369-59-4,3-PROPYLIDENE PHTHALIDE,27;34,"Esters, Sulfate Esters, Phosphate Esters, Thiophosphate Esters, and Borate Esters;Hydrocarbons, Aliphatic Unsaturated"
1737-93-5,"3,5-DICHLORO-2,4,6-TRIFLUOROPYRIDINE",14;16,"Amines, Phosphines, and Pyridines;Aryl Halides"
1738-25-6,DIMETHYLAMINOPROPIONITRILE,14;45,"Amines, Phosphines, and Pyridines;Nitriles"
17418-58-5,DISPERSE RED 60,14;28;38;55,"Amines, Phosphines, and Pyridines;Ethers;Ketones;Phenols and Cresols"
17433-31-7,1-ACETYL-2-PICOLINOYLHYDRAZINE,12;14;17;35,"Amides and Imides;Amines, Phosphines, and Pyridines;Azo, Diazo, Azido, Hydrazine, and Azide Compounds;Hydrocarbons, Aromatic"
1746-01-6,"2,3,7,8-TETRACHLORODIBENZO-P-DIOXIN (TCDD)",16;28,Aryl Halides;Ethers
1747-60-0,2-AMINO-6-METHOXYBENZOTHIAZOLE,14;64,"Amines, Phosphines, and Pyridines;Sulfides, Organic"
1752-30-3,ACETONE THIOSEMICARBAZIDE,14;17,"Amines, Phosphines, and Pyridines;Azo, Diazo, Azido, Hydrazine, and Azide Compounds"
17557-23-2,NEOPENTYL GLYCOL DIGLYCIDYL ETHER,26;28,Epoxides;Ethers
1758-73-2,THIOUREA DIOXIDE,5;12;59,"Acids, Weak;Amides and Imides;Reducing Agents, Weak"
1761-71-3,"4,4&#39;-DIAMINODICYCLOHEXYL METHANE",14,"Amines, Phosphines, and Pyridines"
1762-95-4,AMMONIUM THIOCYANATE,58;60;68,"Reducing Agents, Strong;Salts, Acidic;Water and Aqueous Solutions"
17639-93-9,METHYL 2-CHLOROPROPIONATE,27;31,"Esters, Sulfate Esters, Phosphate Esters, Thiophosphate Esters, and Borate Esters;Halogenated Organic Compounds"
17673-25-5,PHORBOL,8;34,"Alcohols and Polyols;Hydrocarbons, Aliphatic Unsaturated"
17700-09-3,"2,3,4-TRICHLORONITROBENZENE",16;46,"Aryl Halides;Nitro, Nitroso, Nitrate, and Nitrite Compounds, Organic"
17702-41-9,DECABORANE,58,"Reducing Agents, Strong"
17702-57-7,FORMPARANATE,14;20,"Amines, Phosphines, and Pyridines;Carbamates"
1777-84-0,3-NITRO-P-ACETOPHENETIDE,12;46,"Amides and Imides;Nitro, Nitroso, Nitrate, and Nitrite Compounds, Organic"
17804-35-2,BENOMYL,12;14;20,"Amides and Imides;Amines, Phosphines, and Pyridines;Carbamates"
17831-71-9,TETRAETHYLENE GLYCOL DIACRYLATE,27;28;34,"Esters, Sulfate Esters, Phosphate Esters, Thiophosphate Esters, and Borate Esters;Ethers;Hydrocarbons, Aliphatic Unsaturated"
17861-62-0,NICKEL NITRITE,43,"Nitrate and Nitrite Compounds, Inorganic"
17924-92-4,ZEARALENONE,27;34;38;55,"Esters, Sulfate Esters, Phosphate Esters, Thiophosphate Esters, and Borate Esters;Hydrocarbons, Aliphatic Unsaturated;Ketones;Phenols and Cresols"
17928-28-8,METHYLTRIS(TRIMETHYLSILOXY)SILANE,62,Siloxanes
1794-86-1,PHOSGENE OXIME,5;31;52,"Acids, Weak;Halogenated Organic Compounds;Oximes"
1795-48-8,ISOPROPYL ISOCYANATE,37,Isocyanates and Isothiocyanates
180348-60-1,ISOHEPTYL ACETATE,27,"Esters, Sulfate Esters, Phosphate Esters, Thiophosphate Esters, and Borate Esters"
1806-54-8,TRI-N-OCTYL PHOSPHATE,27,"Esters, Sulfate Esters, Phosphate Esters, Thiophosphate Esters, and Borate Esters"
18130-74-0,"HYDROGENDIFLUORIDES, N.O.S.",5;29,"Acids, Weak;Fluoride Salts, Soluble"
18168-01-9,"N&#39;-ETHYL-N,N-DIPHENYLUREA",12;13,"Amides and Imides;Amines, Aromatic"
1817-73-8,"2-BROMO-4,6-DINITROANILINE",13;16;46,"Amines, Aromatic;Aryl Halides;Nitro, Nitroso, Nitrate, and Nitrite Compounds, Organic"
1825-21-4,PENTACHLOROANISOLE,16;28,Aryl Halides;Ethers
18282-10-5,TIN(IV) OXIDE,47,Non-Redox-Active Inorganic Compounds
1836-75-5,NITROFEN,16;28;46,"Aryl Halides;Ethers;Nitro, Nitroso, Nitrate, and Nitrite Compounds, Organic"
1838-94-4,ISOPRENE OXIDE,26;34;56,"Epoxides;Hydrocarbons, Aliphatic Unsaturated;Polymerizable Compounds"
1843-48-7,TRIS(CARBAMOYLMETHYL) ISOCYANURATE,20;37,Carbamates;Isocyanates and Isothiocyanates
18463-85-9,6-DIMETHYLAMINOPHENYLAZOBENZOTHIAZOLE,14;17;64,"Amines, Phosphines, and Pyridines;Azo, Diazo, Azido, Hydrazine, and Azide Compounds;Sulfides, Organic"
1854-26-8,DIMETHYLOLDIHYDROXYETHYLENEUREA,8;12;68,Alcohols and Polyols;Amides and Imides;Water and Aqueous Solutions
1861-40-1,BENFLURALIN,14;30;46,"Amines, Phosphines, and Pyridines;Fluorinated Organic Compounds;Nitro, Nitroso, Nitrate, and Nitrite Compounds, Organic"
1863-63-4,AMMONIUM BENZOATE,60,"Salts, Acidic"
18654-17-6,"OIL, [CASHEW]",27;34;55,"Esters, Sulfate Esters, Phosphate Esters, Thiophosphate Esters, and Borate Esters;Hydrocarbons, Aliphatic Unsaturated;Phenols and Cresols"
18708-70-8,"2,4,6-TRICHLORONITROBENZENE",16;46,"Aryl Halides;Nitro, Nitroso, Nitrate, and Nitrite Compounds, Organic"
1873-29-6,ISOBUTYL ISOCYANATE,37,Isocyanates and Isothiocyanates
1879-09-0,"2,4-DIMETHYL-6-TERT-BUTYL PHENOL",55,Phenols and Cresols
18810-58-7,"BARIUM AZIDE, WETTED WITH NOT LESS THAN 50% WATER",17;68,"Azo, Diazo, Azido, Hydrazine, and Azide Compounds;Water and Aqueous Solutions"
1888-71-7,HEXACHLOROPROPENE,31;34,"Halogenated Organic Compounds;Hydrocarbons, Aliphatic Unsaturated"
18883-66-4,STREPTOZOCIN,8;14;46,"Alcohols and Polyols;Amines, Phosphines, and Pyridines;Nitro, Nitroso, Nitrate, and Nitrite Compounds, Organic"
189-55-9,"DIBENZ[A,I]PYRENE",35,"Hydrocarbons, Aromatic"
189-64-0,"DIBENZO(A,H)PYRENE",35,"Hydrocarbons, Aromatic"
1897-45-6,CHLOROTHALONIL,16;45,Aryl Halides;Nitriles
19010-66-3,LEAD DIMETHYLDITHIOCARBAMATE,49;67,Organometallics;Thiocarbamate Esters and Salts/Dithiocarbamate Esters and Salts
19044-88-3,ORYZALIN,14;46;66,"Amines, Phosphines, and Pyridines;Nitro, Nitroso, Nitrate, and Nitrite Compounds, Organic;Sulfonates, Phosphonates, and Thiophosphonates, Organic"
191-24-2,BENZO[GHI]PERYLENE,35,"Hydrocarbons, Aromatic"
191-30-0,"DIBENZO(A,L)PYRENE",35,"Hydrocarbons, Aromatic"
1910-42-5,PARAQUAT DICHLORIDE,57,Quaternary Ammonium and Phosphonium Salts
1912-24-9,ATRAZINE,14;16,"Amines, Phosphines, and Pyridines;Aryl Halides"
19120-62-8,TRI-ISOBUTYL VANADATE,61,"Salts, Basic"
1918-00-9,DICAMBA,2;16;28;68,"Acids, Carboxylic;Aryl Halides;Ethers;Water and Aqueous Solutions"
1918-02-1,PICLORAM,2;14;16,"Acids, Carboxylic;Amines, Phosphines, and Pyridines;Aryl Halides"
1918-16-7,PROPACHLOR,12;13;31,"Amides and Imides;Amines, Aromatic;Halogenated Organic Compounds"
192-65-4,"DIBENZO(A,E)PYRENE",35,"Hydrocarbons, Aromatic"
192-97-2,BENZO[E]PYRENE,35,"Hydrocarbons, Aromatic"
19210-06-1,ZINC DITHIOPHOSPHATE,61,"Salts, Basic"
19222-41-4,AMMONIUM GLUCONATE,8;61,"Alcohols and Polyols;Salts, Basic"
19246-22-1,HEXAHYDROPHTHALIMIDE GLUTARIMIDE,12,Amides and Imides
1928-43-4,"2,4-D 2-ETHYLHEXYL ESTER",16;27;28,"Aryl Halides;Esters, Sulfate Esters, Phosphate Esters, Thiophosphate Esters, and Borate Esters;Ethers"
1929-82-4,NITRAPYRIN,14;16;31,"Amines, Phosphines, and Pyridines;Aryl Halides;Halogenated Organic Compounds"
193-39-5,"INDENO(1,2,3-CD)PYRENE",35,"Hydrocarbons, Aromatic"
1931-62-0,TERT-BUTYL MONOPEROXYMALEATE,2;53,"Acids, Carboxylic;Peroxides, Organic"
1936-15-8,C.I. ACID ORANGE 10,17;55;61;66,"Azo, Diazo, Azido, Hydrazine, and Azide Compounds;Phenols and Cresols;Salts, Basic;Sulfonates, Phosphonates, and Thiophosphonates, Organic"
1937-37-7,C.I. DIRECT BLACK 38,17;61,"Azo, Diazo, Azido, Hydrazine, and Azide Compounds;Salts, Basic"
194-59-2,"7H-DIBENZO(C,G)CARBAZOLE",14;35,"Amines, Phosphines, and Pyridines;Hydrocarbons, Aromatic"
19408-74-3,"1,2,3,7,8,9-HEXACHLORODIBENZO-P-DIOXIN",16;28,Aryl Halides;Ethers
1941-30-6,TETRAPROPYLAMMONIUM BROMIDE,47;57,Non-Redox-Active Inorganic Compounds;Quaternary Ammonium and Phosphonium Salts
1948-33-0,TERT-BUTYLHYDROQUINONE,5;55,"Acids, Weak;Phenols and Cresols"
1955-45-9,PIVALOLACTONE,27,"Esters, Sulfate Esters, Phosphate Esters, Thiophosphate Esters, and Borate Esters"
19660-16-3,"2,3-DIBROMOPROPYL ACRYLATE",6;31;56,Acrylates and Acrylic Acids;Halogenated Organic Compounds;Polymerizable Compounds
19666-30-9,OXYDIAZON,16;17;20;28,"Aryl Halides;Azo, Diazo, Azido, Hydrazine, and Azide Compounds;Carbamates;Ethers"
19686-73-8,1-BROMO-2-PROPANOL,8;31,Alcohols and Polyols;Halogenated Organic Compounds
1972-08-3,1-TRANS-DELTA-9-TETRAHYDROCANNABINOL,28;34;55,"Ethers;Hydrocarbons, Aliphatic Unsaturated;Phenols and Cresols"
1975-50-4,2-METHYL-3-NITROBENZOIC ACID,2;46,"Acids, Carboxylic;Nitro, Nitroso, Nitrate, and Nitrite Compounds, Organic"
1975-52-6,2-METHYL-5-NITROBENZOIC ACID,2;46,"Acids, Carboxylic;Nitro, Nitroso, Nitrate, and Nitrite Compounds, Organic"
19780-11-1,2-DODECEN-1-YLSUCCINIC ANHYDRIDE,15,Anhydrides
1982-37-2,METHDILAZINE,14;64,"Amines, Phosphines, and Pyridines;Sulfides, Organic"
1982-47-4,CHLOROXURON,12;13;16,"Amides and Imides;Amines, Aromatic;Aryl Halides"
1982-69-0,SODIUM DICAMBA,16;28;61,"Aryl Halides;Ethers;Salts, Basic"
1983-10-4,TRIBUTYLTIN FLUORIDE,49;60,"Organometallics;Salts, Acidic"
19900-46-0,2-METHYLGLYCIDYL ACRYLATE,6;26;56,Acrylates and Acrylic Acids;Epoxides;Polymerizable Compounds
19910-65-7,"DI-SEC-BUTYL PEROXYDICARBONATE, [TECHNICALLY PURE]",53,"Peroxides, Organic"
19952-47-7,2-AMINO-4-CHLOROBENZOTHIAZOLE,14;16;64,"Amines, Phosphines, and Pyridines;Aryl Halides;Sulfides, Organic"
2001-95-8,VALINOMYCIN,12;27,"Amides and Imides;Esters, Sulfate Esters, Phosphate Esters, Thiophosphate Esters, and Borate Esters"
20020-02-4,"1,2,3,4-TETRACHLORONAPHTHALENE",16,Aryl Halides
20062-22-0,HEXANITROSTILBENE,34;46,"Hydrocarbons, Aliphatic Unsaturated;Nitro, Nitroso, Nitrate, and Nitrite Compounds, Organic"
20068-02-4,CIS-2-METHYL-2-BUTENENITRILE,34;45,"Hydrocarbons, Aliphatic Unsaturated;Nitriles"
20073-24-9,3-CARBETHOXYPSORALEN,27;28;35,"Esters, Sulfate Esters, Phosphate Esters, Thiophosphate Esters, and Borate Esters;Ethers;Hydrocarbons, Aromatic"
2008-39-1,DMA 4 IVM HERBICIDE,16;60,"Aryl Halides;Salts, Acidic"
20098-48-0,"3,4,5-TRICHLORONITROBENZENE",16;46,"Aryl Halides;Nitro, Nitroso, Nitrate, and Nitrite Compounds, Organic"
2016-88-8,AMILORIDE HYDROCHLORIDE,12;14;16,"Amides and Imides;Amines, Phosphines, and Pyridines;Aryl Halides"
2021-28-5,ETHYL PHENYLPROPIONATE,27,"Esters, Sulfate Esters, Phosphate Esters, Thiophosphate Esters, and Borate Esters"
20236-55-9,"BARIUM STYPHNATE, [MONOHYDRATE]",46;54;55,"Nitro, Nitroso, Nitrate, and Nitrite Compounds, Organic;Phenolic Salts;Phenols and Cresols"
20265-97-8,P-ANISIDINE HYDROCHLORIDE,28;60,"Ethers;Salts, Acidic"
2032-65-7,MERCAPTODIMETHUR,20;28,Carbamates;Ethers
20325-40-0,"3,3&#39;-DIMETHOXYBENZIDINE DIHYDROCHLORIDE",28;60,"Ethers;Salts, Acidic"
20354-26-1,METHAZOLE,12;13;16;27,"Amides and Imides;Amines, Aromatic;Aryl Halides;Esters, Sulfate Esters, Phosphate Esters, Thiophosphate Esters, and Borate Esters"
2039-87-4,O-CHLOROSTYRENE,16;34;56,"Aryl Halides;Hydrocarbons, Aliphatic Unsaturated;Polymerizable Compounds"
2045-52-5,PHENBENZAMINE HYDROCHLORIDE,14;35;60,"Amines, Phosphines, and Pyridines;Hydrocarbons, Aromatic;Salts, Acidic"
205-82-3,BENZO[J]FLUORANTHENE,35,"Hydrocarbons, Aromatic"
205-99-2,BENZO[B]FLUORANTHENE,35,"Hydrocarbons, Aromatic"
2051-62-9,4-CHLOROBIPHENYL,16,Aryl Halides
2052-07-5,2-BROMOBIPHENYL,16,Aryl Halides
2058-46-0,OXYTETRACYCLINE HYDROCHLORIDE,8;12;14;55,"Alcohols and Polyols;Amides and Imides;Amines, Phosphines, and Pyridines;Phenols and Cresols"
206-44-0,FLUORANTHENE,35,"Hydrocarbons, Aromatic"
20667-12-3,SILVER OXIDE,42;51,"Metals, Less Reactive;Oxidizing Agents, Weak"
2068-78-2,VINCRISTINE SULFATE,8;12;27;60,"Alcohols and Polyols;Amides and Imides;Esters, Sulfate Esters, Phosphate Esters, Thiophosphate Esters, and Borate Esters;Salts, Acidic"
207-08-9,BENZO[K]FLUORANTHENE,35,"Hydrocarbons, Aromatic"
20702-77-6,NEOHESPERIDIN DIHYDROCHALCONE,8;28;55,Alcohols and Polyols;Ethers;Phenols and Cresols
20730-32-9,N-PENTYL-4-(4&#39;-N-DECYLOXYBENZYLIDINEAMINO)CINNAMATE,14;27;34,"Amines, Phosphines, and Pyridines;Esters, Sulfate Esters, Phosphate Esters, Thiophosphate Esters, and Borate Esters;Hydrocarbons, Aliphatic Unsaturated"
2074-50-2,PARAQUAT METHOSULFATE,35;57;61,"Hydrocarbons, Aromatic;Quaternary Ammonium and Phosphonium Salts;Salts, Basic"
20770-41-6,POTASSIUM PHOSPHIDE,44,"Nitrides, Phosphides, Carbides, and Silicides"
208-96-8,ACENAPHTHYLENE,35,"Hydrocarbons, Aromatic"
20816-12-0,OSMIUM TETROXIDE,50,"Oxidizing Agents, Strong"
20830-75-5,DIGOXIN,8;27;28;34,"Alcohols and Polyols;Esters, Sulfate Esters, Phosphate Esters, Thiophosphate Esters, and Borate Esters;Ethers;Hydrocarbons, Aliphatic Unsaturated"
20830-81-3,DAUNOMYCIN,14;28;38;55,"Amines, Phosphines, and Pyridines;Ethers;Ketones;Phenols and Cresols"
20859-73-8,ALUMINUM PHOSPHIDE,44,"Nitrides, Phosphides, Carbides, and Silicides"
20880-67-5,P-HYDROXYPENICILLIN V,2;12;55,"Acids, Carboxylic;Amides and Imides;Phenols and Cresols"
2094-98-6,"1,1&#39;-AZODI-(HEXAHYDROBENZONITRILE)",17;45,"Azo, Diazo, Azido, Hydrazine, and Azide Compounds;Nitriles"
20941-65-5,ETHYL TELLURAC,67,Thiocarbamate Esters and Salts/Dithiocarbamate Esters and Salts
2097-19-0,PHENYLSILATRANE,14;62,"Amines, Phosphines, and Pyridines;Siloxanes"
2104-64-5,EPN,46;66,"Nitro, Nitroso, Nitrate, and Nitrite Compounds, Organic;Sulfonates, Phosphonates, and Thiophosphonates, Organic"
2107-76-8,"5,7-DIHYDROXY-4-METHYL COUMARIN",27;55,"Esters, Sulfate Esters, Phosphate Esters, Thiophosphate Esters, and Borate Esters;Phenols and Cresols"
21087-64-9,METRIBUZIN,12;14;64,"Amides and Imides;Amines, Phosphines, and Pyridines;Sulfides, Organic"
2113-57-7,3-BROMOBIPHENYL,16,Aryl Halides
21340-68-1,METHYL CLOFENAPATE,16;27;28,"Aryl Halides;Esters, Sulfate Esters, Phosphate Esters, Thiophosphate Esters, and Borate Esters;Ethers"
21351-71-3,4&#39;-OCTADECYLOXY-3&#39;-NITRODIPHENYL-4-CARBOXYLIC ACID,2;46,"Acids, Carboxylic;Nitro, Nitroso, Nitrate, and Nitrite Compounds, Organic"
21351-79-1,CESIUM HYDROXIDE,18;68,"Bases, Strong;Water and Aqueous Solutions"
2144-45-8,DIBENZYL PEROXYDICARBONATE,53,"Peroxides, Organic"
2150-54-1,DIRECT BLUE 25,17;47;55,"Azo, Diazo, Azido, Hydrazine, and Azide Compounds;Non-Redox-Active Inorganic Compounds;Phenols and Cresols"
2150-55-2,2-AMINO-2-THIAZOLINE-4-CARBOXYLIC ACID,2;14,"Acids, Carboxylic;Amines, Phosphines, and Pyridines"
21548-32-3,FOSTHIETAN,14;27;64,"Amines, Phosphines, and Pyridines;Esters, Sulfate Esters, Phosphate Esters, Thiophosphate Esters, and Borate Esters;Sulfides, Organic"
2155-70-6,TRIBUTYLTIN METHACRYLATE,6;49;56,Acrylates and Acrylic Acids;Organometallics;Polymerizable Compounds
2155-71-7,"DI-(TERT-BUTYLPEROXY)PHTHALATE, [&lt;= 55% AS A PASTE]",53,"Peroxides, Organic"
2156-96-9,N-DECYL ACRYLATE,6;56,Acrylates and Acrylic Acids;Polymerizable Compounds
2157-01-9,N-OCTYL METHACRYLATE,6;56,Acrylates and Acrylic Acids;Polymerizable Compounds
21609-90-5,LEPTOPHOS,16;66,"Aryl Halides;Sulfonates, Phosphonates, and Thiophosphonates, Organic"
2163-80-6,"METHANEARSONIC ACID, [SODIUM SALT]",61,"Salts, Basic"
2164-07-0,DIPOTASSIUM ENDOTHALL,28;61,"Ethers;Salts, Basic"
2164-17-2,FLUOMETURON,12;30,Amides and Imides;Fluorinated Organic Compounds
21651-19-4,TIN(II) OXIDE,58,"Reducing Agents, Strong"
2167-23-9,"2,2-DI-(TERT-BUTYLPEROXY)BUTANE",1;53,"Acetals, Ketals, Hemiacetals, and Hemiketals;Peroxides, Organic"
21723-86-4,4-[BENZYL(ETHYL)AMINO]-3-ETHOXYBENZENEDIAZONIUM ZINC CHLORIDE,13;17;25;28;49;60,"Amines, Aromatic;Azo, Diazo, Azido, Hydrazine, and Azide Compounds;Diazonium Salts;Ethers;Organometallics;Salts, Acidic"
21725-46-2,CYANAZINE,14;16;45,"Amines, Phosphines, and Pyridines;Aryl Halides;Nitriles"
21732-17-2,TETRAZOL-1-ACETIC ACID,2;17,"Acids, Carboxylic;Azo, Diazo, Azido, Hydrazine, and Azide Compounds"
21739-91-3,CYTEMBENA,2;31;34,"Acids, Carboxylic;Halogenated Organic Compounds;Hydrocarbons, Aliphatic Unsaturated"
2179-59-1,ALLYL PROPYL DISULFIDE,34;64,"Hydrocarbons, Aliphatic Unsaturated;Sulfides, Organic"
218-01-9,CHRYSENE,35,"Hydrocarbons, Aromatic"
21829-25-4,NIFEDIPINE,14;27;46,"Amines, Phosphines, and Pyridines;Esters, Sulfate Esters, Phosphate Esters, Thiophosphate Esters, and Borate Esters;Nitro, Nitroso, Nitrate, and Nitrite Compounds, Organic"
2185-92-4,2-BIPHENYLAMINE HYDROCHLORIDE,60,"Salts, Acidic"
21908-53-2,"MERCURIC OXIDE, [SOLID]",42;51,"Metals, Less Reactive;Oxidizing Agents, Weak"
21923-23-9,CHLORTHIOPHOS,16;27;64,"Aryl Halides;Esters, Sulfate Esters, Phosphate Esters, Thiophosphate Esters, and Borate Esters;Sulfides, Organic"
2202-98-4,DIETHYLENE GLYCOL PHTHALATE,5;8;27;28,"Acids, Weak;Alcohols and Polyols;Esters, Sulfate Esters, Phosphate Esters, Thiophosphate Esters, and Borate Esters;Ethers"
2206-89-5,2-CHLOROETHYL ACRYLATE,6;31;56,Acrylates and Acrylic Acids;Halogenated Organic Compounds;Polymerizable Compounds
2210-79-9,O-CRESYL GLYCIDYL ETHER,26;28,Epoxides;Ethers
2212-67-1,MOLINATE,67,Thiocarbamate Esters and Salts/Dithiocarbamate Esters and Salts
22128-62-7,CHLOROMETHYL CHLOROFORMATE,7;31,"Acyl Halides, Sulfonyl Halides, and Chloroformates;Halogenated Organic Compounds"
2213-63-0,"2,3-DICHLOROQUINOXALINE",14;16,"Amines, Phosphines, and Pyridines;Aryl Halides"
22144-77-0,CYTOCHALASIN D,8;12;27;34;38,"Alcohols and Polyols;Amides and Imides;Esters, Sulfate Esters, Phosphate Esters, Thiophosphate Esters, and Borate Esters;Hydrocarbons, Aliphatic Unsaturated;Ketones"
2216-15-1,"N,N-DIETHYL-4-NITROBENZENAMINE",13;46,"Amines, Aromatic;Nitro, Nitroso, Nitrate, and Nitrite Compounds, Organic"
2216-94-6,ETHYL PHENYLPROPIOLATE,11;27;34,"Alkynes, with No Acetylenic Hydrogen;Esters, Sulfate Esters, Phosphate Esters, Thiophosphate Esters, and Borate Esters;Hydrocarbons, Aliphatic Unsaturated"
2217-06-3,"DIPICRYL SULFIDE, WETTED WITH NOT LESS THAN 10% WATER",46;64;68,"Nitro, Nitroso, Nitrate, and Nitrite Compounds, Organic;Sulfides, Organic;Water and Aqueous Solutions"
22204-24-6,PYRANTEL PAMOATE,2;8;14;28;34,"Acids, Carboxylic;Alcohols and Polyols;Amines, Phosphines, and Pyridines;Ethers;Hydrocarbons, Aliphatic Unsaturated"
22224-92-6,FENAMIPHOS,14;27;64,"Amines, Phosphines, and Pyridines;Esters, Sulfate Esters, Phosphate Esters, Thiophosphate Esters, and Borate Esters;Sulfides, Organic"
2223-93-0,CADMIUM STEARATE,33;61,"Hydrocarbons, Aliphatic Saturated;Salts, Basic"
22288-43-3,"1,1,3,3-TETRAMETHYLBUTYL PEROXY-2-ETHYLHEXANOATE",53,"Peroxides, Organic"
2231-57-4,THIOCARBAZIDE,12;14,"Amides and Imides;Amines, Phosphines, and Pyridines"
22326-55-2,BARIUM HYDROXIDE MONOHYDRATE,18,"Bases, Strong"
2234-13-1,OCTACHLORONAPHTHALENE,16,Aryl Halides
2235-54-3,AMMONIUM LAURYL SULFATE,27;34;60,"Esters, Sulfate Esters, Phosphate Esters, Thiophosphate Esters, and Borate Esters;Hydrocarbons, Aliphatic Unsaturated;Salts, Acidic"
22397-33-7,"3,3,6,6,9,9-HEXAMETHYL-1,2,4,5-TETRAOXACYCLONONANE",53;68,"Peroxides, Organic;Water and Aqueous Solutions"
224-42-0,"DIBENZ[A,J]ACRIDINE",14,"Amines, Phosphines, and Pyridines"
2243-61-0,"1,4-NAPHTHALENEDIAMINE",13,"Amines, Aromatic"
2243-62-1,"1,5-NAPHTHALENEDIAMINE",13,"Amines, Aromatic"
2244-16-8,D-CARVONE,34;38,"Hydrocarbons, Aliphatic Unsaturated;Ketones"
2244-21-5,"POTASSIUM DICHLORO-S-TRIAZINETRIONE, DRY",7;32;50;60,"Acyl Halides, Sulfonyl Halides, and Chloroformates;Halogenating Agents;Oxidizing Agents, Strong;Salts, Acidic"
225-51-4,BENZ[C]ACRIDINE,14;35,"Amines, Phosphines, and Pyridines;Hydrocarbons, Aromatic"
2252-84-8,HEPTAFLUOROPROPANE,30,Fluorinated Organic Compounds
226-36-8,"DIBENZ[A,H]ACRIDINE",14,"Amines, Phosphines, and Pyridines"
2275-18-5,PROTHOATE,12;27,"Amides and Imides;Esters, Sulfate Esters, Phosphate Esters, Thiophosphate Esters, and Borate Esters"
22781-23-3,BENDIOCARB,1;20;28,"Acetals, Ketals, Hemiacetals, and Hemiketals;Carbamates;Ethers"
22831-39-6,MAGNESIUM SILICIDE,44,"Nitrides, Phosphides, Carbides, and Silicides"
2288-13-3,METHYLSILATRANE,14;62,"Amines, Phosphines, and Pyridines;Siloxanes"
229-87-8,PHENANTHRIDINE,14;35,"Amines, Phosphines, and Pyridines;Hydrocarbons, Aromatic"
22961-82-6,BENDIOCARB PHENOL,28;55,Ethers;Phenols and Cresols
22966-79-6,ESTRADIOL MUSTARD,14;27;31,"Amines, Phosphines, and Pyridines;Esters, Sulfate Esters, Phosphate Esters, Thiophosphate Esters, and Borate Esters;Halogenated Organic Compounds"
2300-66-5,DIMETHYLAMINE DICAMBA,2;14;16;28,"Acids, Carboxylic;Amines, Phosphines, and Pyridines;Aryl Halides;Ethers"
2303-16-4,DIALLATE,31;34;67,"Halogenated Organic Compounds;Hydrocarbons, Aliphatic Unsaturated;Thiocarbamate Esters and Salts/Dithiocarbamate Esters and Salts"
2303-17-5,"TRIALLATE, [SOLID]",20;31;34,"Carbamates;Halogenated Organic Compounds;Hydrocarbons, Aliphatic Unsaturated"
2312-35-8,PROPARGITE,10;27;28;34,"Alkynes, with Acetylenic Hydrogen;Esters, Sulfate Esters, Phosphate Esters, Thiophosphate Esters, and Borate Esters;Ethers;Hydrocarbons, Aliphatic Unsaturated"
2321-07-5,FLUORESCEIN,2;28;55,"Acids, Carboxylic;Ethers;Phenols and Cresols"
23246-96-0,RIDDELLINE,8;14;27;34,"Alcohols and Polyols;Amines, Phosphines, and Pyridines;Esters, Sulfate Esters, Phosphate Esters, Thiophosphate Esters, and Borate Esters;Hydrocarbons, Aliphatic Unsaturated"
23255-93-8,HYCANTHONE METHANESULFONATE,61,"Salts, Basic"
23306-80-1,"N,N-DIISOPROPYLPHOSPHORAMIDIC DICHLORIDE",7;12,"Acyl Halides, Sulfonyl Halides, and Chloroformates;Amides and Imides"
2338-12-7,5-NITROBENZOTRIAZOL,17;46,"Azo, Diazo, Azido, Hydrazine, and Azide Compounds;Nitro, Nitroso, Nitrate, and Nitrite Compounds, Organic"
23414-72-4,ZINC PERMANGANATE,50,"Oxidizing Agents, Strong"
23422-53-9,FORMETANATE HYDROCHLORIDE,20,Carbamates
23474-91-1,TERT-BUTYL PEROXYCROTONATE,34;53,"Hydrocarbons, Aliphatic Unsaturated;Peroxides, Organic"
23505-41-1,PIRIMIFOS-ETHYL,14;27,"Amines, Phosphines, and Pyridines;Esters, Sulfate Esters, Phosphate Esters, Thiophosphate Esters, and Borate Esters"
23519-77-9,TETRA-N-PROPYL ZIRCONATE,18,"Bases, Strong"
23525-22-6,DIPHENYLCYANOARSINE,45;49,Nitriles;Organometallics
2353-33-5,5-AZA-2&#39;-DEOXYCYTIDINE,8;12;14,"Alcohols and Polyols;Amides and Imides;Amines, Phosphines, and Pyridines"
23541-50-6,DAUNORUBICIN HYDROCHLORIDE,1;8;28;38;55;60,"Acetals, Ketals, Hemiacetals, and Hemiketals;Alcohols and Polyols;Ethers;Ketones;Phenols and Cresols;Salts, Acidic"
23564-05-8,THIOPHANATE-METHYL,12;20,Amides and Imides;Carbamates
23564-06-9,THIOPHANATE ETHYL,12;20,Amides and Imides;Carbamates
2372-21-6,TERT-BUTYL PEROXYISOPROPYL CARBONATE,27;53,"Esters, Sulfate Esters, Phosphate Esters, Thiophosphate Esters, and Borate Esters;Peroxides, Organic"
2373-98-0,"3,3&#39;-DIHYDROXYBENZIDINE",13;55,"Amines, Aromatic;Phenols and Cresols"
23745-86-0,POTASSIUM FLUOROACETATE,31;61,"Halogenated Organic Compounds;Salts, Basic"
2381-21-7,1-METHYLPYRENE,35,"Hydrocarbons, Aromatic"
2385-85-5,MIREX,31,Halogenated Organic Compounds
23950-58-5,"3,5-DICHLORO-N-(1,1-DIMETHYL-2-PROPYNYL)BENZAMIDE",10;12;16,"Alkynes, with Acetylenic Hydrogen;Amides and Imides;Aryl Halides"
2398-96-1,TOLNAFTATE,35;67,"Hydrocarbons, Aromatic;Thiocarbamate Esters and Salts/Dithiocarbamate Esters and Salts"
24017-47-8,TRIAZOFOS,14;17;27,"Amines, Phosphines, and Pyridines;Azo, Diazo, Azido, Hydrazine, and Azide Compounds;Esters, Sulfate Esters, Phosphate Esters, Thiophosphate Esters, and Borate Esters"
2404-44-6,"1,2-EPOXYDECANE",26;56,Epoxides;Polymerizable Compounds
2407-94-5,DI-(1-HYDROXYCYCLOHEXYL)PEROXIDE,1;53,"Acetals, Ketals, Hemiacetals, and Hemiketals;Peroxides, Organic"
24072-75-1,"5,6-DICHLORO-2-BENZOTHIAZOLAMINE",14;16;28;46,"Amines, Phosphines, and Pyridines;Aryl Halides;Ethers;Nitro, Nitroso, Nitrate, and Nitrite Compounds, Organic"
24140-30-5,(+)-2-METHYLBUTYL-4-METHOXYBENZILIDINE-4&#39;-AMINOCINNAMATE,14;27;34,"Amines, Phosphines, and Pyridines;Esters, Sulfate Esters, Phosphate Esters, Thiophosphate Esters, and Borate Esters;Hydrocarbons, Aliphatic Unsaturated"
24157-81-1,DIISOPROPYL NAPHTHALENE,35,"Hydrocarbons, Aromatic"
24169-02-6,ECONAZOLE NITRATE,14;16;43;60,"Amines, Phosphines, and Pyridines;Aryl Halides;Nitrate and Nitrite Compounds, Inorganic;Salts, Acidic"
2421-02-5,"1,1&#39;,1&#39;&#39;-NITRILOTRIS-2-BUTANOL",8;14,"Alcohols and Polyols;Amines, Phosphines, and Pyridines"
2425-06-1,CAPTAFOL,12;31;34;64,"Amides and Imides;Halogenated Organic Compounds;Hydrocarbons, Aliphatic Unsaturated;Sulfides, Organic"
2425-79-8,"1,4-BUTANEDIOL DIGLYCIDYL ETHER",26;28;56,Epoxides;Ethers;Polymerizable Compounds
2425-85-6,C.I. PIGMENT RED 3,17;46;55,"Azo, Diazo, Azido, Hydrazine, and Azide Compounds;Nitro, Nitroso, Nitrate, and Nitrite Compounds, Organic;Phenols and Cresols"
2426-08-6,N-BUTYL GLYCIDYL ETHER,26;28,Epoxides;Ethers
2429-71-2,C.I. DIRECT BLUE 8,17;61;66,"Azo, Diazo, Azido, Hydrazine, and Azide Compounds;Salts, Basic;Sulfonates, Phosphonates, and Thiophosphonates, Organic"
2429-73-4,DIRECT BLUE 2,13;17;55,"Amines, Aromatic;Azo, Diazo, Azido, Hydrazine, and Azide Compounds;Phenols and Cresols"
2429-74-5,DIRECT BLUE 15,13;17;55,"Amines, Aromatic;Azo, Diazo, Azido, Hydrazine, and Azide Compounds;Phenols and Cresols"
2429-82-5,DIRECT BROWN 2,13;17;55,"Amines, Aromatic;Azo, Diazo, Azido, Hydrazine, and Azide Compounds;Phenols and Cresols"
2432-99-7,11-AMINOUNDECANOIC ACID,2;14,"Acids, Carboxylic;Amines, Phosphines, and Pyridines"
2437-56-1,1-TRIDECENE,34,"Hydrocarbons, Aliphatic Unsaturated"
24370-25-0,2-BENZIMIDAZOLYLUREA,12;14,"Amides and Imides;Amines, Phosphines, and Pyridines"
2438-88-2,"2,3,5,6-TETRACHLORO-4-NITROANISOLE",16;28;46,"Aryl Halides;Ethers;Nitro, Nitroso, Nitrate, and Nitrite Compounds, Organic"
24382-04-5,"MALONALDEHYDE, SODIUM SALT",9,Aldehydes
2439-01-2,CHINOMETHIONAT,14;38;64,"Amines, Phosphines, and Pyridines;Ketones;Sulfides, Organic"
2439-10-3,DODINE,60,"Salts, Acidic"
2439-35-2,2-DIMETHYLAMINOETHYL ACRYLATE,6;14;56,"Acrylates and Acrylic Acids;Amines, Phosphines, and Pyridines;Polymerizable Compounds"
2451-62-9,"TRIS(2,3-EPOXYPROPYL)ISOCYANURATE",12;26;56,Amides and Imides;Epoxides;Polymerizable Compounds
24549-06-2,2-METHYL-6-ETHYL ANILINE,13,"Amines, Aromatic"
24554-26-5,N-(4-(5-NITRO-2-FURYL)THIAZOYL)FORMAMIDE,12;46;64,"Amides and Imides;Nitro, Nitroso, Nitrate, and Nitrite Compounds, Organic;Sulfides, Organic"
2461-15-6,2-ETHYLHEXYL GLYCIDYL ETHER,26;28,Epoxides;Ethers
2461-18-9,LAURYL GLYCIDYL ETHER,26;28,Epoxides;Ethers
2465-27-2,AURAMINE O,14;60,"Amines, Phosphines, and Pyridines;Salts, Acidic"
2475-33-4,VAT BROWN 1,14;35;38,"Amines, Phosphines, and Pyridines;Hydrocarbons, Aromatic;Ketones"
2475-45-8,C.I. DISPERSE BLUE 1,13;38,"Amines, Aromatic;Ketones"
24800-44-0,TRIPROPYLENE GLYCOL,8;28,Alcohols and Polyols;Ethers
24815-24-5,RESCINNAMINE,14;27;34,"Amines, Phosphines, and Pyridines;Esters, Sulfate Esters, Phosphate Esters, Thiophosphate Esters, and Borate Esters;Hydrocarbons, Aliphatic Unsaturated"
2489-77-2,"1,1,3-TRIMETHYL-2-THIOUREA",12;64,"Amides and Imides;Sulfides, Organic"
2492-26-4,SODIUM 2-MERCAPTOBENZOTHIAZOL SOLUTION,17;64;68,"Azo, Diazo, Azido, Hydrazine, and Azide Compounds;Sulfides, Organic;Water and Aqueous Solutions"
2493-84-7,P-N-OCTYLOXYBENZOIC ACID,2,"Acids, Carboxylic"
24934-91-6,CHLORMEPHOS,27;31,"Esters, Sulfate Esters, Phosphate Esters, Thiophosphate Esters, and Borate Esters;Halogenated Organic Compounds"
2497-07-6,OXYDISULFOTON,27;66,"Esters, Sulfate Esters, Phosphate Esters, Thiophosphate Esters, and Borate Esters;Sulfonates, Phosphonates, and Thiophosphonates, Organic"
25013-16-5,BUTYLATED HYDROXYANISOLE,28;55,Ethers;Phenols and Cresols
2508-19-2,TRINITROBENZENE SULFONIC ACID,4;46,"Acids, Strong Oxidizing;Nitro, Nitroso, Nitrate, and Nitrite Compounds, Organic"
25103-58-6,TERT-DODECYLMERCAPTAN,64,"Sulfides, Organic"
25109-57-3,"1,2-DIBROMOBUTAN-3-ONE",31;38,Halogenated Organic Compounds;Ketones
25136-55-4,DIMETHYLDIOXANES,28,Ethers
25148-68-9,N-METHYL-O-PHENYLENEDIAMINE DIHYDROCHLORIDE,60,"Salts, Acidic"
25154-54-5,DINITROBENZENE SOLUTION,46,"Nitro, Nitroso, Nitrate, and Nitrite Compounds, Organic"
25154-55-6,NITROPHENOLS,46;55,"Nitro, Nitroso, Nitrate, and Nitrite Compounds, Organic;Phenols and Cresols"
25155-23-1,TRIXYLENYL PHOSPHATE,27;35,"Esters, Sulfate Esters, Phosphate Esters, Thiophosphate Esters, and Borate Esters;Hydrocarbons, Aromatic"
25155-25-3,BIS(TERT-BUTYLDIOXYISOPROPYL)BENZENE,53;56,"Peroxides, Organic;Polymerizable Compounds"
25155-30-0,SODIUM DODECYLBENZENESULFONATE (BRANCHED CHAIN),61,"Salts, Basic"
25167-32-2,DODECYL DIPHENYL ETHER DISULFONATE SOLUTION,28;61;66;68,"Ethers;Salts, Basic;Sulfonates, Phosphonates, and Thiophosphonates, Organic;Water and Aqueous Solutions"
25167-80-0,"CHLOROPHENOLS, LIQUID",16;55,Aryl Halides;Phenols and Cresols
25167-93-5,CHLORONITROBENZENES,16;46,"Aryl Halides;Nitro, Nitroso, Nitrate, and Nitrite Compounds, Organic"
25168-04-1,NITROXYLENES,46,"Nitro, Nitroso, Nitrate, and Nitrite Compounds, Organic"
25168-05-2,CHLOROTOLUENES,16,Aryl Halides
25168-15-4,"DED-WEED LV-4T 64 PERCENT 2,4,5-T ISOOCTYL ESTER",16;27,"Aryl Halides;Esters, Sulfate Esters, Phosphate Esters, Thiophosphate Esters, and Borate Esters"
25168-26-7,"DED-WEED LV-69 67 PERCENT 2,4-D ISOOCTYL ESTER",16;27,"Aryl Halides;Esters, Sulfate Esters, Phosphate Esters, Thiophosphate Esters, and Borate Esters"
2520-60-7,2-(3-METHYL-2-BUTENYL)CYCLOPENTANONE,34;38,"Hydrocarbons, Aliphatic Unsaturated;Ketones"
2523-37-7,9-METHYLFLUORENE,35,"Hydrocarbons, Aromatic"
2523-56-0,P-AMINOCYCLOHEXYLMETHANE,14,"Amines, Phosphines, and Pyridines"
2524-01-8,PROPYLPHOSPHONOTHIOIC DICHLORIDE,7;66,"Acyl Halides, Sulfonyl Halides, and Chloroformates;Sulfonates, Phosphonates, and Thiophosphonates, Organic"
2524-04-1,DIETHYLTHIOPHOSPHORYL CHLORIDE,7,"Acyl Halides, Sulfonyl Halides, and Chloroformates"
2524-64-3,DIPHENYL CHLOROPHOSPHATE,7;27,"Acyl Halides, Sulfonyl Halides, and Chloroformates;Esters, Sulfate Esters, Phosphate Esters, Thiophosphate Esters, and Borate Esters"
25251-51-8,TERT-BUTYL PEROXY-3-PHENYLPHTHALIDE,1;53,"Acetals, Ketals, Hemiacetals, and Hemiketals;Peroxides, Organic"
25265-68-3,METHYLTETRAHYDROFURAN,28,Ethers
25265-71-8,DIPROPYLENE GLYCOL,8;28,Alcohols and Polyols;Ethers
25265-77-4,"2,2,4-TRIMETHYL-1,3-PENTANEDIOL MONOISOBUTYRATE",27,"Esters, Sulfate Esters, Phosphate Esters, Thiophosphate Esters, and Borate Esters"
2528-36-1,DIBUTYLPHENYL PHOSPHATE,27,"Esters, Sulfate Esters, Phosphate Esters, Thiophosphate Esters, and Borate Esters"
2531-84-2,2-METHYLPHENANTHRENE,35,"Hydrocarbons, Aromatic"
25311-71-1,ISOFENPHOS,14;27,"Amines, Phosphines, and Pyridines;Esters, Sulfate Esters, Phosphate Esters, Thiophosphate Esters, and Borate Esters"
25316-40-9,ADRIAMYCIN HYDROCHLORIDE,14;28;38;55,"Amines, Phosphines, and Pyridines;Ethers;Ketones;Phenols and Cresols"
25321-14-6,DINITROTOLUENE,46,"Nitro, Nitroso, Nitrate, and Nitrite Compounds, Organic"
25322-68-3,POLYETHYLENE GLYCOL 200,8;28,Alcohols and Polyols;Ethers
25322-69-4,POLYPROPYLENE GLYCOL,8,Alcohols and Polyols
25324-56-5,STANNIC PHOSPHIDE,44,"Nitrides, Phosphides, Carbides, and Silicides"
25339-17-7,ISODECYL ALCOHOL,8,Alcohols and Polyols
25339-53-1,DECENE,34,"Hydrocarbons, Aliphatic Unsaturated"
25339-93-9,MANNIDE MONOOLEATE,8;27;28;34,"Alcohols and Polyols;Esters, Sulfate Esters, Phosphate Esters, Thiophosphate Esters, and Borate Esters;Ethers;Hydrocarbons, Aliphatic Unsaturated"
25340-18-5,TRIETHYLBENZENE,35,"Hydrocarbons, Aromatic"
25399-81-9,ZIRCONIUM OXYCHLORIDE HEXAHYDRATE,7,"Acyl Halides, Sulfonyl Halides, and Chloroformates"
2540-82-1,FORMOTHION,9;12;27,"Aldehydes;Amides and Imides;Esters, Sulfate Esters, Phosphate Esters, Thiophosphate Esters, and Borate Esters"
2549-51-1,VINYL CHLOROACETATE,27;31;34;56,"Esters, Sulfate Esters, Phosphate Esters, Thiophosphate Esters, and Borate Esters;Halogenated Organic Compounds;Hydrocarbons, Aliphatic Unsaturated;Polymerizable Compounds"
25496-08-6,FLUOROTOLUENES,30;31,Fluorinated Organic Compounds;Halogenated Organic Compounds
2550-33-6,TERT-BUTYL PEROXYDIETHYLACETATE,53,"Peroxides, Organic"
25550-55-4,DINITROSOBENZENE,46,"Nitro, Nitroso, Nitrate, and Nitrite Compounds, Organic"
25550-58-7,"DINITROPHENOL, SOLUTION",46;55;68,"Nitro, Nitroso, Nitrate, and Nitrite Compounds, Organic;Phenols and Cresols;Water and Aqueous Solutions"
2556-36-7,"1,4-CYCLOHEXANE DIISOCYANATE",37,Isocyanates and Isothiocyanates
25567-67-3,CHLORODINITROBENZENES,16;46,"Aryl Halides;Nitro, Nitroso, Nitrate, and Nitrite Compounds, Organic"
25620-58-0,TRIMETHYLHEXAMETHYLENEDIAMINES,14,"Amines, Phosphines, and Pyridines"
25641-53-6,"SODIUM DINITRO-O-CRESOLATE, WETTED WITH NOT LESS THAN 15% WATER",46;54;68,"Nitro, Nitroso, Nitrate, and Nitrite Compounds, Organic;Phenolic Salts;Water and Aqueous Solutions"
2567-01-3,PROPYLENE CYANOHYDRIN,8;45,Alcohols and Polyols;Nitriles
2567-83-1,"TETRAETHYLAMMONIUM PERCHLORATE, [DRY]",50;57,"Oxidizing Agents, Strong;Quaternary Ammonium and Phosphonium Salts"
257-07-8,"DIBENZ(B,F)(1,4)OXAZEPINE",14,"Amines, Phosphines, and Pyridines"
2570-26-5,PENTADECYLAMINE,14,"Amines, Phosphines, and Pyridines"
25703-79-1,POLY(2-HYDROXYPROPYL METHACRYLATE),6;8;56,Acrylates and Acrylic Acids;Alcohols and Polyols;Polymerizable Compounds
2576-47-8,2-BROMOETHYLAMINE HYDROBROMIDE,31;60,"Halogenated Organic Compounds;Salts, Acidic"
2580-78-1,REACTIVE BLUE 19,13;38;61;66,"Amines, Aromatic;Ketones;Salts, Basic;Sulfonates, Phosphonates, and Thiophosphonates, Organic"
25834-80-4,"2,4-BIS(P-AMINOBENZYL)ANILINE",13,"Amines, Aromatic"
25843-45-2,AZOXYMETHANE,17;51,"Azo, Diazo, Azido, Hydrazine, and Azide Compounds;Oxidizing Agents, Weak"
25852-70-4,BUTYLTIN-TRIS(ISOOCTYLMERCAPTO ACETATE),27;49;63,"Esters, Sulfate Esters, Phosphate Esters, Thiophosphate Esters, and Borate Esters;Organometallics;Sulfides, Inorganic"
25869-00-5,FERRIC AMMONIUM FERROCYANIDE,24;60,"Cyanides, Inorganic;Salts, Acidic"
2587-90-8,"PHOSPHOROTHIOIC ACID, O,O-DIMETHYL S-(2-(METHYLTHIO) ETHYL) ESTER",27;64,"Esters, Sulfate Esters, Phosphate Esters, Thiophosphate Esters, and Borate Esters;Sulfides, Organic"
25953-06-4,5-DIETHYLAMINO-2-NITROSOPHENOL HYDROCHLORIDE,46;55;60,"Nitro, Nitroso, Nitrate, and Nitrite Compounds, Organic;Phenols and Cresols;Salts, Acidic"
2598-99-4,STEARYL PALMITATE,27,"Esters, Sulfate Esters, Phosphate Esters, Thiophosphate Esters, and Borate Esters"
260-94-6,ACRIDINE,14;35,"Amines, Phosphines, and Pyridines;Hydrocarbons, Aromatic"
26002-80-2,PHENOTHRIN,27;28;34,"Esters, Sulfate Esters, Phosphate Esters, Thiophosphate Esters, and Borate Esters;Ethers;Hydrocarbons, Aliphatic Unsaturated"
2602-46-2,C.I. DIRECT BLUE 6,17;61,"Azo, Diazo, Azido, Hydrazine, and Azide Compounds;Salts, Basic"
2608-48-2,"5-(4-NITROPHENYL)-2,4-PENTADIENAL",9;23;34;46,"Aldehydes;Conjugated Dienes;Hydrocarbons, Aliphatic Unsaturated;Nitro, Nitroso, Nitrate, and Nitrite Compounds, Organic"
2610-05-1,DIRECT BLUE 1,13;17;55,"Amines, Aromatic;Azo, Diazo, Azido, Hydrazine, and Azide Compounds;Phenols and Cresols"
26134-62-3,LITHIUM NITRIDE,18;44,"Bases, Strong;Nitrides, Phosphides, Carbides, and Silicides"
2614-76-8,"2,2-DIHYDROPEROXYPROPANE",1;53,"Acetals, Ketals, Hemiacetals, and Hemiketals;Peroxides, Organic"
2618-77-1,"2,5-DIMETHYL-2,5-DI-(BENZOYLPEROXY)HEXANE",53,"Peroxides, Organic"
262-12-4,DIBENZO-P-DIOXIN,28,Ethers
262-20-4,DIBENZOOXATHIANE,28;35;64,"Ethers;Hydrocarbons, Aromatic;Sulfides, Organic"
26227-73-6,4-METHOXYBENZYLIDINE-4&#39;-N-BUTYLANILINE,13,"Amines, Aromatic"
2624-17-1,SODIUM CYANURATE,12,Amides and Imides
26248-42-0,TRIDECANOL,8,Alcohols and Polyols
2625-76-5,2-CHLOROETHYLCHLOROMETHYLSULFIDE,31;58;64,"Halogenated Organic Compounds;Reducing Agents, Strong;Sulfides, Organic"
26264-05-1,"DODECYLBENZENESULFONIC ACID, [ISOPROPYLAMINE SALT]",61,"Salts, Basic"
26264-06-2,CALCIUM DODECYLBENZENESULFONATE,61,"Salts, Basic"
26265-65-6,LEAD THIOSULFATE,65,Sulfite and Thiosulfate Salts
26266-68-2,2-ETHYLHEXENAL,9;34,"Aldehydes;Hydrocarbons, Aliphatic Unsaturated"
2631-37-0,PROMECARB,20,Carbamates
26322-14-5,DICETYL PEROXYDICARBONATE,53,"Peroxides, Organic"
2636-26-2,CYANOPHOS,27;45,"Esters, Sulfate Esters, Phosphate Esters, Thiophosphate Esters, and Borate Esters;Nitriles"
26401-97-8,"DI(N-OCTYL)TIN-S,S&#39;-BIS(ISOOCTYLMERCAPTOACETATE)",27;49;63,"Esters, Sulfate Esters, Phosphate Esters, Thiophosphate Esters, and Borate Esters;Organometallics;Sulfides, Inorganic"
26419-73-8,"CARBAMIC ACID, METHYL-, O-(((2,4-DIMETHYL-1, 3-DITHIOLAN-2-YL)METHYLENE)AMINO)-",20;52,Carbamates;Oximes
2642-71-9,AZINPHOS-ETHYL,12;17;27,"Amides and Imides;Azo, Diazo, Azido, Hydrazine, and Azide Compounds;Esters, Sulfate Esters, Phosphate Esters, Thiophosphate Esters, and Borate Esters"
26444-49-5,CRESYL DIPHENYL PHOSPHATE (CDP MIXED ISOMERS),27,"Esters, Sulfate Esters, Phosphate Esters, Thiophosphate Esters, and Borate Esters"
26445-05-6,AMINOPYRIDINES,14,"Amines, Phosphines, and Pyridines"
26446-35-5,ACETIN,8;27,"Alcohols and Polyols;Esters, Sulfate Esters, Phosphate Esters, Thiophosphate Esters, and Borate Esters"
26447-14-3,CRESYL GLYCIDYL ETHER,26;28;56,Epoxides;Ethers;Polymerizable Compounds
2645-07-0,4-NITROHIPPURIC ACID,2;12;46,"Acids, Carboxylic;Amides and Imides;Nitro, Nitroso, Nitrate, and Nitrite Compounds, Organic"
2646-17-5,OIL ORANGE SS,17;55,"Azo, Diazo, Azido, Hydrazine, and Azide Compounds;Phenols and Cresols"
26471-56-7,DINITROANILINE,13;46,"Amines, Aromatic;Nitro, Nitroso, Nitrate, and Nitrite Compounds, Organic"
26471-62-5,TOLUENE DIISOCYANATE,37,Isocyanates and Isothiocyanates
26499-65-0,PLASTER OF PARIS,47,Non-Redox-Active Inorganic Compounds
26506-47-8,COPPER CHLORATE,50,"Oxidizing Agents, Strong"
26519-91-5,METHYLCYCLOPENTADIENE,23;34,"Conjugated Dienes;Hydrocarbons, Aliphatic Unsaturated"
26530-20-1,2-OCTYL-3-ISOTHIAZOLONE,12;34;52,"Amides and Imides;Hydrocarbons, Aliphatic Unsaturated;Oximes"
26538-44-3,ZEARALANOL,27;55,"Esters, Sulfate Esters, Phosphate Esters, Thiophosphate Esters, and Borate Esters;Phenols and Cresols"
26545-73-3,"1,3-DICHLOROPROPANOL-2",8;31,Alcohols and Polyols;Halogenated Organic Compounds
2655-15-4,"2,3,5-TRIMETHYLPHENYL METHYLCARBAMATE",20,Carbamates
2657-00-3,SODIUM 2-DIAZO-1-NAPHTHOL-5-SULFONATE,8;17;61;66,"Alcohols and Polyols;Azo, Diazo, Azido, Hydrazine, and Azide Compounds;Salts, Basic;Sulfonates, Phosphonates, and Thiophosphonates, Organic"
26571-79-9,CHLOROPHENYLTRICHLOROSILANE,16;22,Aryl Halides;Chlorosilanes
26581-81-7,EM-12,12,Amides and Imides
26628-22-8,SODIUM AZIDE,17,"Azo, Diazo, Azido, Hydrazine, and Azide Compounds"
26638-28-8,METHYLPENTACHLOROSTEARATE,27;31,"Esters, Sulfate Esters, Phosphate Esters, Thiophosphate Esters, and Borate Esters;Halogenated Organic Compounds"
26644-46-2,TRIFORINE,12;14;31,"Amides and Imides;Amines, Phosphines, and Pyridines;Halogenated Organic Compounds"
2665-30-7,"PHOSPHONOTHIOIC ACID, METHYL-,O-(4-NITROPHENYL) O-PHENYL ESTER",35;46;66,"Hydrocarbons, Aromatic;Nitro, Nitroso, Nitrate, and Nitrite Compounds, Organic;Sulfonates, Phosphonates, and Thiophosphonates, Organic"
26748-41-4,"TERT-BUTYL PEROXYNEODECANOATE, [&lt;= 77% IN SOLUTION]",53,"Peroxides, Organic"
2675-77-6,CHLORONEB,16;28,Aryl Halides;Ethers
26761-40-0,DIISODECYL PHTHALATE,27,"Esters, Sulfate Esters, Phosphate Esters, Thiophosphate Esters, and Borate Esters"
26761-45-5,"NEODECANOIC ACID, 2,3-EPOXYPROPYL ESTER",26;27,"Epoxides;Esters, Sulfate Esters, Phosphate Esters, Thiophosphate Esters, and Borate Esters"
26762-93-6,DIISOPROPYLBENZENE HYDROPEROXIDE,53,"Peroxides, Organic"
26780-96-1,"1,2-DIHYDRO-2,2,4-TRIMETHYLQUINOLINE POLYMER",14,"Amines, Phosphines, and Pyridines"
26842-43-3,"2-AMINO-2,4-DIMETHYL-PENTANE NITRILE",14;45,"Amines, Phosphines, and Pyridines;Nitriles"
26896-20-8,NEODECANOIC ACID,2,"Acids, Carboxylic"
2691-41-0,"CYCLOTETRAMETHYLENE TETRANITRAMINE, [WET WITH &gt;= 10% WATER]",17;46;68,"Azo, Diazo, Azido, Hydrazine, and Azide Compounds;Nitro, Nitroso, Nitrate, and Nitrite Compounds, Organic;Water and Aqueous Solutions"
26914-02-3,IODOPROPANES,31,Halogenated Organic Compounds
26915-12-8,TOLUIDINES (LIQUID &lt;OR&gt; SOLID),13,"Amines, Aromatic"
26952-21-6,ISOOCTYL ALCOHOL,8,Alcohols and Polyols
26952-23-8,DICHLOROPROPENES,31;34;56,"Halogenated Organic Compounds;Hydrocarbons, Aliphatic Unsaturated;Polymerizable Compounds"
26952-42-1,"2,3,4-TRINITROANILINE",13;46;68,"Amines, Aromatic;Nitro, Nitroso, Nitrate, and Nitrite Compounds, Organic;Water and Aqueous Solutions"
26967-76-0,TRIS(4-ISOPROPYLPHENYL)PHOSPHATE,27;35,"Esters, Sulfate Esters, Phosphate Esters, Thiophosphate Esters, and Borate Esters;Hydrocarbons, Aromatic"
26968-58-1,ETHYLBENZYL CHLORIDE,31,Halogenated Organic Compounds
2698-41-1,O-CHLOROBENZYLIDENE MALONONITRILE,16;34;45,"Aryl Halides;Hydrocarbons, Aliphatic Unsaturated;Nitriles"
2702-72-9,"2,4-D SODIUM SALT",13;28;31;61,"Amines, Aromatic;Ethers;Halogenated Organic Compounds;Salts, Basic"
2703-13-1,"PHOSPHONOTHIOIC ACID, METHYL-, O-ETHYL O-(4-(METHYLTHIO)PHENYL) ESTER",64;66,"Sulfides, Organic;Sulfonates, Phosphonates, and Thiophosphonates, Organic"
271-89-6,"2,3-BENZOFURAN",28;35;56,"Ethers;Hydrocarbons, Aromatic;Polymerizable Compounds"
27134-26-5,"CHLOROANILINES, LIQUID",14;31,"Amines, Phosphines, and Pyridines;Halogenated Organic Compounds"
27134-27-6,DICHLOROANILINES,13;16,"Amines, Aromatic;Aryl Halides"
27137-85-5,DICHLOROPHENYLTRICHLOROSILANE,16;22,Aryl Halides;Chlorosilanes
27156-03-2,DICHLORODIFLUOROETHYLENE,30;31;34,"Fluorinated Organic Compounds;Halogenated Organic Compounds;Hydrocarbons, Aliphatic Unsaturated"
27176-87-0,DODECYLBENZENESULFONIC ACID,4,"Acids, Strong Oxidizing"
27193-86-8,DODECYL PHENOL,55,Phenols and Cresols
27215-10-7,DIISOOCTYL ACID PHOSPHATE,5;27,"Acids, Weak;Esters, Sulfate Esters, Phosphate Esters, Thiophosphate Esters, and Borate Esters"
27215-95-8,NONENE,34,"Hydrocarbons, Aliphatic Unsaturated"
27236-46-0,ISOHEXENE,34;56,"Hydrocarbons, Aliphatic Unsaturated;Polymerizable Compounds"
27254-36-0,NITRONAPHTHALENE,46,"Nitro, Nitroso, Nitrate, and Nitrite Compounds, Organic"
27314-13-2,NORFLURAZON,14;17;30;31,"Amines, Phosphines, and Pyridines;Azo, Diazo, Azido, Hydrazine, and Azide Compounds;Fluorinated Organic Compounds;Halogenated Organic Compounds"
27323-41-7,TRIETHANOLAMINE DODECYLBENZENESULFONATE,8;60,"Alcohols and Polyols;Salts, Acidic"
2735-04-8,"2,4-DIMETHOXYANILINE",13,"Amines, Aromatic"
27536-89-6,POLYETHYLBENZENE,35,"Hydrocarbons, Aromatic"
27554-26-3,DI-ISOOCTYL PHTHALATE,27,"Esters, Sulfate Esters, Phosphate Esters, Thiophosphate Esters, and Borate Esters"
2757-18-8,THALLOUS MALONATE,61,"Salts, Basic"
2757-90-6,AGARITINE,2;8;12;14,"Acids, Carboxylic;Alcohols and Polyols;Amides and Imides;Amines, Phosphines, and Pyridines"
27598-85-2,AMINOPHENOLS,13;55,"Amines, Aromatic;Phenols and Cresols"
2763-96-4,MUSCIMOL,8;14;28,"Alcohols and Polyols;Amines, Phosphines, and Pyridines;Ethers"
2767-54-6,TRIETHYL TIN BROMIDE,49;60,"Organometallics;Salts, Acidic"
27774-13-6,VANADYL SULFATE,47,Non-Redox-Active Inorganic Compounds
2778-04-3,ENDOTHION,27;28;38,"Esters, Sulfate Esters, Phosphate Esters, Thiophosphate Esters, and Borate Esters;Ethers;Ketones"
27813-02-1,HYDROXYPROPYL METHACRYLATE,6;8;56,Acrylates and Acrylic Acids;Alcohols and Polyols;Polymerizable Compounds
2782-57-2,"DICHLOROISOCYANURIC ACID, DRY",7;32;50,"Acyl Halides, Sulfonyl Halides, and Chloroformates;Halogenating Agents;Oxidizing Agents, Strong"
2782-91-4,"1,1,3,3-TETRAMETHYL-2-THIOUREA",12;64,"Amides and Imides;Sulfides, Organic"
2783-94-0,FD &amp; C YELLOW NO. 6,17;47;55,"Azo, Diazo, Azido, Hydrazine, and Azide Compounds;Non-Redox-Active Inorganic Compounds;Phenols and Cresols"
2784-94-3,HC BLUE 1,8;14;46,"Alcohols and Polyols;Amines, Phosphines, and Pyridines;Nitro, Nitroso, Nitrate, and Nitrite Compounds, Organic"
28064-81-5,PROPYLENE CHLOROHYDRIN,8;31,Alcohols and Polyols;Halogenated Organic Compounds
28094-15-7,6-HYDROXYDOPAMINE HYDROCHLORIDE,55;60,"Phenols and Cresols;Salts, Acidic"
28108-99-8,ISOPROPYLPHENYL DIPHENYL PHOSPHATE,27;35,"Esters, Sulfate Esters, Phosphate Esters, Thiophosphate Esters, and Borate Esters;Hydrocarbons, Aromatic"
2818-69-1,5-CHLORO-2-METHYL-1H-BENZIMIDAZOLE,14;16,"Amines, Phosphines, and Pyridines;Aryl Halides"
2820-51-1,NICOTINE HYDROCHLORIDE,14;60,"Amines, Phosphines, and Pyridines;Salts, Acidic"
28249-77-6,THIOBENCARB,16;67,Aryl Halides;Thiocarbamate Esters and Salts/Dithiocarbamate Esters and Salts
28300-74-5,ANTIMONY POTASSIUM TARTRATE,61,"Salts, Basic"
2832-40-8,C.I. DISPERSE YELLOW 3,12;17;55,"Amides and Imides;Azo, Diazo, Azido, Hydrazine, and Azide Compounds;Phenols and Cresols"
28322-02-3,N-(4-FLUORENYL)ACETAMIDE,12;13,"Amides and Imides;Amines, Aromatic"
28347-13-9,XYLYLENE DICHLORIDE,16,Aryl Halides
2835-39-4,ALLYL ISOVALERATE,27;34,"Esters, Sulfate Esters, Phosphate Esters, Thiophosphate Esters, and Borate Esters;Hydrocarbons, Aliphatic Unsaturated"
2835-95-2,3-AMINO-6-METHYLPHENOL,13;55,"Amines, Aromatic;Phenols and Cresols"
2836-00-2,3-AMINO-4-METHYLPHENOL,13;55,"Amines, Aromatic;Phenols and Cresols"
28407-37-6,C.I. DIRECT BLUE 218,13;17;54;61,"Amines, Aromatic;Azo, Diazo, Azido, Hydrazine, and Azide Compounds;Phenolic Salts;Salts, Basic"
28434-86-8,"3,3&#39;-DICHLORO-4,4&#39;-DIAMINODIPHENYL ETHER",13;16;28,"Amines, Aromatic;Aryl Halides;Ethers"
28479-22-3,3-CHLORO-4-METHYLPHENYL ISOCYANATE,16;37,Aryl Halides;Isocyanates and Isothiocyanates
2855-13-2,ISOPHORONEDIAMINE,14,"Amines, Phosphines, and Pyridines"
2855-19-8,"1,2-EPOXYDODECANE",26;56,Epoxides;Polymerizable Compounds
28553-12-0,DI-ISONONYL PHTHALATE,27,"Esters, Sulfate Esters, Phosphate Esters, Thiophosphate Esters, and Borate Esters"
28554-00-9,CHLOROPROPIONIC ACID,2;31,"Acids, Carboxylic;Halogenated Organic Compounds"
2863-94-7,ETHYL-P-ETHOXYBENZAL-P&#39;-AMINOCINNAMATE,14;27;35,"Amines, Phosphines, and Pyridines;Esters, Sulfate Esters, Phosphate Esters, Thiophosphate Esters, and Borate Esters;Hydrocarbons, Aromatic"
28652-72-4,METHYL BIPHENYL (MIXED ISOMERS),35,"Hydrocarbons, Aromatic"
2867-47-2,2-DIMETHYLAMINOETHYL METHACRYLATE,6;14;27;56,"Acrylates and Acrylic Acids;Amines, Phosphines, and Pyridines;Esters, Sulfate Esters, Phosphate Esters, Thiophosphate Esters, and Borate Esters;Polymerizable Compounds"
28679-16-5,TRIMETHYLHEXAMETHYLENE DIISOCYANATE,37,Isocyanates and Isothiocyanates
2871-01-4,HC RED 3,8;13;46,"Alcohols and Polyols;Amines, Aromatic;Nitro, Nitroso, Nitrate, and Nitrite Compounds, Organic"
28729-54-6,N-PROPYLTOLUENE,35,"Hydrocarbons, Aromatic"
2873-97-4,DIACETONE ACRYLAMIDE,6;12;38;56,Acrylates and Acrylic Acids;Amides and Imides;Ketones;Polymerizable Compounds
28772-56-7,BROMADIOLONE,8;16;27,"Alcohols and Polyols;Aryl Halides;Esters, Sulfate Esters, Phosphate Esters, Thiophosphate Esters, and Borate Esters"
288-47-1,THIAZOLE,14;64,"Amines, Phosphines, and Pyridines;Sulfides, Organic"
288-94-8,1H-TETRAZOLE,14;17,"Amines, Phosphines, and Pyridines;Azo, Diazo, Azido, Hydrazine, and Azide Compounds"
28804-88-8,DIMETHYLNAPHTHALENE,35,"Hydrocarbons, Aromatic"
2885-00-9,1-OCTADECANETHIOL,64,"Sulfides, Organic"
2893-78-9,SODIUM DICHLORO-S-TRIAZINETRIONE,7;32;50;60,"Acyl Halides, Sulfonyl Halides, and Chloroformates;Halogenating Agents;Oxidizing Agents, Strong;Salts, Acidic"
29082-74-4,OCTACHLOROSTYRENE,16;34,"Aryl Halides;Hydrocarbons, Aliphatic Unsaturated"
2917-26-2,1-HEXADECANETHIOL,64,"Sulfides, Organic"
29191-52-4,ANISIDINES,13;28,"Amines, Aromatic;Ethers"
2921-88-2,CHLORPYRIFOS,14;16;27,"Amines, Phosphines, and Pyridines;Aryl Halides;Esters, Sulfate Esters, Phosphate Esters, Thiophosphate Esters, and Borate Esters"
29232-93-7,PIRIMIPHOS-METHYL,14;27,"Amines, Phosphines, and Pyridines;Esters, Sulfate Esters, Phosphate Esters, Thiophosphate Esters, and Borate Esters"
29350-73-0,CADINENE,34,"Hydrocarbons, Aliphatic Unsaturated"
29385-43-1,TOLYLTRIAZOLE,14,"Amines, Phosphines, and Pyridines"
2941-64-2,ETHYL CHLOROTHIOFORMATE,7;64,"Acyl Halides, Sulfonyl Halides, and Chloroformates;Sulfides, Organic"
2958-09-0,STEARYL ACID PHOSPHATE,5;27,"Acids, Weak;Esters, Sulfate Esters, Phosphate Esters, Thiophosphate Esters, and Borate Esters"
29595-25-3,AMMONIUM DINITRO-O-CRESOLATE,46;54;61,"Nitro, Nitroso, Nitrate, and Nitrite Compounds, Organic;Phenolic Salts;Salts, Basic"
29611-84-5,COLLIDINE,14,"Amines, Phosphines, and Pyridines"
29656-63-1,"CHLOROPENTANE, [FLAMMABLE LIQUID]",31,Halogenated Organic Compounds
29662-90-6,"2,2-DIMETHYL OCTANOIC ACID",2,"Acids, Carboxylic"
29676-71-9,2-AMINO-4-THIAZOLE ACETIC ACID,2;14,"Acids, Carboxylic;Amines, Phosphines, and Pyridines"
297-78-9,ISOBENZAN,28;31;34,"Ethers;Halogenated Organic Compounds;Hydrocarbons, Aliphatic Unsaturated"
297-97-2,THIONAZIN,14;27,"Amines, Phosphines, and Pyridines;Esters, Sulfate Esters, Phosphate Esters, Thiophosphate Esters, and Borate Esters"
2971-90-6,CLOPIDOL,14;16;34;55,"Amines, Phosphines, and Pyridines;Aryl Halides;Hydrocarbons, Aliphatic Unsaturated;Phenols and Cresols"
29733-86-6,"1,4-BUTENEDIOL",8;34,"Alcohols and Polyols;Hydrocarbons, Aliphatic Unsaturated"
29743-15-5,4-BUTYLOXYBENZAL-4-ETHYLANILINE,14;28,"Amines, Phosphines, and Pyridines;Ethers"
29757-24-2,NITROANILINES,13;46,"Amines, Aromatic;Nitro, Nitroso, Nitrate, and Nitrite Compounds, Organic"
29761-21-5,ISODECYL DIPHENYL PHOSPHATE,27,"Esters, Sulfate Esters, Phosphate Esters, Thiophosphate Esters, and Borate Esters"
29790-52-1,NICOTINE SALICYLATE,2;14;55,"Acids, Carboxylic;Amines, Phosphines, and Pyridines;Phenols and Cresols"
29797-40-8,DICHLOROTOLUENE,16,Aryl Halides
298-00-0,METHYL PARATHION,46;66,"Nitro, Nitroso, Nitrate, and Nitrite Compounds, Organic;Sulfonates, Phosphonates, and Thiophosphonates, Organic"
298-02-2,PHORATE,27;64,"Esters, Sulfate Esters, Phosphate Esters, Thiophosphate Esters, and Borate Esters;Sulfides, Organic"
298-04-4,DISULFOTON,27;64,"Esters, Sulfate Esters, Phosphate Esters, Thiophosphate Esters, and Borate Esters;Sulfides, Organic"
298-07-7,DI-(2-ETHYLHEXYL)PHOSPHORIC ACID,5;27,"Acids, Weak;Esters, Sulfate Esters, Phosphate Esters, Thiophosphate Esters, and Borate Esters"
298-12-4,GLYOXYLIC ACID (50% OR LESS),2;68,"Acids, Carboxylic;Water and Aqueous Solutions"
298-18-0,"D,L-1,2:3,4-DIEPOXYBUTANE",26;56,Epoxides;Polymerizable Compounds
298-59-9,METHYLPHENIDATE HYDROCHLORIDE,27;35;60,"Esters, Sulfate Esters, Phosphate Esters, Thiophosphate Esters, and Borate Esters;Hydrocarbons, Aromatic;Salts, Acidic"
298-81-7,8-METHOXYPSORALEN,27;28;35,"Esters, Sulfate Esters, Phosphate Esters, Thiophosphate Esters, and Borate Esters;Ethers;Hydrocarbons, Aromatic"
299-75-2,TREOSULPHAN,8;66,"Alcohols and Polyols;Sulfonates, Phosphonates, and Thiophosphonates, Organic"
299-84-3,RONNEL,16;27,"Aryl Halides;Esters, Sulfate Esters, Phosphate Esters, Thiophosphate Esters, and Borate Esters"
299-86-5,CRUFOMATE,14;16;27,"Amines, Phosphines, and Pyridines;Aryl Halides;Esters, Sulfate Esters, Phosphate Esters, Thiophosphate Esters, and Borate Esters"
29927-08-0,"2-AMINO-5,6-DIMETHYLBENZOTHIAZOLE",14;64,"Amines, Phosphines, and Pyridines;Sulfides, Organic"
29964-84-9,ISODECYL METHACRYLATE,6;56,Acrylates and Acrylic Acids;Polymerizable Compounds
29965-97-7,CYCLOOCTADIENES,23;34,"Conjugated Dienes;Hydrocarbons, Aliphatic Unsaturated"
300-42-5,DL-METHAMPHETAMINE HYDROCHLORIDE,35;60,"Hydrocarbons, Aromatic;Salts, Acidic"
300-76-5,NALED,27;31,"Esters, Sulfate Esters, Phosphate Esters, Thiophosphate Esters, and Borate Esters;Halogenated Organic Compounds"
3006-82-4,TERT-BUTYL PEROXY-2-ETHYLHEXANOATE,53,"Peroxides, Organic"
3006-86-8,"1,1-DI-(TERT-BUTYLPEROXY)CYCLOHEXANE, [&lt;= 40% WITH INERT INORGANIC SOLID, WITH &gt;= 13% PHLEGMATIZER]",1;53,"Acetals, Ketals, Hemiacetals, and Hemiketals;Peroxides, Organic"
301-12-2,OXYDEMETON METHYL,27;66,"Esters, Sulfate Esters, Phosphate Esters, Thiophosphate Esters, and Borate Esters;Sulfonates, Phosphonates, and Thiophosphonates, Organic"
301-13-3,TRIS(2-ETHYLHEXYL) PHOSPHITE,59;66,"Reducing Agents, Weak;Sulfonates, Phosphonates, and Thiophosphonates, Organic"
3012-65-5,"AMMONIUM CITRATE, DIBASIC",60,"Salts, Acidic"
30136-13-1,N-PROPOXYPROPANOL,8,Alcohols and Polyols
3017-95-6,2-BROMO-1-CHLOROPROPANE,31,Halogenated Organic Compounds
3018-12-0,DICHLOROACETONITRILE,31;45,Halogenated Organic Compounds;Nitriles
302-17-0,CHLORAL HYDRATE,8;31,Alcohols and Polyols;Halogenated Organic Compounds
302-79-4,ALL-TRANS-RETINOIC ACID,2;34,"Acids, Carboxylic;Hydrocarbons, Aliphatic Unsaturated"
3025-77-2,1-[(4-NITROPHENYL)AZO]-2-NAPHTHENAMINE,13;17;35;46,"Amines, Aromatic;Azo, Diazo, Azido, Hydrazine, and Azide Compounds;Hydrocarbons, Aromatic;Nitro, Nitroso, Nitrate, and Nitrite Compounds, Organic"
3025-88-5,"2,5-DIMETHYL-2,5-DIHYDROPEROXY HEXANE, NOT MORE THAN 82% WITH WATER",53;68,"Peroxides, Organic;Water and Aqueous Solutions"
303-34-4,LASIOCARPINE,8;14;27;28;34,"Alcohols and Polyols;Amines, Phosphines, and Pyridines;Esters, Sulfate Esters, Phosphate Esters, Thiophosphate Esters, and Borate Esters;Ethers;Hydrocarbons, Aliphatic Unsaturated"
303-47-9,OCHRATOXIN A,2;12;27;55,"Acids, Carboxylic;Amides and Imides;Esters, Sulfate Esters, Phosphate Esters, Thiophosphate Esters, and Borate Esters;Phenols and Cresols"
3033-62-3,BIS(2-(DIMETHYLAMINO)ETHYL)ETHER,14;28,"Amines, Phosphines, and Pyridines;Ethers"
3037-72-7,"SILANE, (4-AMINOBUTYL)DIETHOXYMETHYL-",14;62,"Amines, Phosphines, and Pyridines;Siloxanes"
305-03-3,CHLORAMBUCIL,2;14;31,"Acids, Carboxylic;Amines, Phosphines, and Pyridines;Halogenated Organic Compounds"
305-85-1,DISOPHENOL,16;46;55,"Aryl Halides;Nitro, Nitroso, Nitrate, and Nitrite Compounds, Organic;Phenols and Cresols"
30516-87-1,3&#39;-AZIDO-3&#39;-DEOXYTHYMIDINE,8;12;17,"Alcohols and Polyols;Amides and Imides;Azo, Diazo, Azido, Hydrazine, and Azide Compounds"
30525-89-4,PARAFORMALDEHYDE,8;28,Alcohols and Polyols;Ethers
3054-95-3,"3,3-DIETHOXYPROPENE",1;28;34,"Acetals, Ketals, Hemiacetals, and Hemiketals;Ethers;Hydrocarbons, Aliphatic Unsaturated"
30553-04-9,NAPHTHYLTHIOUREA,12;35;64,"Amides and Imides;Hydrocarbons, Aromatic;Sulfides, Organic"
30558-43-1,"ETHANIMIDOTHIOIC ACID, 2-(DIMETHYLAMINO)-N-HYDROXY-",12;52;64,"Amides and Imides;Oximes;Sulfides, Organic"
3056-17-5,"2&#39;,3&#39;-DIDEHYDRO-3&#39;-DEOXYTHYMIDINE",8;12;28;34,"Alcohols and Polyols;Amides and Imides;Ethers;Hydrocarbons, Aliphatic Unsaturated"
30560-19-1,ACEPHATE,12;27,"Amides and Imides;Esters, Sulfate Esters, Phosphate Esters, Thiophosphate Esters, and Borate Esters"
30574-97-1,TRANS-2-METHYL-2-BUTENENITRILE,34;45,"Hydrocarbons, Aliphatic Unsaturated;Nitriles"
30586-10-8,DICHLOROPENTANE,31,Halogenated Organic Compounds
30586-18-6,PENTAMETHYLHEPTANE,33,"Hydrocarbons, Aliphatic Saturated"
306-37-6,"1,2-DIMETHYLHYDRAZINE DIHYDROCHLORIDE",17;60,"Azo, Diazo, Azido, Hydrazine, and Azide Compounds;Salts, Acidic"
3064-70-8,BIS (TRICHLOROMETHYL) SULFONE,31;66,"Halogenated Organic Compounds;Sulfonates, Phosphonates, and Thiophosphonates, Organic"
3066-70-4,"2,3-DIBROMOPROPYL METHACRYLATE",6;31;56,Acrylates and Acrylic Acids;Halogenated Organic Compounds;Polymerizable Compounds
3068-88-0,BETA-BUTYROLACTONE,27,"Esters, Sulfate Esters, Phosphate Esters, Thiophosphate Esters, and Borate Esters"
30746-58-8,"1,2,3,4-TETRACHLORODIBENZO-P-DIOXIN",16;28;35,"Aryl Halides;Ethers;Hydrocarbons, Aromatic"
308068-21-5,MARBLE,21,Carbonate Salts
3081-14-9,"N,N&#39;-BIS(1,4-DIMETHYLPENTYL)-P-PHENYLENEDIAMINE",13,"Amines, Aromatic"
3083-23-6,"1,2-EPOXY-3,3,3-TRICHLOROPROPANE",26;31;56,Epoxides;Halogenated Organic Compounds;Polymerizable Compounds
3083-25-8,"1,2-EPOXY-4,4,4-TRICHLOROBUTANE",26;31;56,Epoxides;Halogenated Organic Compounds;Polymerizable Compounds
3085-26-5,ISODECALDEHYDE,9,Aldehydes
3087-37-4,TETRAPROPYL ORTHOTITANATE,18,"Bases, Strong"
309-00-2,"ALDRIN, LIQUID",31;34,"Halogenated Organic Compounds;Hydrocarbons, Aliphatic Unsaturated"
309-36-4,SODIUM METHOHEXITAL,11;12;19;34;61,"Alkynes, with No Acetylenic Hydrogen;Amides and Imides;Bases, Weak;Hydrocarbons, Aliphatic Unsaturated;Salts, Basic"
3097-08-3,"DODECYL SULFATE, [MAGNESIUM SALT]",33;61,"Hydrocarbons, Aliphatic Saturated;Salts, Basic"
3101-60-8,P-TERT-BUTYLPHENYL GLYCIDYL ETHER,26;28,Epoxides;Ethers
3105-97-3,HYCANTHONE,8;14;38;64,"Alcohols and Polyols;Amines, Phosphines, and Pyridines;Ketones;Sulfides, Organic"
311-45-5,DIETHYL-P-NITROPHENYL PHOSPHATE,27;46,"Esters, Sulfate Esters, Phosphate Esters, Thiophosphate Esters, and Borate Esters;Nitro, Nitroso, Nitrate, and Nitrite Compounds, Organic"
3113-71-1,3-METHYL-4-NITROBENZOIC ACID,2;46,"Acids, Carboxylic;Nitro, Nitroso, Nitrate, and Nitrite Compounds, Organic"
3113-72-2,5-METHYL-2-NITROBENZOIC ACID,2;46,"Acids, Carboxylic;Nitro, Nitroso, Nitrate, and Nitrite Compounds, Organic"
3118-97-6,C.I. SOLVENT ORANGE 7,17;55,"Azo, Diazo, Azido, Hydrazine, and Azide Compounds;Phenols and Cresols"
3121-61-7,2-METHOXYETHYL ACRYLATE,6;28;56,Acrylates and Acrylic Acids;Ethers;Polymerizable Compounds
31212-28-9,NITROBENZENESULFONIC ACID,4;46,"Acids, Strong Oxidizing;Nitro, Nitroso, Nitrate, and Nitrite Compounds, Organic"
31218-83-4,PROPETAMPHOS,14;27;34,"Amines, Phosphines, and Pyridines;Esters, Sulfate Esters, Phosphate Esters, Thiophosphate Esters, and Borate Esters;Hydrocarbons, Aliphatic Unsaturated"
31282-04-9,HYGROMYCIN B,8;14;28,"Alcohols and Polyols;Amines, Phosphines, and Pyridines;Ethers"
3129-91-7,DICYCLOHEXYLAMMONIUM NITRITE,43;60,"Nitrate and Nitrite Compounds, Inorganic;Salts, Acidic"
3131-60-0,6-AZACYTIDINE,8;12;14,"Alcohols and Polyols;Amides and Imides;Amines, Phosphines, and Pyridines"
314-13-6,DIRECT BLUE 53,13;17;55,"Amines, Aromatic;Azo, Diazo, Azido, Hydrazine, and Azide Compounds;Phenols and Cresols"
314-40-9,BROMACIL,12;14;16,"Amides and Imides;Amines, Phosphines, and Pyridines;Aryl Halides"
31430-18-9,NOCODAZOLE,14;20;64,"Amines, Phosphines, and Pyridines;Carbamates;Sulfides, Organic"
31431-39-7,MEBENDAZOLE,20;38,Carbamates;Ketones
315-18-4,MEXACARBATE,14;20,"Amines, Phosphines, and Pyridines;Carbamates"
315-30-0,"4-HYDROXYPYRAZOLO(3,4-D)PYRIMIDINE",12;14,"Amides and Imides;Amines, Phosphines, and Pyridines"
31551-45-8,"2,7-DINITRO-9H-FLUOREN-9-ONE",38;46,"Ketones;Nitro, Nitroso, Nitrate, and Nitrite Compounds, Organic"
31565-19-2,ISOOCTYL ACETATE,27,"Esters, Sulfate Esters, Phosphate Esters, Thiophosphate Esters, and Borate Esters"
316-42-7,"EMETINE, DIHYDROCHLORIDE",28;35;60,"Ethers;Hydrocarbons, Aromatic;Salts, Acidic"
3160-37-0,PIPERONYL ACETONE,1;28;34;38,"Acetals, Ketals, Hemiacetals, and Hemiketals;Ethers;Hydrocarbons, Aliphatic Unsaturated;Ketones"
3165-93-3,4-CHLORO-O-TOLUIDINE HYDROCHLORIDE,16;60,"Aryl Halides;Salts, Acidic"
3173-72-6,"1,5-NAPHTHALENE DIISOCYANATE",37,Isocyanates and Isothiocyanates
3179-47-3,DECYL METHACRYLATE,6;56,Acrylates and Acrylic Acids;Polymerizable Compounds
3179-56-4,"ACETYL CYCLOHEXANESULFONYL PEROXIDE, [&lt;= 82%, WETTED WITH &gt;= 12% WATER]",53;66;68,"Peroxides, Organic;Sulfonates, Phosphonates, and Thiophosphonates, Organic;Water and Aqueous Solutions"
3179-90-6,DISPERSE BLUE 7,14;38;55,"Amines, Phosphines, and Pyridines;Ketones;Phenols and Cresols"
3188-13-4,CHLOROMETHYL ETHYL ETHER,28;31,Ethers;Halogenated Organic Compounds
319-84-6,ALPHA-BHC,31,Halogenated Organic Compounds
319-85-7,BETA-BHC,31,Halogenated Organic Compounds
319-86-8,DELTA-BHC,31,Halogenated Organic Compounds
320-67-2,5-AZACYTIDINE,8;12;14,"Alcohols and Polyols;Amides and Imides;Amines, Phosphines, and Pyridines"
3209-22-1,"2,3-DICHLORONITROBENZENE",16;46,"Aryl Halides;Nitro, Nitroso, Nitrate, and Nitrite Compounds, Organic"
321-38-0,1-FLUORONAPHTHALENE,16;30,Aryl Halides;Fluorinated Organic Compounds
321-60-8,2-FLUOROBIPHENYL,16,Aryl Halides
322012-65-7,3-METHYL-6-METHOXY-2-AMINOBENZOTHIAZOLIUM CHLORIDE,14;57;64,"Amines, Phosphines, and Pyridines;Quaternary Ammonium and Phosphonium Salts;Sulfides, Organic"
3234-02-4,"TRANS-2,3-DIBROMO-2-BUTENE-1,4-DIOL",8;31;34,"Alcohols and Polyols;Halogenated Organic Compounds;Hydrocarbons, Aliphatic Unsaturated"
3234-28-4,"1,2-EPOXYTETRADECANE",26;56,Epoxides;Polymerizable Compounds
3237-50-1,ALLOXAN MONOHYDRATE,12;38,Amides and Imides;Ketones
3248-28-0,DIPROPIONYL PEROXIDE,53,"Peroxides, Organic"
3251-23-8,CUPRIC NITRATE,43,"Nitrate and Nitrite Compounds, Inorganic"
3252-43-5,DIBROMOACETONITRILE,31;45,Halogenated Organic Compounds;Nitriles
32534-81-9,PENTABROMODIPHENYL OXIDE,16;28,Aryl Halides;Ethers
32534-95-5,"2,4,5-TRICHLOROPHENOXYPROPIONIC ACID, ISOOCTYL ESTER",16;27;28,"Aryl Halides;Esters, Sulfate Esters, Phosphate Esters, Thiophosphate Esters, and Borate Esters;Ethers"
3254-63-5,"PHOSPHORIC ACID, DIMETHYL 4-(METHYLTHIO) PHENYL ESTER",5;27;64,"Acids, Weak;Esters, Sulfate Esters, Phosphate Esters, Thiophosphate Esters, and Borate Esters;Sulfides, Organic"
32588-76-4,"N,N-ETHYLENE-BIS(TETRABROMOPHTHALIMIDE)",12;16,Amides and Imides;Aryl Halides
326-61-4,PIPERONYL ACETATE,1;27;28,"Acetals, Ketals, Hemiacetals, and Hemiketals;Esters, Sulfate Esters, Phosphate Esters, Thiophosphate Esters, and Borate Esters;Ethers"
3266-23-7,"2,3-EPOXYBUTANE",26;56,Epoxides;Polymerizable Compounds
3268-87-9,OCTACHLORODIBENZO-P-DIOXIN,16;28,Aryl Halides;Ethers
327-98-0,TRICHLORONATE,16;66,"Aryl Halides;Sulfonates, Phosphonates, and Thiophosphonates, Organic"
328-84-7,"3,4-DICHLOROBENZOTRIFLUORIDE",16;30,Aryl Halides;Fluorinated Organic Compounds
3288-58-2,"O,O-DIETHYL S-METHYL DITHIOPHOSPHATE",27,"Esters, Sulfate Esters, Phosphate Esters, Thiophosphate Esters, and Borate Esters"
329-65-7,"3,4-DIHYDROXYL-ALPHA-[METHYLAMINO]METHYLBENZYL ALCOHOL",14;55,"Amines, Phosphines, and Pyridines;Phenols and Cresols"
329-71-5,"2,5-DINITROPHENOL",46;55,"Nitro, Nitroso, Nitrate, and Nitrite Compounds, Organic;Phenols and Cresols"
329-89-5,6-AMINONICOTINAMIDE,12;14,"Amides and Imides;Amines, Phosphines, and Pyridines"
329-99-7,CYCLO-SARIN,7;66,"Acyl Halides, Sulfonyl Halides, and Chloroformates;Sulfonates, Phosphonates, and Thiophosphonates, Organic"
3296-90-0,"2,2-BIS(BROMOMETHYL)-1,3-PROPANEDIOL",8;31,Alcohols and Polyols;Halogenated Organic Compounds
330-54-1,DIURON,12;16,Amides and Imides;Aryl Halides
330-55-2,LINURON,12;13;16,"Amides and Imides;Amines, Aromatic;Aryl Halides"
33069-62-4,TAXOL,8;12;27;34,"Alcohols and Polyols;Amides and Imides;Esters, Sulfate Esters, Phosphate Esters, Thiophosphate Esters, and Borate Esters;Hydrocarbons, Aliphatic Unsaturated"
33089-61-1,AMITRAZ,14;35,"Amines, Phosphines, and Pyridines;Hydrocarbons, Aromatic"
331-39-5,"3,4-DIHYDROXYCINNAMIC ACID",2;34;55,"Acids, Carboxylic;Hydrocarbons, Aliphatic Unsaturated;Phenols and Cresols"
3318-43-2,INDOL-3-YL SODIUM PHOSPHATE,14;27;61,"Amines, Phosphines, and Pyridines;Esters, Sulfate Esters, Phosphate Esters, Thiophosphate Esters, and Borate Esters;Salts, Basic"
3319-31-1,TRIS(2-ETHYLHEXYL) TRIMELLITATE,27,"Esters, Sulfate Esters, Phosphate Esters, Thiophosphate Esters, and Borate Esters"
33213-65-9,BETA-ENDOSULFAN,27;31;34,"Esters, Sulfate Esters, Phosphate Esters, Thiophosphate Esters, and Borate Esters;Halogenated Organic Compounds;Hydrocarbons, Aliphatic Unsaturated"
3322-93-8,"1-(1,2-DIBROMOETHYL)-3,4-DIBROMOCYCLOHEXANE",31,Halogenated Organic Compounds
33229-34-4,HC BLUE 2,8;14;46,"Alcohols and Polyols;Amines, Phosphines, and Pyridines;Nitro, Nitroso, Nitrate, and Nitrite Compounds, Organic"
333-41-5,DIAZINON,14;27,"Amines, Phosphines, and Pyridines;Esters, Sulfate Esters, Phosphate Esters, Thiophosphate Esters, and Borate Esters"
3333-52-6,TETRAMETHYLSUCCINONITRILE,45,Nitriles
33391-22-9,OFFSET NEWS BLACK NEWSPRINT INK,33,"Hydrocarbons, Aliphatic Saturated"
334-48-5,DECANOIC ACID,2,"Acids, Carboxylic"
334-88-3,DIAZOMETHANE,17,"Azo, Diazo, Azido, Hydrazine, and Azide Compounds"
335-76-2,PERFLUORODECANOIC ACID,2;30,"Acids, Carboxylic;Fluorinated Organic Compounds"
33703-08-1,DIISONONYL ADIPATE,27,"Esters, Sulfate Esters, Phosphate Esters, Thiophosphate Esters, and Borate Esters"
3383-96-8,TEMEPHOS,27;64,"Esters, Sulfate Esters, Phosphate Esters, Thiophosphate Esters, and Borate Esters;Sulfides, Organic"
33857-26-0,"2,7-DICHLORODIBENZO-P-DIOXIN",28;31,Ethers;Halogenated Organic Compounds
3389-71-7,"1,2,3,4,7,7-HEXACHLOROBICYCLO[2.2.1]HEPTA-2,5-DIENE",23;31,Conjugated Dienes;Halogenated Organic Compounds
34014-18-1,TEBUTHIURON,12;17;64,"Amides and Imides;Azo, Diazo, Azido, Hydrazine, and Azide Compounds;Sulfides, Organic"
34077-87-7,DICHLOROTRIFLUOROETHANE,30,Fluorinated Organic Compounds
341-69-5,ORPHENADRINE HYDROCHLORIDE,14;28,"Amines, Phosphines, and Pyridines;Ethers"
342-69-8,6-METHYLMERCAPTOPURINE RIBOSIDE,8;14;64,"Alcohols and Polyols;Amines, Phosphines, and Pyridines;Sulfides, Organic"
342-95-0,"O-D,L-SARCOLYSIN",2;14;31,"Acids, Carboxylic;Amines, Phosphines, and Pyridines;Halogenated Organic Compounds"
34216-34-7,TRIMETHYLCYCLOHEXYLAMINE,14,"Amines, Phosphines, and Pyridines"
3437-84-1,DIISOBUTYRYL PEROXIDE,53,"Peroxides, Organic"
3457-61-2,TERT-BUTYL CUMENE PEROXIDE,53,"Peroxides, Organic"
34580-13-7,KETOTIFEN,14;28;34;38,"Amines, Phosphines, and Pyridines;Ethers;Hydrocarbons, Aliphatic Unsaturated;Ketones"
346-18-9,POLYTHIAZIDE,14;16;30;66,"Amines, Phosphines, and Pyridines;Aryl Halides;Fluorinated Organic Compounds;Sulfonates, Phosphonates, and Thiophosphonates, Organic"
34651-95-1,"(MONO)-(TRICHLORO)-TETRA-(MONOPOTASSIUM DICHLORO)-PENTA-S-TRIAZINETRIONE, DRY",7;32;50;60,"Acyl Halides, Sulfonyl Halides, and Chloroformates;Halogenating Agents;Oxidizing Agents, Strong;Salts, Acidic"
348-54-9,2-FLUOROANILINE,13;16,"Amines, Aromatic;Aryl Halides"
34807-41-5,MEZEREIN,1;8;23;26;27;28;34;38,"Acetals, Ketals, Hemiacetals, and Hemiketals;Alcohols and Polyols;Conjugated Dienes;Epoxides;Esters, Sulfate Esters, Phosphate Esters, Thiophosphate Esters, and Borate Esters;Ethers;Hydrocarbons, Aliphatic Unsaturated;Ketones"
3486-35-9,ZINC CARBONATE,21,Carbonate Salts
34913-07-0,2-(P-PENTYLPHENYL)-5-(P-PENTYLOXYPHENYL)PYRIMIDINE,14,"Amines, Phosphines, and Pyridines"
3497-00-5,PHENYLPHOSPHORUS THIODICHLORIDE,7;66,"Acyl Halides, Sulfonyl Halides, and Chloroformates;Sulfonates, Phosphonates, and Thiophosphonates, Organic"
352-32-9,4-FLUOROTOLUENE,16,Aryl Halides
352-70-5,3-FLUOROTOLUENE,16,Aryl Halides
3524-68-3,PENTAERYTHRITOL TRIACRYLATE,6;8;56,Acrylates and Acrylic Acids;Alcohols and Polyols;Polymerizable Compounds
35367-38-5,DIFLUBENZURON,12;16;30,Amides and Imides;Aryl Halides;Fluorinated Organic Compounds
354-11-0,"1,1,1,2-TETRACHLORO-2-FLUOROETHANE",30,Fluorinated Organic Compounds
354-14-3,"1,1,2,2-TETRACHLORO-1-FLUOROETHANE",30,Fluorinated Organic Compounds
354-25-6,"1-CHLORO-1,1,2,2-TETRAFLUOROETHANE",30,Fluorinated Organic Compounds
354-33-6,PENTAFLUOROETHANE,30,Fluorinated Organic Compounds
35400-43-2,SULPROFOS,27;64,"Esters, Sulfate Esters, Phosphate Esters, Thiophosphate Esters, and Borate Esters;Sulfides, Organic"
3546-10-9,PHENESTRIN,14;27;31;34,"Amines, Phosphines, and Pyridines;Esters, Sulfate Esters, Phosphate Esters, Thiophosphate Esters, and Borate Esters;Halogenated Organic Compounds;Hydrocarbons, Aliphatic Unsaturated"
3546-41-6,PYRVINIUM PAMOATE,13;55;57;61,"Amines, Aromatic;Phenols and Cresols;Quaternary Ammonium and Phosphonium Salts;Salts, Basic"
3547-04-4,DDE,16,Aryl Halides
35471-49-9,POTASSIUM 2-BENZYL-4-CHLOROPHENATE,16;54;61,"Aryl Halides;Phenolic Salts;Salts, Basic"
35554-44-0,IMAZALIL,14;16;34,"Amines, Phosphines, and Pyridines;Aryl Halides;Hydrocarbons, Aliphatic Unsaturated"
3563-36-8,SESQUIMUSTARD,31;58;64,"Halogenated Organic Compounds;Reducing Agents, Strong;Sulfides, Organic"
3564-09-8,PONCEAU 3R,17;47;55,"Azo, Diazo, Azido, Hydrazine, and Azide Compounds;Non-Redox-Active Inorganic Compounds;Phenols and Cresols"
3567-69-9,C.I. ACID RED 14,17;55;61;66,"Azo, Diazo, Azido, Hydrazine, and Azide Compounds;Phenols and Cresols;Salts, Basic;Sulfonates, Phosphonates, and Thiophosphonates, Organic"
3569-57-1,"SULFOXIDE, 3-CHLOROPROPYL OCTYL",31;66,"Halogenated Organic Compounds;Sulfonates, Phosphonates, and Thiophosphonates, Organic"
35691-65-7,"1-BROMO-1-(BROMOMETHYL)-1,3-PROPANEDICARBONITRILE",31;45;56,Halogenated Organic Compounds;Nitriles;Polymerizable Compounds
357-57-3,BRUCINE,12;14;28,"Amides and Imides;Amines, Phosphines, and Pyridines;Ethers"
3577-63-7,5-SULFOANTHRANILIC ACID,2;13;66,"Acids, Carboxylic;Amines, Aromatic;Sulfonates, Phosphonates, and Thiophosphonates, Organic"
3582-17-0,DIMETHYLTIN DIFLUORIDE,5;49,"Acids, Weak;Organometallics"
35822-46-9,"1,2,3,4,6,7,8-HEPTACHLORODIBENZO-P-DIOXIN",16;28,Aryl Halides;Ethers
35884-77-6,XYLYL BROMIDE,16,Aryl Halides
360-89-4,OCTAFLUOROBUT-2-ENE,30;34,"Fluorinated Organic Compounds;Hydrocarbons, Aliphatic Unsaturated"
36059-21-9,"3,4,5,6-TETRABROMO-O-XYLENE",16,Aryl Halides
3615-21-2,"BENZIMIDAZOLE, 4,5-DICHLORO-2-(TRIFLUOROMETHYL)-",14;16;30,"Amines, Phosphines, and Pyridines;Aryl Halides;Fluorinated Organic Compounds"
3626-28-6,DIRECT GREEN 1,13;17;55,"Amines, Aromatic;Azo, Diazo, Azido, Hydrazine, and Azide Compounds;Phenols and Cresols"
36355-01-8,HEXABROMOBIPHENYL,16,Aryl Halides
36451-09-9,2-DIAZO-1-NAPHTHOL-4-SULFONYL CHLORIDE,7;8;17,"Acyl Halides, Sulfonyl Halides, and Chloroformates;Alcohols and Polyols;Azo, Diazo, Azido, Hydrazine, and Azide Compounds"
3648-20-2,DIUNDECYL PHTHALATE,27,"Esters, Sulfate Esters, Phosphate Esters, Thiophosphate Esters, and Borate Esters"
3648-21-3,DIHEPTYL PHTHALATE,27,"Esters, Sulfate Esters, Phosphate Esters, Thiophosphate Esters, and Borate Esters"
3653-48-3,METHOXONE SODIUM SALT,28;31;61,"Ethers;Halogenated Organic Compounds;Salts, Basic"
366-70-1,PROCARBAZINE HYDROCHLORIDE,12;17;35;60,"Amides and Imides;Azo, Diazo, Azido, Hydrazine, and Azide Compounds;Hydrocarbons, Aromatic;Salts, Acidic"
3665-80-3,N-ETHYL-4-NITROANILINE,13;46,"Amines, Aromatic;Nitro, Nitroso, Nitrate, and Nitrite Compounds, Organic"
367-12-4,2-FLUOROPHENOL,16;55,Aryl Halides;Phenols and Cresols
367-25-9,"2,4-DIFLUOROANILINE",13;16,"Amines, Aromatic;Aryl Halides"
367-51-1,"THIOGLYCOLIC ACID, SODIUM SALT",61;64,"Salts, Basic;Sulfides, Organic"
36791-04-5,RIBAVIRIN,8;12;14,"Alcohols and Polyols;Amides and Imides;Amines, Phosphines, and Pyridines"
3680-02-2,METHYL VINYL SULFONE,34;56;66,"Hydrocarbons, Aliphatic Unsaturated;Polymerizable Compounds;Sulfonates, Phosphonates, and Thiophosphonates, Organic"
3682-19-7,4-NITROPHTHALHYDRAZIDE,17;46,"Azo, Diazo, Azido, Hydrazine, and Azide Compounds;Nitro, Nitroso, Nitrate, and Nitrite Compounds, Organic"
3687-22-7,"2,4-DINITRO-6-(1-METHYLHEPTYL)PHENOL",46;55,"Nitro, Nitroso, Nitrate, and Nitrite Compounds, Organic;Phenols and Cresols"
3688-53-7,AF-2,12;28;46,"Amides and Imides;Ethers;Nitro, Nitroso, Nitrate, and Nitrite Compounds, Organic"
3689-24-5,TETRAETHYL DITHIOPYROPHOSPHATE,15;27,"Anhydrides;Esters, Sulfate Esters, Phosphate Esters, Thiophosphate Esters, and Borate Esters"
3691-35-8,CHLOROPHACINONE,16;38,Aryl Halides;Ketones
3697-24-3,5-METHYLCHRYSENE,35,"Hydrocarbons, Aromatic"
3709-43-1,"4,4&#39;-DINITRO-2,2&#39;-STILBENEDISULFONIC ACID DISODIUM SALT",34;46;47;66,"Hydrocarbons, Aliphatic Unsaturated;Nitro, Nitroso, Nitrate, and Nitrite Compounds, Organic;Non-Redox-Active Inorganic Compounds;Sulfonates, Phosphonates, and Thiophosphonates, Organic"
3711-51-1,"DIETHYLTHIOPHOSPHORYL CHLORIDE, [LIQUID]",7,"Acyl Halides, Sulfonyl Halides, and Chloroformates"
37187-22-7,ACETYL ACETONE PEROXIDE,38;53,"Ketones;Peroxides, Organic"
372-09-8,CYANOACETIC ACID,2;5;45,"Acids, Carboxylic;Acids, Weak;Nitriles"
37206-20-5,METHYL ISOBUTYL KETONE PEROXIDE,38;53,"Ketones;Peroxides, Organic"
37224-57-0,ZINC POTASSIUM CHROMATE,50;61,"Oxidizing Agents, Strong;Salts, Basic"
373-02-4,NICKEL ACETATE,61,"Salts, Basic"
3731-39-3,2&#39;-METHYL-4-DIMETHYLAMINOAZOBENZENE,14;17,"Amines, Phosphines, and Pyridines;Azo, Diazo, Azido, Hydrazine, and Azide Compounds"
37324-23-5,PCB-1262,16,Aryl Halides
3734-97-2,AMITON OXALATE,14;60;66,"Amines, Phosphines, and Pyridines;Salts, Acidic;Sulfonates, Phosphonates, and Thiophosphonates, Organic"
3735-23-7,METHYL PHENKAPTON,16;27;64,"Aryl Halides;Esters, Sulfate Esters, Phosphate Esters, Thiophosphate Esters, and Borate Esters;Sulfides, Organic"
37527-56-3,"DIETHYL-P-TERPHENYL-P,P&#39;&#39;-CARBOXYLATE",27,"Esters, Sulfate Esters, Phosphate Esters, Thiophosphate Esters, and Borate Esters"
37558-16-0,"PHORBOL-12,13-DIBUTYRATE",8;27;34;38,"Alcohols and Polyols;Esters, Sulfate Esters, Phosphate Esters, Thiophosphate Esters, and Borate Esters;Hydrocarbons, Aliphatic Unsaturated;Ketones"
3761-53-3,C.I. FOOD RED 5,17;55;61;66,"Azo, Diazo, Azido, Hydrazine, and Azide Compounds;Phenols and Cresols;Salts, Basic;Sulfonates, Phosphonates, and Thiophosphonates, Organic"
3770-97-6,2-DIAZO-1-NAPHTHOL-5-SULFONYL CHLORIDE,7;8;17,"Acyl Halides, Sulfonyl Halides, and Chloroformates;Alcohols and Polyols;Azo, Diazo, Azido, Hydrazine, and Azide Compounds"
3771-19-5,NAFENOPIN,2;28;35,"Acids, Carboxylic;Ethers;Hydrocarbons, Aromatic"
3782-80-7,ETHYL P-(P&#39;-PHENYLBENZALAMINO)BENZOATE,14;27,"Amines, Phosphines, and Pyridines;Esters, Sulfate Esters, Phosphate Esters, Thiophosphate Esters, and Borate Esters"
37853-59-1,"1,2-BIS(2,4,6-TRIBROMOPHENOXY)ETHANE",16;28,Aryl Halides;Ethers
379-79-3,ERGOTAMINE TARTRATE,1;12;14;60,"Acetals, Ketals, Hemiacetals, and Hemiketals;Amides and Imides;Amines, Phosphines, and Pyridines;Salts, Acidic"
3810-74-0,STREPTOMYCIN SULFATE (2:3) (SALT),1;8;9;14;60,"Acetals, Ketals, Hemiacetals, and Hemiketals;Alcohols and Polyols;Aldehydes;Amines, Phosphines, and Pyridines;Salts, Acidic"
3811-04-9,POTASSIUM CHLORATE,50;68,"Oxidizing Agents, Strong;Water and Aqueous Solutions"
3817-11-6,4-HYDROXYBUTYLBUTYLNITROSAMINE,8;17;46,"Alcohols and Polyols;Azo, Diazo, Azido, Hydrazine, and Azide Compounds;Nitro, Nitroso, Nitrate, and Nitrite Compounds, Organic"
384-22-5,"2-NITRO-ALPHA,ALPHA,ALPHA-TRIFLUOROTOLUENE",30;46,"Fluorinated Organic Compounds;Nitro, Nitroso, Nitrate, and Nitrite Compounds, Organic"
38465-60-0,COPPER FLUOROBORATE,47;68,Non-Redox-Active Inorganic Compounds;Water and Aqueous Solutions
3848-24-6,"2,3-HEXANEDIONE",38,Ketones
38661-72-2,"1,3-BIS(METHYLISOCYANATE)CYCLOHEXANE",37,Isocyanates and Isothiocyanates
38727-55-8,DIETHATYL ETHYL,12;27;31,"Amides and Imides;Esters, Sulfate Esters, Phosphate Esters, Thiophosphate Esters, and Borate Esters;Halogenated Organic Compounds"
3878-19-1,FUBERIDAZOLE,14;28,"Amines, Phosphines, and Pyridines;Ethers"
3882-98-2,2-AMINO-2-THIAZOLINE HYDROCHLORIDE,14;60;64,"Amines, Phosphines, and Pyridines;Salts, Acidic;Sulfides, Organic"
38848-76-9,"1,1-DIMETHYL-1-(2-HYDROXYPROPYLAMINE)TETRADECANIMIDE",8;12;17;57,"Alcohols and Polyols;Amides and Imides;Azo, Diazo, Azido, Hydrazine, and Azide Compounds;Quaternary Ammonium and Phosphonium Salts"
389-08-2,NALIDIXIC ACID,2;14;35;38,"Acids, Carboxylic;Amines, Phosphines, and Pyridines;Hydrocarbons, Aromatic;Ketones"
39098-97-0,THIOPHENE-2-ACETYL CHLORIDE,7;64,"Acyl Halides, Sulfonyl Halides, and Chloroformates;Sulfides, Organic"
39156-41-7,"2,4-DIAMINOANISOLE SULFATE",28;60,"Ethers;Salts, Acidic"
39196-18-4,THIOFANOX,20;52,Carbamates;Oximes
3926-62-3,SODIUM CHLOROACETATE,31;61,"Halogenated Organic Compounds;Salts, Basic"
393-52-2,2-FLUOROBENZOYL CHLORIDE,7;16,"Acyl Halides, Sulfonyl Halides, and Chloroformates;Aryl Halides"
393-75-9,"4-CHLORO-3,5-DINITRO-ALPHA,ALPHA,ALPHA-TRIFLUOROTOLUENE",16;30;46,"Aryl Halides;Fluorinated Organic Compounds;Nitro, Nitroso, Nitrate, and Nitrite Compounds, Organic"
39300-45-3,DINOCAP,27;34;46,"Esters, Sulfate Esters, Phosphate Esters, Thiophosphate Esters, and Borate Esters;Hydrocarbons, Aliphatic Unsaturated;Nitro, Nitroso, Nitrate, and Nitrite Compounds, Organic"
39300-88-4,TARA GUM,48,Not Chemically Reactive
39407-03-9,OCTYL ACID PHOSPHATE,5;27,"Acids, Weak;Esters, Sulfate Esters, Phosphate Esters, Thiophosphate Esters, and Borate Esters"
39450-05-0,HALOWAX 1099,16;31,Aryl Halides;Halogenated Organic Compounds
39515-41-8,FENPROPATHRIN,27;28;45,"Esters, Sulfate Esters, Phosphate Esters, Thiophosphate Esters, and Borate Esters;Ethers;Nitriles"
396-01-0,TRIAMTERENE,14,"Amines, Phosphines, and Pyridines"
39638-32-9,BIS(2-CHLOROISOPROPYL) ETHER,28;31,Ethers;Halogenated Organic Compounds
39817-09-9,METHYLENE BIS(PHENYLENEOXYMETHYLENE)BISOXIRANE,26;28,Epoxides;Ethers
40058-87-5,ISOPROPYL 2-CHLOROPROPIONATE,27;31,"Esters, Sulfate Esters, Phosphate Esters, Thiophosphate Esters, and Borate Esters;Halogenated Organic Compounds"
4016-11-9,"1,2-EPOXY-3-ETHOXYPROPANE",26;28;56,Epoxides;Ethers;Polymerizable Compounds
402-54-0,P-NITROBENZOTRIFLUORIDE,30;35;46,"Fluorinated Organic Compounds;Hydrocarbons, Aromatic;Nitro, Nitroso, Nitrate, and Nitrite Compounds, Organic"
40334-69-8,LEWISITE 2,31;32;34,"Halogenated Organic Compounds;Halogenating Agents;Hydrocarbons, Aliphatic Unsaturated"
40334-70-1,LEWISITE 3,31;32;34,"Halogenated Organic Compounds;Halogenating Agents;Hydrocarbons, Aliphatic Unsaturated"
40379-24-6,ISONONYL ACETATE,27,"Esters, Sulfate Esters, Phosphate Esters, Thiophosphate Esters, and Borate Esters"
4044-65-9,BITOSCANATE,37,Isocyanates and Isothiocyanates
40487-42-1,PENDIMETHALIN,13;46,"Amines, Aromatic;Nitro, Nitroso, Nitrate, and Nitrite Compounds, Organic"
406-90-6,FLUOROXENE,28;30;34,"Ethers;Fluorinated Organic Compounds;Hydrocarbons, Aliphatic Unsaturated"
4067-16-7,PENTAETHYLENEHEXAMINE,14,"Amines, Phosphines, and Pyridines"
4074-88-8,DIETHYLENE GLYCOL DIACRYLATE,6;27;56,"Acrylates and Acrylic Acids;Esters, Sulfate Esters, Phosphate Esters, Thiophosphate Esters, and Borate Esters;Polymerizable Compounds"
40766-31-2,1-PHENYL-1-XYLYL ETHANE,35,"Hydrocarbons, Aromatic"
4080-31-3,"1-(3-CHLOROALLYL)-3,5,7-TRIAZA-1-AZONIAADAMANTANE CHLORIDE",14;31;34;57,"Amines, Phosphines, and Pyridines;Halogenated Organic Compounds;Hydrocarbons, Aliphatic Unsaturated;Quaternary Ammonium and Phosphonium Salts"
40881-98-9,"N,N-DIPROPYL PHOSPHORAMIDIC DICHLORIDE",7;12,"Acyl Halides, Sulfonyl Halides, and Chloroformates;Amides and Imides"
409-21-2,SILICON CARBIDE,44,"Nitrides, Phosphides, Carbides, and Silicides"
40915-55-7,O-CHLOROBENZALMALONONITRILE,16;45,Aryl Halides;Nitriles
4097-22-7,"2&#39;,3&#39;-DIDEOXYADENOSINE",8;14;28,"Alcohols and Polyols;Amines, Phosphines, and Pyridines;Ethers"
4104-14-7,PHOSACETIM,14;16;27,"Amines, Phosphines, and Pyridines;Aryl Halides;Esters, Sulfate Esters, Phosphate Esters, Thiophosphate Esters, and Borate Esters"
41122-70-7,4-N-HEXYL-4&#39;-CYANOBIPHENYL,45,Nitriles
41198-08-7,PROFENOFOS,16;27,"Aryl Halides;Esters, Sulfate Esters, Phosphate Esters, Thiophosphate Esters, and Borate Esters"
4128-73-8,"4,4&#39;-DIISOCYANATODIPHENYL ETHER",28;37,Ethers;Isocyanates and Isothiocyanates
41587-36-4,CHLORONITROANILINES,14;31;46,"Amines, Phosphines, and Pyridines;Halogenated Organic Compounds;Nitro, Nitroso, Nitrate, and Nitrite Compounds, Organic"
41766-75-0,"3,3&#39;-DIMETHYLBENZIDINE DIHYDROFLUORIDE",29;60,"Fluoride Salts, Soluble;Salts, Acidic"
4196-86-5,"2,2-BIS((BENZOYLOXY)METHYL)DIBENZOATE-1,3-PROPANEDIOL",27,"Esters, Sulfate Esters, Phosphate Esters, Thiophosphate Esters, and Borate Esters"
4196-87-6,"2-((BENZOYLOXY)METHYL)-2-METHYLDIBENZOATE-1,3-PROPANEDIOL",27,"Esters, Sulfate Esters, Phosphate Esters, Thiophosphate Esters, and Borate Esters"
4198-19-0,C.I. DIRECT BLUE 10,17;55;61;66,"Azo, Diazo, Azido, Hydrazine, and Azide Compounds;Phenols and Cresols;Salts, Basic;Sulfonates, Phosphonates, and Thiophosphonates, Organic"
420-04-2,CYANAMIDE,14;45;56,"Amines, Phosphines, and Pyridines;Nitriles;Polymerizable Compounds"
42135-22-8,3-NITRO-9-FLUORENONE,38;46,"Ketones;Nitro, Nitroso, Nitrate, and Nitrite Compounds, Organic"
42195-92-6,"2,3-DIMETHYLCYCLOHEXYL AMINE",14,"Amines, Phosphines, and Pyridines"
422-44-6,"1,2-DICHLORO-1,1,2,3,3-PENTAFLUOROPROPANE",30,Fluorinated Organic Compounds
422-48-0,"2,3-DICHLORO-1,1,1,2,3-PENTAFLUOROPROPANE",30,Fluorinated Organic Compounds
422-56-0,"3,3-DICHLORO-1,1,1,2,2-PENTAFLUOROPROPANE",30,Fluorinated Organic Compounds
42296-74-2,HEXADIENE,23,Conjugated Dienes
4252-78-2,"2,2&#39;,4&#39;-TRICHLOROACETOPHENONE",16;31;38,Aryl Halides;Halogenated Organic Compounds;Ketones
42615-29-2,PHENYLSULPHONIC ACID,4,"Acids, Strong Oxidizing"
428-59-1,HEXAFLUOROPROPYLENE OXIDE,26;30;56,Epoxides;Fluorinated Organic Compounds;Polymerizable Compounds
42874-03-3,OXYFLUORFEN,16;28;30;46,"Aryl Halides;Ethers;Fluorinated Organic Compounds;Nitro, Nitroso, Nitrate, and Nitrite Compounds, Organic"
4300-97-4,CHLOROPIVALOYL CHLORIDE,7;31,"Acyl Halides, Sulfonyl Halides, and Chloroformates;Halogenated Organic Compounds"
4301-50-2,FLUENETIL,27;31,"Esters, Sulfate Esters, Phosphate Esters, Thiophosphate Esters, and Borate Esters;Halogenated Organic Compounds"
431-86-7,"1,2-DICHLORO-1,1,3,3,3-PENTAFLUOROPROPANE",30,Fluorinated Organic Compounds
43121-43-3,TRIADIMEFON,14;16;17;38,"Amines, Phosphines, and Pyridines;Aryl Halides;Azo, Diazo, Azido, Hydrazine, and Azide Compounds;Ketones"
43133-95-5,METHYL PENTANE,33,"Hydrocarbons, Aliphatic Saturated"
4316-42-1,"N,N-BUTYL IMIDAZOLE",14,"Amines, Phosphines, and Pyridines"
4320-30-3,L-ARGINYL-L-GLUTAMATE,12;60,"Amides and Imides;Salts, Acidic"
4337-65-9,MONO(2-ETHYLHEXYL) ADIPATE,2;27,"Acids, Carboxylic;Esters, Sulfate Esters, Phosphate Esters, Thiophosphate Esters, and Borate Esters"
434-07-1,OXYMETHOLONE,8;34;38,"Alcohols and Polyols;Hydrocarbons, Aliphatic Unsaturated;Ketones"
434-13-9,LITHOCHOLIC ACID,2;8,"Acids, Carboxylic;Alcohols and Polyols"
4342-03-4,DACARBAZINE,12;14;17;34,"Amides and Imides;Amines, Phosphines, and Pyridines;Azo, Diazo, Azido, Hydrazine, and Azide Compounds;Hydrocarbons, Aliphatic Unsaturated"
4345-03-3,D-ALPHA-TOCOPHERYL ACID SUCCINATE,2;5;27,"Acids, Carboxylic;Acids, Weak;Esters, Sulfate Esters, Phosphate Esters, Thiophosphate Esters, and Borate Esters"
4350-09-8,L-5-HYDROXYTRYPTOPHAN,55;60,"Phenols and Cresols;Salts, Acidic"
4376-20-9,MONO(2-ETHYLHEXYL)PHTHALATE,27,"Esters, Sulfate Esters, Phosphate Esters, Thiophosphate Esters, and Borate Esters"
438-41-5,CHLORDIAZEPOXIDE HYDROCHLORIDE,14;16;51;60,"Amines, Phosphines, and Pyridines;Aryl Halides;Oxidizing Agents, Weak;Salts, Acidic"
439-14-5,DIAZEPAM,14;16;38,"Amines, Phosphines, and Pyridines;Aryl Halides;Ketones"
4396-27-4,NONAMETHYLENEIMINE,14,"Amines, Phosphines, and Pyridines"
4403-61-6,2-METHYL-2-BUTENENITRILE,34;45,"Hydrocarbons, Aliphatic Unsaturated;Nitriles"
4403-90-1,D &amp; C GREEN 5,2;14;38;60,"Acids, Carboxylic;Amines, Phosphines, and Pyridines;Ketones;Salts, Acidic"
4405-13-4,GLYOXAL TRIMERIC DIHYDRATE,8;28,Alcohols and Polyols;Ethers
4418-26-2,SODIUM DEHYDROACETATE,27;54,"Esters, Sulfate Esters, Phosphate Esters, Thiophosphate Esters, and Borate Esters;Phenolic Salts"
4418-66-0,"PHENOL, 2,2&#39;-THIOBIS-4-CHLORO-6-METHYL-",16;55;64,"Aryl Halides;Phenols and Cresols;Sulfides, Organic"
4419-11-8,"2,2&#39;-AZODI-(2,4-DIMETHYLVALERONITRILE)",17;45,"Azo, Diazo, Azido, Hydrazine, and Azide Compounds;Nitriles"
4421-50-5,4-[BENZYL(METHYL)AMINO]-3-ETHOXYBENZENEDIAZONIUM ZINC CHLORIDE,13;17;25;28;60,"Amines, Aromatic;Azo, Diazo, Azido, Hydrazine, and Azide Compounds;Diazonium Salts;Ethers;Salts, Acidic"
4424-06-0,C.I. PIGMENT ORANGE 43,12;14,"Amides and Imides;Amines, Phosphines, and Pyridines"
443-48-1,METRONIDAZOLE,8;14;46,"Alcohols and Polyols;Amines, Phosphines, and Pyridines;Nitro, Nitroso, Nitrate, and Nitrite Compounds, Organic"
4435-53-4,BUTOXYL,27;28,"Esters, Sulfate Esters, Phosphate Esters, Thiophosphate Esters, and Borate Esters;Ethers"
4444-68-2,DIETHYLBUTYLAMINE,14,"Amines, Phosphines, and Pyridines"
446-86-6,AZATHIOPRINE,14;46;64,"Amines, Phosphines, and Pyridines;Nitro, Nitroso, Nitrate, and Nitrite Compounds, Organic;Sulfides, Organic"
4460-86-0,"2,4,5-TRIMETHOXYBENZALDEHYDE",9;28,Aldehydes;Ethers
4475-95-0,2-AMINO-2-METHYL-BUTANE NITRILE,14;45,"Amines, Phosphines, and Pyridines;Nitriles"
4507-98-6,"DI-(3,5,5-TRIMETHYL-1,2-DIOXOLANYL-3)PEROXIDE",1;53,"Acetals, Ketals, Hemiacetals, and Hemiketals;Peroxides, Organic"
4547-70-0,"BENZENE-1,3-DISULFONYL HYDRAZIDE",17;66,"Azo, Diazo, Azido, Hydrazine, and Azide Compounds;Sulfonates, Phosphonates, and Thiophosphonates, Organic"
4548-53-2,PONCEAU SX,17;47;55,"Azo, Diazo, Azido, Hydrazine, and Azide Compounds;Non-Redox-Active Inorganic Compounds;Phenols and Cresols"
4549-40-0,N-NITROSOMETHYLVINYLAMINE,17;34;46,"Azo, Diazo, Azido, Hydrazine, and Azide Compounds;Hydrocarbons, Aliphatic Unsaturated;Nitro, Nitroso, Nitrate, and Nitrite Compounds, Organic"
4553-62-2,"D,L-2-METHYLGLUTARONITRILE",45,Nitriles
4568-28-9,TRIETHANOLAMINE STEARATE,8;61,"Alcohols and Polyols;Salts, Basic"
458-37-7,CURCUMIN,28;34;38;55,"Ethers;Hydrocarbons, Aliphatic Unsaturated;Ketones;Phenols and Cresols"
4584-49-0,"2-CHLORO-N,N-DIMETHYL-1-PROPANAMINE HYDROCHLORIDE",14;31,"Amines, Phosphines, and Pyridines;Halogenated Organic Compounds"
460-35-5,"3-CHLORO-1,1,1-TRIFLUOROPROPANE",30,Fluorinated Organic Compounds
463-04-7,AMYL NITRITE,46,"Nitro, Nitroso, Nitrate, and Nitrite Compounds, Organic"
463-40-1,LINOLENIC ACID,2;5;34,"Acids, Carboxylic;Acids, Weak;Hydrocarbons, Aliphatic Unsaturated"
463-71-8,THIOPHOSGENE,31;63,"Halogenated Organic Compounds;Sulfides, Inorganic"
4635-87-4,"3-PENTENENITRILE, [LIQUID]",34;45,"Hydrocarbons, Aliphatic Unsaturated;Nitriles"
4637-56-3,4-QUINOLINAMINE-N-HYDROXY-1-OXIDE,14;51,"Amines, Phosphines, and Pyridines;Oxidizing Agents, Weak"
464-10-8,BROMOPICRIN,31;46,"Halogenated Organic Compounds;Nitro, Nitroso, Nitrate, and Nitrite Compounds, Organic"
464-48-2,L-CAMPHOR,38,Ketones
464-49-3,D-CAMPHOR,38,Ketones
465-73-6,ISODRIN,31;34,"Halogenated Organic Compounds;Hydrocarbons, Aliphatic Unsaturated"
4655-34-9,ISOPROPYL METHACRYLATE,6;56,Acrylates and Acrylic Acids;Polymerizable Compounds
4680-78-8,C.I. ACID GREEN 3,14;23;57;66,"Amines, Phosphines, and Pyridines;Conjugated Dienes;Quaternary Ammonium and Phosphonium Salts;Sulfonates, Phosphonates, and Thiophosphonates, Organic"
469-21-6,DOXYLAMINE,14;28,"Amines, Phosphines, and Pyridines;Ethers"
470-82-6,"1,8-CINEOL",28,Ethers
470-90-6,CHLORFENVINFOS,16;27;34,"Aryl Halides;Esters, Sulfate Esters, Phosphate Esters, Thiophosphate Esters, and Borate Esters;Hydrocarbons, Aliphatic Unsaturated"
471-34-1,CALCIUM CARBONATE,21,Carbonate Salts
4719-04-4,"HEXAHYDRO-1,3,5-TRIS(HYDROXYETHYL)-5-TRIAZINE",8;14,"Alcohols and Polyols;Amines, Phosphines, and Pyridines"
4726-14-1,NITRALIN,13;46;66,"Amines, Aromatic;Nitro, Nitroso, Nitrate, and Nitrite Compounds, Organic;Sulfonates, Phosphonates, and Thiophosphonates, Organic"
473-55-2,PINANE,33,"Hydrocarbons, Aliphatic Saturated"
4732-14-3,TRINITROPHENETOLE,46,"Nitro, Nitroso, Nitrate, and Nitrite Compounds, Organic"
4759-48-2,CIS-RETINOIC ACID,2;34,"Acids, Carboxylic;Hydrocarbons, Aliphatic Unsaturated"
476-66-4,ELLAGIC ACID,27;55,"Esters, Sulfate Esters, Phosphate Esters, Thiophosphate Esters, and Borate Esters;Phenols and Cresols"
478-43-3,RHEIN,2;38;55,"Acids, Carboxylic;Ketones;Phenols and Cresols"
479-45-8,TETRYL,46,"Nitro, Nitroso, Nitrate, and Nitrite Compounds, Organic"
4795-29-3,TETRAHYDROFURFURYLAMINE,14,"Amines, Phosphines, and Pyridines"
480-22-8,"1,8,9-TRIHYDROXYANTHRACENE",55,Phenols and Cresols
480-81-9,SENECIPHYLLINE,8;14;27;34,"Alcohols and Polyols;Amines, Phosphines, and Pyridines;Esters, Sulfate Esters, Phosphate Esters, Thiophosphate Esters, and Borate Esters;Hydrocarbons, Aliphatic Unsaturated"
4801-39-2,2-AMINOACETANILIDE HYDROCHLORIDE,12;60,"Amides and Imides;Salts, Acidic"
4802-20-4,D-LIMONENE DIMERCAPTAN,64,"Sulfides, Organic"
481-74-3,CHRYSOPHANIC ACID,38;55,Ketones;Phenols and Cresols
4813-58-5,ETHOXYLATED TETRADECANOL,8;28,Alcohols and Polyols;Ethers
482-89-3,C.I. VAT BLUE 1,14;38,"Amines, Phosphines, and Pyridines;Ketones"
4823-47-6,2-BROMOETHYL ACRYLATE,6;31;56,Acrylates and Acrylic Acids;Halogenated Organic Compounds;Polymerizable Compounds
4825-86-9,OCHRATOXIN B,2;12;27;55,"Acids, Carboxylic;Amides and Imides;Esters, Sulfate Esters, Phosphate Esters, Thiophosphate Esters, and Borate Esters;Phenols and Cresols"
483-65-8,RETENE,33;35,"Hydrocarbons, Aliphatic Saturated;Hydrocarbons, Aromatic"
484-20-8,5-METHOXYPSORALEN,27;28,"Esters, Sulfate Esters, Phosphate Esters, Thiophosphate Esters, and Borate Esters;Ethers"
485-47-2,NINHYDRIN,1;8;38,"Acetals, Ketals, Hemiacetals, and Hemiketals;Alcohols and Polyols;Ketones"
4861-85-2,ISOPROPYL PHENYLACETATE,27,"Esters, Sulfate Esters, Phosphate Esters, Thiophosphate Esters, and Borate Esters"
488-41-5,DIBROMOMANNITOL,8;31,Alcohols and Polyols;Halogenated Organic Compounds
489-98-5,"2,4,6-TRINITROANILINE",13;46,"Amines, Aromatic;Nitro, Nitroso, Nitrate, and Nitrite Compounds, Organic"
4901-51-3,"2,3,4,5-TETRACHLOROPHENOL",5;16;55,"Acids, Weak;Aryl Halides;Phenols and Cresols"
4904-61-4,"1,5,9-CYCLODODECATRIENE",34;56,"Hydrocarbons, Aliphatic Unsaturated;Polymerizable Compounds"
492-80-8,C.I. SOLVENT YELLOW 34,14,"Amines, Phosphines, and Pyridines"
4938-72-1,"ISOBUTYL 2,4,5-TRICHLOROPHENOXYACETATE",16;27;28,"Aryl Halides;Esters, Sulfate Esters, Phosphate Esters, Thiophosphate Esters, and Borate Esters;Ethers"
494-03-1,CHLORNAPHAZINE,14;31,"Amines, Phosphines, and Pyridines;Halogenated Organic Compounds"
495-18-1,N-HYDROXYBENZAMIDE,8;12,Alcohols and Polyols;Amides and Imides
495-48-7,AZOXYBENZENE,17;35;51,"Azo, Diazo, Azido, Hydrazine, and Azide Compounds;Hydrocarbons, Aromatic;Oxidizing Agents, Weak"
496-72-0,"3,4-DIAMINOTOLUENE",13,"Amines, Aromatic"
497-04-1,"2-CHLORO-1,3-PROPANEDIOL",8;31,Alcohols and Polyols;Halogenated Organic Compounds
498-21-5,METHYL SUCCINIC ACID,2,"Acids, Carboxylic"
4985-85-7,AMINOPROPYLDIETHANOLAMINE,8;14,"Alcohols and Polyols;Amines, Phosphines, and Pyridines"
50-00-0,FORMALDEHYDE,9;56;68,Aldehydes;Polymerizable Compounds;Water and Aqueous Solutions
50-02-2,DEXAMETHAZONE,8;30;34;38,"Alcohols and Polyols;Fluorinated Organic Compounds;Hydrocarbons, Aliphatic Unsaturated;Ketones"
50-06-6,PHENOBARBITAL,12,Amides and Imides
50-07-7,MITOMYCIN C,12;14;28;34;38,"Amides and Imides;Amines, Phosphines, and Pyridines;Ethers;Hydrocarbons, Aliphatic Unsaturated;Ketones"
50-14-6,ERGOCALCIFEROL,8;23;34,"Alcohols and Polyols;Conjugated Dienes;Hydrocarbons, Aliphatic Unsaturated"
50-18-0,CYCLOPHOSPHAMIDE,14;27;31,"Amines, Phosphines, and Pyridines;Esters, Sulfate Esters, Phosphate Esters, Thiophosphate Esters, and Borate Esters;Halogenated Organic Compounds"
50-21-5,LACTIC ACID,2;8,"Acids, Carboxylic;Alcohols and Polyols"
50-29-3,DDT,16;31,Aryl Halides;Halogenated Organic Compounds
50-30-6,"2,6-DICHLOROBENZOIC ACID",2;16;31,"Acids, Carboxylic;Aryl Halides;Halogenated Organic Compounds"
50-32-8,BENZO[A]PYRENE,35,"Hydrocarbons, Aromatic"
50-33-9,PHENYLBUTAZONE,12;17,"Amides and Imides;Azo, Diazo, Azido, Hydrazine, and Azide Compounds"
50-34-0,PROPANTHELINE BROMIDE,27;28;47;57,"Esters, Sulfate Esters, Phosphate Esters, Thiophosphate Esters, and Borate Esters;Ethers;Non-Redox-Active Inorganic Compounds;Quaternary Ammonium and Phosphonium Salts"
50-35-1,THALIDOMIDE,12,Amides and Imides
50-37-3,D-LYSERGIC ACID DIETHYLAMIDE,12;14;34,"Amides and Imides;Amines, Phosphines, and Pyridines;Hydrocarbons, Aliphatic Unsaturated"
50-55-5,RESERPINE,19;27;28,"Bases, Weak;Esters, Sulfate Esters, Phosphate Esters, Thiophosphate Esters, and Borate Esters;Ethers"
50-70-4,SORBITOL,8,Alcohols and Polyols
50-76-0,ACTINOMYCIN D,12;27,"Amides and Imides;Esters, Sulfate Esters, Phosphate Esters, Thiophosphate Esters, and Borate Esters"
50-78-2,ACETYLSALICYLIC ACID,2;27,"Acids, Carboxylic;Esters, Sulfate Esters, Phosphate Esters, Thiophosphate Esters, and Borate Esters"
50-79-3,"2,5-DICHLOROBENZOIC ACID",2;16;31,"Acids, Carboxylic;Aryl Halides;Halogenated Organic Compounds"
50-81-7,L-ASCORBIC ACID,5;8;27;34,"Acids, Weak;Alcohols and Polyols;Esters, Sulfate Esters, Phosphate Esters, Thiophosphate Esters, and Borate Esters;Hydrocarbons, Aliphatic Unsaturated"
50-84-0,"2,4-DICHLOROBENZOIC ACID",2;16;31,"Acids, Carboxylic;Aryl Halides;Halogenated Organic Compounds"
50-91-9,5-FLUORODEOXYURIDINE,8;12;14;16;30,"Alcohols and Polyols;Amides and Imides;Amines, Phosphines, and Pyridines;Aryl Halides;Fluorinated Organic Compounds"
50-99-7,DEXTROSE SOLUTION,8;68,Alcohols and Polyols;Water and Aqueous Solutions
500-66-3,OLIVETOL,55,Phenols and Cresols
502-39-6,METHYLMERCURIC DICYANAMIDE,14;45,"Amines, Phosphines, and Pyridines;Nitriles"
502-56-7,DI-N-BUTYL KETONE,38,Ketones
503-09-3,EPIFLUOROHYDRIN,26;31;56,Epoxides;Halogenated Organic Compounds;Polymerizable Compounds
503-74-2,ISOPENTANOIC ACID,2,"Acids, Carboxylic"
504-20-1,PHORONE,34;38,"Hydrocarbons, Aliphatic Unsaturated;Ketones"
504-24-5,"PYRIDINE, 4-AMINO-",14,"Amines, Phosphines, and Pyridines"
504-29-0,2-AMINOPYRIDINE,14,"Amines, Phosphines, and Pyridines"
504-88-1,3-NITROPROPIONIC ACID,2;46,"Acids, Carboxylic;Nitro, Nitroso, Nitrate, and Nitrite Compounds, Organic"
50471-44-8,VINCLOZOLIN,12;13;16;27;34,"Amides and Imides;Amines, Aromatic;Aryl Halides;Esters, Sulfate Esters, Phosphate Esters, Thiophosphate Esters, and Borate Esters;Hydrocarbons, Aliphatic Unsaturated"
506-61-6,POTASSIUM SILVER CYANIDE,24,"Cyanides, Inorganic"
506-64-9,SILVER CYANIDE,24,"Cyanides, Inorganic"
506-68-3,CYANOGEN BROMIDE,24,"Cyanides, Inorganic"
506-78-5,CYANOGEN IODIDE,24,"Cyanides, Inorganic"
506-87-6,AMMONIUM CARBONATE,21;60,"Carbonate Salts;Salts, Acidic"
507-02-8,ACETYL IODIDE,7,"Acyl Halides, Sulfonyl Halides, and Chloroformates"
507-19-7,T-BUTYL BROMIDE,31,Halogenated Organic Compounds
507-40-4,TERT-BUTYL HYPOCHLORITE,50,"Oxidizing Agents, Strong"
507-55-1,"1,3-DICHLORO-1,1,2,2,3-PENTAFLUOROPROPANE",30,Fluorinated Organic Compounds
507-70-0,BORNEOL,8,Alcohols and Polyols
50703-46-3,"CIS-1,4-DICHLORO-2,3-EPOXYBUTANE",26;31;56,Epoxides;Halogenated Organic Compounds;Polymerizable Compounds
5076-20-0,"2,3-EPOXY-2,3-DIMETHYLBUTANE",26;56,Epoxides;Polymerizable Compounds
50782-69-9,"PHOSPHONOTHIOIC ACID, METHYL-, S-(2-(BIS(1-METHYLETHYL)AMINO)ETHYL) O-ETHYL ESTER",14;66,"Amines, Phosphines, and Pyridines;Sulfonates, Phosphonates, and Thiophosphonates, Organic"
50815-00-4,"JET FUELS, [JP-4]",33,"Hydrocarbons, Aliphatic Saturated"
51-03-6,PIPERONYL BUTOXIDE,1;28,"Acetals, Ketals, Hemiacetals, and Hemiketals;Ethers"
51-17-2,BENZIMIDAZOLE,14,"Amines, Phosphines, and Pyridines"
51-18-3,TRIETHYLENEMELAMINE,14;56,"Amines, Phosphines, and Pyridines;Polymerizable Compounds"
51-20-7,5-BROMOURACIL,12;31;34,"Amides and Imides;Halogenated Organic Compounds;Hydrocarbons, Aliphatic Unsaturated"
51-21-8,FLUOROURACIL,12;30;34,"Amides and Imides;Fluorinated Organic Compounds;Hydrocarbons, Aliphatic Unsaturated"
51-28-5,"2,4-DINITROPHENOL",46;55,"Nitro, Nitroso, Nitrate, and Nitrite Compounds, Organic;Phenols and Cresols"
51-30-9,ISOPROTERENOL HYDROCHLORIDE,8;55;60,"Alcohols and Polyols;Phenols and Cresols;Salts, Acidic"
51-43-4,EPINEPHRINE,14;55,"Amines, Phosphines, and Pyridines;Phenols and Cresols"
51-52-5,6-N-PROPYL-2-THIOURACIL,12;34,"Amides and Imides;Hydrocarbons, Aliphatic Unsaturated"
51-65-0,"4-FLUORO-D,L-PHENYLALANINE",30;60,"Fluorinated Organic Compounds;Salts, Acidic"
51-79-6,URETHANE,20,Carbamates
51-80-9,TETRAMETHYLMETHYLENEDIAMINE,14,"Amines, Phosphines, and Pyridines"
51-83-2,CARBACHOL CHLORIDE,20;47;57,Carbamates;Non-Redox-Active Inorganic Compounds;Quaternary Ammonium and Phosphonium Salts
510-15-6,CHLOROBENZILATE,8;16;27,"Alcohols and Polyols;Aryl Halides;Esters, Sulfate Esters, Phosphate Esters, Thiophosphate Esters, and Borate Esters"
51000-52-3,VINYL NEODECANOATE,27;34;56,"Esters, Sulfate Esters, Phosphate Esters, Thiophosphate Esters, and Borate Esters;Hydrocarbons, Aliphatic Unsaturated;Polymerizable Compounds"
51023-22-4,TRICHLOROBUTENE,31;34,"Halogenated Organic Compounds;Hydrocarbons, Aliphatic Unsaturated"
51218-45-2,METOLACHLOR,12;13;31,"Amides and Imides;Amines, Aromatic;Halogenated Organic Compounds"
51235-04-2,HEXAZINONE,12;14,"Amides and Imides;Amines, Phosphines, and Pyridines"
5124-30-1,"1,1-METHYLENE BIS(4-ISOCYANATOCYCLOHEXANE)",37,Isocyanates and Isothiocyanates
513-37-1,DIMETHYLVINYL CHLORIDE,31;34,"Halogenated Organic Compounds;Hydrocarbons, Aliphatic Unsaturated"
513-38-2,IODOMETHYLPROPANE,31,Halogenated Organic Compounds
513-42-8,METHALLYL ALCOHOL,8;34,"Alcohols and Polyols;Hydrocarbons, Aliphatic Unsaturated"
513-48-4,2-IODOBUTANE,31,Halogenated Organic Compounds
513-77-9,BARIUM CARBONATE,21,Carbonate Salts
513-86-0,ACETYL METHYL CARBINOL,8;38,Alcohols and Polyols;Ketones
5131-58-8,"4-NITRO-1,3-BENZENEDIAMINE",13;46,"Amines, Aromatic;Nitro, Nitroso, Nitrate, and Nitrite Compounds, Organic"
5131-60-2,4-CHLORO-M-PHENYLENEDIAMINE,13;16,"Amines, Aromatic;Aryl Halides"
51317-24-9,LEAD MONONITRORESORCINATE,46;54,"Nitro, Nitroso, Nitrate, and Nitrite Compounds, Organic;Phenolic Salts"
51338-27-3,DICLOFOP METHYL,16;27;28,"Aryl Halides;Esters, Sulfate Esters, Phosphate Esters, Thiophosphate Esters, and Borate Esters;Ethers"
514-10-3,ABIETIC ACID,2;23,"Acids, Carboxylic;Conjugated Dienes"
514-73-8,DITHIAZANINE IODIDE,14;19;23;35;57;64,"Amines, Phosphines, and Pyridines;Bases, Weak;Conjugated Dienes;Hydrocarbons, Aromatic;Quaternary Ammonium and Phosphonium Salts;Sulfides, Organic"
5144-89-8,O-PHENANTHROLINE MONOHYDRATE,14;35,"Amines, Phosphines, and Pyridines;Hydrocarbons, Aromatic"
51481-61-9,CIMETIDINE,14;45;64,"Amines, Phosphines, and Pyridines;Nitriles;Sulfides, Organic"
516-03-0,FERROUS OXALATE,59;61,"Reducing Agents, Weak;Salts, Basic"
5160-02-1,D&amp;C RED 9,16;17;55;61,"Aryl Halides;Azo, Diazo, Azido, Hydrazine, and Azide Compounds;Phenols and Cresols;Salts, Basic"
51630-58-1,FENVALERATE,16;27;45,"Aryl Halides;Esters, Sulfate Esters, Phosphate Esters, Thiophosphate Esters, and Borate Esters;Nitriles"
517-28-2,HEMATOXYLIN,5;55,"Acids, Weak;Phenols and Cresols"
51774-11-9,ISO HEPTYL ALCOHOL,8,Alcohols and Polyols
518-47-8,"FLUORESCEIN, DISODIUM SALT",28;54;61,"Ethers;Phenolic Salts;Salts, Basic"
518-82-1,EMODIN,38;55,Ketones;Phenols and Cresols
51845-86-4,ETHYL BORATE,27,"Esters, Sulfate Esters, Phosphate Esters, Thiophosphate Esters, and Borate Esters"
52-24-4,TRIS(AZIRIDINYL)PHOSPHINE SULFIDE,53;56;64,"Peroxides, Organic;Polymerizable Compounds;Sulfides, Organic"
52-28-8,CODEINE PHOSPHATE,8;34;60,"Alcohols and Polyols;Hydrocarbons, Aliphatic Unsaturated;Salts, Acidic"
52-51-7,"2-BROMO-2-NITROPROPANE-1,3-DIOL",8;31;46,"Alcohols and Polyols;Halogenated Organic Compounds;Nitro, Nitroso, Nitrate, and Nitrite Compounds, Organic"
52-68-6,TRICHLORFON,8;31;66,"Alcohols and Polyols;Halogenated Organic Compounds;Sulfonates, Phosphonates, and Thiophosphonates, Organic"
52-85-7,FAMPHUR,5;27;66,"Acids, Weak;Esters, Sulfate Esters, Phosphate Esters, Thiophosphate Esters, and Borate Esters;Sulfonates, Phosphonates, and Thiophosphonates, Organic"
521-31-3,O-AMINOPHTHALYL HYDRAZIDE,12;13;17,"Amides and Imides;Amines, Aromatic;Azo, Diazo, Azido, Hydrazine, and Azide Compounds"
521-35-7,CANNABINOL,8;35,"Alcohols and Polyols;Hydrocarbons, Aromatic"
52125-53-8,PROPYLENE GLYCOL ETHYL ETHER,8;28,Alcohols and Polyols;Ethers
5216-25-1,"ALPHA, ALPHA, ALPHA, PARA-TETRACHLOROTOLUENE",16;31,Aryl Halides;Halogenated Organic Compounds
522-40-7,DIETHYLSTILBESTROL DIPHOSPHATE,5;27;34,"Acids, Weak;Esters, Sulfate Esters, Phosphate Esters, Thiophosphate Esters, and Borate Esters;Hydrocarbons, Aliphatic Unsaturated"
52253-69-7,2-AMINO-4-PHENYLTHIAZOLE HYDROBROMIDE MONOHYDRATE,14;60;64,"Amines, Phosphines, and Pyridines;Salts, Acidic;Sulfides, Organic"
523-47-7,BETA-CADINENE,34,"Hydrocarbons, Aliphatic Unsaturated"
523-87-5,DIMENHYDRINATE,12;14;31,"Amides and Imides;Amines, Phosphines, and Pyridines;Halogenated Organic Compounds"
52326-66-6,DISTEARYL PEROXYDICARBONATE,53,"Peroxides, Organic"
5234-68-4,CARBOXIN,12;28;34;64,"Amides and Imides;Ethers;Hydrocarbons, Aliphatic Unsaturated;Sulfides, Organic"
52345-74-1,SODIUM TETRATHIOCARBONATE,61;64,"Salts, Basic;Sulfides, Organic"
524-42-5,"1,2-NAPHTHOQUINONE",38,Ketones
52417-22-8,9-AMINOACRIDINE HYDROCHLORIDE MONOHYDRATE,60,"Salts, Acidic"
52503-64-7,COPPER SUBACETATE,61,"Salts, Basic"
526-75-0,"2,3-DIMETHYLPHENOL",55,Phenols and Cresols
52645-53-1,PERMETHRIN,27;28;31;34,"Esters, Sulfate Esters, Phosphate Esters, Thiophosphate Esters, and Borate Esters;Ethers;Halogenated Organic Compounds;Hydrocarbons, Aliphatic Unsaturated"
527-62-8,"2-AMINO-4,6-DICHLOROPHENOL",13;16;55,"Amines, Aromatic;Aryl Halides;Phenols and Cresols"
527-85-5,2-METHYLBENZAMIDE,12,Amides and Imides
52740-16-6,"CALCIUM ARSENITE, SOLID",61,"Salts, Basic"
528-29-0,O-DINITROBENZENE,46,"Nitro, Nitroso, Nitrate, and Nitrite Compounds, Organic"
528-74-5,DICHLOROMETHOTREXATE,2;12;14;16,"Acids, Carboxylic;Amides and Imides;Amines, Phosphines, and Pyridines;Aryl Halides"
52888-80-9,"CARBAMOTHIOIC ACID, DIPROPYL-, S-(PHENYLMETHYL) ESTER",67,Thiocarbamate Esters and Salts/Dithiocarbamate Esters and Salts
529-19-1,O-TOLUNITRILE,45,Nitriles
529-20-4,O-TOLUALDEHYDE,9,Aldehydes
52933-01-4,BUTYL ACID PHOSPHATE,5;27,"Acids, Weak;Esters, Sulfate Esters, Phosphate Esters, Thiophosphate Esters, and Borate Esters"
53-03-2,PREDNISONE,8;34;38,"Alcohols and Polyols;Hydrocarbons, Aliphatic Unsaturated;Ketones"
53-19-0,"O,P&#39;-DDD",16;31,Aryl Halides;Halogenated Organic Compounds
53-70-3,"DIBENZ[A,H]ANTHRACENE",35,"Hydrocarbons, Aromatic"
53-86-1,INDOMETHACIN,2;12;16;35,"Acids, Carboxylic;Amides and Imides;Aryl Halides;Hydrocarbons, Aromatic"
53-95-2,N-HYDROXY-2-ACETYLAMINOFLUORENE,12;19,"Amides and Imides;Bases, Weak"
53-96-3,2-ACETYLAMINOFLUORENE,12;13,"Amides and Imides;Amines, Aromatic"
5307-14-2,2-NITRO-P-PHENYLENEDIAMINE,13;46,"Amines, Aromatic;Nitro, Nitroso, Nitrate, and Nitrite Compounds, Organic"
531-73-7,PROFLAVINE DIHYDROCHLORIDE,60,"Salts, Acidic"
531-76-0,"D,L-SARCOLYSIN",2;14;31,"Acids, Carboxylic;Amines, Phosphines, and Pyridines;Halogenated Organic Compounds"
531-85-1,BENZIDINE DIHYDROCHLORIDE,60,"Salts, Acidic"
532-27-4,2-CHLOROACETOPHENONE,31;38,Halogenated Organic Compounds;Ketones
532-28-5,ALPHA-HYDROXYBENZENEACETONITRILE,8;45,Alcohols and Polyols;Nitriles
532-82-1,C.I. BASIC ORANGE 2,13;17,"Amines, Aromatic;Azo, Diazo, Azido, Hydrazine, and Azide Compounds"
53220-22-7,DIMYRISTYL PEROXYDICARBONATE,53,"Peroxides, Organic"
5323-95-5,"RICINOLEIC ACID, SODIUM SALT",8;34;61,"Alcohols and Polyols;Hydrocarbons, Aliphatic Unsaturated;Salts, Basic"
5329-14-6,SULFAMIC ACID,3,"Acids, Strong Non-oxidizing"
533-74-4,DAZOMET,14;64,"Amines, Phosphines, and Pyridines;Sulfides, Organic"
5332-52-5,1-UNDECANETHIOL,64,"Sulfides, Organic"
534-07-6,"1,3-DICHLOROACETONE",31;38,Halogenated Organic Compounds;Ketones
534-16-7,SILVER CARBONATE,21,Carbonate Salts
534-52-1,"4,6-DINITRO-O-CRESOL",46;55,"Nitro, Nitroso, Nitrate, and Nitrite Compounds, Organic;Phenols and Cresols"
53404-18-5,POTASSIUM P-T-AMYLPHENATE,54,Phenolic Salts
53404-19-6,BROMACIL LITHIUM SALT,12;31;34;61,"Amides and Imides;Halogenated Organic Compounds;Hydrocarbons, Aliphatic Unsaturated;Salts, Basic"
53404-37-8,"2,4-D 2-ETHYL-4-METHYLPENTYL ESTER",16;27;28,"Aryl Halides;Esters, Sulfate Esters, Phosphate Esters, Thiophosphate Esters, and Borate Esters;Ethers"
53404-60-7,DAZOMET SODIUM SALT,14;61;64,"Amines, Phosphines, and Pyridines;Salts, Basic;Sulfides, Organic"
53469-21-9,PCB-1242,16,Aryl Halides
535-13-7,ETHYL 2-CHLOROPROPIONATE,27;31,"Esters, Sulfate Esters, Phosphate Esters, Thiophosphate Esters, and Borate Esters;Halogenated Organic Compounds"
535-80-8,M-CHLOROBENZOIC ACID,2;16,"Acids, Carboxylic;Aryl Halides"
535-89-7,CRIMIDINE,14;16,"Amines, Phosphines, and Pyridines;Aryl Halides"
53558-25-1,PYRIMINIL,12;14;46,"Amides and Imides;Amines, Phosphines, and Pyridines;Nitro, Nitroso, Nitrate, and Nitrite Compounds, Organic"
536-33-4,ETHIONAMIDE,14;67,"Amines, Phosphines, and Pyridines;Thiocarbamate Esters and Salts/Dithiocarbamate Esters and Salts"
536-90-3,M-ANISIDINE,13;28,"Amines, Aromatic;Ethers"
537-92-8,N-ACETYL-M-TOLUIDINE,12;13,"Amides and Imides;Amines, Aromatic"
538-07-8,ETHYLBIS(2-CHLOROETHYL)AMINE,14;31,"Amines, Phosphines, and Pyridines;Halogenated Organic Compounds"
538-23-8,TRICAPRYLIN,1;27;30;34;38,"Acetals, Ketals, Hemiacetals, and Hemiketals;Esters, Sulfate Esters, Phosphate Esters, Thiophosphate Esters, and Borate Esters;Fluorinated Organic Compounds;Hydrocarbons, Aliphatic Unsaturated;Ketones"
538-74-9,DIBENZYL SULFIDE,64,"Sulfides, Organic"
538-75-0,"N,N&#39;-DICYCLOHEXYLCARBODIIMIDE",14,"Amines, Phosphines, and Pyridines"
5385-75-1,"DIBENZO(A,E)FLUORANTHENE",35,"Hydrocarbons, Aromatic"
5392-40-5,CITRAL,9;34,"Aldehydes;Hydrocarbons, Aliphatic Unsaturated"
5397-31-9,3-((2-ETHYLHEXYL)OXY)PROPYLAMINE,14,"Amines, Phosphines, and Pyridines"
54-31-9,FUROSEMIDE,2;12;14;16;28,"Acids, Carboxylic;Amides and Imides;Amines, Phosphines, and Pyridines;Aryl Halides;Ethers"
54-62-6,AMINOPTERIN,2;12;14;34,"Acids, Carboxylic;Amides and Imides;Amines, Phosphines, and Pyridines;Hydrocarbons, Aliphatic Unsaturated"
54-64-8,"MERCURY((O-CARBOXYPHENYL)THIO)ETHYL, SODIUM SALT",49;61;64,"Organometallics;Salts, Basic;Sulfides, Organic"
54-85-3,ISONIAZID,12;14,"Amides and Imides;Amines, Phosphines, and Pyridines"
54-88-6,2-METHYL-4-DIMETHYLAMINOAZOBENZENE,14;17,"Amines, Phosphines, and Pyridines;Azo, Diazo, Azido, Hydrazine, and Azide Compounds"
54-95-5,PENTETRAZOL,17,"Azo, Diazo, Azido, Hydrazine, and Azide Compounds"
540-18-1,N-AMYL BUTYRATE,27,"Esters, Sulfate Esters, Phosphate Esters, Thiophosphate Esters, and Borate Esters"
540-23-8,P-TOLUIDINE HYDROCHLORIDE,60,"Salts, Acidic"
540-42-1,ISOBUTYL PROPIONATE,27,"Esters, Sulfate Esters, Phosphate Esters, Thiophosphate Esters, and Borate Esters"
540-59-0,"1,2-DICHLOROETHYLENE, (MIXED ISOMERS)",31;34,"Halogenated Organic Compounds;Hydrocarbons, Aliphatic Unsaturated"
540-69-2,AMMONIUM FORMATE,60,"Salts, Acidic"
540-72-7,SODIUM THIOCYANATE,58;61;68,"Reducing Agents, Strong;Salts, Basic;Water and Aqueous Solutions"
540-82-9,ALKYLSULFURIC ACIDS,4,"Acids, Strong Oxidizing"
5405-41-4,ETHYL 3-HYDROXYBUTYRATE,8;27,"Alcohols and Polyols;Esters, Sulfate Esters, Phosphate Esters, Thiophosphate Esters, and Borate Esters"
54075-76-2,TRIMETHYLOXONIUM HEXACHLORANTIMONATE,50,"Oxidizing Agents, Strong"
541-09-3,URANYL ACETATE,60,"Salts, Acidic"
541-22-0,DECAMETHONIUM DIBROMIDE,47;57,Non-Redox-Active Inorganic Compounds;Quaternary Ammonium and Phosphonium Salts
541-25-3,LEWISITE,31;32;34,"Halogenated Organic Compounds;Halogenating Agents;Hydrocarbons, Aliphatic Unsaturated"
541-53-7,DITHIOBIURET,12,Amides and Imides
541-85-5,ETHYL SEC-AMYL KETONE,38,Ketones
54150-69-5,"2,4-DIMETHOXYANILINE HYDROCHLORIDE",28;60,"Ethers;Salts, Acidic"
5419-55-6,TRIISOPROPYL BORATE,27,"Esters, Sulfate Esters, Phosphate Esters, Thiophosphate Esters, and Borate Esters"
542-59-6,"ETHYLENE GLYCOL, MONOACETATE",8;27,"Alcohols and Polyols;Esters, Sulfate Esters, Phosphate Esters, Thiophosphate Esters, and Borate Esters"
542-62-1,BARIUM CYANIDE,24,"Cyanides, Inorganic"
5421-46-5,AMMONIUM THIOGLYCOLATE,61;64,"Salts, Basic;Sulfides, Organic"
54289-46-2,"N,N-DIETHYL-4-((5-NITRO-2-THIAZOYL)AZO) BENZENAMINE",14;17;46,"Amines, Phosphines, and Pyridines;Azo, Diazo, Azido, Hydrazine, and Azide Compounds;Nitro, Nitroso, Nitrate, and Nitrite Compounds, Organic"
543-27-1,ISOBUTYL CHLOROFORMATE,27;31,"Esters, Sulfate Esters, Phosphate Esters, Thiophosphate Esters, and Borate Esters;Halogenated Organic Compounds"
543-67-9,PROPIONITRITE,46,"Nitro, Nitroso, Nitrate, and Nitrite Compounds, Organic"
543-90-8,CADMIUM ACETATE,61,"Salts, Basic"
5437-38-7,3-METHYL-2-NITROBENZOIC ACID,2;46,"Acids, Carboxylic;Nitro, Nitroso, Nitrate, and Nitrite Compounds, Organic"
544-10-5,1-CHLOROHEXANE,31,Halogenated Organic Compounds
544-16-1,BUTYL NITRITE,46,"Nitro, Nitroso, Nitrate, and Nitrite Compounds, Organic"
544-18-3,COBALTOUS FORMATE,61,"Salts, Basic"
544-19-4,COPPER FORMATE,61,"Salts, Basic"
544-25-2,CYCLOHEPTATRIENE,23;34;56,"Conjugated Dienes;Hydrocarbons, Aliphatic Unsaturated;Polymerizable Compounds"
544-60-5,AMMONIUM OLEATE,34;60,"Hydrocarbons, Aliphatic Unsaturated;Salts, Acidic"
544-63-8,TETRADECANOIC ACID,2,"Acids, Carboxylic"
544-76-3,N-HEXADECANE,33,"Hydrocarbons, Aliphatic Saturated"
544-92-3,COPPER CYANIDE,24,"Cyanides, Inorganic"
544-97-8,DIMETHYLZINC,39,"Metal Hydrides, Metal Alkyls, Metal Aryls, and Silanes"
54413-15-9,TRITONAL,41;46,"Metals, Elemental and Powder, Active;Nitro, Nitroso, Nitrate, and Nitrite Compounds, Organic"
54497-43-7,ZINC SELENITE,65,Sulfite and Thiosulfate Salts
545-06-2,TRICHLOROACETONITRILE,31;45,Halogenated Organic Compounds;Nitriles
545-55-1,TRIS(1-AZIRIDINYL) PHOSPHINE OXIDE,26;27;56;68,"Epoxides;Esters, Sulfate Esters, Phosphate Esters, Thiophosphate Esters, and Borate Esters;Polymerizable Compounds;Water and Aqueous Solutions"
5459-93-8,ETHYL-N-CYCLOHEXYLAMINE,14,"Amines, Phosphines, and Pyridines"
546-67-8,LEAD TETRAACETATE,50,"Oxidizing Agents, Strong"
546-68-9,TETRAISOPROPYL TITANATE,18,"Bases, Strong"
546-93-0,MAGNESITE,21,Carbonate Salts
5464-79-9,2-AMINO-4-METHOXYBENZOTHIAZOLE,14;64,"Amines, Phosphines, and Pyridines;Sulfides, Organic"
5466-77-3,2-ETHYLHEXYL P-METHOXYCINNAMATE,27;28;34,"Esters, Sulfate Esters, Phosphate Esters, Thiophosphate Esters, and Borate Esters;Ethers;Hydrocarbons, Aliphatic Unsaturated"
5466-84-2,4-NITROPHTHALIC ANHYDRIDE,15;46,"Anhydrides;Nitro, Nitroso, Nitrate, and Nitrite Compounds, Organic"
54693-46-8,DIACETONE ALCOHOL PEROXIDES,38;53,"Ketones;Peroxides, Organic"
547-58-0,"4-DIMETHYLAMINOAZOBENZENE-4-SULFONIC ACID, SODIUM SALT",17;60;66,"Azo, Diazo, Azido, Hydrazine, and Azide Compounds;Salts, Acidic;Sulfonates, Phosphonates, and Thiophosphonates, Organic"
5470-11-1,HYDROXYLAMINE HYDROCHLORIDE,58;60,"Reducing Agents, Strong;Salts, Acidic"
548-62-9,HEXAMETHYL-P-ROSANILINE CHLORIDE,13;23;57;60,"Amines, Aromatic;Conjugated Dienes;Quaternary Ammonium and Phosphonium Salts;Salts, Acidic"
54827-17-7,"3,3&#39;,5,5&#39;-TETRAMETHYLBENZIDINE",13,"Amines, Aromatic"
54849-38-6,METHYLTIN-TRIS(ISOOCTYLMERCAPTOACETATE),27;49;63,"Esters, Sulfate Esters, Phosphate Esters, Thiophosphate Esters, and Borate Esters;Organometallics;Sulfides, Inorganic"
5493-45-8,"1,2-CYCLOHEXANEDICARBOXYLIC ACID, BIS(OXIRANYLMETHYL)-",26;27;56,"Epoxides;Esters, Sulfate Esters, Phosphate Esters, Thiophosphate Esters, and Borate Esters;Polymerizable Compounds"
55-18-5,N-NITROSODIETHYLAMINE,17;46,"Azo, Diazo, Azido, Hydrazine, and Azide Compounds;Nitro, Nitroso, Nitrate, and Nitrite Compounds, Organic"
55-21-0,BENZAMIDE,12,Amides and Imides
55-31-2,EPINEPHRINE HYDROCHLORIDE,8;55;60,"Alcohols and Polyols;Phenols and Cresols;Salts, Acidic"
55-38-9,FENTHION,27;64,"Esters, Sulfate Esters, Phosphate Esters, Thiophosphate Esters, and Borate Esters;Sulfides, Organic"
55-55-0,P-METHYLAMINOPHENOL SULFATE,55;60,"Phenols and Cresols;Salts, Acidic"
55-63-0,GLYCERYL TRINITRATE SOLUTION,8;46,"Alcohols and Polyols;Nitro, Nitroso, Nitrate, and Nitrite Compounds, Organic"
55-68-5,PHENYLMERCURIC NITRATE,49,Organometallics
55-86-7,NITROGEN MUSTARD HYDROCHLORIDE,14;31,"Amines, Phosphines, and Pyridines;Halogenated Organic Compounds"
55-98-1,MYLERAN,27;66,"Esters, Sulfate Esters, Phosphate Esters, Thiophosphate Esters, and Borate Esters;Sulfonates, Phosphonates, and Thiophosphonates, Organic"
551-06-4,ALPHA-NAPHTHYLISOTHIOCYANATE,37,Isocyanates and Isothiocyanates
552-16-9,O-NITROBENZOIC ACID,2;46,"Acids, Carboxylic;Nitro, Nitroso, Nitrate, and Nitrite Compounds, Organic"
552-30-7,TRIMELLITIC ANHYDRIDE,2;5;15,"Acids, Carboxylic;Acids, Weak;Anhydrides"
552-45-4,O-METHYLBENZYL CHLORIDE,31,Halogenated Organic Compounds
55285-14-8,CARBOSULFAN,67,Thiocarbamate Esters and Salts/Dithiocarbamate Esters and Salts
55290-64-7,DIMETHIPIN,34;66,"Hydrocarbons, Aliphatic Unsaturated;Sulfonates, Phosphonates, and Thiophosphonates, Organic"
553-69-5,FENYRAMIDOL,8;14,"Alcohols and Polyols;Amines, Phosphines, and Pyridines"
5536-17-4,VIDARABINE,8;14,"Alcohols and Polyols;Amines, Phosphines, and Pyridines"
554-00-7,"2,4-DICHLOROANILINE",13;16,"Amines, Aromatic;Aryl Halides"
554-10-9,"3-IODO-1,2-PROPANEDIOL",8;31,Alcohols and Polyols;Halogenated Organic Compounds
554-13-2,LITHIUM CARBONATE,21,Carbonate Salts
554-84-7,M-NITROPHENOL,46;55,"Nitro, Nitroso, Nitrate, and Nitrite Compounds, Organic;Phenols and Cresols"
55406-53-6,3-IODO-2-PROPYNYL BUTYLCARBAMATE,11;20;31;34,"Alkynes, with No Acetylenic Hydrogen;Carbamates;Halogenated Organic Compounds;Hydrocarbons, Aliphatic Unsaturated"
555-30-6,METHYL DOPA,2;14;55,"Acids, Carboxylic;Amines, Phosphines, and Pyridines;Phenols and Cresols"
555-48-6,2-AMINOACETANILIDE,12;14,"Amides and Imides;Amines, Phosphines, and Pyridines"
555-54-4,MAGNESIUM DIPHENYL,39,"Metal Hydrides, Metal Alkyls, Metal Aryls, and Silanes"
555-77-1,TRIS(2-CHLOROETHYL)AMINE,14;31,"Amines, Phosphines, and Pyridines;Halogenated Organic Compounds"
55510-04-8,DINITROGLYCOLURIL &lt;OR&gt; DINGU,17;46,"Azo, Diazo, Azido, Hydrazine, and Azide Compounds;Nitro, Nitroso, Nitrate, and Nitrite Compounds, Organic"
55566-30-8,TETRAKIS(HYDROXYMETHYL)PHOSPHONIUM SULFATE SOLUTION,57,Quaternary Ammonium and Phosphonium Salts
556-08-1,P-ACETAMIDOBENZOIC ACID,2;12,"Acids, Carboxylic;Amides and Imides"
556-24-1,METHYL ISOVALERATE,27,"Esters, Sulfate Esters, Phosphate Esters, Thiophosphate Esters, and Borate Esters"
556-56-9,ALLYL IODIDE,31;34,"Halogenated Organic Compounds;Hydrocarbons, Aliphatic Unsaturated"
556-88-7,"NITROGUANIDINE, WETTED WITH NOT LESS THAN 20% WATER",14;17;46;68,"Amines, Phosphines, and Pyridines;Azo, Diazo, Azido, Hydrazine, and Azide Compounds;Nitro, Nitroso, Nitrate, and Nitrite Compounds, Organic;Water and Aqueous Solutions"
556-89-8,NITROUREA,12;17;46,"Amides and Imides;Azo, Diazo, Azido, Hydrazine, and Azide Compounds;Nitro, Nitroso, Nitrate, and Nitrite Compounds, Organic"
557-05-1,ZINC STEARATE,27;60,"Esters, Sulfate Esters, Phosphate Esters, Thiophosphate Esters, and Borate Esters;Salts, Acidic"
557-11-9,ALLYL UREA,12;34,"Amides and Imides;Hydrocarbons, Aliphatic Unsaturated"
557-19-7,NICKEL CYANIDE,19;24,"Bases, Weak;Cyanides, Inorganic"
557-21-1,ZINC CYANIDE,24,"Cyanides, Inorganic"
557-31-3,ALLYL ETHYL ETHER,28;34,"Ethers;Hydrocarbons, Aliphatic Unsaturated"
557-40-4,DIALLYL ETHER,28;34,"Ethers;Hydrocarbons, Aliphatic Unsaturated"
557-41-5,ZINC FORMATE,61,"Salts, Basic"
557-61-9,1-OCTACOSANOL,8,Alcohols and Polyols
55794-20-2,"ETHYL-3,3-DI-(TERT-BUTYLPEROXY)BUTYRATE, [TECHNICALLY PURE]",1;53,"Acetals, Ketals, Hemiacetals, and Hemiketals;Peroxides, Organic"
558-13-4,CARBON TETRABROMIDE,31,Halogenated Organic Compounds
5593-70-4,TETRABUTYL TITANATE,18,"Bases, Strong"
5598-13-0,CHLORPYRIFOS METHYL,14;16;27,"Amines, Phosphines, and Pyridines;Aryl Halides;Esters, Sulfate Esters, Phosphate Esters, Thiophosphate Esters, and Borate Esters"
56-04-2,METHYLTHIOURACIL,12;14;34,"Amides and Imides;Amines, Phosphines, and Pyridines;Hydrocarbons, Aliphatic Unsaturated"
56-18-8,"3,3&#39;-IMINODIPROPYLAMINE",14,"Amines, Phosphines, and Pyridines"
56-25-7,CANTHARIDIN,15,Anhydrides
56-35-9,BIS(TRIBUTYLTIN) OXIDE,49,Organometallics
56-38-2,PARATHION,46;66,"Nitro, Nitroso, Nitrate, and Nitrite Compounds, Organic;Sulfonates, Phosphonates, and Thiophosphonates, Organic"
56-40-6,GLYCINE,60,"Salts, Acidic"
56-49-5,3-METHYLCHOLANTHRENE,35,"Hydrocarbons, Aromatic"
56-53-1,DIETHYLSTILBESTROL,34;55,"Hydrocarbons, Aliphatic Unsaturated;Phenols and Cresols"
56-54-2,QUINIDINE,8;14;34,"Alcohols and Polyols;Amines, Phosphines, and Pyridines;Hydrocarbons, Aliphatic Unsaturated"
56-55-3,BENZ[A]ANTHRACENE,35,"Hydrocarbons, Aromatic"
56-57-5,4-NITROQUINOLINE-1-OXIDE,35;46;51,"Hydrocarbons, Aromatic;Nitro, Nitroso, Nitrate, and Nitrite Compounds, Organic;Oxidizing Agents, Weak"
56-72-4,COUMAPHOS,16;27,"Aryl Halides;Esters, Sulfate Esters, Phosphate Esters, Thiophosphate Esters, and Borate Esters"
56-81-5,GLYCERINE,8,Alcohols and Polyols
56-93-9,BENZYLTRIMETHYLAMMONIUM CHLORIDE,47;57,Non-Redox-Active Inorganic Compounds;Quaternary Ammonium and Phosphonium Salts
562-10-7,DOXYLAMINE SUCCINATE,2;5;14;27;28,"Acids, Carboxylic;Acids, Weak;Amines, Phosphines, and Pyridines;Esters, Sulfate Esters, Phosphate Esters, Thiophosphate Esters, and Borate Esters;Ethers"
563-04-2,TRI-M-CRESYL PHOSPHATE,27;35,"Esters, Sulfate Esters, Phosphate Esters, Thiophosphate Esters, and Borate Esters;Hydrocarbons, Aromatic"
563-12-2,ETHION,27,"Esters, Sulfate Esters, Phosphate Esters, Thiophosphate Esters, and Borate Esters"
563-63-3,SILVER ACETATE,61,"Salts, Basic"
563-68-8,THALLIUM ACETATE,61,"Salts, Basic"
5634-39-9,IODINATED GLYCEROL,8;31,Alcohols and Polyols;Halogenated Organic Compounds
56803-37-3,TERT-BUTYLPHENYL DIPHENYL PHOSPHATE,27;35,"Esters, Sulfate Esters, Phosphate Esters, Thiophosphate Esters, and Borate Esters;Hydrocarbons, Aromatic"
569-57-3,CHLOROTRIANISENE,28;31;34,"Ethers;Halogenated Organic Compounds;Hydrocarbons, Aliphatic Unsaturated"
569-61-9,PARAROSANILINE HYDROCHLORIDE,13;23;60,"Amines, Aromatic;Conjugated Dienes;Salts, Acidic"
569-64-2,C.I. BASIC GREEN 4,14;23;34;35;57,"Amines, Phosphines, and Pyridines;Conjugated Dienes;Hydrocarbons, Aliphatic Unsaturated;Hydrocarbons, Aromatic;Quaternary Ammonium and Phosphonium Salts"
57-11-4,STEARIC ACID,2,"Acids, Carboxylic"
57-12-5,"CYANIDE SOLUTION, N.O.S.",24;68,"Cyanides, Inorganic;Water and Aqueous Solutions"
57-13-6,UREA,12,Amides and Imides
57-22-7,VINCRISTINE,8;14;27,"Alcohols and Polyols;Amines, Phosphines, and Pyridines;Esters, Sulfate Esters, Phosphate Esters, Thiophosphate Esters, and Borate Esters"
57-24-9,STRYCHNINE,12;14;28,"Amides and Imides;Amines, Phosphines, and Pyridines;Ethers"
57-30-7,SODIUM PHENOBARBITAL,12;61,"Amides and Imides;Salts, Basic"
57-33-0,PENTOBARBITAL SODIUM,12;61,"Amides and Imides;Salts, Basic"
57-41-0,PHENYTOIN,12,Amides and Imides
57-43-2,AMOBARBITAL,12;14,"Amides and Imides;Amines, Phosphines, and Pyridines"
57-47-6,PHYSOSTIGMINE,14;20,"Amines, Phosphines, and Pyridines;Carbamates"
57-50-1,SUCROSE,8,Alcohols and Polyols
57-53-4,MEPROBAMATE,20,Carbamates
57-55-6,PROPYLENE GLYCOL,8,Alcohols and Polyols
57-63-6,ETHINYLESTRADIOL,8;10;34,"Alcohols and Polyols;Alkynes, with Acetylenic Hydrogen;Hydrocarbons, Aliphatic Unsaturated"
57-64-7,"PHYSOSTIGMINE, [SALICYLATE (1:1)]",14;20;55;60,"Amines, Phosphines, and Pyridines;Carbamates;Phenols and Cresols;Salts, Acidic"
57-66-9,PROBENECID,2;14;66,"Acids, Carboxylic;Amines, Phosphines, and Pyridines;Sulfonates, Phosphonates, and Thiophosphonates, Organic"
57-68-1,SULFAMETHAZINE,12;14,"Amides and Imides;Amines, Phosphines, and Pyridines"
57-71-6,"2-OXIME 2,3-BUTANEDIONE",38;52,Ketones;Oximes
57-83-0,PROGESTERONE,34;38,"Hydrocarbons, Aliphatic Unsaturated;Ketones"
57-85-2,TESTOSTERONE PROPIONATE,27;34;38,"Esters, Sulfate Esters, Phosphate Esters, Thiophosphate Esters, and Borate Esters;Hydrocarbons, Aliphatic Unsaturated;Ketones"
57-97-6,"7,12-DIMETHYLBENZ[A]ANTHRACENE",35,"Hydrocarbons, Aromatic"
570-24-1,2-METHYL-6-NITROANILINE,13;46,"Amines, Aromatic;Nitro, Nitroso, Nitrate, and Nitrite Compounds, Organic"
57117-31-4,"2,3,4,7,8-PENTACHLORODIBENZOFURAN",16;28,Aryl Halides;Ethers
5716-15-4,"MALEIC HYDRAZIDE, DIETHANOLAMINE SALT",8;12;14;17,"Alcohols and Polyols;Amides and Imides;Amines, Phosphines, and Pyridines;Azo, Diazo, Azido, Hydrazine, and Azide Compounds"
57166-92-4,METHYLENEDIAMINE DIHYDROCHLORIDE,60,"Salts, Acidic"
57213-69-1,TRICLOPYR TRIETHYLAMMONIUM SALT,2;14;16;28,"Acids, Carboxylic;Amines, Phosphines, and Pyridines;Aryl Halides;Ethers"
573-56-8,"2,6-DINITROPHENOL",46;55,"Nitro, Nitroso, Nitrate, and Nitrite Compounds, Organic;Phenols and Cresols"
575-43-9,"1,6-DIMETHYLNAPHTHALENE",35,"Hydrocarbons, Aromatic"
576-24-9,"2,3-DICHLOROPHENOL",16;55,Aryl Halides;Phenols and Cresols
576-26-1,"2,6-DIMETHYLPHENOL",55,Phenols and Cresols
57607-37-1,"OCTOLITE, [DRY OR WET WITH &lt; 15% WATER]",17;46;68,"Azo, Diazo, Azido, Hydrazine, and Azide Compounds;Nitro, Nitroso, Nitrate, and Nitrite Compounds, Organic;Water and Aqueous Solutions"
57608-40-9,AMMONIUM NITRATE-PHOSPHATE MIXTURE,43;60,"Nitrate and Nitrite Compounds, Inorganic;Salts, Acidic"
57653-85-7,"1,2,3,6,7,8-HEXACHLORODIBENZO-P-DIOXIN",16;28,Aryl Halides;Ethers
577-11-7,DIOCTYL SODIUM SULFOSUCCINATE,27;61;66,"Esters, Sulfate Esters, Phosphate Esters, Thiophosphate Esters, and Borate Esters;Salts, Basic;Sulfonates, Phosphonates, and Thiophosphonates, Organic"
577-59-3,O-NITROACETOPHENONE,38;46,"Ketones;Nitro, Nitroso, Nitrate, and Nitrite Compounds, Organic"
57716-89-9,4-O-METHYL-12-O-TETRADECANOYLPHORBOL-13-ACETATE,8;27;34,"Alcohols and Polyols;Esters, Sulfate Esters, Phosphate Esters, Thiophosphate Esters, and Borate Esters;Hydrocarbons, Aliphatic Unsaturated"
578-46-1,5-METHYL-2-NITROANILINE,13;46,"Amines, Aromatic;Nitro, Nitroso, Nitrate, and Nitrite Compounds, Organic"
578-54-1,2-ETHYLANILINE,13,"Amines, Aromatic"
578-94-9,DIPHENYLAMINE CHLOROARSINE,13;49,"Amines, Aromatic;Organometallics"
57856-11-8,QL,14;66,"Amines, Phosphines, and Pyridines;Sulfonates, Phosphonates, and Thiophosphonates, Organic"
58-08-2,CAFFEINE,12;14,"Amides and Imides;Amines, Phosphines, and Pyridines"
58-14-0,PYRIMETHAMINE,14;16,"Amines, Phosphines, and Pyridines;Aryl Halides"
58-15-1,4-DIMETHYLAMINOANTIPYRINE,12;14;34,"Amides and Imides;Amines, Phosphines, and Pyridines;Hydrocarbons, Aliphatic Unsaturated"
58-33-3,PROMETHAZINE HYDROCHLORIDE,14;35;60;64,"Amines, Phosphines, and Pyridines;Hydrocarbons, Aromatic;Salts, Acidic;Sulfides, Organic"
58-36-6,"PHENOXARSINE, 10,10&#39;-OXYDI-",28;49,Ethers;Organometallics
58-54-8,ETHACRYNIC ACID,2;16;34;35,"Acids, Carboxylic;Aryl Halides;Hydrocarbons, Aliphatic Unsaturated;Hydrocarbons, Aromatic"
58-55-9,THEOPHYLLINE,12;14,"Amides and Imides;Amines, Phosphines, and Pyridines"
58-58-2,PUROMYCIN DIHYDROCHLORIDE,8;12;14;28;60,"Alcohols and Polyols;Amides and Imides;Amines, Phosphines, and Pyridines;Ethers;Salts, Acidic"
58-89-9,LINDANE,31,Halogenated Organic Compounds
58-90-2,"2,3,4,6-TETRACHLOROPHENOL",5;16;55,"Acids, Weak;Aryl Halides;Phenols and Cresols"
58-93-5,HYDROCHLOROTHIAZIDE,12;14;16,"Amides and Imides;Amines, Phosphines, and Pyridines;Aryl Halides"
58-94-6,CHLOROTHIAZIDE,14;16;66,"Amines, Phosphines, and Pyridines;Aryl Halides;Sulfonates, Phosphonates, and Thiophosphonates, Organic"
58-95-7,D-ALPHA-TOCOPHERYL ACETATE,27,"Esters, Sulfate Esters, Phosphate Esters, Thiophosphate Esters, and Borate Esters"
5809-08-5,"1,1,3,3-TETRAMETHYLBUTYL HYDROPEROXIDE",53,"Peroxides, Organic"
581-89-5,2-NITRONAPHTHALENE,46,"Nitro, Nitroso, Nitrate, and Nitrite Compounds, Organic"
58139-59-6,"(4,4&#39;-BITHIAZOLE)-2,2&#39;-DIAMINE",14;64,"Amines, Phosphines, and Pyridines;Sulfides, Organic"
58164-88-8,ANTIMONY LACTATE,8;61,"Alcohols and Polyols;Salts, Basic"
58200-70-7,"1,2,3,4,6,7,9-HEPTACHLORODIBENZO-P-DIOXIN",16;28,Aryl Halides;Ethers
58270-08-9,"ZINC, DICHLORO(4,4-DIMETHYL-5((((METHYLAMINO) CARBONYL)OXY)IMINO)PENTANENITRILE)-,(T-4)-",20;45;49;52,Carbamates;Nitriles;Organometallics;Oximes
583-15-3,MERCURY BENZOATE,61,"Salts, Basic"
583-39-1,2-MERCAPTOBENZIMIDAZOLE,14;64,"Amines, Phosphines, and Pyridines;Sulfides, Organic"
583-59-5,2-METHYLCYCLOHEXANOL,8,Alcohols and Polyols
583-78-8,"2,5-DICHLOROPHENOL",5;16;55,"Acids, Weak;Aryl Halides;Phenols and Cresols"
583-91-5,2-HYDROXY-4-(METHYLTHIO)-BUTANOIC ACID,2;8;64,"Acids, Carboxylic;Alcohols and Polyols;Sulfides, Organic"
5836-29-3,COUMATETRALYL,8;27,"Alcohols and Polyols;Esters, Sulfate Esters, Phosphate Esters, Thiophosphate Esters, and Borate Esters"
584-79-2,ALLETHRIN,27;34;38,"Esters, Sulfate Esters, Phosphate Esters, Thiophosphate Esters, and Borate Esters;Hydrocarbons, Aliphatic Unsaturated;Ketones"
5842-06-8,"2-(N,N-DIPROPYLAMINO)ETHANETHIOL",14;64,"Amines, Phosphines, and Pyridines;Sulfides, Organic"
5842-07-9,"2-(N,N-DIISOPROPYLAMINO)ETHANETHIOL",14;64,"Amines, Phosphines, and Pyridines;Sulfides, Organic"
586-76-5,4-BROMOBENZOIC ACID,2;16;31,"Acids, Carboxylic;Aryl Halides;Halogenated Organic Compounds"
58718-66-4,HALOWAX 1000,16;31,Aryl Halides;Halogenated Organic Compounds
58718-67-5,HALOWAX 1001,16;31,Aryl Halides;Halogenated Organic Compounds
589-18-4,P-METHYL BENZYL ALCOHOL,8,Alcohols and Polyols
589-90-2,DIMETHYLCYCLOHEXANE,33,"Hydrocarbons, Aliphatic Saturated"
5894-60-0,HEXADECYLTRICHLOROSILANE,22,Chlorosilanes
59-05-2,METHOTREXATE,2;12;14,"Acids, Carboxylic;Amides and Imides;Amines, Phosphines, and Pyridines"
59-14-3,5-BROMO-2&#39;-DEOXYURIDINE,8;12;14;31,"Alcohols and Polyols;Amides and Imides;Amines, Phosphines, and Pyridines;Halogenated Organic Compounds"
59-26-7,NICETHAMID,12;14,"Amides and Imides;Amines, Phosphines, and Pyridines"
59-30-3,FOLIC ACID,2;12;55,"Acids, Carboxylic;Amides and Imides;Phenols and Cresols"
59-33-6,PYRILAMINE MALEATE,34;60,"Hydrocarbons, Aliphatic Unsaturated;Salts, Acidic"
59-50-7,CHLOROCRESOL,16;55,Aryl Halides;Phenols and Cresols
59-52-9,"2,3-DIMERCAPTO-1-PROPANOL",8;64,"Alcohols and Polyols;Sulfides, Organic"
59-66-5,ACETAZOLAMIDE,5;12;17;66,"Acids, Weak;Amides and Imides;Azo, Diazo, Azido, Hydrazine, and Azide Compounds;Sulfonates, Phosphonates, and Thiophosphonates, Organic"
59-67-6,NICOTINIC ACID,2;14,"Acids, Carboxylic;Amines, Phosphines, and Pyridines"
59-87-0,NITROFURAZONE,12;17;46,"Amides and Imides;Azo, Diazo, Azido, Hydrazine, and Azide Compounds;Nitro, Nitroso, Nitrate, and Nitrite Compounds, Organic"
59-88-1,PHENYLHYDRAZINE HYDROCHLORIDE,17;35;60,"Azo, Diazo, Azido, Hydrazine, and Azide Compounds;Hydrocarbons, Aromatic;Salts, Acidic"
59-89-2,N-NITROSOMORPHOLINE,17;28;46,"Azo, Diazo, Azido, Hydrazine, and Azide Compounds;Ethers;Nitro, Nitroso, Nitrate, and Nitrite Compounds, Organic"
590-17-0,BROMOACETONITRILE,31;45,Halogenated Organic Compounds;Nitriles
590-21-6,1-CHLOROPROPYLENE,31;34;56,"Halogenated Organic Compounds;Hydrocarbons, Aliphatic Unsaturated;Polymerizable Compounds"
590-36-3,2-METHYLPENTAN-2-OL,8,Alcohols and Polyols
5902-51-2,TERBACIL,12;31;34,"Amides and Imides;Halogenated Organic Compounds;Hydrocarbons, Aliphatic Unsaturated"
591-08-2,1-ACETYL-2-THIOUREA,12;59;64,"Amides and Imides;Reducing Agents, Weak;Sulfides, Organic"
591-17-3,M-BROMOTOLUENE,16,Aryl Halides
591-27-5,M-AMINOPHENOL,13;55,"Amines, Aromatic;Phenols and Cresols"
591-33-3,N-(3-ETHOXYPHENYL)ACETAMIDE,12;13,"Amides and Imides;Amines, Aromatic"
591-35-5,"3,5-DICHLOROPHENOL",16;55,Aryl Halides;Phenols and Cresols
591-89-9,MERCURIC POTASSIUM CYANIDE,24,"Cyanides, Inorganic"
592-01-8,CALCIUM CYANIDE,5;24,"Acids, Weak;Cyanides, Inorganic"
592-04-1,MERCURIC CYANIDE,24,"Cyanides, Inorganic"
592-05-2,LEAD CYANIDE,24,"Cyanides, Inorganic"
592-31-4,N-BUTYLUREA,12,Amides and Imides
592-55-2,2-BROMOETHYL ETHYL ETHER,28;31,Ethers;Halogenated Organic Compounds
592-62-1,METHYLAZOXYMETHANOL ACETATE,17;19;27,"Azo, Diazo, Azido, Hydrazine, and Azide Compounds;Bases, Weak;Esters, Sulfate Esters, Phosphate Esters, Thiophosphate Esters, and Borate Esters"
592-85-8,MERCURY THIOCYANATE,58;61,"Reducing Agents, Strong;Salts, Basic"
592-87-0,LEAD THIOCYANATE,58;61,"Reducing Agents, Strong;Salts, Basic"
5926-90-9,HEXYL GLYCIDYL ETHER,26;28,Epoxides;Ethers
5929-09-9,BENZETHONIUM CHLORIDE MONOHYDRATE,28;35;57;60,"Ethers;Hydrocarbons, Aromatic;Quaternary Ammonium and Phosphonium Salts;Salts, Acidic"
593-08-8,2-TRIDECANONE,38,Ketones
593-45-3,N-OCTADECANE,33,"Hydrocarbons, Aliphatic Saturated"
593-56-6,O-METHYLHYDROXYLAMINE HYDROCHLORIDE,28;60,"Ethers;Salts, Acidic"
593-67-9,ETHYLENEAMINE,14;34,"Amines, Phosphines, and Pyridines;Hydrocarbons, Aliphatic Unsaturated"
59355-75-8,"METHYLACETYLENE AND PROPADIENE MIXTURE, STABILIZED",10;34,"Alkynes, with Acetylenic Hydrogen;Hydrocarbons, Aliphatic Unsaturated"
594-71-8,2-CHLORO-2-NITROPROPANE,31;46,"Halogenated Organic Compounds;Nitro, Nitroso, Nitrate, and Nitrite Compounds, Organic"
5952-26-1,"ETHANOL, 2,2&#39;-OXYBIS-, DICARBAMATE",20;28,Carbamates;Ethers
59669-26-0,THIODICARB,20;52;64,"Carbamates;Oximes;Sulfides, Organic"
597-25-1,DIMETHYL MORPHOLINOPHOSPHORAMIDATE,14;27;28,"Amines, Phosphines, and Pyridines;Esters, Sulfate Esters, Phosphate Esters, Thiophosphate Esters, and Borate Esters;Ethers"
597-64-8,TETRAETHYLTIN,49,Organometallics
5970-32-1,MERCURY SALICYLATE,55;61,"Phenols and Cresols;Salts, Basic"
598-21-0,BROMOACETYL BROMIDE,7;31,"Acyl Halides, Sulfonyl Halides, and Chloroformates;Halogenated Organic Compounds"
598-38-9,"2,2-DICHLOROETHANOL",8;31,Alcohols and Polyols;Halogenated Organic Compounds
598-55-0,METHYL CARBAMATE,20,Carbamates
598-56-1,"DIMETHYLETHYLAMINE, [LIQUID]",14,"Amines, Phosphines, and Pyridines"
598-78-7,2-CHLOROPROPIONIC ACID,2;31,"Acids, Carboxylic;Halogenated Organic Compounds"
598-99-2,METHYL TRICHLOROACETATE,27;31,"Esters, Sulfate Esters, Phosphate Esters, Thiophosphate Esters, and Borate Esters;Halogenated Organic Compounds"
59820-43-8,HC YELLOW 4,8;14;46,"Alcohols and Polyols;Amines, Phosphines, and Pyridines;Nitro, Nitroso, Nitrate, and Nitrite Compounds, Organic"
59865-13-3,CYCLOSPORIN A,12,Amides and Imides
599-79-1,SALICYLAZOSULFAPYRIDINE,2;12;17,"Acids, Carboxylic;Amides and Imides;Azo, Diazo, Azido, Hydrazine, and Azide Compounds"
60-00-4,EDTA,2;14,"Acids, Carboxylic;Amines, Phosphines, and Pyridines"
60-09-3,4-AMINOAZOBENZENE,13;17,"Amines, Aromatic;Azo, Diazo, Azido, Hydrazine, and Azide Compounds"
60-11-7,4-DIMETHYLAMINOAZOBENZENE,14;17,"Amines, Phosphines, and Pyridines;Azo, Diazo, Azido, Hydrazine, and Azide Compounds"
60-13-9,AMPHETAMINE SULFATE,35;60,"Hydrocarbons, Aromatic;Salts, Acidic"
60-33-3,LINOLEIC ACID,2;5;34,"Acids, Carboxylic;Acids, Weak;Hydrocarbons, Aliphatic Unsaturated"
60-35-5,ACETAMIDE,12,Amides and Imides
60-41-3,STRYCHNINE SULFATE,12;28;35;60,"Amides and Imides;Ethers;Hydrocarbons, Aromatic;Salts, Acidic"
60-51-5,DIMETHOATE,12;27,"Amides and Imides;Esters, Sulfate Esters, Phosphate Esters, Thiophosphate Esters, and Borate Esters"
60-57-1,DIELDRIN,26;31;34,"Epoxides;Halogenated Organic Compounds;Hydrocarbons, Aliphatic Unsaturated"
60-87-7,PROMETHAZINE,14;64,"Amines, Phosphines, and Pyridines;Sulfides, Organic"
60153-49-3,3-METHYLNITROSOAMINOPROPIONITRILE,17;45;46,"Azo, Diazo, Azido, Hydrazine, and Azide Compounds;Nitriles;Nitro, Nitroso, Nitrate, and Nitrite Compounds, Organic"
60168-88-9,FENARIMOL,8;14;16,"Alcohols and Polyols;Amines, Phosphines, and Pyridines;Aryl Halides"
602-38-0,"1,8-DINITRONAPHTHALENE",46,"Nitro, Nitroso, Nitrate, and Nitrite Compounds, Organic"
602-60-8,9-NITROANTHRACENE,35;46,"Hydrocarbons, Aromatic;Nitro, Nitroso, Nitrate, and Nitrite Compounds, Organic"
602-87-9,5-NITROACENAPHTHENE,35;46,"Hydrocarbons, Aromatic;Nitro, Nitroso, Nitrate, and Nitrite Compounds, Organic"
602-99-3,TRINITROMETACRESOL,46;55,"Nitro, Nitroso, Nitrate, and Nitrite Compounds, Organic;Phenols and Cresols"
60207-90-1,PROPICONAZOLE,14;16;17;28,"Amines, Phosphines, and Pyridines;Aryl Halides;Azo, Diazo, Azido, Hydrazine, and Azide Compounds;Ethers"
603-34-9,TRIPHENYLAMINE,14;35,"Amines, Phosphines, and Pyridines;Hydrocarbons, Aromatic"
603-35-0,TRIPHENYL PHOSPHINE,14;58,"Amines, Phosphines, and Pyridines;Reducing Agents, Strong"
603-54-3,ASYM-DIPHENYLUREA,12;13,"Amides and Imides;Amines, Aromatic"
603-83-8,2-METHYL-3-NITROANILINE,13;46,"Amines, Aromatic;Nitro, Nitroso, Nitrate, and Nitrite Compounds, Organic"
604-75-1,OXAZEPAM,8;12;13;16,"Alcohols and Polyols;Amides and Imides;Amines, Aromatic;Aryl Halides"
6041-94-7,PIGMENT RED 2,12;16;17;55,"Amides and Imides;Aryl Halides;Azo, Diazo, Azido, Hydrazine, and Azide Compounds;Phenols and Cresols"
605-71-0,"1,5-DINITRONAPHTHALENE",46,"Nitro, Nitroso, Nitrate, and Nitrite Compounds, Organic"
6055-19-2,CYCLOPHOSPHAMIDE MONOHYDRATE,14;27;31,"Amines, Phosphines, and Pyridines;Esters, Sulfate Esters, Phosphate Esters, Thiophosphate Esters, and Borate Esters;Halogenated Organic Compounds"
606-03-1,TRIBENZYL ISOCYANURATE,37,Isocyanates and Isothiocyanates
606-20-2,"2,6-DINITROTOLUENE",46,"Nitro, Nitroso, Nitrate, and Nitrite Compounds, Organic"
606-35-9,TRINITROANISOLE,28;46,"Ethers;Nitro, Nitroso, Nitrate, and Nitrite Compounds, Organic"
606-37-1,"1,3-DINITRONAPHTHALENE",46,"Nitro, Nitroso, Nitrate, and Nitrite Compounds, Organic"
607-57-8,2-NITROFLUORENE,35;46,"Hydrocarbons, Aromatic;Nitro, Nitroso, Nitrate, and Nitrite Compounds, Organic"
608-71-9,PENTABROMOPHENOL,16;55,Aryl Halides;Phenols and Cresols
608-73-1,HEXACHLOROCYCLOHEXANE (ALL ISOMERS),31,Halogenated Organic Compounds
608-93-5,PENTACHLOROBENZENE,16,Aryl Halides
6080-56-4,LEAD ACETATE TRIHYDRATE,49;61,"Organometallics;Salts, Basic"
609-19-8,"3,4,5-TRICHLOROPHENOL",16;55,Aryl Halides;Phenols and Cresols
609-20-1,"2,6-DICHLORO-P-PHENYLENEDIAMINE",13;16,"Amines, Aromatic;Aryl Halides"
609-31-4,2-NITRO-1-BUTANOL,8;46,"Alcohols and Polyols;Nitro, Nitroso, Nitrate, and Nitrite Compounds, Organic"
609-72-3,"N,N-DIMETHYL-O-TOLUIDINE",13,"Amines, Aromatic"
61-25-6,PAPAVERINE HYDROCHLORIDE,28;35;60,"Ethers;Hydrocarbons, Aromatic;Salts, Acidic"
61-76-7,PHENYLEPHRINE HYDROCHLORIDE,8;55;60,"Alcohols and Polyols;Phenols and Cresols;Salts, Acidic"
61-82-5,AMITROLE,13;17,"Amines, Aromatic;Azo, Diazo, Azido, Hydrazine, and Azide Compounds"
610-14-0,O-NITROBENZOYL CHLORIDE,7;46,"Acyl Halides, Sulfonyl Halides, and Chloroformates;Nitro, Nitroso, Nitrate, and Nitrite Compounds, Organic"
610-15-1,O-NITROBENZAMIDE,12;46,"Amides and Imides;Nitro, Nitroso, Nitrate, and Nitrite Compounds, Organic"
610-39-9,"3,4-DINITROTOLUENE",46,"Nitro, Nitroso, Nitrate, and Nitrite Compounds, Organic"
610-66-2,O-NITROPHENYLACETONITRILE,45;46,"Nitriles;Nitro, Nitroso, Nitrate, and Nitrite Compounds, Organic"
61050-97-3,TRIS(2-KETOPROPYL) ISOCYANURATE,37;38,Isocyanates and Isothiocyanates;Ketones
611-06-3,"2,4-DICHLORONITROBENZENE",16;46,"Aryl Halides;Nitro, Nitroso, Nitrate, and Nitrite Compounds, Organic"
6112-76-1,6-MERCAPTOPURINE MONOHYDRATE,14;64,"Amines, Phosphines, and Pyridines;Sulfides, Organic"
612-23-7,O-NITROBENZYL CHLORIDE,31;46,"Halogenated Organic Compounds;Nitro, Nitroso, Nitrate, and Nitrite Compounds, Organic"
612-60-2,7-METHYLQUINOLINE,5;12;35,"Acids, Weak;Amides and Imides;Hydrocarbons, Aromatic"
612-64-6,N-NITROSO-N-ETHYLANILINE,17;46,"Azo, Diazo, Azido, Hydrazine, and Azide Compounds;Nitro, Nitroso, Nitrate, and Nitrite Compounds, Organic"
612-82-8,"3,3&#39;-DIMETHYLBENZIDINE DIHYDROCHLORIDE",60,"Salts, Acidic"
612-83-9,"3,3&#39;-DICHLOROBENZIDINE DIHYDROCHLORIDE",16;60,"Aryl Halides;Salts, Acidic"
613-13-8,2-AMINOANTHRACENE,13;35,"Amines, Aromatic;Hydrocarbons, Aromatic"
613-93-4,N-METHYLBENZAMIDE,12,Amides and Imides
6138-79-0,TRIPROLIDINE HYDROCHLORIDE MONOHYDRATE,14;34;35;60,"Amines, Phosphines, and Pyridines;Hydrocarbons, Aliphatic Unsaturated;Hydrocarbons, Aromatic;Salts, Acidic"
614-95-9,NITROSOETHYLURETHANE,17;20;46,"Azo, Diazo, Azido, Hydrazine, and Azide Compounds;Carbamates;Nitro, Nitroso, Nitrate, and Nitrite Compounds, Organic"
615-05-4,"2,4-DIAMINOANISOLE",13;28,"Amines, Aromatic;Ethers"
615-28-1,"1,2-PHENYLENEDIAMINE DIHYDROCHLORIDE",60,"Salts, Acidic"
615-53-2,N-NITROSO-N-METHYLURETHANE,17;20;46,"Azo, Diazo, Azido, Hydrazine, and Azide Compounds;Carbamates;Nitro, Nitroso, Nitrate, and Nitrite Compounds, Organic"
61578-04-9,P-CUMYLPHENYL GLYCIDYL ETHER,26;28,Epoxides;Ethers
616-23-9,"2,3-DICHLORO-1-PROPANOL",8;31,Alcohols and Polyols;Halogenated Organic Compounds
6168-72-5,2-PROPANOLAMINE,8;14,"Alcohols and Polyols;Amines, Phosphines, and Pyridines"
617-50-5,ISOPROPYL ISOBUTYRATE,27,"Esters, Sulfate Esters, Phosphate Esters, Thiophosphate Esters, and Borate Esters"
617-89-0,FURFURYLAMINE,14;28,"Amines, Phosphines, and Pyridines;Ethers"
61702-44-1,2-CHLORO-P-PHENYLENEDIAMINE SULFATE,16;60,"Aryl Halides;Salts, Acidic"
61703-05-7,DIRECT BLACK 114,8;14;17,"Alcohols and Polyols;Amines, Phosphines, and Pyridines;Azo, Diazo, Azido, Hydrazine, and Azide Compounds"
61788-32-7,HYDROGENATED TERPHENYLS,35,"Hydrocarbons, Aromatic"
61789-01-3,OCTYL EPOXY TALLATE,53;55,"Peroxides, Organic;Phenols and Cresols"
61789-51-3,"COBALT NAPHTHENATES, POWDER",34;61,"Hydrocarbons, Aliphatic Unsaturated;Salts, Basic"
61789-65-9,ALUMINUM RESINATE,58,"Reducing Agents, Strong"
61789-81-9,BIS(HYDROGENATED TALLOW ALKYL) DIMETHYL AMMONIUM METHYL SULFATES,33;57,"Hydrocarbons, Aliphatic Saturated;Quaternary Ammonium and Phosphonium Salts"
61789-97-7,TALLOW,27,"Esters, Sulfate Esters, Phosphate Esters, Thiophosphate Esters, and Borate Esters"
61790-12-3,"TALL OIL, FATTY ACID",2,"Acids, Carboxylic"
61790-13-4,SODIUM NAPHTHENATE,35;61,"Hydrocarbons, Aromatic;Salts, Basic"
61790-51-0,SODIUM RESINATE,58,"Reducing Agents, Strong"
619-17-0,4-NITROANTHRANILIC ACID,2;13;14;46,"Acids, Carboxylic;Amines, Aromatic;Amines, Phosphines, and Pyridines;Nitro, Nitroso, Nitrate, and Nitrite Compounds, Organic"
619-23-8,M-NITROBENZYL CHLORIDE,31;46,"Halogenated Organic Compounds;Nitro, Nitroso, Nitrate, and Nitrite Compounds, Organic"
619-80-7,P-NITROBENZAMIDE,12;46,"Amides and Imides;Nitro, Nitroso, Nitrate, and Nitrite Compounds, Organic"
6197-30-4,"2-ETHYLHEXYL-2-CYANO-3,3-DIPHENYLACRYLATE",6;45;56,Acrylates and Acrylic Acids;Nitriles;Polymerizable Compounds
62-23-7,P-NITROBENZOIC ACID,2;46,"Acids, Carboxylic;Nitro, Nitroso, Nitrate, and Nitrite Compounds, Organic"
62-38-4,PHENYLMERCURIC ACETATE,49;61,"Organometallics;Salts, Basic"
62-44-2,PHENACETIN,12;13,"Amides and Imides;Amines, Aromatic"
62-50-0,ETHYL METHANESULFONATE,27;66,"Esters, Sulfate Esters, Phosphate Esters, Thiophosphate Esters, and Borate Esters;Sulfonates, Phosphonates, and Thiophosphonates, Organic"
62-55-5,THIOACETAMIDE,12;64,"Amides and Imides;Sulfides, Organic"
62-56-6,THIOUREA,12;64,"Amides and Imides;Sulfides, Organic"
62-73-7,DICHLORVOS,27;31;34,"Esters, Sulfate Esters, Phosphate Esters, Thiophosphate Esters, and Borate Esters;Halogenated Organic Compounds;Hydrocarbons, Aliphatic Unsaturated"
62-74-8,SODIUM FLUOROACETATE,31;61,"Halogenated Organic Compounds;Salts, Basic"
62-76-0,SODIUM OXALATE,59;61,"Reducing Agents, Weak;Salts, Basic"
620-05-3,BENZYL IODIDE,31,Halogenated Organic Compounds
620-22-4,M-TOLUNITRILE,45,Nitriles
6201-86-1,3-AMINO-5-SULFOSALICYLIC ACID,4;14;55,"Acids, Strong Oxidizing;Amines, Phosphines, and Pyridines;Phenols and Cresols"
6201-87-2,5-AMINO-3-SULFOSALICYLIC ACID,2;13;55;66,"Acids, Carboxylic;Amines, Aromatic;Phenols and Cresols;Sulfonates, Phosphonates, and Thiophosphonates, Organic"
621-31-8,3-ETHYLAMINOPHENOL,14;55,"Amines, Phosphines, and Pyridines;Phenols and Cresols"
621-33-0,M-PHENETIDINE,13,"Amines, Aromatic"
621-42-1,N-ACETYL-M-AMINOPHENOL,12;55,Amides and Imides;Phenols and Cresols
621-64-7,N-NITROSODI-N-PROPYLAMINE,17;46,"Azo, Diazo, Azido, Hydrazine, and Azide Compounds;Nitro, Nitroso, Nitrate, and Nitrite Compounds, Organic"
6219-89-2,4-AMINO-4&#39;-HYDROXY-3-METHYLDIPHENYLAMINE,13;55,"Amines, Aromatic;Phenols and Cresols"
622-44-6,PHENYLCARBYLAMINE CHLORIDE,13;31;34,"Amines, Aromatic;Halogenated Organic Compounds;Hydrocarbons, Aliphatic Unsaturated"
622-51-5,P-TOLYLUREA,12;13,"Amides and Imides;Amines, Aromatic"
622-57-1,N-ETHYL-P-TOLUIDINE,13,"Amines, Aromatic"
62207-76-5,"COBALT, ((2,2&#39;-(1,2-ETHANEDIYLBIS(NITRILOMETHYLIDYNE))BIS(6-FLUOROPHENOLATO))(2-)-N,N&#39;,O,O&#39;)-,(SP-4-2)",14;16;30;47;54,"Amines, Phosphines, and Pyridines;Aryl Halides;Fluorinated Organic Compounds;Non-Redox-Active Inorganic Compounds;Phenolic Salts"
623-15-4,FURFURAL ACETONE,23;28;34;38,"Conjugated Dienes;Ethers;Hydrocarbons, Aliphatic Unsaturated;Ketones"
623-17-6,FURFURYL ACETATE,27;28,"Esters, Sulfate Esters, Phosphate Esters, Thiophosphate Esters, and Borate Esters;Ethers"
623-30-3,BETA-(2-FURYL)ACROLEIN,9;23;34,"Aldehydes;Conjugated Dienes;Hydrocarbons, Aliphatic Unsaturated"
624-18-0,"1,4-PHENYLENEDIAMINE DIHYDROCHLORIDE",60,"Salts, Acidic"
624-24-8,METHYL VALERATE,27,"Esters, Sulfate Esters, Phosphate Esters, Thiophosphate Esters, and Borate Esters"
624-54-4,N-PENTYL PROPIONATE,27,"Esters, Sulfate Esters, Phosphate Esters, Thiophosphate Esters, and Borate Esters"
624-91-9,METHYL NITRITE,46,"Nitro, Nitroso, Nitrate, and Nitrite Compounds, Organic"
62476-59-9,ACIFLUORFEN SODIUM SALT,16;30;46;61,"Aryl Halides;Fluorinated Organic Compounds;Nitro, Nitroso, Nitrate, and Nitrite Compounds, Organic;Salts, Basic"
62488-57-7,"5,6-DIHYDRO-5-AZACYTIDINE",8;12;14,"Alcohols and Polyols;Amides and Imides;Amines, Phosphines, and Pyridines"
625-45-6,METHOXYACETIC ACID,2;28,"Acids, Carboxylic;Ethers"
625-48-9,2-NITROETHANOL,8;46,"Alcohols and Polyols;Nitro, Nitroso, Nitrate, and Nitrite Compounds, Organic"
625-86-5,"2,5-DIMETHYLFURAN",28,Ethers
626-17-5,M-PHTHALODINITRILE,45,Nitriles
626-56-2,3-METHYLPIPERIDINE,14,"Amines, Phosphines, and Pyridines"
626-67-5,1-METHYLPIPERIDINE,14,"Amines, Phosphines, and Pyridines"
62625-14-3,2-AMINO-6-CHLORO-4-NITROPHENOL HYDROCHLORIDE,16;46;55;60,"Aryl Halides;Nitro, Nitroso, Nitrate, and Nitrite Compounds, Organic;Phenols and Cresols;Salts, Acidic"
6265-09-4,5-DIETHYLAMINO-2-NITROSO-4-METHYLPHENOL,14;46;55,"Amines, Phosphines, and Pyridines;Nitro, Nitroso, Nitrate, and Nitrite Compounds, Organic;Phenols and Cresols"
6265-11-8,5-DIMETHYLAMINO-2-NITROSO-4-METHYLPHENOL,14;46;55,"Amines, Phosphines, and Pyridines;Nitro, Nitroso, Nitrate, and Nitrite Compounds, Organic;Phenols and Cresols"
6265-13-0,3-METHYLAMINO-4-METHYLPHENOL,14;55,"Amines, Phosphines, and Pyridines;Phenols and Cresols"
6265-15-2,"5-(4-AMINOBENZAMIDO)-2,3-CRESOTIC ACID",2;12;13;55,"Acids, Carboxylic;Amides and Imides;Amines, Aromatic;Phenols and Cresols"
627-03-2,ETHOXYACETIC ACID,2;28,"Acids, Carboxylic;Ethers"
627-18-9,3-BROMO-1-PROPANOL,8;31,Alcohols and Polyols;Halogenated Organic Compounds
627-63-4,FUMARYL CHLORIDE,7;34,"Acyl Halides, Sulfonyl Halides, and Chloroformates;Hydrocarbons, Aliphatic Unsaturated"
627-93-0,DIMETHYL ADIPATE,27,"Esters, Sulfate Esters, Phosphate Esters, Thiophosphate Esters, and Borate Esters"
62765-93-9,NIAX® CATALYST ESN,14;28;45,"Amines, Phosphines, and Pyridines;Ethers;Nitriles"
628-02-4,HEXANAMIDE,12,Amides and Imides
628-20-6,CHLOROBUTYRONITRILE,31;45,Halogenated Organic Compounds;Nitriles
628-86-4,"MERCURY FULMINATE, [WET]",24;68,"Cyanides, Inorganic;Water and Aqueous Solutions"
628-94-4,ADIPAMIDE,12,Amides and Imides
628-96-6,ETHYLENE GLYCOL DINITRATE,46,"Nitro, Nitroso, Nitrate, and Nitrite Compounds, Organic"
6285-57-0,2-AMINO-6-NITROBENZOTHIAZOLE,14;46;64,"Amines, Phosphines, and Pyridines;Nitro, Nitroso, Nitrate, and Nitrite Compounds, Organic;Sulfides, Organic"
6287-38-3,"3,4-DICHLOROBENZALDEHYDE",9;16;35,"Aldehydes;Aryl Halides;Hydrocarbons, Aromatic"
629-06-1,1-CHLOROHEPTANE,31,Halogenated Organic Compounds
629-15-2,ETHYLENE GLYCOL DIFORMATE,27,"Esters, Sulfate Esters, Phosphate Esters, Thiophosphate Esters, and Borate Esters"
629-38-9,DIETHYLENE GLYCOL METHYL ETHER ACETATE,27;28,"Esters, Sulfate Esters, Phosphate Esters, Thiophosphate Esters, and Borate Esters;Ethers"
629-39-0,"OCTYL NITRATE, [LIQUID]",46,"Nitro, Nitroso, Nitrate, and Nitrite Compounds, Organic"
629-59-4,N-TETRADECANE,33,"Hydrocarbons, Aliphatic Saturated"
629-62-9,N-PENTADECANE,33,"Hydrocarbons, Aliphatic Saturated"
629-76-5,PENTADECANOL,8,Alcohols and Polyols
629-78-7,N-HEPTADECANE,33,"Hydrocarbons, Aliphatic Saturated"
629-82-3,DI-N-OCTYL ETHER,28,Ethers
629-92-5,N-NONADECANE,33,"Hydrocarbons, Aliphatic Saturated"
629-94-7,N-HENEICOSANE,33,"Hydrocarbons, Aliphatic Saturated"
629-97-0,N-DOCOSANE,33,"Hydrocarbons, Aliphatic Saturated"
629-99-2,N-PENTACOSANE,33,"Hydrocarbons, Aliphatic Saturated"
6291-84-5,3-METHYLAMINOPROPYLAMINE,14,"Amines, Phosphines, and Pyridines"
63-25-2,CARBARYL,20,Carbamates
63-42-3,LACTOSE,8,Alcohols and Polyols
63-56-9,THONZYLAMINE HYDROCHLORIDE,14;28;35;60,"Amines, Phosphines, and Pyridines;Ethers;Hydrocarbons, Aromatic;Salts, Acidic"
63-68-3,L-METHIONINE,60;64,"Salts, Acidic;Sulfides, Organic"
63-74-1,SULFANILAMIDE,13;66,"Amines, Aromatic;Sulfonates, Phosphonates, and Thiophosphonates, Organic"
63-91-2,L-PHENYLALANINE,60,"Salts, Acidic"
63-92-3,PHENOXYBENZAMINE HYDROCHLORIDE,28;31;60,"Ethers;Halogenated Organic Compounds;Salts, Acidic"
630-01-3,N-HEXACOSANE,33,"Hydrocarbons, Aliphatic Saturated"
630-02-4,N-OCTACOSANE,33,"Hydrocarbons, Aliphatic Saturated"
630-10-4,SELENOUREA,12;49,Amides and Imides;Organometallics
630-60-4,OUABAIN,8;27;28;34,"Alcohols and Polyols;Esters, Sulfate Esters, Phosphate Esters, Thiophosphate Esters, and Borate Esters;Ethers;Hydrocarbons, Aliphatic Unsaturated"
6303-21-5,HYPOPHOSPHOROUS ACID,5;58,"Acids, Weak;Reducing Agents, Strong"
631-61-8,AMMONIUM ACETATE,60,"Salts, Acidic"
6315-89-5,"3,4-DIMETHOXYANILINE",13,"Amines, Aromatic"
6317-18-6,METHYLENEBIS(THIOCYANATE),37,Isocyanates and Isothiocyanates
632-58-6,TETRACHLOROPHTHALIC ACID,2;16,"Acids, Carboxylic;Aryl Halides"
632-79-1,TETRABROMOPHTHALIC ANHYDRIDE,15;16,Anhydrides;Aryl Halides
632-99-5,C.I. BASIC VIOLET 14,14;23;34;35,"Amines, Phosphines, and Pyridines;Conjugated Dienes;Hydrocarbons, Aliphatic Unsaturated;Hydrocarbons, Aromatic"
63283-80-7,DICHLOROISOPROPYL ETHER,28;31,Ethers;Halogenated Organic Compounds
63394-00-3,"TERPENE HYDROCARBONS, N.O.S.",34,"Hydrocarbons, Aliphatic Unsaturated"
634-66-2,"1,2,3,4-TETRACHLOROBENZENE",16,Aryl Halides
634-90-2,"1,2,3,5-TETRACHLOROBENZENE",16,Aryl Halides
634-93-5,"2,4,6-TRICHLOROANILINE",13;16,"Amines, Aromatic;Aryl Halides"
63449-41-2,BENZYLDIMETHYL(MIXED ALKYL)AMMONIUM CHLORIDE,47;57,Non-Redox-Active Inorganic Compounds;Quaternary Ammonium and Phosphonium Salts
6358-07-2,2-AMINO-4-CHLORO-5-NITROPHENOL,13;16;46;55,"Amines, Aromatic;Aryl Halides;Nitro, Nitroso, Nitrate, and Nitrite Compounds, Organic;Phenols and Cresols"
6358-08-3,2-AMINO-4-CHLORO-6-NITROPHENOL,13;16;46;55,"Amines, Aromatic;Aryl Halides;Nitro, Nitroso, Nitrate, and Nitrite Compounds, Organic;Phenols and Cresols"
6358-15-2,"2-AMINO-3,4,6-TRICHLOROPHENOL",13;16;55,"Amines, Aromatic;Aryl Halides;Phenols and Cresols"
6358-18-5,"4-CHLORO-2-(2,4-DINITROANILINO)PHENOL",14;16;46;55,"Amines, Phosphines, and Pyridines;Aryl Halides;Nitro, Nitroso, Nitrate, and Nitrite Compounds, Organic;Phenols and Cresols"
6358-23-2,"2-(2,4-DINITROANILINO)PHENOL",14;46;55,"Amines, Phosphines, and Pyridines;Nitro, Nitroso, Nitrate, and Nitrite Compounds, Organic;Phenols and Cresols"
6358-29-8,DIRECT RED 39,17;47;55,"Azo, Diazo, Azido, Hydrazine, and Azide Compounds;Non-Redox-Active Inorganic Compounds;Phenols and Cresols"
6358-31-2,C.I. PIGMENT YELLOW 74,8;12;17;28;34;46,"Alcohols and Polyols;Amides and Imides;Azo, Diazo, Azido, Hydrazine, and Azide Compounds;Ethers;Hydrocarbons, Aliphatic Unsaturated;Nitro, Nitroso, Nitrate, and Nitrite Compounds, Organic"
6358-53-8,CITRUS RED NO. 2,17;28;55,"Azo, Diazo, Azido, Hydrazine, and Azide Compounds;Ethers;Phenols and Cresols"
6358-85-6,DIARYLANILIDE YELLOW,12;13;16;17;38,"Amides and Imides;Amines, Aromatic;Aryl Halides;Azo, Diazo, Azido, Hydrazine, and Azide Compounds;Ketones"
63597-41-1,OCTADIENE,23;34;56,"Conjugated Dienes;Hydrocarbons, Aliphatic Unsaturated;Polymerizable Compounds"
636-21-5,O-TOLUIDINE HYDROCHLORIDE,60,"Salts, Acidic"
636-26-0,5-METHYL-2-THIOURACIL,12;34,"Amides and Imides;Hydrocarbons, Aliphatic Unsaturated"
6369-59-1,"2,5-TOLUENEDIAMINE SULFATE",60,"Salts, Acidic"
637-39-8,TRIETHANOLAMINE HYDROCHLORIDE,8;60,"Alcohols and Polyols;Salts, Acidic"
637-78-5,ISOPROPYL PROPIONATE,27,"Esters, Sulfate Esters, Phosphate Esters, Thiophosphate Esters, and Borate Esters"
6373-74-6,C.I. ACID ORANGE 3,14;46;61,"Amines, Phosphines, and Pyridines;Nitro, Nitroso, Nitrate, and Nitrite Compounds, Organic;Salts, Basic"
6375-17-3,2-ACETYLAMINO-4-METHYLPHENOL,12;55,Amides and Imides;Phenols and Cresols
638-03-9,M-TOLUIDINE HYDROCHLORIDE,60,"Salts, Acidic"
638-11-9,ISOPROPYL BUTYRATE,27,"Esters, Sulfate Esters, Phosphate Esters, Thiophosphate Esters, and Borate Esters"
638-29-9,VALERYL CHLORIDE,7,"Acyl Halides, Sulfonyl Halides, and Chloroformates"
638-67-5,TRICOSANE,33,"Hydrocarbons, Aliphatic Saturated"
638-68-6,N-TRIACONTANE,33,"Hydrocarbons, Aliphatic Saturated"
6381-77-7,SODIUM ERYTHORBATE,8;27;34;61,"Alcohols and Polyols;Esters, Sulfate Esters, Phosphate Esters, Thiophosphate Esters, and Borate Esters;Hydrocarbons, Aliphatic Unsaturated;Salts, Basic"
63868-82-6,ZIRCONIUM PICRAMATE,13;46;54;68,"Amines, Aromatic;Nitro, Nitroso, Nitrate, and Nitrite Compounds, Organic;Phenolic Salts;Water and Aqueous Solutions"
63869-13-6,BIS(2-CHLOROETHYLTHIO)METHANE,31;58;64,"Halogenated Organic Compounds;Reducing Agents, Strong;Sulfides, Organic"
63885-01-8,ZINC AMMONIUM NITRITE,43;60,"Nitrate and Nitrite Compounds, Inorganic;Salts, Acidic"
639-58-7,TRIPHENYLTIN CHLORIDE,49;60,"Organometallics;Salts, Acidic"
63905-10-2,"1,3-BIS(2-CHLOROETHYLTHIO)-N-PROPANE",31;58;64,"Halogenated Organic Compounds;Reducing Agents, Strong;Sulfides, Organic"
63918-89-8,O-MUSTARD (T),28;31;58;64,"Ethers;Halogenated Organic Compounds;Reducing Agents, Strong;Sulfides, Organic"
63918-90-1,BIS(2-CHLOROETHYLTHIOMETHYL)ETHER,28;31;58;64,"Ethers;Halogenated Organic Compounds;Reducing Agents, Strong;Sulfides, Organic"
63937-14-4,MERCURY GLUCONATE,8;42;61,"Alcohols and Polyols;Metals, Less Reactive;Salts, Basic"
63989-69-5,FERRIC ARSENITE,61,"Salts, Basic"
64-00-6,"PHENOL, 3-(1-METHYLETHYL)-, METHYLCARBAMATE",20,Carbamates
64-10-8,"PHENYL UREA PESTICIDE, LIQUID, POISONOUS",12;13,"Amides and Imides;Amines, Aromatic"
64-65-3,BEMEGRIDE,12,Amides and Imides
64-69-7,IODOACETIC ACID,2;31,"Acids, Carboxylic;Halogenated Organic Compounds"
64-75-5,TETRACYCLINE HYDROCHLORIDE,8;12;34;38;55;60,"Alcohols and Polyols;Amides and Imides;Hydrocarbons, Aliphatic Unsaturated;Ketones;Phenols and Cresols;Salts, Acidic"
64-77-7,TOLBUTAMIDE,12;66,"Amides and Imides;Sulfonates, Phosphonates, and Thiophosphonates, Organic"
64-86-8,COLCHICINE,12;28;38,Amides and Imides;Ethers;Ketones
640-19-7,FLUOROACETAMIDE,12;30,Amides and Imides;Fluorinated Organic Compounds
64039-27-6,BETA-DIOXYTHIOGUANOSINE,8;12;14;64,"Alcohols and Polyols;Amides and Imides;Amines, Phosphines, and Pyridines;Sulfides, Organic"
64046-79-3,QUINACRINE MUSTARD,14;16;31,"Amines, Phosphines, and Pyridines;Aryl Halides;Halogenated Organic Compounds"
64091-91-4,4-(N-NITROSO-N-METHYLAMINO)-1-(3-PYRIDYL)-1-BUTANONE (NNK),14;38;46,"Amines, Phosphines, and Pyridines;Ketones;Nitro, Nitroso, Nitrate, and Nitrite Compounds, Organic"
64173-96-2,SODIUM 2-DIAZO-1-NAPHTHOL-4-SULFONATE,8;17;61;66,"Alcohols and Polyols;Azo, Diazo, Azido, Hydrazine, and Azide Compounds;Salts, Basic;Sulfonates, Phosphonates, and Thiophosphonates, Organic"
64216-20-2,"1,3-BIS((2-BENZOTHIAZOYLMERCAPTOMETHYL)UREA)",12;14;64,"Amides and Imides;Amines, Phosphines, and Pyridines;Sulfides, Organic"
6427-21-0,METHOXYMETHYL ISOCYANATE,28;37,Ethers;Isocyanates and Isothiocyanates
6428-94-0,C.I. DIRECT VIOLET 32,13;17;55;61,"Amines, Aromatic;Azo, Diazo, Azido, Hydrazine, and Azide Compounds;Phenols and Cresols;Salts, Basic"
643-22-1,ERYTHROMYCIN STEARATE,8;14;27;28,"Alcohols and Polyols;Amines, Phosphines, and Pyridines;Esters, Sulfate Esters, Phosphate Esters, Thiophosphate Esters, and Borate Esters;Ethers"
644-31-5,ACETYL BENZOYL PEROXIDE,53,"Peroxides, Organic"
644-64-4,DIMETILAN,17;20,"Azo, Diazo, Azido, Hydrazine, and Azide Compounds;Carbamates"
644-97-3,BENZENE PHOSPHORUS DICHLORIDE,7;32,"Acyl Halides, Sulfonyl Halides, and Chloroformates;Halogenating Agents"
64475-85-0,TURPENTINE SUBSTITUTE,34,"Hydrocarbons, Aliphatic Unsaturated"
645-00-1,1-IODO-3-NITROBENZENE,16;46,"Aryl Halides;Nitro, Nitroso, Nitrate, and Nitrite Compounds, Organic"
645-05-6,HEXAMETHYLMELAMINE,14,"Amines, Phosphines, and Pyridines"
645-09-0,M-NITROBENZAMIDE,12;46,"Amides and Imides;Nitro, Nitroso, Nitrate, and Nitrite Compounds, Organic"
645-49-8,CIS-STILBENE,34;35,"Hydrocarbons, Aliphatic Unsaturated;Hydrocarbons, Aromatic"
6459-94-5,C.I. ACID RED 114,17;55;61;66,"Azo, Diazo, Azido, Hydrazine, and Azide Compounds;Phenols and Cresols;Salts, Basic;Sulfonates, Phosphonates, and Thiophosphonates, Organic"
646-14-0,1-NITROHEXANE,46,"Nitro, Nitroso, Nitrate, and Nitrite Compounds, Organic"
646-31-1,N-TETRACOSANE,33,"Hydrocarbons, Aliphatic Saturated"
6471-49-4,C.I. PIGMENT RED 23,12;17;46;55,"Amides and Imides;Azo, Diazo, Azido, Hydrazine, and Azide Compounds;Nitro, Nitroso, Nitrate, and Nitrite Compounds, Organic;Phenols and Cresols"
64741-62-4,OILS: CLARIFIED,27,"Esters, Sulfate Esters, Phosphate Esters, Thiophosphate Esters, and Borate Esters"
64741-89-5,"OIL, [SPRAY]",33,"Hydrocarbons, Aliphatic Saturated"
64742-46-7,"OIL, [MINERAL SEAL]",33,"Hydrocarbons, Aliphatic Saturated"
6484-52-2,AMMONIUM NITRATE,43;60;68,"Nitrate and Nitrite Compounds, Inorganic;Salts, Acidic;Water and Aqueous Solutions"
6487-48-5,POTASSIUM OXALATE MONOHYDRATE,59;61,"Reducing Agents, Weak;Salts, Basic"
64902-72-3,CHLORSULFURON,12;14;16,"Amides and Imides;Amines, Phosphines, and Pyridines;Aryl Halides"
64969-34-2,"3,3&#39;-DICHLOROBENZIDINE SULFATE",16;60,"Aryl Halides;Salts, Acidic"
64973-06-4,ARSENIC BROMIDE,7;32,"Acyl Halides, Sulfonyl Halides, and Chloroformates;Halogenating Agents"
65-30-5,"NICOTINE SULFATE, SOLID",60;68,"Salts, Acidic;Water and Aqueous Solutions"
65-45-2,2-HYDROXYBENZAMIDE,12;55,Amides and Imides;Phenols and Cresols
65-46-3,CYTIDINE,8;12;14;34,"Alcohols and Polyols;Amides and Imides;Amines, Phosphines, and Pyridines;Hydrocarbons, Aliphatic Unsaturated"
65-85-0,BENZOIC ACID,2,"Acids, Carboxylic"
65-86-1,OROTIC ACID,2;12;34,"Acids, Carboxylic;Amides and Imides;Hydrocarbons, Aliphatic Unsaturated"
65272-71-1,CHROMOSULFURIC ACID,4,"Acids, Strong Oxidizing"
6533-68-2,SCOPOLAMINE HYDROBROMIDE TRIHYDRATE,8;26;27;35;60,"Alcohols and Polyols;Epoxides;Esters, Sulfate Esters, Phosphate Esters, Thiophosphate Esters, and Borate Esters;Hydrocarbons, Aromatic;Salts, Acidic"
6533-73-9,THALLOUS CARBONATE,21,Carbonate Salts
6537-68-4,LEUCO VAT BLUE 1,8;14;23;35,"Alcohols and Polyols;Amines, Phosphines, and Pyridines;Conjugated Dienes;Hydrocarbons, Aromatic"
6581-06-2,3-QUINUCLIDINYL BENZILATE,8;14;27,"Alcohols and Polyols;Amines, Phosphines, and Pyridines;Esters, Sulfate Esters, Phosphate Esters, Thiophosphate Esters, and Borate Esters"
65996-91-0,"COAL TAR OIL, [LIGHT DISTILLATE]",35;55,"Hydrocarbons, Aromatic;Phenols and Cresols"
65996-92-1,COAL TAR PITCH,35,"Hydrocarbons, Aromatic"
65997-15-1,PORTLAND CEMENT,47;61,"Non-Redox-Active Inorganic Compounds;Salts, Basic"
66-27-3,METHYL METHANESULFONATE,66,"Sulfonates, Phosphonates, and Thiophosphonates, Organic"
66-75-1,URACIL MUSTARD,12;14;31;34,"Amides and Imides;Amines, Phosphines, and Pyridines;Halogenated Organic Compounds;Hydrocarbons, Aliphatic Unsaturated"
66-81-9,CYCLOHEXIMIDE,12;38,Amides and Imides;Ketones
6633-40-5,2-HYDROXY-7-NITROFLUORENE,46;55,"Nitro, Nitroso, Nitrate, and Nitrite Compounds, Organic;Phenols and Cresols"
6637-88-3,C.I. DIRECT ORANGE 6,13;17;61;66,"Amines, Aromatic;Azo, Diazo, Azido, Hydrazine, and Azide Compounds;Salts, Basic;Sulfonates, Phosphonates, and Thiophosphonates, Organic"
66441-23-4,FENOXAPROP ETHYL,14;16;27,"Amines, Phosphines, and Pyridines;Aryl Halides;Esters, Sulfate Esters, Phosphate Esters, Thiophosphate Esters, and Borate Esters"
67-20-9,NITROFURANTOIN,12;17;46,"Amides and Imides;Azo, Diazo, Azido, Hydrazine, and Azide Compounds;Nitro, Nitroso, Nitrate, and Nitrite Compounds, Organic"
67-21-0,DL-ETHIONINE,2;5;14;64,"Acids, Carboxylic;Acids, Weak;Amines, Phosphines, and Pyridines;Sulfides, Organic"
67-48-1,CHOLINE CHLORIDE,8;47;57,Alcohols and Polyols;Non-Redox-Active Inorganic Compounds;Quaternary Ammonium and Phosphonium Salts
67-72-1,HEXACHLOROETHANE,31,Halogenated Organic Compounds
67-97-0,VITAMIN D3,8;23;34,"Alcohols and Polyols;Conjugated Dienes;Hydrocarbons, Aliphatic Unsaturated"
673-06-3,D-PHENYLALANINE,60,"Salts, Acidic"
6731-36-8,"1,1-DI-(TERT-BUTYLPEROXY)-3,3,5-TRIMETHYL CYCLOHEXANE",1;53,"Acetals, Ketals, Hemiacetals, and Hemiketals;Peroxides, Organic"
6742-54-7,N-UNDECYLBENZENE,35,"Hydrocarbons, Aromatic"
67485-29-4,HYDRAMETHYLNON,14;30;34,"Amines, Phosphines, and Pyridines;Fluorinated Organic Compounds;Hydrocarbons, Aliphatic Unsaturated"
676-99-3,DF,7;66,"Acyl Halides, Sulfonyl Halides, and Chloroformates;Sulfonates, Phosphonates, and Thiophosphonates, Organic"
67634-00-8,"(3-METHYLBUTOXY)ACETIC ACID, 2-PROPENYL ESTER",27;28;34,"Esters, Sulfate Esters, Phosphate Esters, Thiophosphate Esters, and Borate Esters;Ethers;Hydrocarbons, Aliphatic Unsaturated"
677-42-9,ISOPROPYLPHOSPHONYL DIFLUORIDE,7;66,"Acyl Halides, Sulfonyl Halides, and Chloroformates;Sulfonates, Phosphonates, and Thiophosphonates, Organic"
677-43-0,"N,N-DIMETHYL PHOSPHORAMIDIC DICHLORIDE",7;12,"Acyl Halides, Sulfonyl Halides, and Chloroformates;Amides and Imides"
677-71-4,HEXAFLUOROACETONE HYDRATE,1;8;30,"Acetals, Ketals, Hemiacetals, and Hemiketals;Alcohols and Polyols;Fluorinated Organic Compounds"
67713-16-0,"HEXOTONAL &lt;OR&gt; HEXATONAL, CAST",41;46,"Metals, Elemental and Powder, Active;Nitro, Nitroso, Nitrate, and Nitrite Compounds, Organic"
67762-27-0,TALLOW FATTY ALCOHOL,8,Alcohols and Polyols
67774-32-7,POLYBROMINATED BIPHENYL,16;48,Aryl Halides;Not Chemically Reactive
67805-95-2,ISONONANOYL PEROXIDE,53,"Peroxides, Organic"
67828-17-5,DIETHYL DIBUTYLPHOSPHORAMIDATE,14;27,"Amines, Phosphines, and Pyridines;Esters, Sulfate Esters, Phosphate Esters, Thiophosphate Esters, and Borate Esters"
67873-91-0,"TRIISOCYANATOISOCYANURATE OF ISOPHORONEDIISOCYANATE, SOLUTION (70%)",37,Isocyanates and Isothiocyanates
6789-88-4,HEXYL BENZOATE,27,"Esters, Sulfate Esters, Phosphate Esters, Thiophosphate Esters, and Borate Esters"
68-76-8,TRIAZIQUONE,14;34;38,"Amines, Phosphines, and Pyridines;Hydrocarbons, Aliphatic Unsaturated;Ketones"
68015-41-8,"FATTY ACIDS, TALL OIL, POLYMERS WITH GLYCEROL, MALEIC ANHYDRIDE, PHTHALIC ANHYDRIDE, AND SOYBEAN OIL",8;27;34,"Alcohols and Polyols;Esters, Sulfate Esters, Phosphate Esters, Thiophosphate Esters, and Borate Esters;Hydrocarbons, Aliphatic Unsaturated"
68081-81-2,SODIUM ALKYLBENZENESULFONATES,61,"Salts, Basic"
68085-85-8,CYHALOTHRIN,27;28;30;31;34;45,"Esters, Sulfate Esters, Phosphate Esters, Thiophosphate Esters, and Borate Esters;Ethers;Fluorinated Organic Compounds;Halogenated Organic Compounds;Hydrocarbons, Aliphatic Unsaturated;Nitriles"
68131-40-8,ETHOXYLATED PENTADECANOL,8;28,Alcohols and Polyols;Ethers
68131-73-7,POLYETHYLENE POLYAMINE,14,"Amines, Phosphines, and Pyridines"
68299-16-1,TERT-AMYL PEROXYNEODECANOATE,53,"Peroxides, Organic"
68334-30-5,"OIL, [FUEL, 1-D]",33,"Hydrocarbons, Aliphatic Saturated"
68359-37-5,CYFLUTHRIN,16;27;30;31;34;45,"Aryl Halides;Esters, Sulfate Esters, Phosphate Esters, Thiophosphate Esters, and Borate Esters;Fluorinated Organic Compounds;Halogenated Organic Compounds;Hydrocarbons, Aliphatic Unsaturated;Nitriles"
684-93-5,N-NITROSO-N-METHYLUREA,12;17;46,"Amides and Imides;Azo, Diazo, Azido, Hydrazine, and Azide Compounds;Nitro, Nitroso, Nitrate, and Nitrite Compounds, Organic"
6842-15-5,PROPYLENE TETRAMER,34;56,"Hydrocarbons, Aliphatic Unsaturated;Polymerizable Compounds"
68425-29-6,GASOLINE BLENDING STOCKS: ALKYLATES,33,"Hydrocarbons, Aliphatic Saturated"
68425-31-0,NATURAL GASOLINE,33,"Hydrocarbons, Aliphatic Saturated"
68476-30-2,"FUEL OIL, [NO. 2]",33,"Hydrocarbons, Aliphatic Saturated"
68476-31-3,"FUEL OIL, [NO. 4]",33,"Hydrocarbons, Aliphatic Saturated"
68476-85-7,LIQUEFIED PETROLEUM GAS,33,"Hydrocarbons, Aliphatic Saturated"
68511-50-2,SULFURIZED ISOBUTYLENE,28;64,"Ethers;Sulfides, Organic"
68514-06-7,VANILLAN BLACK LIQUOR,9;55,Aldehydes;Phenols and Cresols
68551-12-2,ALCOHOL C-12 C-16 POLY (1-6) ETHOXYLATE,8;28,Alcohols and Polyols;Ethers
68553-00-4,"FUEL OIL, [NO. 6]",33,"Hydrocarbons, Aliphatic Saturated"
686-31-7,TERT-AMYL PEROXY-2-ETHYLHEXANOATE,53,"Peroxides, Organic"
686-68-0,DIHYDROUREA,12,Amides and Imides
68603-42-9,COCONUT OIL ACID DIETHANOLAMINE CONDENSATE (2/1),14,"Amines, Phosphines, and Pyridines"
68606-11-1,GASOLINES: STRAIGHT RUN,33,"Hydrocarbons, Aliphatic Saturated"
68783-78-8,DIMETHYL DITALLOW AMMONIUM CHLORIDE,33;47;57,"Hydrocarbons, Aliphatic Saturated;Non-Redox-Active Inorganic Compounds;Quaternary Ammonium and Phosphonium Salts"
68814-87-9,"DISTILLATES, [STRAIGHT RUN]",33,"Hydrocarbons, Aliphatic Saturated"
68848-64-6,LITHIUM SILICON,40,"Metals, Alkali, Very Active"
68915-66-2,"FATTY ACIDS, C5-10, ESTERS WITH POLYPENTAERYTHRITOL",8;27,"Alcohols and Polyols;Esters, Sulfate Esters, Phosphate Esters, Thiophosphate Esters, and Borate Esters"
68916-39-2,WITCH HAZEL,8;27,"Alcohols and Polyols;Esters, Sulfate Esters, Phosphate Esters, Thiophosphate Esters, and Borate Esters"
68955-19-1,SODIUM ALKYL SULFATES,27;61,"Esters, Sulfate Esters, Phosphate Esters, Thiophosphate Esters, and Borate Esters;Salts, Basic"
68956-68-3,"OILS, EDIBLE: VEGETABLE",27;34,"Esters, Sulfate Esters, Phosphate Esters, Thiophosphate Esters, and Borate Esters;Hydrocarbons, Aliphatic Unsaturated"
68956-82-1,"COBALT RESINATE, PRECIPITATED",58,"Reducing Agents, Strong"
68975-47-3,ISOHEPTENE,34;56,"Hydrocarbons, Aliphatic Unsaturated;Polymerizable Compounds"
69-05-6,QUINACRINE DIHYDROCHLORIDE,14;16;28;60,"Amines, Phosphines, and Pyridines;Aryl Halides;Ethers;Salts, Acidic"
69-09-0,CHLORPROMAZINE HYDROCHLORIDE,14;16;60;64,"Amines, Phosphines, and Pyridines;Aryl Halides;Salts, Acidic;Sulfides, Organic"
69-57-8,"PENICILLIN G, SODIUM SALT",12;60;64,"Amides and Imides;Salts, Acidic;Sulfides, Organic"
69-65-8,D-MANNITOL,8,Alcohols and Polyols
69-72-7,SALICYLIC ACID,2;55,"Acids, Carboxylic;Phenols and Cresols"
69-74-9,CYTARABINE HYDROCHLORIDE,8;12;61,"Alcohols and Polyols;Amides and Imides;Salts, Basic"
690-14-2,PROPYLPHOSPHONYL DIFLUORIDE,7;66,"Acyl Halides, Sulfonyl Halides, and Chloroformates;Sulfonates, Phosphonates, and Thiophosphonates, Organic"
69011-36-5,ETHOXYLATED TRIDECANOL,8;28,Alcohols and Polyols;Ethers
692-42-2,DIETHYLARSINE,39,"Metal Hydrides, Metal Alkyls, Metal Aryls, and Silanes"
6923-22-4,MONOCROTOPHOS,12;27;34,"Amides and Imides;Esters, Sulfate Esters, Phosphate Esters, Thiophosphate Esters, and Borate Esters;Hydrocarbons, Aliphatic Unsaturated"
693-21-0,DIETHYLENE GLYCOL DINITRATE,28;46,"Ethers;Nitro, Nitroso, Nitrate, and Nitrite Compounds, Organic"
694-83-7,"1,2-DIAMINOCYCLOHEXANE",14,"Amines, Phosphines, and Pyridines"
69409-94-5,FLUVALINATE,14;16;27;30;45,"Amines, Phosphines, and Pyridines;Aryl Halides;Esters, Sulfate Esters, Phosphate Esters, Thiophosphate Esters, and Borate Esters;Fluorinated Organic Compounds;Nitriles"
6950-84-1,NAPHTHYLUREA,12;13,"Amides and Imides;Amines, Aromatic"
6959-47-3,2-(CHLOROMETHYL)PYRIDINE HYDROCHLORIDE,14;31,"Amines, Phosphines, and Pyridines;Halogenated Organic Compounds"
6959-48-4,3-(CHLOROMETHYL)PYRIDINE HYDROCHLORIDE,14;31,"Amines, Phosphines, and Pyridines;Halogenated Organic Compounds"
696-28-6,PHENYLDICHLOROARSINE,7,"Acyl Halides, Sulfonyl Halides, and Chloroformates"
69655-05-6,"2&#39;,3&#39;-DIDEOXYINOSINE",8;12;14,"Alcohols and Polyols;Amides and Imides;Amines, Phosphines, and Pyridines"
69806-50-4,FLUAZIFOP BUTYL,14;27;30,"Amines, Phosphines, and Pyridines;Esters, Sulfate Esters, Phosphate Esters, Thiophosphate Esters, and Borate Esters;Fluorinated Organic Compounds"
70-11-1,PHENACYL BROMIDE,31;38,Halogenated Organic Compounds;Ketones
70-25-7,N-METHYL-N&#39;-NITRO-N-NITROSOGUANIDINE,14;17;46,"Amines, Phosphines, and Pyridines;Azo, Diazo, Azido, Hydrazine, and Azide Compounds;Nitro, Nitroso, Nitrate, and Nitrite Compounds, Organic"
70-30-4,HEXACHLOROPHENE,16;55,Aryl Halides;Phenols and Cresols
70-34-8,"2,4-DINITROFLUOROBENZENE",16;46,"Aryl Halides;Nitro, Nitroso, Nitrate, and Nitrite Compounds, Organic"
70-69-9,"PROPIOPHENONE, 4&#39;-AMINO-",13;38,"Amines, Aromatic;Ketones"
70027-50-8,COPPER SELENATE,51;61,"Oxidizing Agents, Weak;Salts, Basic"
70042-58-9,TERT-BUTYLCYCLOHEXYL CHLOROFORMATE,7,"Acyl Halides, Sulfonyl Halides, and Chloroformates"
7005-72-3,4-CHLOROPHENYL PHENYL ETHER,16;28,Aryl Halides;Ethers
7008-42-6,ACRONYCINE,14;28;34;38,"Amines, Phosphines, and Pyridines;Ethers;Hydrocarbons, Aliphatic Unsaturated;Ketones"
70351-85-8,HEXABUTOXYTRIPHENYLENE,28,Ethers
70399-13-2,LITHIUM FERROSILICON,41,"Metals, Elemental and Powder, Active"
7040-57-5,CHLOROSOMAN,7;66,"Acyl Halides, Sulfonyl Halides, and Chloroformates;Sulfonates, Phosphonates, and Thiophosphonates, Organic"
70892-11-4,"FUEL OIL, [NO. 5]",33,"Hydrocarbons, Aliphatic Saturated"
709-98-8,PROPANIL,12;13;16,"Amides and Imides;Amines, Aromatic;Aryl Halides"
70955-34-9,"FATTY ACIDS, TALL OIL, REACTION PRODUCTS WITH 2-[(2-AMINOETHYL)-\ AMINO]ETHANOL, QUATERNIZED WITH DIETHYL SULFATE",2;8;14;33,"Acids, Carboxylic;Alcohols and Polyols;Amines, Phosphines, and Pyridines;Hydrocarbons, Aliphatic Saturated"
71-27-2,SUXAMETHONIUM DICHLORIDE,27;47;57,"Esters, Sulfate Esters, Phosphate Esters, Thiophosphate Esters, and Borate Esters;Non-Redox-Active Inorganic Compounds;Quaternary Ammonium and Phosphonium Salts"
71-48-7,COBALT ACETATE,61,"Salts, Basic"
71-58-9,MEDROXYPROGESTERONE ACETATE,27;34;38,"Esters, Sulfate Esters, Phosphate Esters, Thiophosphate Esters, and Borate Esters;Hydrocarbons, Aliphatic Unsaturated;Ketones"
71-63-6,DIGITOXIN,8;27;28;34,"Alcohols and Polyols;Esters, Sulfate Esters, Phosphate Esters, Thiophosphate Esters, and Borate Esters;Ethers;Hydrocarbons, Aliphatic Unsaturated"
7149-26-0,LINALYL ANTHRANILATE,13;27;34,"Amines, Aromatic;Esters, Sulfate Esters, Phosphate Esters, Thiophosphate Esters, and Borate Esters;Hydrocarbons, Aliphatic Unsaturated"
7166-19-0,BETA-BROMO-BETA-NITROSTYRENE,31;34;46,"Halogenated Organic Compounds;Hydrocarbons, Aliphatic Unsaturated;Nitro, Nitroso, Nitrate, and Nitrite Compounds, Organic"
71751-41-2,ABAMECTIN,1;8;23;27;28;34,"Acetals, Ketals, Hemiacetals, and Hemiketals;Alcohols and Polyols;Conjugated Dienes;Esters, Sulfate Esters, Phosphate Esters, Thiophosphate Esters, and Borate Esters;Ethers;Hydrocarbons, Aliphatic Unsaturated"
7177-48-2,AMPICILLIN TRIHYDRATE,2;12;14;64,"Acids, Carboxylic;Amides and Imides;Amines, Phosphines, and Pyridines;Sulfides, Organic"
7195-43-9,ISOPHTHALIC DIGLYCIDYL ESTER,26;27,"Epoxides;Esters, Sulfate Esters, Phosphate Esters, Thiophosphate Esters, and Borate Esters"
72-14-0,SULFATHIAZOLE,14;64;66,"Amines, Phosphines, and Pyridines;Sulfides, Organic;Sulfonates, Phosphonates, and Thiophosphonates, Organic"
72-20-8,ENDRIN,26;31;34,"Epoxides;Halogenated Organic Compounds;Hydrocarbons, Aliphatic Unsaturated"
72-43-5,METHOXYCHLOR,28;31,Ethers;Halogenated Organic Compounds
72-54-8,DICHLORODIPHENYLDICHLOROETHANE,16;31,Aryl Halides;Halogenated Organic Compounds
72-55-9,"P,P&#39;-DDE",16;31;34,"Aryl Halides;Halogenated Organic Compounds;Hydrocarbons, Aliphatic Unsaturated"
72-56-0,"P,P&#39;-ETHYL DDD",31,Halogenated Organic Compounds
72-57-1,TRYPAN BLUE,13;17;55,"Amines, Aromatic;Azo, Diazo, Azido, Hydrazine, and Azide Compounds;Phenols and Cresols"
7206-76-0,2-PHENYL-2-ETHYLMALONDIAMIDE,12,Amides and Imides
7209-38-3,BIS (AMINOPROPYL) PIPERAZINE,14,"Amines, Phosphines, and Pyridines"
72178-02-0,FOMESAFEN,12;16;30;46,"Amides and Imides;Aryl Halides;Fluorinated Organic Compounds;Nitro, Nitroso, Nitrate, and Nitrite Compounds, Organic"
7220-79-3,METHYLENE BLUE TRIHYDRATE,14;35;57;64,"Amines, Phosphines, and Pyridines;Hydrocarbons, Aromatic;Quaternary Ammonium and Phosphonium Salts;Sulfides, Organic"
7227-91-0,"1-PHENYL-3,3-DIMETHYLTRIAZENE",14;17;35,"Amines, Phosphines, and Pyridines;Azo, Diazo, Azido, Hydrazine, and Azide Compounds;Hydrocarbons, Aromatic"
72276-00-7,"TRICHLOROBENZENE, POLYMER WITH 1,4-DICHLOROBENZENE AND SODIUM SULFIDE",16;63,"Aryl Halides;Sulfides, Inorganic"
723-46-6,SULFAMETHOXAZOLE,12;13;52,"Amides and Imides;Amines, Aromatic;Oximes"
7241-98-7,AFLATOXIN G2,1;27;28,"Acetals, Ketals, Hemiacetals, and Hemiketals;Esters, Sulfate Esters, Phosphate Esters, Thiophosphate Esters, and Borate Esters;Ethers"
72490-01-8,FENOXYCARB,20;28,Carbamates;Ethers
7261-97-4,DANTROLEN,14;17;46,"Amines, Phosphines, and Pyridines;Azo, Diazo, Azido, Hydrazine, and Azide Compounds;Nitro, Nitroso, Nitrate, and Nitrite Compounds, Organic"
7269-57-0,2-AMINO-N6-HYDROXYADENINE,14;52,"Amines, Phosphines, and Pyridines;Oximes"
7287-19-6,PROMETRYN,14;35;64,"Amines, Phosphines, and Pyridines;Hydrocarbons, Aromatic;Sulfides, Organic"
7289-37-4,ETHOXYLATED DODECANOL,8;28,Alcohols and Polyols;Ethers
73-22-3,L-TRYPTOPHAN,60,"Salts, Acidic"
73-49-4,QUINETHAZONE,12;13;16;66,"Amides and Imides;Amines, Aromatic;Aryl Halides;Sulfonates, Phosphonates, and Thiophosphonates, Organic"
730915-04-5,5-MERCAPTOTETRAZOL-1-ACETIC ACID,2;17;38,"Acids, Carboxylic;Azo, Diazo, Azido, Hydrazine, and Azide Compounds;Ketones"
732-11-6,PHOSMET,12;27,"Amides and Imides;Esters, Sulfate Esters, Phosphate Esters, Thiophosphate Esters, and Borate Esters"
7320-34-5,POTASSIUM TETRAPYRO PHOSPHATE,61,"Salts, Basic"
7320-37-8,"1,2-EPOXYHEXADECANE",26;56,Epoxides;Polymerizable Compounds
7336-20-1,"4,4&#39;-DIAMINO-2,2&#39;-STILBENEDISULFONIC ACID, DISODIUM SALT",13;34;61;66,"Amines, Aromatic;Hydrocarbons, Aliphatic Unsaturated;Salts, Basic;Sulfonates, Phosphonates, and Thiophosphonates, Organic"
73459-03-7,5-METHYLISOPSORALEN,27;28,"Esters, Sulfate Esters, Phosphate Esters, Thiophosphate Esters, and Borate Esters;Ethers"
738-70-5,TRIMETHOPRIM,14;28,"Amines, Phosphines, and Pyridines;Ethers"
7390-81-0,"1,2-EPOXYOCTADECANE",26;56,Epoxides;Polymerizable Compounds
7396-58-9,DIDECYLMETHYL AMINE,14,"Amines, Phosphines, and Pyridines"
74-11-3,P-CHLOROBENZOIC ACID,2;16,"Acids, Carboxylic;Aryl Halides"
74-31-7,"N,N&#39;-DIPHENYL-P-PHENYLENEDIAMINE",14;35,"Amines, Phosphines, and Pyridines;Hydrocarbons, Aromatic"
74051-80-2,SETHOXYDIM,34;52,"Hydrocarbons, Aliphatic Unsaturated;Oximes"
7421-93-4,ENDRIN ALDEHYDE,9;31,Aldehydes;Halogenated Organic Compounds
7423-53-2,TRIS(3-CHLORO-2-HYDROXYPROPYL)ISOCYANURATE,8;31;37,Alcohols and Polyols;Halogenated Organic Compounds;Isocyanates and Isothiocyanates
7425-80-1,TETRAISOBUTYL TITANATE,18;27,"Bases, Strong;Esters, Sulfate Esters, Phosphate Esters, Thiophosphate Esters, and Borate Esters"
7429-90-5,"ALUMINUM POWDER, COATED",41,"Metals, Elemental and Powder, Active"
7439-89-6,"IRON, [POWDERED]",41,"Metals, Elemental and Powder, Active"
7439-90-9,KRYPTON,48,Not Chemically Reactive
7439-92-1,LEAD,42,"Metals, Less Reactive"
7439-93-2,LITHIUM,40,"Metals, Alkali, Very Active"
7439-95-4,MAGNESIUM,41,"Metals, Elemental and Powder, Active"
7439-96-5,MANGANESE,42,"Metals, Less Reactive"
7439-98-7,MOLYBDENUM,42,"Metals, Less Reactive"
7440-01-9,NEON,48,Not Chemically Reactive
7440-02-0,NICKEL,41,"Metals, Elemental and Powder, Active"
7440-06-4,PLATINUM,42,"Metals, Less Reactive"
7440-09-7,POTASSIUM,40,"Metals, Alkali, Very Active"
7440-16-6,RHODIUM (METAL FUME),42,"Metals, Less Reactive"
7440-17-7,RUBIDIUM,40,"Metals, Alkali, Very Active"
7440-21-3,"SILICON POWDER, AMORPHOUS",41,"Metals, Elemental and Powder, Active"
7440-22-4,SILVER,42,"Metals, Less Reactive"
7440-23-5,SODIUM,40,"Metals, Alkali, Very Active"
7440-25-7,TANTALUM (METAL AND OXIDE DUST),41,"Metals, Elemental and Powder, Active"
7440-28-0,THALLIUM,42,"Metals, Less Reactive"
7440-31-5,TIN,42,"Metals, Less Reactive"
7440-32-6,"TITANIUM POWDER, DRY",41;68,"Metals, Elemental and Powder, Active;Water and Aqueous Solutions"
7440-33-7,TUNGSTEN,42,"Metals, Less Reactive"
7440-36-0,ANTIMONY POWDER,41,"Metals, Elemental and Powder, Active"
7440-37-1,ARGON,48,Not Chemically Reactive
7440-38-2,ARSENIC,42,"Metals, Less Reactive"
7440-39-3,BARIUM,41,"Metals, Elemental and Powder, Active"
7440-41-7,"BERYLLIUM COMPOUND, N.O.S.",36;41,"Insufficient Information for Classification;Metals, Elemental and Powder, Active"
7440-43-9,CADMIUM,41,"Metals, Elemental and Powder, Active"
7440-45-1,"CERIUM, SLABS, INGOTS OR RODS",41,"Metals, Elemental and Powder, Active"
7440-46-2,CESIUM,40,"Metals, Alkali, Very Active"
7440-47-3,CHROMIUM,41,"Metals, Elemental and Powder, Active"
7440-48-4,COBALT,41,"Metals, Elemental and Powder, Active"
7440-50-8,COPPER,42,"Metals, Less Reactive"
7440-55-3,GALLIUM,42,"Metals, Less Reactive"
7440-58-6,"HAFNIUM POWDER, DRY",41;68,"Metals, Elemental and Powder, Active;Water and Aqueous Solutions"
7440-59-7,HELIUM,48,Not Chemically Reactive
7440-62-2,VANADIUM (FUME OR DUST),41,"Metals, Elemental and Powder, Active"
7440-63-3,XENON,48,Not Chemically Reactive
7440-65-5,YTTRIUM,41,"Metals, Elemental and Powder, Active"
7440-66-6,ZINC ASHES,41,"Metals, Elemental and Powder, Active"
7440-67-7,ZIRCONIUM POWDER WET,41;68,"Metals, Elemental and Powder, Active;Water and Aqueous Solutions"
7440-70-2,CALCIUM,41,"Metals, Elemental and Powder, Active"
7440-74-6,INDIUM,41,"Metals, Elemental and Powder, Active"
7446-08-4,SELENIUM DIOXIDE,50,"Oxidizing Agents, Strong"
7446-27-7,LEAD PHOSPHATE,61,"Salts, Basic"
7446-34-6,SELENIUM SULFIDE,63,"Sulfides, Inorganic"
7446-70-0,"ALUMINUM CHLORIDE, ANHYDROUS",3;32;68,"Acids, Strong Non-oxidizing;Halogenating Agents;Water and Aqueous Solutions"
7447-39-4,COPPER CHLORIDE,14;60;61,"Amines, Phosphines, and Pyridines;Salts, Acidic;Salts, Basic"
7447-40-7,POTASSIUM CHLORIDE,47,Non-Redox-Active Inorganic Compounds
7447-41-8,LITHIUM CHLORIDE,47,Non-Redox-Active Inorganic Compounds
7452-79-1,ETHYL-2-METHYL BUTYRATE,27,"Esters, Sulfate Esters, Phosphate Esters, Thiophosphate Esters, and Borate Esters"
7481-89-2,"2&#39;,3&#39;-DIDEOXYCYTIDINE",8;12;14,"Alcohols and Polyols;Amides and Imides;Amines, Phosphines, and Pyridines"
7487-94-7,MERCURIC CHLORIDE,42;60,"Metals, Less Reactive;Salts, Acidic"
7488-56-4,SELENIUM DISULFIDE,63,"Sulfides, Inorganic"
74893-76-8,"DINITROPHENOLATES, WETTED WITH NOT LESS THAN 15% WATER",46;54;68,"Nitro, Nitroso, Nitrate, and Nitrite Compounds, Organic;Phenolic Salts;Water and Aqueous Solutions"
7492-66-2,CITRAL DIETHYL ACETAL,28;34,"Ethers;Hydrocarbons, Aliphatic Unsaturated"
7493-63-2,ALLYL ANTHRANILATE,13;27;34,"Amines, Aromatic;Esters, Sulfate Esters, Phosphate Esters, Thiophosphate Esters, and Borate Esters;Hydrocarbons, Aliphatic Unsaturated"
7493-72-3,ALLYL NONANOATE,27;34,"Esters, Sulfate Esters, Phosphate Esters, Thiophosphate Esters, and Borate Esters;Hydrocarbons, Aliphatic Unsaturated"
7496-02-8,6-NITROCHRYSENE,35;46,"Hydrocarbons, Aromatic;Nitro, Nitroso, Nitrate, and Nitrite Compounds, Organic"
75-16-1,METHYL MAGNESIUM BROMIDE IN ETHYL ETHER,28;39,"Ethers;Metal Hydrides, Metal Alkyls, Metal Aryls, and Silanes"
75-20-7,CALCIUM CARBIDE,44,"Nitrides, Phosphides, Carbides, and Silicides"
75-27-4,DICHLOROBROMOMETHANE,31,Halogenated Organic Compounds
75-39-8,ACETALDEHYDE AMMONIA,9;14,"Aldehydes;Amines, Phosphines, and Pyridines"
75-47-8,IODOFORM,31,Halogenated Organic Compounds
75-60-5,CACODYLIC ACID,2,"Acids, Carboxylic"
75-66-1,TERT-BUTYL MERCAPTAN,64,"Sulfides, Organic"
75-98-9,TRIMETHYLACETIC ACID,2,"Acids, Carboxylic"
75-99-0,"2,2-DICHLOROPROPIONIC ACID",2;16;31,"Acids, Carboxylic;Aryl Halides;Halogenated Organic Compounds"
752-74-9,TRIS(TRIPHENYLSTANNYL) ISOCYANURATE,37;49,Isocyanates and Isothiocyanates;Organometallics
753-98-0,ETHYL PHOSPHONYL DIFLUORIDE,7;66,"Acyl Halides, Sulfonyl Halides, and Chloroformates;Sulfonates, Phosphonates, and Thiophosphonates, Organic"
75389-89-8,DIETHYLTOLUENEDIAMINE,13,"Amines, Aromatic"
75519-19-6,TRIBROMOACETONITRILE,31;45,Halogenated Organic Compounds;Nitriles
7553-56-2,IODINE,51,"Oxidizing Agents, Weak"
756-79-6,DIMETHYL METHYLPHOSPHONATE,66,"Sulfonates, Phosphonates, and Thiophosphonates, Organic"
757-58-4,HEXAETHYL TETRAPHOSPHATE,15;27,"Anhydrides;Esters, Sulfate Esters, Phosphate Esters, Thiophosphate Esters, and Borate Esters"
7578-36-1,BORON TRIFLUORIDE ACETIC ACID COMPLEX,2;5;29,"Acids, Carboxylic;Acids, Weak;Fluoride Salts, Soluble"
75790-84-0,"4-METHYLDIPHENYLMETHANE-3,4-DIISOCYANATE",37,Isocyanates and Isothiocyanates
75790-87-3,"2,4&#39;-DIISOCYANATODIPHENYL SULFIDE",37;64,"Isocyanates and Isothiocyanates;Sulfides, Organic"
7580-67-8,LITHIUM HYDRIDE,39,"Metal Hydrides, Metal Alkyls, Metal Aryls, and Silanes"
759-73-9,N-NITROSO-N-ETHYLUREA,12;17;46,"Amides and Imides;Azo, Diazo, Azido, Hydrazine, and Azide Compounds;Nitro, Nitroso, Nitrate, and Nitrite Compounds, Organic"
759-94-4,ETHYL DIPROPYLTHIOCARBAMATE,67,Thiocarbamate Esters and Salts/Dithiocarbamate Esters and Salts
76-03-9,TRICHLOROACETIC ACID,2;31;68,"Acids, Carboxylic;Halogenated Organic Compounds;Water and Aqueous Solutions"
76-11-9,"1,1,1,2-TETRACHLORO-2,2-DIFLUOROETHANE",30,Fluorinated Organic Compounds
76-19-7,OCTAFLUOROPROPANE,30,Fluorinated Organic Compounds
76-22-2,CAMPHOR,38,Ketones
76-44-8,HEPTACHLOR,31;34,"Halogenated Organic Compounds;Hydrocarbons, Aliphatic Unsaturated"
76-57-3,CODEINE,8;14;28,"Alcohols and Polyols;Amines, Phosphines, and Pyridines;Ethers"
76-87-9,TRIPHENYLTIN HYDROXIDE,49;61,"Organometallics;Salts, Basic"
7601-89-0,SODIUM PERCHLORATE,50,"Oxidizing Agents, Strong"
76180-96-6,"2-AMINO-3-METHYLIMIDAZO(4,5-F)QUINOLINE",14,"Amines, Phosphines, and Pyridines"
762-12-9,DIDECANOYL PEROXIDE,53,"Peroxides, Organic"
762-13-0,PELARGONYL PEROXIDE,53,"Peroxides, Organic"
762-16-3,CAPRYLYL PEROXIDE,53,"Peroxides, Organic"
763-20-2,2-METHYL-2-HEPTANETHIOL,64,"Sulfides, Organic"
7631-86-9,"SILICA, AMORPHOUS",62,Siloxanes
7631-89-2,SODIUM ARSENATE,51;61,"Oxidizing Agents, Weak;Salts, Basic"
7631-90-5,SODIUM BISULFITE,65;68,Sulfite and Thiosulfate Salts;Water and Aqueous Solutions
7631-99-4,SODIUM NITRATE,43,"Nitrate and Nitrite Compounds, Inorganic"
7632-00-0,SODIUM NITRITE,43;68,"Nitrate and Nitrite Compounds, Inorganic;Water and Aqueous Solutions"
764-42-1,FUMARONITRILE,34;45,"Hydrocarbons, Aliphatic Unsaturated;Nitriles"
7646-69-7,SODIUM HYDRIDE,39,"Metal Hydrides, Metal Alkyls, Metal Aryls, and Silanes"
7646-79-9,COBALT CHLORIDE,60,"Salts, Acidic"
7646-85-7,"ZINC CHLORIDE, ANHYDROUS",3;68,"Acids, Strong Non-oxidizing;Water and Aqueous Solutions"
7646-93-7,POTASSIUM HYDROGEN SULFATE,60,"Salts, Acidic"
7647-10-1,PALLADIUM CHLORIDE,42;51;60,"Metals, Less Reactive;Oxidizing Agents, Weak;Salts, Acidic"
76578-14-8,QUIZALOFOP-ETHYL,14;16;27;28,"Amines, Phosphines, and Pyridines;Aryl Halides;Esters, Sulfate Esters, Phosphate Esters, Thiophosphate Esters, and Borate Esters;Ethers"
766-09-6,1-ETHYLPIPERIDINE,14,"Amines, Phosphines, and Pyridines"
7664-38-2,PHOSPHORIC ACID,5,"Acids, Weak"
7664-93-9,SULFURIC ACID,4,"Acids, Strong Oxidizing"
7665-72-7,T-BUTYL GLYCIDYL ETHER,26;28,Epoxides;Ethers
7673-09-8,TRICHLOROMELAMINE,5;14;31,"Acids, Weak;Amines, Phosphines, and Pyridines;Halogenated Organic Compounds"
768-52-5,N-ISOPROPYLANILINE,13,"Amines, Aromatic"
7681-11-0,POTASSIUM IODIDE,59;61,"Reducing Agents, Weak;Salts, Basic"
7681-38-1,"SODIUM BISULFATE, SOLID",60;68,"Salts, Acidic;Water and Aqueous Solutions"
7681-49-4,SODIUM FLUORIDE,61;68,"Salts, Basic;Water and Aqueous Solutions"
7681-65-4,COPPER IODIDE,47,Non-Redox-Active Inorganic Compounds
7693-27-8,MAGNESIUM HYDRIDE,39,"Metal Hydrides, Metal Alkyls, Metal Aryls, and Silanes"
7696-12-0,TETRAMETHRIN,12;27;34,"Amides and Imides;Esters, Sulfate Esters, Phosphate Esters, Thiophosphate Esters, and Borate Esters;Hydrocarbons, Aliphatic Unsaturated"
7699-31-2,"1,2-DIETHYLHYDRAZINE DIHYDROCHLORIDE",17;60,"Azo, Diazo, Azido, Hydrazine, and Azide Compounds;Salts, Acidic"
7699-43-6,ZIRCONIUM OXYCHLORIDE,60,"Salts, Acidic"
7699-45-8,ZINC BROMIDE,60,"Salts, Acidic"
77-06-5,GIBBERELLIC ACID,2;8;27;34,"Acids, Carboxylic;Alcohols and Polyols;Esters, Sulfate Esters, Phosphate Esters, Thiophosphate Esters, and Borate Esters;Hydrocarbons, Aliphatic Unsaturated"
77-58-7,DIBUTYLTIN DILAURATE,49;61,"Organometallics;Salts, Basic"
77-65-6,ALPHA-BROMO-ALPHA-ETHYLBUTYRYLUREA,12;31,Amides and Imides;Halogenated Organic Compounds
77-77-0,DIVINYL SULFONE,34;56;66,"Hydrocarbons, Aliphatic Unsaturated;Polymerizable Compounds;Sulfonates, Phosphonates, and Thiophosphonates, Organic"
77-81-6,TABUN,14;45;66,"Amines, Phosphines, and Pyridines;Nitriles;Sulfonates, Phosphonates, and Thiophosphonates, Organic"
77-83-8,3-METHYL-3-PHENYLGLYCIDIC ACID ETHYL ESTER,26;27,"Epoxides;Esters, Sulfate Esters, Phosphate Esters, Thiophosphate Esters, and Borate Esters"
77-92-9,CITRIC ACID,2;8,"Acids, Carboxylic;Alcohols and Polyols"
770-12-7,MONOPHENYL DICHLOROPHOSPHATE,7;27,"Acyl Halides, Sulfonyl Halides, and Chloroformates;Esters, Sulfate Esters, Phosphate Esters, Thiophosphate Esters, and Borate Esters"
7704-34-9,"SULFUR, MOLTEN",58,"Reducing Agents, Strong"
7704-98-5,TITANIUM HYDRIDE,39,"Metal Hydrides, Metal Alkyls, Metal Aryls, and Silanes"
7705-07-9,TITANIUM TRICHLORIDE MIXTURE,58,"Reducing Agents, Strong"
7705-08-0,FERRIC CHLORIDE,3;68,"Acids, Strong Non-oxidizing;Water and Aqueous Solutions"
77094-11-2,"2-AMINO-3,4-DIMETHYLIMIDAZO(4,5-F)QUINOLINE",14,"Amines, Phosphines, and Pyridines"
771-29-9,TETRALIN HYDROPEROXIDE,53,"Peroxides, Organic"
7713-79-3,N-PHENYLMALEISOIMIDE,12;27;34,"Amides and Imides;Esters, Sulfate Esters, Phosphate Esters, Thiophosphate Esters, and Borate Esters;Hydrocarbons, Aliphatic Unsaturated"
7718-98-1,VANADIUM TRICHLORIDE,3,"Acids, Strong Non-oxidizing"
7722-64-7,POTASSIUM PERMANGANATE,50,"Oxidizing Agents, Strong"
7722-88-5,TETRASODIUM PYROPHOSPHATE,15;61,"Anhydrides;Salts, Basic"
7725-93-1,2-MERCAPTO-4-METHYL-5-THIAZOLYL METHYL KETONE,38;64,"Ketones;Sulfides, Organic"
7727-15-3,"ALUMINUM BROMIDE, ANHYDROUS",3;32,"Acids, Strong Non-oxidizing;Halogenating Agents"
7727-21-1,POTASSIUM PERSULFATE,50,"Oxidizing Agents, Strong"
7727-37-9,NITROGEN,48,Not Chemically Reactive
7727-43-7,BARIUM SULFATE,61,"Salts, Basic"
7727-54-0,AMMONIUM PERSULFATE,50;60,"Oxidizing Agents, Strong;Salts, Acidic"
7732-18-5,WATER,68,Water and Aqueous Solutions
7733-02-0,ZINC SULFATE,60,"Salts, Acidic"
77501-63-4,LACTOFEN,16;27;28;30;46,"Aryl Halides;Esters, Sulfate Esters, Phosphate Esters, Thiophosphate Esters, and Borate Esters;Ethers;Fluorinated Organic Compounds;Nitro, Nitroso, Nitrate, and Nitrite Compounds, Organic"
7756-94-7,TRIISOBUTYLENE,34;56,"Hydrocarbons, Aliphatic Unsaturated;Polymerizable Compounds"
7756-96-9,BUTYL ANTHRANILATE,13;27,"Amines, Aromatic;Esters, Sulfate Esters, Phosphate Esters, Thiophosphate Esters, and Borate Esters"
7757-79-1,POTASSIUM NITRATE,43,"Nitrate and Nitrite Compounds, Inorganic"
7757-83-7,SODIUM SULFITE,65,Sulfite and Thiosulfate Salts
7758-01-2,POTASSIUM BROMATE,50,"Oxidizing Agents, Strong"
7758-02-3,POTASSIUM BROMIDE,47,Non-Redox-Active Inorganic Compounds
7758-09-0,POTASSIUM NITRITE,43,"Nitrate and Nitrite Compounds, Inorganic"
7758-19-2,SODIUM CHLORITE,50;61,"Oxidizing Agents, Strong;Salts, Basic"
7758-94-3,"FERROUS CHLORIDE, SOLID",58;68,"Reducing Agents, Strong;Water and Aqueous Solutions"
7758-95-4,LEAD CHLORIDE,47,Non-Redox-Active Inorganic Compounds
7758-97-6,LEAD CHROMATE,50;61,"Oxidizing Agents, Strong;Salts, Basic"
7758-98-7,CUPRIC SULFATE,60,"Salts, Acidic"
7758-99-8,COPPER SULFATE PENTAHYDRATE,60,"Salts, Acidic"
7759-01-5,LEAD TUNGSTATE,47,Non-Redox-Active Inorganic Compounds
776-74-9,DIPHENYLMETHYL BROMIDE,31,Halogenated Organic Compounds
7761-88-8,SILVER NITRATE,43,"Nitrate and Nitrite Compounds, Inorganic"
7772-99-8,"STANNOUS CHLORIDE, SOLID",58;60,"Reducing Agents, Strong;Salts, Acidic"
7773-03-7,POTASSIUM BISULFITE SOLUTION,65;68,Sulfite and Thiosulfate Salts;Water and Aqueous Solutions
7773-06-0,AMMONIUM SULFAMATE,61,"Salts, Basic"
7774-29-0,MERCURY IODIDE,42;59,"Metals, Less Reactive;Reducing Agents, Weak"
7775-09-9,SODIUM CHLORATE,50;68,"Oxidizing Agents, Strong;Water and Aqueous Solutions"
7775-11-3,SODIUM CHROMATE,50;61;68,"Oxidizing Agents, Strong;Salts, Basic;Water and Aqueous Solutions"
7775-14-6,SODIUM DITHIONITE,15,Anhydrides
7775-27-1,SODIUM PERSULFATE,50,"Oxidizing Agents, Strong"
7775-41-9,SILVER FLUORIDE,61,"Salts, Basic"
7778-18-9,CALCIUM SULFATE,61,"Salts, Basic"
7778-39-4,"ARSENIC ACID, LIQUID",5;51;68,"Acids, Weak;Oxidizing Agents, Weak;Water and Aqueous Solutions"
7778-44-1,CALCIUM ARSENATE,51;61,"Oxidizing Agents, Weak;Salts, Basic"
7778-50-9,POTASSIUM BICHROMATE,50;61,"Oxidizing Agents, Strong;Salts, Basic"
7778-54-3,CALCIUM HYPOCHLORITE,50;61;68,"Oxidizing Agents, Strong;Salts, Basic;Water and Aqueous Solutions"
7778-66-7,POTASSIUM HYPOCHLORITE SOLUTION,50;61;68,"Oxidizing Agents, Strong;Salts, Basic;Water and Aqueous Solutions"
7778-74-7,POTASSIUM PERCHLORATE,50,"Oxidizing Agents, Strong"
7779-16-0,CYCLOHEXYL ANTHRANILATE,13;27,"Amines, Aromatic;Esters, Sulfate Esters, Phosphate Esters, Thiophosphate Esters, and Borate Esters"
7779-30-8,"1-(2,6,6-TRIMETHYL-2-CYCLOHEXEN-1-YL)-1-PENTEN-3-ONE",34;38,"Hydrocarbons, Aliphatic Unsaturated;Ketones"
7779-65-9,ISOAMYL CINNAMATE,27;34;35,"Esters, Sulfate Esters, Phosphate Esters, Thiophosphate Esters, and Borate Esters;Hydrocarbons, Aliphatic Unsaturated;Hydrocarbons, Aromatic"
7779-77-3,ISOBUTYL ANTHRANILATE,13;27,"Amines, Aromatic;Esters, Sulfate Esters, Phosphate Esters, Thiophosphate Esters, and Borate Esters"
7779-86-4,ZINC DITHIONITE,15,Anhydrides
7779-88-6,ZINC NITRATE,43,"Nitrate and Nitrite Compounds, Inorganic"
7782-42-5,GRAPHITE (NATURAL),59,"Reducing Agents, Weak"
7782-44-7,OXYGEN,50,"Oxidizing Agents, Strong"
7782-49-2,SELENIUM POWDER,41,"Metals, Elemental and Powder, Active"
7782-89-0,LITHIUM AMIDE,18,"Bases, Strong"
7782-92-5,SODIUM AMIDE,18;44,"Bases, Strong;Nitrides, Phosphides, Carbides, and Silicides"
7783-00-8,SELENIOUS ACID,5;50,"Acids, Weak;Oxidizing Agents, Strong"
7783-08-6,SELENIC ACID,4,"Acids, Strong Oxidizing"
7783-18-8,AMMONIUM THIOSULFATE,60;65;68,"Salts, Acidic;Sulfite and Thiosulfate Salts;Water and Aqueous Solutions"
7783-20-2,AMMONIUM SULFATE,60,"Salts, Acidic"
7783-33-7,"MERCURIC POTASSIUM IODIDE, [SOLID]",42;60,"Metals, Less Reactive;Salts, Acidic"
7783-35-9,MERCURIC SULFATE,42;60,"Metals, Less Reactive;Salts, Acidic"
7783-36-0,MERCUROUS SULFATE,42;60,"Metals, Less Reactive;Salts, Acidic"
7783-46-2,LEAD FLUORIDE,47,Non-Redox-Active Inorganic Compounds
7783-47-3,STANNOUS FLUORIDE,29;58;60,"Fluoride Salts, Soluble;Reducing Agents, Strong;Salts, Acidic"
7783-50-8,FERRIC FLUORIDE,60,"Salts, Acidic"
7783-56-4,ANTIMONY TRIFLUORIDE,3;29;50,"Acids, Strong Non-oxidizing;Fluoride Salts, Soluble;Oxidizing Agents, Strong"
7783-58-6,GERMANIUM TETRAFLUORIDE,22;29;32,"Chlorosilanes;Fluoride Salts, Soluble;Halogenating Agents"
7783-66-6,IODINE PENTAFLUORIDE,32;50,"Halogenating Agents;Oxidizing Agents, Strong"
7783-81-5,"RADIOACTIVE MATERIAL, URANIUM HEXAFLUORIDE, FISSILE",29;32,"Fluoride Salts, Soluble;Halogenating Agents"
7783-97-3,SILVER IODATE,50,"Oxidizing Agents, Strong"
7784-08-9,SILVER ARSENITE,61,"Salts, Basic"
7784-18-1,ALUMINUM FLUORIDE,61,"Salts, Basic"
7784-21-6,ALUMINUM HYDRIDE,39,"Metal Hydrides, Metal Alkyls, Metal Aryls, and Silanes"
7784-30-7,"ALUMINUM PHOSPHATE, SOLUTION",60;68,"Salts, Acidic;Water and Aqueous Solutions"
7784-37-4,MERCURIC ARSENATE,51;61,"Oxidizing Agents, Weak;Salts, Basic"
7784-44-3,AMMONIUM ARSENATE,51;60,"Oxidizing Agents, Weak;Salts, Acidic"
7784-45-4,"ARSENIC IODIDE, SOLID",7;32,"Acyl Halides, Sulfonyl Halides, and Chloroformates;Halogenating Agents"
7784-46-5,"SODIUM ARSENITE, AQUEOUS SOLUTION",61;68,"Salts, Basic;Water and Aqueous Solutions"
7786-34-7,MEVINPHOS,27;34,"Esters, Sulfate Esters, Phosphate Esters, Thiophosphate Esters, and Borate Esters;Hydrocarbons, Aliphatic Unsaturated"
7786-81-4,NICKEL SULFATE,60,"Salts, Acidic"
7787-36-2,BARIUM PERMANGANATE,50,"Oxidizing Agents, Strong"
7787-41-9,BARIUM SELENATE,51;61,"Oxidizing Agents, Weak;Salts, Basic"
7787-47-5,BERYLLIUM CHLORIDE,60,"Salts, Acidic"
7787-49-7,BERYLLIUM FLUORIDE,60,"Salts, Acidic"
7787-59-9,BISMUTH OXYCHLORIDE,7,"Acyl Halides, Sulfonyl Halides, and Chloroformates"
7787-70-4,COPPER (I) BROMIDE,47,Non-Redox-Active Inorganic Compounds
7788-97-8,"CHROMIC FLUORIDE, SOLID",61;68,"Salts, Basic;Water and Aqueous Solutions"
7789-00-6,POTASSIUM CHROMATE,50;61,"Oxidizing Agents, Strong;Salts, Basic"
7789-06-2,STRONTIUM CHROMATE,50;61,"Oxidizing Agents, Strong;Salts, Basic"
7789-09-5,AMMONIUM DICHROMATE,50;60,"Oxidizing Agents, Strong;Salts, Acidic"
7789-18-6,CESIUM NITRATE,43,"Nitrate and Nitrite Compounds, Inorganic"
7789-23-3,POTASSIUM FLUORIDE,61,"Salts, Basic"
7789-29-9,POTASSIUM BIFLUORIDE,29;60;68,"Fluoride Salts, Soluble;Salts, Acidic;Water and Aqueous Solutions"
7789-38-0,SODIUM BROMATE,50,"Oxidizing Agents, Strong"
7789-42-6,CADMIUM BROMIDE,47,Non-Redox-Active Inorganic Compounds
7789-43-7,COBALTOUS BROMIDE,60,"Salts, Acidic"
7789-45-9,COPPER(II) BROMIDE,60,"Salts, Acidic"
7789-47-1,MERCURIC BROMIDE,42;47,"Metals, Less Reactive;Non-Redox-Active Inorganic Compounds"
7789-59-5,PHOSPHORUS OXYBROMIDE,7,"Acyl Halides, Sulfonyl Halides, and Chloroformates"
7789-60-8,PHOSPHORUS TRIBROMIDE,3;58,"Acids, Strong Non-oxidizing;Reducing Agents, Strong"
7789-61-9,ANTIMONY TRIBROMIDE,3;32;50,"Acids, Strong Non-oxidizing;Halogenating Agents;Oxidizing Agents, Strong"
7789-69-7,PHOSPHORUS PENTABROMIDE,3;32;50,"Acids, Strong Non-oxidizing;Halogenating Agents;Oxidizing Agents, Strong"
7789-75-5,CALCIUM FLUORIDE,47,Non-Redox-Active Inorganic Compounds
7789-78-8,CALCIUM HYDRIDE,39,"Metal Hydrides, Metal Alkyls, Metal Aryls, and Silanes"
7790-59-2,POTASSIUM SELENATE,51;61,"Oxidizing Agents, Weak;Salts, Basic"
7790-69-4,LITHIUM NITRATE,43,"Nitrate and Nitrite Compounds, Inorganic"
7790-93-4,CHLORIC ACID,4,"Acids, Strong Oxidizing"
7790-98-9,AMMONIUM PERCHLORATE,50;60,"Oxidizing Agents, Strong;Salts, Acidic"
7790-99-0,IODINE MONOCHLORIDE,32;50,"Halogenating Agents;Oxidizing Agents, Strong"
7791-10-8,STRONTIUM CHLORATE,50,"Oxidizing Agents, Strong"
7791-12-0,THALLOUS CHLORIDE,47,Non-Redox-Active Inorganic Compounds
7791-21-1,CHLORINE MONOXIDE,32;50,"Halogenating Agents;Oxidizing Agents, Strong"
7791-27-7,PYROSULFURYL CHLORIDE,7;15,"Acyl Halides, Sulfonyl Halides, and Chloroformates;Anhydrides"
78-11-5,PENTAERYTHRITE TETRANITRATE,46;68,"Nitro, Nitroso, Nitrate, and Nitrite Compounds, Organic;Water and Aqueous Solutions"
78-18-2,1-HYDROXY-1&#39;-HYDROPEROXY DICYCLOHEXYL PEROXIDE,1;8;53,"Acetals, Ketals, Hemiacetals, and Hemiketals;Alcohols and Polyols;Peroxides, Organic"
78-32-0,TRI-P-TOLYL PHOSPHATE,27;35,"Esters, Sulfate Esters, Phosphate Esters, Thiophosphate Esters, and Borate Esters;Hydrocarbons, Aromatic"
78-34-2,DIOXATHION,27;28,"Esters, Sulfate Esters, Phosphate Esters, Thiophosphate Esters, and Borate Esters;Ethers"
78-38-6,DIETHYL ETHYLPHOSPHONATE,66,"Sulfonates, Phosphonates, and Thiophosphonates, Organic"
78-42-2,TRIS(2-ETHYLHEXYL)PHOSPHATE,27,"Esters, Sulfate Esters, Phosphate Esters, Thiophosphate Esters, and Borate Esters"
78-44-4,CARISOPRODOL,20,Carbamates
78-48-8,"S,S,S-TRIBUTYLTRITHIOPHOSPHATE",27,"Esters, Sulfate Esters, Phosphate Esters, Thiophosphate Esters, and Borate Esters"
78-51-3,TRIBUTOXYETHYL PHOSPHATE,27;28,"Esters, Sulfate Esters, Phosphate Esters, Thiophosphate Esters, and Borate Esters;Ethers"
78-53-5,AMITON,14;66,"Amines, Phosphines, and Pyridines;Sulfonates, Phosphonates, and Thiophosphonates, Organic"
78-63-7,"2,5-DIMETHYL-2,5-DI-(TERT-BUTYLPEROXY)HEXANE",53,"Peroxides, Organic"
78-67-1,AZODIISOBUTYRONITRILE,17;45,"Azo, Diazo, Azido, Hydrazine, and Azide Compounds;Nitriles"
78-71-7,"OXETANE, 3,3-BIS(CHLOROMETHYL)-",28;31,Ethers;Halogenated Organic Compounds
78-75-1,"1,2-DIBROMOPROPANE",31,Halogenated Organic Compounds
78-89-7,2-CHLORO-1-PROPANOL,8;31,Alcohols and Polyols;Halogenated Organic Compounds
78-98-8,METHYLGLYOXAL,9;38;56,Aldehydes;Ketones;Polymerizable Compounds
7803-54-5,MAGNESIUM DIAMIDE,18,"Bases, Strong"
7803-55-6,AMMONIUM METAVANADATE,51;60,"Oxidizing Agents, Weak;Salts, Acidic"
7803-63-6,AMMONIUM HYDROGEN SULFATE,60,"Salts, Acidic"
7803-65-8,AMMONIUM HYPOPHOSPHITE,58;60,"Reducing Agents, Strong;Salts, Acidic"
78413-87-3,OCTONAL,46,"Nitro, Nitroso, Nitrate, and Nitrite Compounds, Organic"
786-19-6,CARBOPHENOTHION,16;27,"Aryl Halides;Esters, Sulfate Esters, Phosphate Esters, Thiophosphate Esters, and Borate Esters"
79-06-1,ACRYLAMIDE,6;12;56;68,Acrylates and Acrylic Acids;Amides and Imides;Polymerizable Compounds;Water and Aqueous Solutions
79-08-3,BROMOACETIC ACID,2;31;68,"Acids, Carboxylic;Halogenated Organic Compounds;Water and Aqueous Solutions"
79-11-8,"CHLOROACETIC ACID, SOLID",2;31,"Acids, Carboxylic;Halogenated Organic Compounds"
79-15-2,N-BROMOACETAMIDE,12;31,Amides and Imides;Halogenated Organic Compounds
79-19-6,THIOSEMICARBAZIDE,17;37,"Azo, Diazo, Azido, Hydrazine, and Azide Compounds;Isocyanates and Isothiocyanates"
79-30-1,ISOBUTYRYL CHLORIDE,7,"Acyl Halides, Sulfonyl Halides, and Chloroformates"
79-42-5,THIOLACTIC ACID,2;64,"Acids, Carboxylic;Sulfides, Organic"
79-92-5,CAMPHENE,34,"Hydrocarbons, Aliphatic Unsaturated"
79-94-7,TETRABROMOBISPHENOL A,16;55,Aryl Halides;Phenols and Cresols
793-24-8,"N-(1,3-DIMETHYLBUTYL)-N&#39;-PHENYL-P-PHENYLENEDIAMINE",14,"Amines, Phosphines, and Pyridines"
79869-58-2,PROPANETHIOLS,64,"Sulfides, Organic"
80-05-7,"4,4&#39;-ISOPROPYLIDENEDIPHENOL",55,Phenols and Cresols
80-07-9,"4,4&#39;-DICHLORODIPHENYL SULFONE",16;66,"Aryl Halides;Sulfonates, Phosphonates, and Thiophosphonates, Organic"
80-08-0,"4,4&#39;-SULFONYLDIANILINE",13;66,"Amines, Aromatic;Sulfonates, Phosphonates, and Thiophosphonates, Organic"
80-13-7,HALAZONE,2;32;66,"Acids, Carboxylic;Halogenating Agents;Sulfonates, Phosphonates, and Thiophosphonates, Organic"
80-15-9,CUMENE HYDROPEROXIDE,53,"Peroxides, Organic"
80-17-1,BENZENESULFONYL HYDRAZIDE,17;66,"Azo, Diazo, Azido, Hydrazine, and Azide Compounds;Sulfonates, Phosphonates, and Thiophosphonates, Organic"
80-30-8,N-CYCLOHEXYL-4-METHYLBENZENESULFONAMIDE,14;66,"Amines, Phosphines, and Pyridines;Sulfonates, Phosphonates, and Thiophosphonates, Organic"
80-39-7,N-ETHYL-4-METHYLBENZENE SULFONAMIDE,14;66,"Amines, Phosphines, and Pyridines;Sulfonates, Phosphonates, and Thiophosphonates, Organic"
80-43-3,DICUMYL PEROXIDE,53,"Peroxides, Organic"
80-46-6,P-TERT-PENTYLPHENOL,55,Phenols and Cresols
80-47-7,P-MENTHANE HYDROPEROXIDE,53,"Peroxides, Organic"
80-51-3,"DIPHENYLOXIDE-4,4&#39;-DISULFONYL HYDRAZIDE",17;28;66,"Azo, Diazo, Azido, Hydrazine, and Azide Compounds;Ethers;Sulfonates, Phosphonates, and Thiophosphonates, Organic"
80-52-4,"1,8-P-MENTHANEDIAMINE",14,"Amines, Phosphines, and Pyridines"
80-59-1,"TIGLIC ACID, [CORROSIVE SOLID]",2;6,"Acids, Carboxylic;Acrylates and Acrylic Acids"
8001-22-7,"OILS, EDIBLE: SOYA BEAN",27;34,"Esters, Sulfate Esters, Phosphate Esters, Thiophosphate Esters, and Borate Esters;Hydrocarbons, Aliphatic Unsaturated"
8001-23-8,"OILS, EDIBLE: SAFFLOWER",27;34,"Esters, Sulfate Esters, Phosphate Esters, Thiophosphate Esters, and Borate Esters;Hydrocarbons, Aliphatic Unsaturated"
8001-25-0,"OILS, EDIBLE: OLIVE",27;34,"Esters, Sulfate Esters, Phosphate Esters, Thiophosphate Esters, and Borate Esters;Hydrocarbons, Aliphatic Unsaturated"
8001-26-1,"OILS, MISCELLANEOUS: LINSEED",27;34,"Esters, Sulfate Esters, Phosphate Esters, Thiophosphate Esters, and Borate Esters;Hydrocarbons, Aliphatic Unsaturated"
8001-28-3,CROTON OIL,27,"Esters, Sulfate Esters, Phosphate Esters, Thiophosphate Esters, and Borate Esters"
8001-29-4,COTTONSEED OIL,2;8;33;34,"Acids, Carboxylic;Alcohols and Polyols;Hydrocarbons, Aliphatic Saturated;Hydrocarbons, Aliphatic Unsaturated"
8001-31-8,"OILS, EDIBLE: COCONUT",27;34,"Esters, Sulfate Esters, Phosphate Esters, Thiophosphate Esters, and Borate Esters;Hydrocarbons, Aliphatic Unsaturated"
8001-35-2,TOXAPHENE,31;34,"Halogenated Organic Compounds;Hydrocarbons, Aliphatic Unsaturated"
8001-58-9,"CREOSOTE, [COAL TAR]",55,Phenols and Cresols
8001-79-4,CASTOR OIL,8;27;34,"Alcohols and Polyols;Esters, Sulfate Esters, Phosphate Esters, Thiophosphate Esters, and Borate Esters;Hydrocarbons, Aliphatic Unsaturated"
8002-03-7,"OILS, EDIBLE: PEANUT",27;34,"Esters, Sulfate Esters, Phosphate Esters, Thiophosphate Esters, and Borate Esters;Hydrocarbons, Aliphatic Unsaturated"
8002-05-9,PETROLEUM ETHER,33,"Hydrocarbons, Aliphatic Saturated"
8002-09-3,PINE OIL,8,Alcohols and Polyols
8002-16-2,"OIL, [ROSIN]",33;34,"Hydrocarbons, Aliphatic Saturated;Hydrocarbons, Aliphatic Unsaturated"
8002-24-2,"OILS, MISCELLANEOUS: SPERM",27,"Esters, Sulfate Esters, Phosphate Esters, Thiophosphate Esters, and Borate Esters"
8002-26-4,"OILS, MISCELLANEOUS: TALL",5;27,"Acids, Weak;Esters, Sulfate Esters, Phosphate Esters, Thiophosphate Esters, and Borate Esters"
8002-64-0,"OILS, MISCELLANEOUS: NEATSFOOT",27;34,"Esters, Sulfate Esters, Phosphate Esters, Thiophosphate Esters, and Borate Esters;Hydrocarbons, Aliphatic Unsaturated"
8002-74-2,WAXES: PARAFFIN,33,"Hydrocarbons, Aliphatic Saturated"
8002-75-3,"OILS, EDIBLE: PALM",27;34,"Esters, Sulfate Esters, Phosphate Esters, Thiophosphate Esters, and Borate Esters;Hydrocarbons, Aliphatic Unsaturated"
8003-03-0,APC,2;12;14;27;28,"Acids, Carboxylic;Amides and Imides;Amines, Phosphines, and Pyridines;Esters, Sulfate Esters, Phosphate Esters, Thiophosphate Esters, and Borate Esters;Ethers"
8003-19-8,DICHLOROPROPANE - DICHLOROPROPENE (MIXTURE),31,Halogenated Organic Compounds
8003-22-3,D &amp; C YELLOW 11,14;38,"Amines, Phosphines, and Pyridines;Ketones"
8003-34-7,"PYRETHRINS, [SOLID]",23;27;34;38,"Conjugated Dienes;Esters, Sulfate Esters, Phosphate Esters, Thiophosphate Esters, and Borate Esters;Hydrocarbons, Aliphatic Unsaturated;Ketones"
8003-69-8,C.I. DIRECT BLACK 80,13;17;55;61,"Amines, Aromatic;Azo, Diazo, Azido, Hydrazine, and Azide Compounds;Phenols and Cresols;Salts, Basic"
8004-13-5,DOWTHERM,28;35,"Ethers;Hydrocarbons, Aromatic"
8005-02-5,C.I. SOLVENT BLACK 7,36,Insufficient Information for Classification
8006-14-2,"NATURAL GAS, REFRIGERATED LIQUID (CRYOGENIC LIQUID)",33,"Hydrocarbons, Aliphatic Saturated"
8006-19-7,AMATOL,43;46,"Nitrate and Nitrite Compounds, Inorganic;Nitro, Nitroso, Nitrate, and Nitrite Compounds, Organic"
8006-28-8,"SODA LIME, WITH MORE THAN 4% SODIUM HYDROXIDE",18,"Bases, Strong"
8006-61-9,GASOLINE BLENDING STOCKS: REFORMATES,33,"Hydrocarbons, Aliphatic Saturated"
8007-56-5,AQUA REGIA,4,"Acids, Strong Oxidizing"
8007-70-3,ANISE OIL,9;56,Aldehydes;Polymerizable Compounds
8008-20-6,KEROSENE,33,"Hydrocarbons, Aliphatic Saturated"
8008-51-3,CAMPHOR OIL,28,Ethers
8009-03-8,PETROLATUM,33,"Hydrocarbons, Aliphatic Saturated"
8012-74-6,LONDON PURPLE,13;61,"Amines, Aromatic;Salts, Basic"
8012-75-7,CALCIUM CHROMATE DIHYDRATE,50;61,"Oxidizing Agents, Strong;Salts, Basic"
8012-95-1,MINERAL OIL,33,"Hydrocarbons, Aliphatic Saturated"
8013-07-8,EPOXIDIZED VEGETABLE OILS,26,Epoxides
8013-11-4,SENNA (POWDERED),2;8;55,"Acids, Carboxylic;Alcohols and Polyols;Phenols and Cresols"
8013-75-0,FUSEL OIL,8,Alcohols and Polyols
8014-95-7,"SULFURIC ACID, FUMING",4,"Acids, Strong Oxidizing"
8015-86-9,WAXES: CARNAUBA,27,"Esters, Sulfate Esters, Phosphate Esters, Thiophosphate Esters, and Borate Esters"
8016-38-4,ORANGE FLOWER WATER,36;68,Insufficient Information for Classification;Water and Aqueous Solutions
8017-16-1,POLYPHOSPHORIC ACID,5,"Acids, Weak"
8021-39-4,"CREOSOTE, BEECHWOOD",55,Phenols and Cresols
8022-00-2,METHYL DEMETON,27;64,"Esters, Sulfate Esters, Phosphate Esters, Thiophosphate Esters, and Borate Esters;Sulfides, Organic"
8024-37-1,TURMERIC OLEO RESIN,34;38;55,"Hydrocarbons, Aliphatic Unsaturated;Ketones;Phenols and Cresols"
8024-48-4,CASANTHRANOL,8,Alcohols and Polyols
8028-73-7,ARSENICAL DUST,42,"Metals, Less Reactive"
8029-43-4,CORN SYRUP,8;68,Alcohols and Polyols;Water and Aqueous Solutions
8029-68-3,ICHTHAMMOL,2;14;28,"Acids, Carboxylic;Amines, Phosphines, and Pyridines;Ethers"
8030-30-6,"COAL TAR OIL, [HEAVY DISTILLATE]",33,"Hydrocarbons, Aliphatic Saturated"
8030-97-5,"PYROLIGNEOUS ACID, [FLAMMABLE LIQUID LABEL]",2;8;38,"Acids, Carboxylic;Alcohols and Polyols;Ketones"
8032-32-4,"PETROLEUM NAPHTHA, [V.M. &amp; P.]",33;35,"Hydrocarbons, Aliphatic Saturated;Hydrocarbons, Aromatic"
80455-52-3,CYCLOPENTAPHENANTHRENE,35,"Hydrocarbons, Aromatic"
8046-19-3,STYRAX BALSAM,34,"Hydrocarbons, Aliphatic Unsaturated"
8047-99-2,TOLUENE ETHYLSULFONAMIDE,12;66,"Amides and Imides;Sulfonates, Phosphonates, and Thiophosphonates, Organic"
8049-17-0,FERROSILICON,41,"Metals, Elemental and Powder, Active"
8049-19-2,FERROPHOSPHORUS,42,"Metals, Less Reactive"
8052-41-3,STODDARD SOLVENT,33,"Hydrocarbons, Aliphatic Saturated"
8052-42-4,ASPHALT,33;34;35,"Hydrocarbons, Aliphatic Saturated;Hydrocarbons, Aliphatic Unsaturated;Hydrocarbons, Aromatic"
8061-51-6,"LIGNOSULFONIC ACID, SODIUM SALT",1;60,"Acetals, Ketals, Hemiacetals, and Hemiketals;Salts, Acidic"
8061-53-8,AMMONIUM LIGNINSULFONATE,27;55;60,"Esters, Sulfate Esters, Phosphate Esters, Thiophosphate Esters, and Borate Esters;Phenols and Cresols;Salts, Acidic"
8064-77-5,BENDECTIN,2;8;14;27,"Acids, Carboxylic;Alcohols and Polyols;Amines, Phosphines, and Pyridines;Esters, Sulfate Esters, Phosphate Esters, Thiophosphate Esters, and Borate Esters"
8065-48-3,DEMETON,27;64,"Esters, Sulfate Esters, Phosphate Esters, Thiophosphate Esters, and Borate Esters;Sulfides, Organic"
8066-33-9,"PENTOLITE, [DRY]",46,"Nitro, Nitroso, Nitrate, and Nitrite Compounds, Organic"
80789-74-8,"5-ISATINSULFONIC ACID, SODIUM SALT",61,"Salts, Basic"
81-07-2,SACCHARIN (MANUFACTURING),12;66,"Amides and Imides;Sulfonates, Phosphonates, and Thiophosphonates, Organic"
81-11-8,"4,4&#39;-DIAMINO-2,2&#39;-STILBENEDISULFONIC ACID",5;13;34;66,"Acids, Weak;Amines, Aromatic;Hydrocarbons, Aliphatic Unsaturated;Sulfonates, Phosphonates, and Thiophosphonates, Organic"
81-14-1,MUSK KETONE,38;46,"Ketones;Nitro, Nitroso, Nitrate, and Nitrite Compounds, Organic"
81-15-2,"5-TERT-BUTYL-2,4,6-TRINITRO-M-XYLENE",35;46,"Hydrocarbons, Aromatic;Nitro, Nitroso, Nitrate, and Nitrite Compounds, Organic"
81-19-6,"ALPHA,ALPHA,2,6-TETRACHLOROTOLUENE",16;31,Aryl Halides;Halogenated Organic Compounds
81-20-9,"1,3-DIMETHYL-2-NITROBENZENE",46,"Nitro, Nitroso, Nitrate, and Nitrite Compounds, Organic"
81-49-2,"1-AMINO-2,4-DIBROMOANTHRAQUINONE",13;16;38,"Amines, Aromatic;Aryl Halides;Ketones"
81-55-0,"1,8-DIHYDROXY-4,5-DINITROANTHRAQUINONE",8;38;46;55,"Alcohols and Polyols;Ketones;Nitro, Nitroso, Nitrate, and Nitrite Compounds, Organic;Phenols and Cresols"
81-77-6,VAT BLUE 4,14;35;38,"Amines, Phosphines, and Pyridines;Hydrocarbons, Aromatic;Ketones"
81-81-2,WARFARIN,8;27;35;38,"Alcohols and Polyols;Esters, Sulfate Esters, Phosphate Esters, Thiophosphate Esters, and Borate Esters;Hydrocarbons, Aromatic;Ketones"
81-88-9,C.I. FOOD RED 15,2;14;23;28;57,"Acids, Carboxylic;Amines, Phosphines, and Pyridines;Conjugated Dienes;Ethers;Quaternary Ammonium and Phosphonium Salts"
812-00-0,MONOMETHYL PHOSPHATE,5;27,"Acids, Weak;Esters, Sulfate Esters, Phosphate Esters, Thiophosphate Esters, and Borate Esters"
81228-87-7,CYCLOBUTYL CHLOROFORMATE,7,"Acyl Halides, Sulfonyl Halides, and Chloroformates"
813-44-5,BIS(PERFLUORISOPROPYL) KETONE,30;38,Fluorinated Organic Compounds;Ketones
813-78-5,DIMETHYL PHOSPHATE,5;27,"Acids, Weak;Esters, Sulfate Esters, Phosphate Esters, Thiophosphate Esters, and Borate Esters"
814-61-9,BORON TRIFLUORIDE PROPIONIC ACID COMPLEX,2;5;29,"Acids, Carboxylic;Acids, Weak;Fluoride Salts, Soluble"
815-82-7,CUPRIC TARTRATE,8;61,"Alcohols and Polyols;Salts, Basic"
816-40-0,1-BROMO-2-BUTANONE,31;38,Halogenated Organic Compounds;Ketones
818-61-1,HYDROXYETHYLACRYLATE,6;8;56,Acrylates and Acrylic Acids;Alcohols and Polyols;Polymerizable Compounds
82-05-3,BENZANTHRONE,35;38,"Hydrocarbons, Aromatic;Ketones"
82-28-0,1-AMINO-2-METHYLANTHRAQUINONE,13;35;38,"Amines, Aromatic;Hydrocarbons, Aromatic;Ketones"
82-62-2,"3,4,6-TRICHLORO-2-NITROPHENOL",16;46;55,"Aryl Halides;Nitro, Nitroso, Nitrate, and Nitrite Compounds, Organic;Phenols and Cresols"
82-66-6,DIPHACINONE,5;38,"Acids, Weak;Ketones"
82-68-8,QUINTOZENE,16;46,"Aryl Halides;Nitro, Nitroso, Nitrate, and Nitrite Compounds, Organic"
82-71-3,TRINITRORESORCINOL,46;55;68,"Nitro, Nitroso, Nitrate, and Nitrite Compounds, Organic;Phenols and Cresols;Water and Aqueous Solutions"
82065-80-3,DIISOTRIDECYL PEROXYDICARBONATE,53,"Peroxides, Organic"
821-06-7,"(E)-1,4-DIBROMO-2-BUTENE",31;34,"Halogenated Organic Compounds;Hydrocarbons, Aliphatic Unsaturated"
821-95-4,1-UNDECENE,34,"Hydrocarbons, Aliphatic Unsaturated"
823-40-5,"2,6-DIAMINOTOLUENE",13,"Amines, Aromatic"
824-11-3,TRIMETHYLOLPROPANE PHOSPHITE,59;66,"Reducing Agents, Weak;Sulfonates, Phosphonates, and Thiophosphonates, Organic"
824-72-6,BENZENE PHOSPHORUS OXYDICHLORIDE,7;32,"Acyl Halides, Sulfonyl Halides, and Chloroformates;Halogenating Agents"
82657-04-3,BIFENTHRIN,27;30;31;34,"Esters, Sulfate Esters, Phosphate Esters, Thiophosphate Esters, and Borate Esters;Fluorinated Organic Compounds;Halogenated Organic Compounds;Hydrocarbons, Aliphatic Unsaturated"
827-16-7,TRIMETHYL ISOCYANURATE,37,Isocyanates and Isothiocyanates
828-00-2,DIMETHOXANE,27;28,"Esters, Sulfate Esters, Phosphate Esters, Thiophosphate Esters, and Borate Esters;Ethers"
83-26-1,PINDONE,38,Ketones
83-32-9,ACENAPHTHENE,35,"Hydrocarbons, Aromatic"
83-38-5,"2,6-DICHLOROBENZALDEHYDE",9;16;31,Aldehydes;Aryl Halides;Halogenated Organic Compounds
83-41-0,"1,2-DIMETHYL-3-NITROBENZENE",46,"Nitro, Nitroso, Nitrate, and Nitrite Compounds, Organic"
83-66-9,MUSK AMBRETTE,46,"Nitro, Nitroso, Nitrate, and Nitrite Compounds, Organic"
83-67-0,THEOBROMINE,12;14,"Amides and Imides;Amines, Phosphines, and Pyridines"
83-72-7,"2-HYDROXY-1,4-NAPHTHOQUINONE",38;55,Ketones;Phenols and Cresols
83-79-4,ROTENONE,34;38,"Hydrocarbons, Aliphatic Unsaturated;Ketones"
831-52-7,SODIUM PICRAMATE,13;46;54;68,"Amines, Aromatic;Nitro, Nitroso, Nitrate, and Nitrite Compounds, Organic;Phenolic Salts;Water and Aqueous Solutions"
832-69-9,1-METHYLPHENANTHRENE,35,"Hydrocarbons, Aromatic"
834-12-8,AMETRYN,14;35,"Amines, Phosphines, and Pyridines;Hydrocarbons, Aromatic"
834-28-6,PHENFORMIN HYDROCHLORIDE,14;35;60,"Amines, Phosphines, and Pyridines;Hydrocarbons, Aromatic;Salts, Acidic"
83463-62-1,BROMOCHLOROACETONITRILE,31;45,Halogenated Organic Compounds;Nitriles
83547-96-0,"1,4-DICHLOROBUTANE-D8",31,Halogenated Organic Compounds
839-90-7,"1,3,5-TRIS(2-HYDROXYETHYL)TRIAZINE-2,4,6-TRIONE",8;37,Alcohols and Polyols;Isocyanates and Isothiocyanates
84-15-1,O-TERPHENYL,35,"Hydrocarbons, Aromatic"
84-61-7,DICYCLOHEXYL PHTHALATE,27,"Esters, Sulfate Esters, Phosphate Esters, Thiophosphate Esters, and Borate Esters"
84-64-0,BUTYL CYCLOHEXYL PHTHALATE,27,"Esters, Sulfate Esters, Phosphate Esters, Thiophosphate Esters, and Borate Esters"
84-65-1,ANTHRAQUINONE,35;38,"Hydrocarbons, Aromatic;Ketones"
84-66-2,DIETHYL PHTHALATE,27,"Esters, Sulfate Esters, Phosphate Esters, Thiophosphate Esters, and Borate Esters"
84-69-5,DI-ISOBUTYL PHTHALATE,27,"Esters, Sulfate Esters, Phosphate Esters, Thiophosphate Esters, and Borate Esters"
84-74-2,N-BUTYL PHTHALATE,27,"Esters, Sulfate Esters, Phosphate Esters, Thiophosphate Esters, and Borate Esters"
84-75-3,DI-N-HEXYL PHTHALATE,27,"Esters, Sulfate Esters, Phosphate Esters, Thiophosphate Esters, and Borate Esters"
84-76-4,DINONYL PHTHALATE,27,"Esters, Sulfate Esters, Phosphate Esters, Thiophosphate Esters, and Borate Esters"
842-07-9,C.I. SOLVENT YELLOW 14,17;55,"Azo, Diazo, Azido, Hydrazine, and Azide Compounds;Phenols and Cresols"
85-01-8,PHENANTHRENE,35,"Hydrocarbons, Aromatic"
85-02-9,BENZO[F]QUINOLINE,14;35,"Amines, Phosphines, and Pyridines;Hydrocarbons, Aromatic"
85-22-3,"2,3,4,5,6-PENTABROMOETHYLBENZENE",16,Aryl Halides
85-41-6,PHTHALIMIDE,12,Amides and Imides
85-43-8,MEMTETRAHYDROPHTHALIC ANHYDRIDE,15;34,"Anhydrides;Hydrocarbons, Aliphatic Unsaturated"
85-44-9,PHTHALIC ANHYDRIDE,15,Anhydrides
85-68-7,BUTYL BENZYL PHTHALATE,27,"Esters, Sulfate Esters, Phosphate Esters, Thiophosphate Esters, and Borate Esters"
85-98-3,"N,N&#39;-DIETHYLCARBANILIDE",12;13,"Amides and Imides;Amines, Aromatic"
86-00-0,"2-NITRO-1,1&#39;-BIPHENYL",35;46,"Hydrocarbons, Aromatic;Nitro, Nitroso, Nitrate, and Nitrite Compounds, Organic"
86-30-6,N-NITROSODIPHENYLAMINE,17;46,"Azo, Diazo, Azido, Hydrazine, and Azide Compounds;Nitro, Nitroso, Nitrate, and Nitrite Compounds, Organic"
86-50-0,AZINPHOS-METHYL,12;17;27,"Amides and Imides;Azo, Diazo, Azido, Hydrazine, and Azide Compounds;Esters, Sulfate Esters, Phosphate Esters, Thiophosphate Esters, and Borate Esters"
86-73-7,FLUORENE,35,"Hydrocarbons, Aromatic"
86-74-8,CARBAZOLE,14,"Amines, Phosphines, and Pyridines"
86-88-4,ANTU,12;35,"Amides and Imides;Hydrocarbons, Aromatic"
860-22-0,INDIGO CARMINE,14;34;38;61,"Amines, Phosphines, and Pyridines;Hydrocarbons, Aliphatic Unsaturated;Ketones;Salts, Basic"
87-08-1,PENICILLIN V,2;12;64,"Acids, Carboxylic;Amides and Imides;Sulfides, Organic"
87-25-2,ETHYL ANTHRANILATE,13;27,"Amines, Aromatic;Esters, Sulfate Esters, Phosphate Esters, Thiophosphate Esters, and Borate Esters"
87-29-6,CINNAMYL ANTHRANILATE,13;27;34,"Amines, Aromatic;Esters, Sulfate Esters, Phosphate Esters, Thiophosphate Esters, and Borate Esters;Hydrocarbons, Aliphatic Unsaturated"
87-33-2,ISOSORBIDE DINITRATE MIXTURE,28;46,"Ethers;Nitro, Nitroso, Nitrate, and Nitrite Compounds, Organic"
87-44-5,BETA-CARYOPHYLLENE,34,"Hydrocarbons, Aliphatic Unsaturated"
87-47-8,PYROLAN,17;20,"Azo, Diazo, Azido, Hydrazine, and Azide Compounds;Carbamates"
87-59-2,"2,3-XYLIDINE",13,"Amines, Aromatic"
87-61-6,"1,2,3-TRICHLOROBENZENE",16,Aryl Halides
87-65-0,"2,6-DICHLOROPHENOL",5;16;55,"Acids, Weak;Aryl Halides;Phenols and Cresols"
87-66-1,PYROGALLIC ACID,5,"Acids, Weak"
87-82-1,HEXABROMOBENZENE,16,Aryl Halides
87-84-3,PENTABROMOCHLOROCYCLOHEXANE,31,Halogenated Organic Compounds
87-86-5,PENTACHLOROPHENOL,16;55,Aryl Halides;Phenols and Cresols
87-90-1,"TRICHLORO-S-TRIAZINETRIONE, DRY",7;32;50;60,"Acyl Halides, Sulfonyl Halides, and Chloroformates;Halogenating Agents;Oxidizing Agents, Strong;Salts, Acidic"
872-10-6,DIAMYL SULFIDE,64,"Sulfides, Organic"
874-42-0,"2,4-DICHLOROBENZALDEHYDE",9;16;31,Aldehydes;Aryl Halides;Halogenated Organic Compounds
87495-30-5,RESORCINE BLUE,55,Phenols and Cresols
877-08-7,"TETRACHLORO-O-XYLENE, [SOLID]",16,Aryl Halides
879-39-0,"2,3,4,5-TETRACHLORONITROBENZENE",16;46,"Aryl Halides;Nitro, Nitroso, Nitrate, and Nitrite Compounds, Organic"
88-05-1,"ANILINE, 2,4,6-TRIMETHYL-",13,"Amines, Aromatic"
88-06-2,"2,4,6-TRICHLOROPHENOL",5;16;55,"Acids, Weak;Aryl Halides;Phenols and Cresols"
88-17-5,2-TRIFLUOROMETHYLANILINE,13;30,"Amines, Aromatic;Fluorinated Organic Compounds"
88-21-1,2-AMINOBENZENE SULFONIC ACID,5;13,"Acids, Weak;Amines, Aromatic"
88-23-3,6-AMINO-4-CHLORO-1-PHENOL-2-SULFONIC ACID,5;13;16;55;66,"Acids, Weak;Amines, Aromatic;Aryl Halides;Phenols and Cresols;Sulfonates, Phosphonates, and Thiophosphonates, Organic"
88-60-8,MONO-TERT-BUTYL-M-CRESOL,55,Phenols and Cresols
88-69-7,O-ISOPROPYL PHENOL,55,Phenols and Cresols
88-73-3,O-NITROCHLOROBENZENE,16;46,"Aryl Halides;Nitro, Nitroso, Nitrate, and Nitrite Compounds, Organic"
88-74-4,O-NITROANILINE,13;46,"Amines, Aromatic;Nitro, Nitroso, Nitrate, and Nitrite Compounds, Organic"
88-75-5,2-NITROPHENOL,46;55,"Nitro, Nitroso, Nitrate, and Nitrite Compounds, Organic;Phenols and Cresols"
88-85-7,DINOSEB,46;55,"Nitro, Nitroso, Nitrate, and Nitrite Compounds, Organic;Phenols and Cresols"
88-89-1,"PICRIC ACID, WETTED WITH NOT LESS THAN 30% WATER BY MASS",46;55;68,"Nitro, Nitroso, Nitrate, and Nitrite Compounds, Organic;Phenols and Cresols;Water and Aqueous Solutions"
88-96-0,PHTHALAMIDE,12,Amides and Imides
88-99-3,PHTHALIC ACID,2;35,"Acids, Carboxylic;Hydrocarbons, Aromatic"
881-03-8,1-NITRO-2-METHYLNAPHTHALENE,35;46,"Hydrocarbons, Aromatic;Nitro, Nitroso, Nitrate, and Nitrite Compounds, Organic"
88374-25-8,N-ETHYL-2-METHYL-4-NITROANILINE,13;46,"Amines, Aromatic;Nitro, Nitroso, Nitrate, and Nitrite Compounds, Organic"
88671-89-0,MYCLOBUTANIL,14;16;45,"Amines, Phosphines, and Pyridines;Aryl Halides;Nitriles"
89-40-7,4-NITROPHTHALIMIDE,14;46,"Amines, Phosphines, and Pyridines;Nitro, Nitroso, Nitrate, and Nitrite Compounds, Organic"
89-57-6,5-AMINOSALICYLIC ACID,2;13;55,"Acids, Carboxylic;Amines, Aromatic;Phenols and Cresols"
89-58-7,"1,4-DIMETHYL-2-NITROBENZENE",46,"Nitro, Nitroso, Nitrate, and Nitrite Compounds, Organic"
89-62-3,4-METHYL-2-NITROANILINE,13;46,"Amines, Aromatic;Nitro, Nitroso, Nitrate, and Nitrite Compounds, Organic"
89-63-4,4-CHLORO-2-NITROANILINE,13;16;46,"Amines, Aromatic;Aryl Halides;Nitro, Nitroso, Nitrate, and Nitrite Compounds, Organic"
89-69-0,"2,4,5-TRICHLORONITROBENZENE",16;46,"Aryl Halides;Nitro, Nitroso, Nitrate, and Nitrite Compounds, Organic"
89-72-5,O-SEC-BUTYLPHENOL,55,Phenols and Cresols
89-78-1,"D,L-MENTHOL",8,Alcohols and Polyols
89-87-2,"1,3-DIMETHYL-4-NITROBENZENE",46,"Nitro, Nitroso, Nitrate, and Nitrite Compounds, Organic"
89-97-4,2-CHLOROBENZYLAMINE,14;16,"Amines, Phosphines, and Pyridines;Aryl Halides"
89-98-5,2-CHLOROBENZALDEHYDE,9;16;31,Aldehydes;Aryl Halides;Halogenated Organic Compounds
90-04-0,O-ANISIDINE,13;28,"Amines, Aromatic;Ethers"
90-05-1,O-METHOXYPHENOL,28;55,Ethers;Phenols and Cresols
90-12-0,1-METHYLNAPHTHALENE,35,"Hydrocarbons, Aromatic"
90-13-1,1-CHLORONAPHTHALENE,16,Aryl Halides
90-30-2,N-PHENYL-1-NAPHTHYLAMINE,14,"Amines, Phosphines, and Pyridines"
90-33-5,BETA-METHYLUMBELLIFERONE,27;55,"Esters, Sulfate Esters, Phosphate Esters, Thiophosphate Esters, and Borate Esters;Phenols and Cresols"
90-41-5,2-AMINOBIPHENYL,13,"Amines, Aromatic"
90-43-7,2-PHENYLPHENOL,55,Phenols and Cresols
90-45-9,9-AMINOACRIDINE,14;35,"Amines, Phosphines, and Pyridines;Hydrocarbons, Aromatic"
90-72-2,"2,4,6-TRIDIMETHYLAMINOMETHYL PHENOL",14;55,"Amines, Phosphines, and Pyridines;Phenols and Cresols"
90-94-8,MICHLER&#39;S KETONE,14;38,"Amines, Phosphines, and Pyridines;Ketones"
900-95-8,"STANNANE, ACETOXYTRIPHENYL-",49,Organometallics
9000-01-5,GUM ARABIC,8;28,Alcohols and Polyols;Ethers
9000-16-2,DAMMAR RESIN,2;34,"Acids, Carboxylic;Hydrocarbons, Aliphatic Unsaturated"
9000-30-0,GUAR GUM,8;28,Alcohols and Polyols;Ethers
9000-40-2,LOCUST BEAN GUM,8;28,Alcohols and Polyols;Ethers
9002-86-2,POLYVINYL CHLORIDE LATEX,31;68,Halogenated Organic Compounds;Water and Aqueous Solutions
9002-88-4,POLYETHYLENE AS,33,"Hydrocarbons, Aliphatic Saturated"
9002-89-5,POLYVINYL ALCOHOL,8,Alcohols and Polyols
9002-92-0,DODECYL ALCOHOL ETHOXYLATE,8;28,Alcohols and Polyols;Ethers
9003-07-0,POLYPROPYLENE,33,"Hydrocarbons, Aliphatic Saturated"
9003-29-6,POLYBUTENE,34,"Hydrocarbons, Aliphatic Unsaturated"
9003-39-8,POLYVINYLPYRROLIDONE,14,"Amines, Phosphines, and Pyridines"
9003-53-6,"POLYSTYRENE BEADS, EXPANDABLE",35,"Hydrocarbons, Aromatic"
9004-34-6,CELLULOSE,8;28,Alcohols and Polyols;Ethers
9004-66-4,IRON DEXTRAN,1;47;68,"Acetals, Ketals, Hemiacetals, and Hemiketals;Non-Redox-Active Inorganic Compounds;Water and Aqueous Solutions"
9004-70-0,COLLODION,1;8;28;46;68,"Acetals, Ketals, Hemiacetals, and Hemiketals;Alcohols and Polyols;Ethers;Nitro, Nitroso, Nitrate, and Nitrite Compounds, Organic;Water and Aqueous Solutions"
9005-25-8,STARCH,8;28,Alcohols and Polyols;Ethers
9006-42-2,METIRAM,67,Thiocarbamate Esters and Salts/Dithiocarbamate Esters and Salts
9007-13-0,CALCIUM RESINATE,58,"Reducing Agents, Strong"
9008-34-8,MANGANESE RESINATE,58,"Reducing Agents, Strong"
9010-69-9,ZINC RESINATE,58,"Reducing Agents, Strong"
9016-00-6,DIMETHYLPOLYSILOXANE,62,Siloxanes
9016-87-9,POLYMERIC DIPHENYLMETHANE DIISOCYANATE,37,Isocyanates and Isothiocyanates
90454-18-5,"DICHLORO-1,1,2-TRIFLUOROETHANE",30,Fluorinated Organic Compounds
9056-38-6,"NITROSTARCH, WETTED WITH NOT LESS THAN 20% WATER",28;46;68,"Ethers;Nitro, Nitroso, Nitrate, and Nitrite Compounds, Organic;Water and Aqueous Solutions"
9080-17-5,"AMMONIUM POLYSULFIDE, SOLUTION",18;63;68,"Bases, Strong;Sulfides, Inorganic;Water and Aqueous Solutions"
90982-32-4,CHLORIMURON ETHYL,14;16;27;66,"Amines, Phosphines, and Pyridines;Aryl Halides;Esters, Sulfate Esters, Phosphate Esters, Thiophosphate Esters, and Borate Esters;Sulfonates, Phosphonates, and Thiophosphonates, Organic"
91-20-3,NAPHTHALENE,18;35,"Bases, Strong;Hydrocarbons, Aromatic"
91-44-1,7-DIETHYLAMINO-4-METHYLCOUMARIN,14;27,"Amines, Phosphines, and Pyridines;Esters, Sulfate Esters, Phosphate Esters, Thiophosphate Esters, and Borate Esters"
91-53-2,ETHOXYQUIN,14;28;34;56,"Amines, Phosphines, and Pyridines;Ethers;Hydrocarbons, Aliphatic Unsaturated;Polymerizable Compounds"
91-58-7,2-CHLORONAPHTHALENE,16,Aryl Halides
91-59-8,BETA-NAPHTHYLAMINE,13,"Amines, Aromatic"
91-62-3,6-METHYLQUINOLINE,14;35,"Amines, Phosphines, and Pyridines;Hydrocarbons, Aromatic"
91-63-4,QUINALDINE,14,"Amines, Phosphines, and Pyridines"
91-64-5,COUMARIN,27;35,"Esters, Sulfate Esters, Phosphate Esters, Thiophosphate Esters, and Borate Esters;Hydrocarbons, Aromatic"
91-68-9,3-DIETHYLAMINOPHENOL,14;55,"Amines, Phosphines, and Pyridines;Phenols and Cresols"
91-80-5,METHAPYRILENE,14;64,"Amines, Phosphines, and Pyridines;Sulfides, Organic"
91-81-6,TRIPELENAMINE,14,"Amines, Phosphines, and Pyridines"
91-84-9,PYRILAMINE,14,"Amines, Phosphines, and Pyridines"
91-85-0,THONZYLAMINE,14,"Amines, Phosphines, and Pyridines"
91-93-0,"3,3&#39;-DIMETHOXYBENZIDINE-4,4&#39;-DIISOCYANATE",28;37,Ethers;Isocyanates and Isothiocyanates
91-94-1,"3,3&#39;-DICHLOROBENZIDINE",13;16,"Amines, Aromatic;Aryl Halides"
91-97-4,"3,3&#39;-DIMETHYL-4,4&#39;-DIPHENYLENE DIISOCYANATE",37,Isocyanates and Isothiocyanates
915-67-3,AMARANTH,17;55;61;66,"Azo, Diazo, Azido, Hydrazine, and Azide Compounds;Phenols and Cresols;Salts, Basic;Sulfonates, Phosphonates, and Thiophosphonates, Organic"
91724-16-2,STRONTIUM ARSENITE,61,"Salts, Basic"
919-86-8,DEMETON-S-METHYL,27;64,"Esters, Sulfate Esters, Phosphate Esters, Thiophosphate Esters, and Borate Esters;Sulfides, Organic"
92-06-8,M-TERPHENYL,35,"Hydrocarbons, Aromatic"
92-36-4,2-(4-AMINOPHENYL)-6-METHYLBENZOTHIAZOLE,13;64,"Amines, Aromatic;Sulfides, Organic"
92-48-8,6-METHYLCOUMARIN,27,"Esters, Sulfate Esters, Phosphate Esters, Thiophosphate Esters, and Borate Esters"
92-52-4,BIPHENYL,35,"Hydrocarbons, Aromatic"
92-59-1,N-ETHYL-N-BENZYLANILINE,13,"Amines, Aromatic"
92-66-0,4-BROMOBIPHENYL,16,Aryl Halides
92-67-1,4-AMINOBIPHENYL,13,"Amines, Aromatic"
92-84-2,PHENOTHIAZINE,14;64,"Amines, Phosphines, and Pyridines;Sulfides, Organic"
92-87-5,BENZIDINE,13,"Amines, Aromatic"
92-93-3,4-NITROBIPHENYL,35;46,"Hydrocarbons, Aromatic;Nitro, Nitroso, Nitrate, and Nitrite Compounds, Organic"
92-94-4,P-TERPHENYL,35,"Hydrocarbons, Aromatic"
920-37-6,2-CHLOROACRYLONITRILE,31;34;45;56,"Halogenated Organic Compounds;Hydrocarbons, Aliphatic Unsaturated;Nitriles;Polymerizable Compounds"
920-46-7,METHACRYLOYL CHLORIDE,6;7;56,"Acrylates and Acrylic Acids;Acyl Halides, Sulfonyl Halides, and Chloroformates;Polymerizable Compounds"
921-09-5,"1,1,2,3-TETRACHLOROBUTADIENE",23;31;34,"Conjugated Dienes;Halogenated Organic Compounds;Hydrocarbons, Aliphatic Unsaturated"
924-16-3,N-NITROSODI-N-BUTYLAMINE,17;46,"Azo, Diazo, Azido, Hydrazine, and Azide Compounds;Nitro, Nitroso, Nitrate, and Nitrite Compounds, Organic"
924-42-5,N-METHYLOLACRYLAMIDE,6;8;12;56;68,Acrylates and Acrylic Acids;Alcohols and Polyols;Amides and Imides;Polymerizable Compounds;Water and Aqueous Solutions
926-56-7,METHYLPENTADIENE,23;34;56,"Conjugated Dienes;Hydrocarbons, Aliphatic Unsaturated;Polymerizable Compounds"
926-63-6,DIMETHYL-N-PROPYLAMINE,14,"Amines, Phosphines, and Pyridines"
926-64-7,2-DIMETHYLAMINOACETONITRILE,14;45,"Amines, Phosphines, and Pyridines;Nitriles"
927-07-1,TERT-BUTYL PEROXYPIVALATE,53,"Peroxides, Organic"
929-06-6,2-(2-AMINOETHOXY)ETHANOL,8;14,"Alcohols and Polyols;Amines, Phosphines, and Pyridines"
93-05-0,"N,N-DIETHYL-P-PHENYLENEDIAMINE",13,"Amines, Aromatic"
93-15-2,METHYLEUGENOL,28;34,"Ethers;Hydrocarbons, Aliphatic Unsaturated"
93-43-6,2-NAPHTHYL LACTATE,8;27,"Alcohols and Polyols;Esters, Sulfate Esters, Phosphate Esters, Thiophosphate Esters, and Borate Esters"
93-45-8,4-(2-NAPHTHYLAMINO)PHENOL,14;55,"Amines, Phosphines, and Pyridines;Phenols and Cresols"
93-46-9,"N,N&#39;-DI-2-NAPHTHYL-P-PHENYLENEDIAMINE",14;35,"Amines, Phosphines, and Pyridines;Hydrocarbons, Aromatic"
93-65-2,MECOPROP,2;16,"Acids, Carboxylic;Aryl Halides"
93-71-0,RANDOX,12;31;34,"Amides and Imides;Halogenated Organic Compounds;Hydrocarbons, Aliphatic Unsaturated"
93-72-1,"2,4,5-TRICHLOROPHENOXYPROPIONIC ACID",2;16;28;31,"Acids, Carboxylic;Aryl Halides;Ethers;Halogenated Organic Compounds"
93-76-5,"2,4,5-TRICHLOROPHENOXYACETIC ACID",2;16;28;31,"Acids, Carboxylic;Aryl Halides;Ethers;Halogenated Organic Compounds"
93-79-8,"2,4,5-T, N-BUTYL ESTER",16;27;28,"Aryl Halides;Esters, Sulfate Esters, Phosphate Esters, Thiophosphate Esters, and Borate Esters;Ethers"
930-37-0,METHYL GLYCIDYL ETHER,26;28,Epoxides;Ethers
930-55-2,N-NITROSOPYRROLIDINE,17;46,"Azo, Diazo, Azido, Hydrazine, and Azide Compounds;Nitro, Nitroso, Nitrate, and Nitrite Compounds, Organic"
931-97-5,CYCLOHEXANONE CYANOHYDRIN,8;45,Alcohols and Polyols;Nitriles
932-64-9,NITROTRIAZOLONE &lt;OR&gt; NTO,12;17;46,"Amides and Imides;Azo, Diazo, Azido, Hydrazine, and Azide Compounds;Nitro, Nitroso, Nitrate, and Nitrite Compounds, Organic"
933-75-5,"2,3,6-TRICHLOROPHENOL",5;16;55,"Acids, Weak;Aryl Halides;Phenols and Cresols"
933-78-8,"2,3,5-TRICHLOROPHENOL",5;16;55,"Acids, Weak;Aryl Halides;Phenols and Cresols"
934-32-7,2-AMINOBENZIMIDAZOLE,14,"Amines, Phosphines, and Pyridines"
935-95-5,"2,3,5,6-TETRACHLOROPHENOL",5;16;55,"Acids, Weak;Aryl Halides;Phenols and Cresols"
937-14-4,3-CHLOROPEROXYBENZOIC ACID,5;31;53,"Acids, Weak;Halogenated Organic Compounds;Peroxides, Organic"
938-73-8,2-ETHOXYBENZAMIDE,12,Amides and Imides
939-27-5,2-ETHYLNAPHTHALENE,35,"Hydrocarbons, Aromatic"
94-13-3,PROPYL-4-HYDROXYBENZOATE,27;55,"Esters, Sulfate Esters, Phosphate Esters, Thiophosphate Esters, and Borate Esters;Phenols and Cresols"
94-17-7,P-CHLOROBENZOYL PEROXIDE,16;53,"Aryl Halides;Peroxides, Organic"
94-20-2,CHLOROPROPAMIDE,12;16;66,"Amides and Imides;Aryl Halides;Sulfonates, Phosphonates, and Thiophosphonates, Organic"
94-25-7,N-BUTYL-P-AMINOBENZOATE,13;27,"Amines, Aromatic;Esters, Sulfate Esters, Phosphate Esters, Thiophosphate Esters, and Borate Esters"
94-26-8,N-BUTYL-P-HYDROXYBENZOATE,27;55,"Esters, Sulfate Esters, Phosphate Esters, Thiophosphate Esters, and Borate Esters;Phenols and Cresols"
94-36-0,BENZOYL PEROXIDE,53,"Peroxides, Organic"
94-45-1,2-AMINO-6-ETHOXYBENZOTHIAZOLE,14;64,"Amines, Phosphines, and Pyridines;Sulfides, Organic"
94-51-9,DIPROPYLENE GLYCOL DIBENZOATE,27;28,"Esters, Sulfate Esters, Phosphate Esters, Thiophosphate Esters, and Borate Esters;Ethers"
94-52-0,6-NITROBENZIMIDAZOLE,14;46,"Amines, Phosphines, and Pyridines;Nitro, Nitroso, Nitrate, and Nitrite Compounds, Organic"
94-58-6,DIHYDROSAFROLE,28;35,"Ethers;Hydrocarbons, Aromatic"
94-59-7,SAFROLE,1;28;34,"Acetals, Ketals, Hemiacetals, and Hemiketals;Ethers;Hydrocarbons, Aliphatic Unsaturated"
94-70-2,O-PHENETIDINE,13,"Amines, Aromatic"
94-74-6,METHOXONE,2;16,"Acids, Carboxylic;Aryl Halides"
94-75-7,"2,4-DICHLOROPHENOXYACETIC ACID",2;16;31,"Acids, Carboxylic;Aryl Halides;Halogenated Organic Compounds"
94-80-4,"2,4-D, N-BUTYL ESTER",16;27;28,"Aryl Halides;Esters, Sulfate Esters, Phosphate Esters, Thiophosphate Esters, and Borate Esters;Ethers"
94-82-6,"2,4-DB",2;31,"Acids, Carboxylic;Halogenated Organic Compounds"
941-69-5,N-PHENYLMALEIMIDE,12;13;34,"Amides and Imides;Amines, Aromatic;Hydrocarbons, Aliphatic Unsaturated"
944-22-9,FONOFOS,66,"Sulfonates, Phosphonates, and Thiophosphonates, Organic"
947-02-4,PHOSFOLAN,14;27;64,"Amines, Phosphines, and Pyridines;Esters, Sulfate Esters, Phosphate Esters, Thiophosphate Esters, and Borate Esters;Sulfides, Organic"
947-08-0,THIOBUTABARBITAL SODIUM,14;61;64,"Amines, Phosphines, and Pyridines;Salts, Basic;Sulfides, Organic"
95-06-7,SULFALLATE,31;34;67,"Halogenated Organic Compounds;Hydrocarbons, Aliphatic Unsaturated;Thiocarbamate Esters and Salts/Dithiocarbamate Esters and Salts"
95-08-9,TRIETHYLENE GLYCOL DI-(2-ETHYLBUTYRATE),27;28,"Esters, Sulfate Esters, Phosphate Esters, Thiophosphate Esters, and Borate Esters;Ethers"
95-14-7,"1,2,3-BENZOTRIAZOLE",17;35,"Azo, Diazo, Azido, Hydrazine, and Azide Compounds;Hydrocarbons, Aromatic"
95-19-2,HEPTADECYL HYDROXYETHYLIMIDAZOLINE,8;14,"Alcohols and Polyols;Amines, Phosphines, and Pyridines"
95-46-5,O-BROMOTOLUENE,16,Aryl Halides
95-51-2,O-CHLOROANILINE,13;16,"Amines, Aromatic;Aryl Halides"
95-54-5,"1,2-PHENYLENEDIAMINE",13,"Amines, Aromatic"
95-55-6,O-AMINOPHENOL,13;55,"Amines, Aromatic;Phenols and Cresols"
95-64-7,"3,4-XYLIDINE",13,"Amines, Aromatic"
95-65-8,"3,4-DIMETHYLPHENOL",55,Phenols and Cresols
95-68-1,"2,4-XYLIDINE",13,"Amines, Aromatic"
95-69-2,4-CHLORO-O-TOLUIDINE,13;16,"Amines, Aromatic;Aryl Halides"
95-73-8,"2,4-DICHLOROTOLUENE",16,Aryl Halides
95-74-9,3-CHLORO-P-TOLUIDINE,13;16,"Amines, Aromatic;Aryl Halides"
95-76-1,"3,4-DICHLOROANILINE",13;16,"Amines, Aromatic;Aryl Halides"
95-77-2,"3,4-DICHLOROPHENOL",16;55,Aryl Halides;Phenols and Cresols
95-78-3,"2,5-XYLIDINE",13,"Amines, Aromatic"
95-82-9,"2,5-DICHLOROANILINE",13;16,"Amines, Aromatic;Aryl Halides"
95-83-0,4-CHLORO-O-PHENYLENEDIAMINE,13;16,"Amines, Aromatic;Aryl Halides"
95-84-1,2-AMINO-4-METHYLPHENOL,13;55,"Amines, Aromatic;Phenols and Cresols"
95-85-2,2-AMINO-4-CHLOROPHENOL,13;16;55,"Amines, Aromatic;Aryl Halides;Phenols and Cresols"
95-87-4,"2,5-DIMETHYLPHENOL",55,Phenols and Cresols
95-93-2,"1,2,4,5-TETRAMETHYLBENZENE",35,"Hydrocarbons, Aromatic"
95-94-3,"1,2,4,5-TETRACHLOROBENZENE",16,Aryl Halides
95-95-4,"2,4,5-TRICHLOROPHENOL",5;16;55,"Acids, Weak;Aryl Halides;Phenols and Cresols"
950-10-7,MEPHOSFOLAN,14;27;64,"Amines, Phosphines, and Pyridines;Esters, Sulfate Esters, Phosphate Esters, Thiophosphate Esters, and Borate Esters;Sulfides, Organic"
950-37-8,METHIDATHION,17;27;64,"Azo, Diazo, Azido, Hydrazine, and Azide Compounds;Esters, Sulfate Esters, Phosphate Esters, Thiophosphate Esters, and Borate Esters;Sulfides, Organic"
952-23-8,PROFLAVINE HYDROCHLORIDE,14;60,"Amines, Phosphines, and Pyridines;Salts, Acidic"
957-51-7,DIPHENAMID,12,Amides and Imides
958-93-0,THENYLDIAMINE HYDROCHLORIDE,23;60;64,"Conjugated Dienes;Salts, Acidic;Sulfides, Organic"
959-98-8,ALPHA - ENDOSULFAN,27;31;34,"Esters, Sulfate Esters, Phosphate Esters, Thiophosphate Esters, and Borate Esters;Halogenated Organic Compounds;Hydrocarbons, Aliphatic Unsaturated"
96-09-3,STYRENE OXIDE,26;35;56,"Epoxides;Hydrocarbons, Aromatic;Polymerizable Compounds"
96-13-9,"2,3-DIBROMO-1-PROPANOL",8;31,Alcohols and Polyols;Halogenated Organic Compounds
96-19-5,"1,2,3-TRICHLOROPROPENE",31;34,"Halogenated Organic Compounds;Hydrocarbons, Aliphatic Unsaturated"
96-31-1,"N,N&#39;-DIMETHYLUREA",12,Amides and Imides
96-41-3,CYCLOPENTANOL,8,Alcohols and Polyols
96-45-7,ETHYLENE THIOUREA,12;64,"Amides and Imides;Sulfides, Organic"
96-50-4,2-AMINOTHIAZOLE,14;64,"Amines, Phosphines, and Pyridines;Sulfides, Organic"
96-64-0,SOMAN,7;66,"Acyl Halides, Sulfonyl Halides, and Chloroformates;Sulfonates, Phosphonates, and Thiophosphonates, Organic"
96-67-3,6-AMINO-4-NITRO-1-PHENOL-2-SULFONIC ACID,4;14;46;55,"Acids, Strong Oxidizing;Amines, Phosphines, and Pyridines;Nitro, Nitroso, Nitrate, and Nitrite Compounds, Organic;Phenols and Cresols"
96-69-5,"4,4&#39;-THIOBIS(6-TERT-BUTYL-M-CRESOL)",55;64,"Phenols and Cresols;Sulfides, Organic"
96-91-3,"2-AMINO-4,6-DINITROPHENOL",13;46;55;68,"Amines, Aromatic;Nitro, Nitroso, Nitrate, and Nitrite Compounds, Organic;Phenols and Cresols;Water and Aqueous Solutions"
96-93-5,2-AMINO-6-NITRO-1-PHENOL-4-SULFONIC ACID,5;13;46,"Acids, Weak;Amines, Aromatic;Nitro, Nitroso, Nitrate, and Nitrite Compounds, Organic"
96-98-0,4-METHYL-3-NITROBENZOIC ACID,2;46,"Acids, Carboxylic;Nitro, Nitroso, Nitrate, and Nitrite Compounds, Organic"
961-11-5,TETRACHLORVINPHOS,16;27;31,"Aryl Halides;Esters, Sulfate Esters, Phosphate Esters, Thiophosphate Esters, and Borate Esters;Halogenated Organic Compounds"
961-71-7,PHENBENZAMINE,14,"Amines, Phosphines, and Pyridines"
96196-27-9,"2,2&#39;-DIMETHYLBENZIDINE HYDROCHLORIDE",60,"Salts, Acidic"
963-89-3,"7,9-DIMETHYLBENZ(C)ACRIDINE",14;35,"Amines, Phosphines, and Pyridines;Hydrocarbons, Aromatic"
968-81-0,ACETOHEXAMIDE,12;38;66,"Amides and Imides;Ketones;Sulfonates, Phosphonates, and Thiophosphonates, Organic"
97-00-7,"1-CHLORO-2,4-DINITROBENZENE",16;46,"Aryl Halides;Nitro, Nitroso, Nitrate, and Nitrite Compounds, Organic"
97-02-9,"2,4-DINITROANILINE",13;46,"Amines, Aromatic;Nitro, Nitroso, Nitrate, and Nitrite Compounds, Organic"
97-18-7,"2,2&#39;-THIOBIS(4,6-DICHLOROPHENOL)",16;55;64,"Aryl Halides;Phenols and Cresols;Sulfides, Organic"
97-23-4,DICHLOROPHENE,16;55,Aryl Halides;Phenols and Cresols
97-24-5,"2,2&#39;-THIOBIS(4-CHLOROPHENOL)",16;55;64,"Aryl Halides;Phenols and Cresols;Sulfides, Organic"
97-32-5,4-METHOXY-3-NITRO-N-PHENYLBENZAMIDE,12;13;46,"Amides and Imides;Amines, Aromatic;Nitro, Nitroso, Nitrate, and Nitrite Compounds, Organic"
97-42-7,CARVYL ACETATE,27;34,"Esters, Sulfate Esters, Phosphate Esters, Thiophosphate Esters, and Borate Esters;Hydrocarbons, Aliphatic Unsaturated"
97-53-0,EUGENOL,34;55,"Hydrocarbons, Aliphatic Unsaturated;Phenols and Cresols"
97-54-1,ISOEUGENOL,34;55,"Hydrocarbons, Aliphatic Unsaturated;Phenols and Cresols"
97-56-3,O-AMINOAZOTOLUENE,13;17,"Amines, Aromatic;Azo, Diazo, Azido, Hydrazine, and Azide Compounds"
97-77-8,TETRAETHYLTHIURAM DISULFIDE,64;67,"Sulfides, Organic;Thiocarbamate Esters and Salts/Dithiocarbamate Esters and Salts"
97-96-1,2-ETHYLBUTYRALDEHYDE,9,Aldehydes
98-05-5,BENZENEARSONIC ACID,5,"Acids, Weak"
98-11-3,BENZENESULFONIC ACID,4,"Acids, Strong Oxidizing"
98-12-4,CYCLOHEXYLTRICHLOROSILANE,22,Chlorosilanes
98-15-7,M-CHLOROBENZOTRIFLUORIDE,16;30;31,Aryl Halides;Fluorinated Organic Compounds;Halogenated Organic Compounds
98-30-6,2-AMINO-4-(METHYLSULFONYL)PHENOL,13;55;66,"Amines, Aromatic;Phenols and Cresols;Sulfonates, Phosphonates, and Thiophosphonates, Organic"
98-37-3,2-AMINOPHENOL-4-SULFONIC ACID,5;13,"Acids, Weak;Amines, Aromatic"
98-46-4,"3-NITRO-ALPHA,ALPHA,ALPHA-TRIFLUOROTOLUENE",30;46,"Fluorinated Organic Compounds;Nitro, Nitroso, Nitrate, and Nitrite Compounds, Organic"
98-51-1,P-TERT-BUTYLTOLUENE,35,"Hydrocarbons, Aromatic"
98-54-4,4-TERT-BUTYL PHENOL,55,Phenols and Cresols
98-59-9,P-TOLUENE SULFONYLCHLORIDE,7;32,"Acyl Halides, Sulfonyl Halides, and Chloroformates;Halogenating Agents"
98-92-0,NICOTINAMIDE,12;14,"Amides and Imides;Amines, Phosphines, and Pyridines"
98-96-4,PYRAZINAMIDE,12;14,"Amides and Imides;Amines, Phosphines, and Pyridines"
98136-99-3,BROMOCHLOROACETALDEHYDE,9;31,Aldehydes;Halogenated Organic Compounds
982-57-0,CHLORAMPHENICOL SODIUM SUCCINATE,8;12;27;31;46,"Alcohols and Polyols;Amides and Imides;Esters, Sulfate Esters, Phosphate Esters, Thiophosphate Esters, and Borate Esters;Halogenated Organic Compounds;Nitro, Nitroso, Nitrate, and Nitrite Compounds, Organic"
98205-29-9,NITROGUANIDINE NITRATE,14;17;46,"Amines, Phosphines, and Pyridines;Azo, Diazo, Azido, Hydrazine, and Azide Compounds;Nitro, Nitroso, Nitrate, and Nitrite Compounds, Organic"
98516-30-4,ETHOXYPROPYL ACETATE,27;28,"Esters, Sulfate Esters, Phosphate Esters, Thiophosphate Esters, and Borate Esters;Ethers"
989-38-8,C.I. BASIC RED 1,13;27;60,"Amines, Aromatic;Esters, Sulfate Esters, Phosphate Esters, Thiophosphate Esters, and Borate Esters;Salts, Acidic"
99-04-7,M-TOLUIC ACID,2,"Acids, Carboxylic"
99-07-0,3-DIMETHYLAMINOPHENOL,14;55,"Amines, Phosphines, and Pyridines;Phenols and Cresols"
99-09-2,M-NITROANILINE,13;46,"Amines, Aromatic;Nitro, Nitroso, Nitrate, and Nitrite Compounds, Organic"
99-12-7,"1,3-DIMETHYL-5-NITROBENZENE",46,"Nitro, Nitroso, Nitrate, and Nitrite Compounds, Organic"
99-30-9,DICHLORAN,13;16;46,"Amines, Aromatic;Aryl Halides;Nitro, Nitroso, Nitrate, and Nitrite Compounds, Organic"
99-35-4,"TRINITROBENZENE, WETTED WITH NOT LESS THAN 30% WATER",46;68,"Nitro, Nitroso, Nitrate, and Nitrite Compounds, Organic;Water and Aqueous Solutions"
99-48-9,CARVEOL,8;34,"Alcohols and Polyols;Hydrocarbons, Aliphatic Unsaturated"
99-51-4,"1,2-DIMETHYL-4-NITROBENZENE",46,"Nitro, Nitroso, Nitrate, and Nitrite Compounds, Organic"
99-52-5,2-METHYL-4-NITROANILINE,13;46,"Amines, Aromatic;Nitro, Nitroso, Nitrate, and Nitrite Compounds, Organic"
99-54-7,"3,4-DICHLORONITROBENZENE",16;46,"Aryl Halides;Nitro, Nitroso, Nitrate, and Nitrite Compounds, Organic"
99-55-8,5-NITRO-O-TOLUIDINE,13;46,"Amines, Aromatic;Nitro, Nitroso, Nitrate, and Nitrite Compounds, Organic"
99-56-9,4-NITRO-O-PHENYLENEDIAMINE,13;46,"Amines, Aromatic;Nitro, Nitroso, Nitrate, and Nitrite Compounds, Organic"
99-57-0,2-AMINO-4-NITROPHENOL,13;46;55,"Amines, Aromatic;Nitro, Nitroso, Nitrate, and Nitrite Compounds, Organic;Phenols and Cresols"
99-59-2,5-NITRO-O-ANISIDINE,13;46,"Amines, Aromatic;Nitro, Nitroso, Nitrate, and Nitrite Compounds, Organic"
99-65-0,M-DINITROBENZENE,46,"Nitro, Nitroso, Nitrate, and Nitrite Compounds, Organic"
99-66-1,VALPROIC ACID,2,"Acids, Carboxylic"
99-75-2,METHYL-P-TOLUATE,27,"Esters, Sulfate Esters, Phosphate Esters, Thiophosphate Esters, and Borate Esters"
99-82-1,P-MENTHANE,33,"Hydrocarbons, Aliphatic Saturated"
99-94-5,P-TOLUIC ACID,2,"Acids, Carboxylic"
99-97-8,"N,N-DIMETHYL-P-TOLUIDINE",13,"Amines, Aromatic"
99-98-9,DIMETHYL-P-PHENYLENEDIAMINE,13,"Amines, Aromatic"
99-99-0,P-NITROTOLUENE,46,"Nitro, Nitroso, Nitrate, and Nitrite Compounds, Organic"
991-42-4,NORBORMIDE,8;12;14,"Alcohols and Polyols;Amides and Imides;Amines, Phosphines, and Pyridines"
992-59-6,DIRECT RED 2,13;17;47,"Amines, Aromatic;Azo, Diazo, Azido, Hydrazine, and Azide Compounds;Non-Redox-Active Inorganic Compounds"
993-43-1,"ETHYL PHOSPHONOTHIOIC DICHLORIDE, ANHYDROUS",7;66,"Acyl Halides, Sulfonyl Halides, and Chloroformates;Sulfonates, Phosphonates, and Thiophosphonates, Organic"
995-33-5,"N-BUTYL-4,4-DI-(TERT-BUTYLPEROXY)VALERATE, [&lt;= 52% WITH INERT SOLID]",1;53,"Acetals, Ketals, Hemiacetals, and Hemiketals;Peroxides, Organic"
998-40-3,TRIBUTYLPHOSPHANE,14;59,"Amines, Phosphines, and Pyridines;Reducing Agents, Weak"
999-81-5,CHLORMEQUAT CHLORIDE,31;47;57,Halogenated Organic Compounds;Non-Redox-Active Inorganic Compounds;Quaternary Ammonium and Phosphonium Salts
