cas,chemical_name,cameo_groups,wave,category,selection_reason,evidence_source,evidence_strength,decision,review_note
103-75-3,ETHOXYDIHYDROPYRAN,1;28;34,wave1,UNJUSTIFIED,"자동 그룹슬롯 보충 물질 — 자체 §10 근거 없음, 커리큘럼 근거 없음, 소속 그룹도 이미 회소하지 않음(다른 물질로 충분히 대표됨)","없음 (그룹 소속만 확인됨, 물질 단위 개별 근거 없음)",NONE,근거 부족/검토,"그룹조합 자체는 426종 내 유일하나, 그룹이 회소하지 않거나(그룹 내 다른 대표물질 이미 존재) 개별 위험성 근거가 아직 확인되지 않음"
60-00-4,EDTA,2;14,wave1,MANDATORY,커리큘럼 실사용 근거: 분석화학 / 킬레이트 적정(EDTA),curated_curriculum (build_undergrad_target_list.py CURATED_LIST),INDEPENDENT,반드시 유지,
64-19-7,ACETIC ACID,2;68,wave1,MANDATORY,커리큘럼 실사용 근거: 유기화학 / 에스테르화 반응,curated_curriculum (build_undergrad_target_list.py CURATED_LIST),INDEPENDENT,반드시 유지,
100-21-0,TEREPHTHALIC ACID,2;35,wave1,UNJUSTIFIED,"자동 그룹슬롯 보충 물질 — 자체 §10 근거 없음, 커리큘럼 근거 없음, 소속 그룹도 이미 회소하지 않음(다른 물질로 충분히 대표됨)","없음 (그룹 소속만 확인됨, 물질 단위 개별 근거 없음)",NONE,근거 부족/검토,"그룹조합 자체는 426종 내 유일하나, 그룹이 회소하지 않거나(그룹 내 다른 대표물질 이미 존재) 개별 위험성 근거가 아직 확인되지 않음 | §10.5에 범용 카테고리 문구('가연성 물질, 환원성 물질')만 있어 CASE 2 기준상 HAZARD-RELEVANT 단독 근거로 불충분(docs/hazard_relevant_sample_audit_2026-08-08.md)"
104-01-8,4-METHOXYPHENYLACETIC ACID,2;28,wave1,UNJUSTIFIED,"자동 그룹슬롯 보충 물질 — 자체 §10 근거 없음, 커리큘럼 근거 없음, 소속 그룹도 이미 회소하지 않음(다른 물질로 충분히 대표됨)","없음 (그룹 소속만 확인됨, 물질 단위 개별 근거 없음)",NONE,근거 부족/검토,"그룹조합 자체는 426종 내 유일하나, 그룹이 회소하지 않거나(그룹 내 다른 대표물질 이미 존재) 개별 위험성 근거가 아직 확인되지 않음 | §10.5에 범용 카테고리 문구('가연성 물질, 환원성 물질')만 있어 CASE 2 기준상 HAZARD-RELEVANT 단독 근거로 불충분(docs/hazard_relevant_sample_audit_2026-08-08.md)"
107-94-8,3-CHLOROPROPIONIC ACID,2;31,wave1,UNJUSTIFIED,"자동 그룹슬롯 보충 물질 — 자체 §10 근거 없음, 커리큘럼 근거 없음, 소속 그룹도 이미 회소하지 않음(다른 물질로 충분히 대표됨)","없음 (그룹 소속만 확인됨, 물질 단위 개별 근거 없음)",NONE,근거 부족/검토,"그룹조합 자체는 426종 내 유일하나, 그룹이 회소하지 않거나(그룹 내 다른 대표물질 이미 존재) 개별 위험성 근거가 아직 확인되지 않음 | §10.5에 범용 카테고리 문구('가연성 물질, 환원성 물질')만 있어 CASE 2 기준상 HAZARD-RELEVANT 단독 근거로 불충분(docs/hazard_relevant_sample_audit_2026-08-08.md)"
107-97-1,SARCOSINE,2;12,wave1,UNJUSTIFIED,"자동 그룹슬롯 보충 물질 — 자체 §10 근거 없음, 커리큘럼 근거 없음, 소속 그룹도 이미 회소하지 않음(다른 물질로 충분히 대표됨)","없음 (그룹 소속만 확인됨, 물질 단위 개별 근거 없음)",NONE,근거 부족/검토,"그룹조합 자체는 426종 내 유일하나, 그룹이 회소하지 않거나(그룹 내 다른 대표물질 이미 존재) 개별 위험성 근거가 아직 확인되지 않음 | §10.5에 범용 카테고리 문구('가연성 물질, 환원성 물질')만 있어 CASE 2 기준상 HAZARD-RELEVANT 단독 근거로 불충분(docs/hazard_relevant_sample_audit_2026-08-08.md)"
109-52-4,PENTANOIC ACID,2,wave1,HAZARD-RELEVANT,KOSHA MSDS §10.5(피해야 할 물질) 실측 구체적 물질군 근거 존재(combustible_reducing;metal),msds_sections §10.5 원문 재파싱 (금속/물/산화제 등 구체적 물질군),INDEPENDENT,유지 권고,
7647-01-0,HYDROCHLORIC ACID,3;68,wave1,MANDATORY,커리큘럼 실사용 근거: 일반화학 / 산-염기 적정,curated_curriculum (build_undergrad_target_list.py CURATED_LIST),INDEPENDENT,반드시 유지,
7705-08-0,FERRIC CHLORIDE,3;68,wave1,MANDATORY,커리큘럼 실사용 근거: 무기화학 / 착물합성/페놀검출,curated_curriculum (build_undergrad_target_list.py CURATED_LIST),INDEPENDENT,반드시 유지,
10025-91-9,ANTIMONY TRICHLORIDE,3;32;50,wave1,HAZARD-RELEVANT,"KOSHA MSDS §10.5(피해야 할 물질) 실측 구체적 물질군 근거 존재(metal;water), 위험상호작용: oxidizer",msds_sections §10.5 원문 재파싱 (금속/물/산화제 등 구체적 물질군),INDEPENDENT,유지 권고,
10026-06-9,"STANNIC CHLORIDE, PENTAHYDRATE",3,wave1,HAZARD-RELEVANT,KOSHA MSDS §10.5(피해야 할 물질) 실측 구체적 물질군 근거 존재(combustible_reducing;metal),msds_sections §10.5 원문 재파싱 (금속/물/산화제 등 구체적 물질군),INDEPENDENT,유지 권고,
10026-11-6,ZIRCONIUM TETRACHLORIDE,3,wave1,HAZARD-RELEVANT,KOSHA MSDS §10.5(피해야 할 물질) 실측 구체적 물질군 근거 존재(combustible_reducing;metal;water),msds_sections §10.5 원문 재파싱 (금속/물/산화제 등 구체적 물질군),INDEPENDENT,유지 권고,
10026-13-8,PHOSPHORUS PENTACHLORIDE,3;32;50,wave1,HAZARD-RELEVANT,"KOSHA MSDS §10.5(피해야 할 물질) 실측 구체적 물질군 근거 존재(combustible_reducing;metal;water), 위험상호작용: oxidizer",msds_sections §10.5 원문 재파싱 (금속/물/산화제 등 구체적 물질군),INDEPENDENT,유지 권고,
1271-19-8,TITANOCENE DICHLORIDE,3;35;49,wave1,UNJUSTIFIED,"자동 그룹슬롯 보충 물질 — 자체 §10 근거 없음, 커리큘럼 근거 없음, 소속 그룹도 이미 회소하지 않음(다른 물질로 충분히 대표됨)","없음 (그룹 소속만 확인됨, 물질 단위 개별 근거 없음)",NONE,근거 부족/검토,"그룹조합 자체는 426종 내 유일하나, 그룹이 회소하지 않거나(그룹 내 다른 대표물질 이미 존재) 개별 위험성 근거가 아직 확인되지 않음"
7664-93-9,SULFURIC ACID,4,wave1,MANDATORY,커리큘럼 실사용 근거: 일반화학 / 산-염기/탈수,curated_curriculum (build_undergrad_target_list.py CURATED_LIST),INDEPENDENT,반드시 유지,
7697-37-2,NITRIC ACID,4,wave1,MANDATORY,커리큘럼 실사용 근거: 일반화학 / 산화반응,curated_curriculum (build_undergrad_target_list.py CURATED_LIST),INDEPENDENT,반드시 유지,
42615-29-2,PHENYLSULPHONIC ACID,4,wave1,UNJUSTIFIED,"자동 그룹슬롯 보충 물질 — 자체 §10 근거 없음, 커리큘럼 근거 없음, 소속 그룹도 이미 회소하지 않음(다른 물질로 충분히 대표됨)","없음 (그룹 소속만 확인됨, 물질 단위 개별 근거 없음)",NONE,중복 검토(REMOVE/MERGE 후보),"동일 CAMEO 그룹조합 보유 물질 5종과 역할 중복 가능: SULFURIC ACID(7664-93-9); NITRIC ACID(7697-37-2); TOLUENE SULFONIC ACID, LIQUID, WITH MORE THAN 5% FREE SULFURIC ACID(104-15-4); PHENOLSULFONIC ACID, LIQUID(1333-39-7); DODECYLBENZENESULFONIC ACID(27176-87-0) | §10.5에 범용 카테고리 문구('가연성 물질, 환원성 물질')만 있어 CASE 2 기준상 HAZARD-RELEVANT 단독 근거로 불충분(docs/hazard_relevant_sample_audit_2026-08-08.md)"
104-15-4,"TOLUENE SULFONIC ACID, LIQUID, WITH MORE THAN 5% FREE SULFURIC ACID",4,wave1,HAZARD-RELEVANT,KOSHA MSDS §10.5(피해야 할 물질) 실측 구체적 물질군 근거 존재(metal),msds_sections §10.5 원문 재파싱 (금속/물/산화제 등 구체적 물질군),INDEPENDENT,유지 권고,
1120-71-4,PROPANE SULTONE,4;66,wave1,HAZARD-RELEVANT,KOSHA MSDS §10.5(피해야 할 물질) 실측 구체적 물질군 근거 존재(combustible_reducing;metal),msds_sections §10.5 원문 재파싱 (금속/물/산화제 등 구체적 물질군),INDEPENDENT,유지 권고,
1333-39-7,"PHENOLSULFONIC ACID, LIQUID",4,wave1,UNJUSTIFIED,"자동 그룹슬롯 보충 물질 — 자체 §10 근거 없음, 커리큘럼 근거 없음, 소속 그룹도 이미 회소하지 않음(다른 물질로 충분히 대표됨)","없음 (그룹 소속만 확인됨, 물질 단위 개별 근거 없음)",NONE,중복 검토(REMOVE/MERGE 후보),"동일 CAMEO 그룹조합 보유 물질 5종과 역할 중복 가능: SULFURIC ACID(7664-93-9); NITRIC ACID(7697-37-2); PHENYLSULPHONIC ACID(42615-29-2); TOLUENE SULFONIC ACID, LIQUID, WITH MORE THAN 5% FREE SULFURIC ACID(104-15-4); DODECYLBENZENESULFONIC ACID(27176-87-0) | §10.5에 범용 카테고리 문구('가연성 물질, 환원성 물질')만 있어 CASE 2 기준상 HAZARD-RELEVANT 단독 근거로 불충분(docs/hazard_relevant_sample_audit_2026-08-08.md)"
27176-87-0,DODECYLBENZENESULFONIC ACID,4,wave1,HAZARD-RELEVANT,KOSHA MSDS §10.5(피해야 할 물질) 실측 구체적 물질군 근거 존재(metal),msds_sections §10.5 원문 재파싱 (금속/물/산화제 등 구체적 물질군),INDEPENDENT,유지 권고,
107-35-7,L-TAURINE,5;14,wave1,UNJUSTIFIED,"자동 그룹슬롯 보충 물질 — 자체 §10 근거 없음, 커리큘럼 근거 없음, 소속 그룹도 이미 회소하지 않음(다른 물질로 충분히 대표됨)","없음 (그룹 소속만 확인됨, 물질 단위 개별 근거 없음)",NONE,근거 부족/검토,"그룹조합 자체는 426종 내 유일하나, 그룹이 회소하지 않거나(그룹 내 다른 대표물질 이미 존재) 개별 위험성 근거가 아직 확인되지 않음 | §10.5에 범용 카테고리 문구('가연성 물질, 환원성 물질')만 있어 CASE 2 기준상 HAZARD-RELEVANT 단독 근거로 불충분(docs/hazard_relevant_sample_audit_2026-08-08.md)"
10265-92-6,METHAMIDOPHOS,5;27,wave1,UNJUSTIFIED,"자동 그룹슬롯 보충 물질 — 자체 §10 근거 없음, 커리큘럼 근거 없음, 소속 그룹도 이미 회소하지 않음(다른 물질로 충분히 대표됨)","없음 (그룹 소속만 확인됨, 물질 단위 개별 근거 없음)",NONE,근거 부족/검토,"그룹조합 자체는 426종 내 유일하나, 그룹이 회소하지 않거나(그룹 내 다른 대표물질 이미 존재) 개별 위험성 근거가 아직 확인되지 않음"
124-38-9,CARBON DIOXIDE,5;48,reactive_basics,REPRESENTATIVE,CAMEO 그룹 48(Not Chemically Reactive agents) 대표물질 — 426종 내 이 그룹 확보물질 2종뿐,"chemical_group_membership (CAMEO 그룹 회소성, 426종 내 재계산)",INDEPENDENT,유지 권고,희소 그룹: 48(Not Chemically Reactive agents)
105-16-8,"DIETHYLAMINOETHYLMETHACRYLATE, [LIQUID]",6;14;56,wave1,UNJUSTIFIED,"자동 그룹슬롯 보충 물질 — 자체 §10 근거 없음, 커리큘럼 근거 없음, 소속 그룹도 이미 회소하지 않음(다른 물질로 충분히 대표됨)","없음 (그룹 소속만 확인됨, 물질 단위 개별 근거 없음)",NONE,근거 부족/검토,"그룹조합 자체는 426종 내 유일하나, 그룹이 회소하지 않거나(그룹 내 다른 대표물질 이미 존재) 개별 위험성 근거가 아직 확인되지 않음 | §10.5에 범용 카테고리 문구('가연성 물질, 환원성 물질')만 있어 CASE 2 기준상 HAZARD-RELEVANT 단독 근거로 불충분(docs/hazard_relevant_sample_audit_2026-08-08.md)"
100-07-2,4-METHOXYBENZOYL CHLORIDE,7,wave1,UNJUSTIFIED,"자동 그룹슬롯 보충 물질 — 자체 §10 근거 없음, 커리큘럼 근거 없음, 소속 그룹도 이미 회소하지 않음(다른 물질로 충분히 대표됨)","없음 (그룹 소속만 확인됨, 물질 단위 개별 근거 없음)",NONE,중복 검토(REMOVE/MERGE 후보),동일 CAMEO 그룹조합 보유 물질 1종과 역할 중복 가능: PHENYLACETYL CHLORIDE(103-80-0)
103-80-0,PHENYLACETYL CHLORIDE,7,wave1,HAZARD-RELEVANT,KOSHA MSDS §10.5(피해야 할 물질) 실측 구체적 물질군 근거 존재(metal;water),msds_sections §10.5 원문 재파싱 (금속/물/산화제 등 구체적 물질군),INDEPENDENT,유지 권고,
64-17-5,ETHANOL,5;8;24;56,wave1,MANDATORY,커리큘럼 실사용 근거: 유기화학 / 재결정 용매,curated_curriculum (build_undergrad_target_list.py CURATED_LIST),INDEPENDENT,반드시 유지,
105-11-3,P-QUINONE DIOXIME,8;14;34,wave1,UNJUSTIFIED,"자동 그룹슬롯 보충 물질 — 자체 §10 근거 없음, 커리큘럼 근거 없음, 소속 그룹도 이미 회소하지 않음(다른 물질로 충분히 대표됨)","없음 (그룹 소속만 확인됨, 물질 단위 개별 근거 없음)",NONE,근거 부족/검토,"그룹조합 자체는 426종 내 유일하나, 그룹이 회소하지 않거나(그룹 내 다른 대표물질 이미 존재) 개별 위험성 근거가 아직 확인되지 않음 | §10.5에 범용 카테고리 문구('가연성 물질, 환원성 물질')만 있어 CASE 2 기준상 HAZARD-RELEVANT 단독 근거로 불충분(docs/hazard_relevant_sample_audit_2026-08-08.md)"
105-59-9,METHYLDIETHANOLAMINE,8;14,wave1,UNJUSTIFIED,"자동 그룹슬롯 보충 물질 — 자체 §10 근거 없음, 커리큘럼 근거 없음, 소속 그룹도 이미 회소하지 않음(다른 물질로 충분히 대표됨)","없음 (그룹 소속만 확인됨, 물질 단위 개별 근거 없음)",NONE,중복 검토(REMOVE/MERGE 후보),"동일 CAMEO 그룹조합 보유 물질 1종과 역할 중복 가능: TRIETHANOLAMINE(102-71-6) | §10.5에 범용 카테고리 문구('가연성 물질, 환원성 물질')만 있어 CASE 2 기준상 HAZARD-RELEVANT 단독 근거로 불충분(docs/hazard_relevant_sample_audit_2026-08-08.md)"
106-24-1,GERANIOL,8;34,wave1,UNJUSTIFIED,"자동 그룹슬롯 보충 물질 — 자체 §10 근거 없음, 커리큘럼 근거 없음, 소속 그룹도 이미 회소하지 않음(다른 물질로 충분히 대표됨)","없음 (그룹 소속만 확인됨, 물질 단위 개별 근거 없음)",NONE,근거 부족/검토,"그룹조합 자체는 426종 내 유일하나, 그룹이 회소하지 않거나(그룹 내 다른 대표물질 이미 존재) 개별 위험성 근거가 아직 확인되지 않음 | §10.5에 범용 카테고리 문구('가연성 물질, 환원성 물질')만 있어 CASE 2 기준상 HAZARD-RELEVANT 단독 근거로 불충분(docs/hazard_relevant_sample_audit_2026-08-08.md)"
100-51-6,BENZYL ALCOHOL,8,wave1,UNJUSTIFIED,"자동 그룹슬롯 보충 물질 — 자체 §10 근거 없음, 커리큘럼 근거 없음, 소속 그룹도 이미 회소하지 않음(다른 물질로 충분히 대표됨)","없음 (그룹 소속만 확인됨, 물질 단위 개별 근거 없음)",NONE,중복 검토(REMOVE/MERGE 후보),"동일 CAMEO 그룹조합 보유 물질 1종과 역할 중복 가능: ALPHA-CYCLODEXTRIN(10016-20-3) | §10.5에 범용 카테고리 문구('가연성 물질, 환원성 물질')만 있어 CASE 2 기준상 HAZARD-RELEVANT 단독 근거로 불충분(docs/hazard_relevant_sample_audit_2026-08-08.md)"
10016-20-3,ALPHA-CYCLODEXTRIN,8,wave1,UNJUSTIFIED,"자동 그룹슬롯 보충 물질 — 자체 §10 근거 없음, 커리큘럼 근거 없음, 소속 그룹도 이미 회소하지 않음(다른 물질로 충분히 대표됨)","없음 (그룹 소속만 확인됨, 물질 단위 개별 근거 없음)",NONE,중복 검토(REMOVE/MERGE 후보),"동일 CAMEO 그룹조합 보유 물질 1종과 역할 중복 가능: BENZYL ALCOHOL(100-51-6) | §10.5에 범용 카테고리 문구('가연성 물질, 환원성 물질')만 있어 CASE 2 기준상 HAZARD-RELEVANT 단독 근거로 불충분(docs/hazard_relevant_sample_audit_2026-08-08.md)"
102-71-6,TRIETHANOLAMINE,8;14,wave1,UNJUSTIFIED,"자동 그룹슬롯 보충 물질 — 자체 §10 근거 없음, 커리큘럼 근거 없음, 소속 그룹도 이미 회소하지 않음(다른 물질로 충분히 대표됨)","없음 (그룹 소속만 확인됨, 물질 단위 개별 근거 없음)",NONE,중복 검토(REMOVE/MERGE 후보),"동일 CAMEO 그룹조합 보유 물질 1종과 역할 중복 가능: METHYLDIETHANOLAMINE(105-59-9) | §10.5에 범용 카테고리 문구('가연성 물질, 환원성 물질')만 있어 CASE 2 기준상 HAZARD-RELEVANT 단독 근거로 불충분(docs/hazard_relevant_sample_audit_2026-08-08.md)"
100-73-2,"ACROLEIN DIMER, STABILIZED",9;28;34;56,wave1,UNJUSTIFIED,"자동 그룹슬롯 보충 물질 — 자체 §10 근거 없음, 커리큘럼 근거 없음, 소속 그룹도 이미 회소하지 않음(다른 물질로 충분히 대표됨)","없음 (그룹 소속만 확인됨, 물질 단위 개별 근거 없음)",NONE,근거 부족/검토,"그룹조합 자체는 426종 내 유일하나, 그룹이 회소하지 않거나(그룹 내 다른 대표물질 이미 존재) 개별 위험성 근거가 아직 확인되지 않음"
101-39-3,ALPHA-METHYLCINNAMALDEHYDE,9;34;35,wave1,UNJUSTIFIED,"자동 그룹슬롯 보충 물질 — 자체 §10 근거 없음, 커리큘럼 근거 없음, 소속 그룹도 이미 회소하지 않음(다른 물질로 충분히 대표됨)","없음 (그룹 소속만 확인됨, 물질 단위 개별 근거 없음)",NONE,근거 부족/검토,"그룹조합 자체는 426종 내 유일하나, 그룹이 회소하지 않거나(그룹 내 다른 대표물질 이미 존재) 개별 위험성 근거가 아직 확인되지 않음"
115-19-5,2-METHYL-2-HYDROXY-3-BUTYNE,8;10,wave1,REPRESENTATIVE,"CAMEO 그룹 10(Alkynes, with Acetylenic Hydrogen) 대표물질 — 426종 내 이 그룹 확보물질 1종뿐","chemical_group_membership (CAMEO 그룹 회소성, 426종 내 재계산)",INDEPENDENT,유지 권고,"희소 그룹: 10(Alkynes, with Acetylenic Hydrogen)"
101-27-9,BARBAN,11;16;20;31,wave1,HAZARD-RELEVANT,KOSHA MSDS §10.5(피해야 할 물질) 실측 구체적 물질군 근거 존재(combustible_reducing;metal),msds_sections §10.5 원문 재파싱 (금속/물/산화제 등 구체적 물질군),INDEPENDENT,유지 권고,
57-13-6,UREA,12;19;43;60,wave1,MANDATORY,커리큘럼 실사용 근거: 무기화학 / 완충/염기반응,curated_curriculum (build_undergrad_target_list.py CURATED_LIST),INDEPENDENT,반드시 유지,
101-20-2,TRICLOCARBAN,12;13;16,wave1,UNJUSTIFIED,"자동 그룹슬롯 보충 물질 — 자체 §10 근거 없음, 커리큘럼 근거 없음, 소속 그룹도 이미 회소하지 않음(다른 물질로 충분히 대표됨)","없음 (그룹 소속만 확인됨, 물질 단위 개별 근거 없음)",NONE,근거 부족/검토,"그룹조합 자체는 426종 내 유일하나, 그룹이 회소하지 않거나(그룹 내 다른 대표물질 이미 존재) 개별 위험성 근거가 아직 확인되지 않음"
100-01-6,"P-NITROANILINE, [SOLID]",13;46,wave1,HAZARD-RELEVANT,KOSHA MSDS §10.5(피해야 할 물질) 실측 구체적 물질군 근거 존재(metal),msds_sections §10.5 원문 재파싱 (금속/물/산화제 등 구체적 물질군),INDEPENDENT,유지 권고,
100-15-2,N-METHYL-4-NITROANILINE,13;46,wave1,HAZARD-RELEVANT,KOSHA MSDS §10.5(피해야 할 물질) 실측 구체적 물질군 근거 존재(metal),msds_sections §10.5 원문 재파싱 (금속/물/산화제 등 구체적 물질군),INDEPENDENT,유지 권고,
100-22-1,"N,N,N&#39;,N&#39;-TETRAMETHYL-P-PHENYLENEDIAMINE",14,wave1,HAZARD-RELEVANT,KOSHA MSDS §10.5(피해야 할 물질) 실측 구체적 물질군 근거 존재(combustible_reducing;metal),msds_sections §10.5 원문 재파싱 (금속/물/산화제 등 구체적 물질군),INDEPENDENT,유지 권고,
108-24-7,ACETIC ANHYDRIDE,15,wave1,MANDATORY,커리큘럼 실사용 근거: 유기화학 / 아세틸화 반응(발열주의),curated_curriculum (build_undergrad_target_list.py CURATED_LIST),INDEPENDENT,반드시 유지,
106-31-0,BUTYRIC ANHYDRIDE,15,wave1,HAZARD-RELEVANT,KOSHA MSDS §10.5(피해야 할 물질) 실측 구체적 물질군 근거 존재(metal;water),msds_sections §10.5 원문 재파싱 (금속/물/산화제 등 구체적 물질군),INDEPENDENT,유지 권고,
100-00-5,P-NITROCHLOROBENZENE,16;46,wave1,UNJUSTIFIED,"자동 그룹슬롯 보충 물질 — 자체 §10 근거 없음, 커리큘럼 근거 없음, 소속 그룹도 이미 회소하지 않음(다른 물질로 충분히 대표됨)","없음 (그룹 소속만 확인됨, 물질 단위 개별 근거 없음)",NONE,근거 부족/검토,"그룹조합 자체는 426종 내 유일하나, 그룹이 회소하지 않거나(그룹 내 다른 대표물질 이미 존재) 개별 위험성 근거가 아직 확인되지 않음"
101-05-3,ANILAZINE,14;16,wave1,UNJUSTIFIED,"자동 그룹슬롯 보충 물질 — 자체 §10 근거 없음, 커리큘럼 근거 없음, 소속 그룹도 이미 회소하지 않음(다른 물질로 충분히 대표됨)","없음 (그룹 소속만 확인됨, 물질 단위 개별 근거 없음)",NONE,근거 부족/검토,"그룹조합 자체는 426종 내 유일하나, 그룹이 회소하지 않거나(그룹 내 다른 대표물질 이미 존재) 개별 위험성 근거가 아직 확인되지 않음"
100-16-3,"4-NITROPHENYLHYDRAZINE, [WETTED WITH NOT LESS THAN 30% WATER BY MASS]",17;46;68,wave1,UNJUSTIFIED,"자동 그룹슬롯 보충 물질 — 자체 §10 근거 없음, 커리큘럼 근거 없음, 소속 그룹도 이미 회소하지 않음(다른 물질로 충분히 대표됨)","없음 (그룹 소속만 확인됨, 물질 단위 개별 근거 없음)",NONE,중복 검토(REMOVE/MERGE 후보),"동일 CAMEO 그룹조합 보유 물질 2종과 역할 중복 가능: CYCLOTRIMETHYLENE TRINITRAMINE, [DESENSITIZED](121-82-4); CYCLOTETRAMETHYLENE TETRANITRAMINE, [WET WITH &gt;= 10% WATER](2691-41-0)"
1310-58-3,"POTASSIUM HYDROXIDE, SOLUTION",18;68,wave1,MANDATORY,커리큘럼 실사용 근거: 일반화학 / 적정/전해질,curated_curriculum (build_undergrad_target_list.py CURATED_LIST),INDEPENDENT,반드시 유지,
1310-73-2,SODIUM HYDROXIDE SOLUTION,18;39;68,wave1,MANDATORY,커리큘럼 실사용 근거: 일반화학 / 적정/비누화,curated_curriculum (build_undergrad_target_list.py CURATED_LIST),INDEPENDENT,반드시 유지,
12136-45-7,POTASSIUM MONOXIDE,18,wave1,HAZARD-RELEVANT,KOSHA MSDS §10.5(피해야 할 물질) 실측 구체적 물질군 근거 존재(combustible_reducing;metal),msds_sections §10.5 원문 재파싱 (금속/물/산화제 등 구체적 물질군),INDEPENDENT,유지 권고,
100-57-2,PHENYLMERCURIC HYDROXIDE,18;49,wave1,UNJUSTIFIED,"자동 그룹슬롯 보충 물질 — 자체 §10 근거 없음, 커리큘럼 근거 없음, 소속 그룹도 이미 회소하지 않음(다른 물질로 충분히 대표됨)","없음 (그룹 소속만 확인됨, 물질 단위 개별 근거 없음)",NONE,근거 부족/검토,"그룹조합 자체는 426종 내 유일하나, 그룹이 회소하지 않거나(그룹 내 다른 대표물질 이미 존재) 개별 위험성 근거가 아직 확인되지 않음"
11138-49-1,"SODIUM ALUMINATE, SOLUTION",18;68,wave1,UNJUSTIFIED,"자동 그룹슬롯 보충 물질 — 자체 §10 근거 없음, 커리큘럼 근거 없음, 소속 그룹도 이미 회소하지 않음(다른 물질로 충분히 대표됨)","없음 (그룹 소속만 확인됨, 물질 단위 개별 근거 없음)",NONE,중복 검토(REMOVE/MERGE 후보),"동일 CAMEO 그룹조합 보유 물질 4종과 역할 중복 가능: POTASSIUM HYDROXIDE, SOLUTION(1310-58-3); LITHIUM HYDROXIDE, SOLUTION(1310-65-2); RUBIDIUM HYDROXIDE(1310-82-3); CESIUM HYDROXIDE(21351-79-1) | §10.5에 범용 카테고리 문구('가연성 물질, 환원성 물질')만 있어 CASE 2 기준상 HAZARD-RELEVANT 단독 근거로 불충분(docs/hazard_relevant_sample_audit_2026-08-08.md)"
12030-88-5,POTASSIUM SUPEROXIDE,18;50,wave1,HAZARD-RELEVANT,"KOSHA MSDS §10.5(피해야 할 물질) 실측 구체적 물질군 근거 존재(combustible_reducing;water), 위험상호작용: oxidizer",msds_sections §10.5 원문 재파싱 (금속/물/산화제 등 구체적 물질군),INDEPENDENT,유지 권고,
12031-80-0,LITHIUM PEROXIDE,18;50,wave1,HAZARD-RELEVANT,"KOSHA MSDS §10.5(피해야 할 물질) 실측 구체적 물질군 근거 존재(combustible_reducing;water), 위험상호작용: oxidizer",msds_sections §10.5 원문 재파싱 (금속/물/산화제 등 구체적 물질군),INDEPENDENT,유지 권고,
1336-21-6,AMMONIUM HYDROXIDE,19;68,wave1,MANDATORY,커리큘럼 실사용 근거: 일반화학 / 착물형성/완충,curated_curriculum (build_undergrad_target_list.py CURATED_LIST),INDEPENDENT,반드시 유지,
12124-99-1,"AMMONIUM HYDROSULFIDE, SOLUTION",18;19;63;68,wave1,UNJUSTIFIED,"자동 그룹슬롯 보충 물질 — 자체 §10 근거 없음, 커리큘럼 근거 없음, 소속 그룹도 이미 회소하지 않음(다른 물질로 충분히 대표됨)","없음 (그룹 소속만 확인됨, 물질 단위 개별 근거 없음)",NONE,근거 부족/검토,"그룹조합 자체는 426종 내 유일하나, 그룹이 회소하지 않거나(그룹 내 다른 대표물질 이미 존재) 개별 위험성 근거가 아직 확인되지 않음"
1305-62-0,CALCIUM HYDROXIDE,19,wave1,UNJUSTIFIED,"자동 그룹슬롯 보충 물질 — 자체 §10 근거 없음, 커리큘럼 근거 없음, 소속 그룹도 이미 회소하지 않음(다른 물질로 충분히 대표됨)","없음 (그룹 소속만 확인됨, 물질 단위 개별 근거 없음)",NONE,근거 부족/검토,"그룹조합 자체는 426종 내 유일하나, 그룹이 회소하지 않거나(그룹 내 다른 대표물질 이미 존재) 개별 위험성 근거가 아직 확인되지 않음 | §10.5에 범용 카테고리 문구('가연성 물질, 환원성 물질')만 있어 CASE 2 기준상 HAZARD-RELEVANT 단독 근거로 불충분(docs/hazard_relevant_sample_audit_2026-08-08.md)"
1310-61-8,POTASSIUM HYDROSULFIDE,19;63,wave1,HAZARD-RELEVANT,KOSHA MSDS §10.5(피해야 할 물질) 실측 구체적 물질군 근거 존재(water),msds_sections §10.5 원문 재파싱 (금속/물/산화제 등 구체적 물질군),INDEPENDENT,유지 권고,
1313-82-2,"SODIUM SULFIDE, ANHYDROUS",19;63;68,wave1,HAZARD-RELEVANT,"KOSHA MSDS §10.5(피해야 할 물질) 실측 구체적 물질군 근거 존재(water), 위험상호작용: water",msds_sections §10.5 원문 재파싱 (금속/물/산화제 등 구체적 물질군),INDEPENDENT,유지 권고,
13983-17-0,WOLLASTONITE,19;61;62,wave1,REPRESENTATIVE,CAMEO 그룹 62(Siloxanes) 대표물질 — 426종 내 이 그룹 확보물질 2종뿐,"chemical_group_membership (CAMEO 그룹 회소성, 426종 내 재계산)",INDEPENDENT,유지 권고,"희소 그룹: 62(Siloxanes) | §10.5에 범용 카테고리 문구('가연성 물질, 환원성 물질')만 있어 CASE 2 기준상 HAZARD-RELEVANT 단독 근거로 불충분(docs/hazard_relevant_sample_audit_2026-08-08.md)"
143-33-9,SODIUM CYANIDE,19;24;68,wave1,HAZARD-RELEVANT,"KOSHA MSDS §10.5(피해야 할 물질) 실측 구체적 물질군 근거 존재(metal;water), 위험상호작용: water",msds_sections §10.5 원문 재파싱 (금속/물/산화제 등 구체적 물질군),INDEPENDENT,유지 권고,
7664-41-7,AMMONIA,19;68,reactive_basics,HAZARD-RELEVANT,"KOSHA MSDS §10.5(피해야 할 물질) 실측 구체적 물질군 근거 존재(water), 위험상호작용: water",msds_sections §10.5 원문 재파싱 (금속/물/산화제 등 구체적 물질군),INDEPENDENT,유지 권고,
101-21-3,ISOPROPYL-N-(3-CHLOROPHENYL)CARBAMATE,16;20,wave1,REPRESENTATIVE,CAMEO 그룹 20(Carbamates) 대표물질 — 426종 내 이 그룹 확보물질 2종뿐,"chemical_group_membership (CAMEO 그룹 회소성, 426종 내 재계산)",INDEPENDENT,유지 권고,희소 그룹: 20(Carbamates)
506-87-6,AMMONIUM CARBONATE,21;60,wave1,UNJUSTIFIED,"자동 그룹슬롯 보충 물질 — 자체 §10 근거 없음, 커리큘럼 근거 없음, 소속 그룹도 이미 회소하지 않음(다른 물질로 충분히 대표됨)","없음 (그룹 소속만 확인됨, 물질 단위 개별 근거 없음)",NONE,근거 부족/검토,"그룹조합 자체는 426종 내 유일하나, 그룹이 회소하지 않거나(그룹 내 다른 대표물질 이미 존재) 개별 위험성 근거가 아직 확인되지 않음 | §10.5에 범용 카테고리 문구('가연성 물질, 환원성 물질')만 있어 CASE 2 기준상 HAZARD-RELEVANT 단독 근거로 불충분(docs/hazard_relevant_sample_audit_2026-08-08.md)"
1066-33-7,AMMONIUM BICARBONATE,21;61,wave1,UNJUSTIFIED,"자동 그룹슬롯 보충 물질 — 자체 §10 근거 없음, 커리큘럼 근거 없음, 소속 그룹도 이미 회소하지 않음(다른 물질로 충분히 대표됨)","없음 (그룹 소속만 확인됨, 물질 단위 개별 근거 없음)",NONE,근거 부족/검토,"그룹조합 자체는 426종 내 유일하나, 그룹이 회소하지 않거나(그룹 내 다른 대표물질 이미 존재) 개별 위험성 근거가 아직 확인되지 않음 | §10.5에 범용 카테고리 문구('가연성 물질, 환원성 물질')만 있어 CASE 2 기준상 HAZARD-RELEVANT 단독 근거로 불충분(docs/hazard_relevant_sample_audit_2026-08-08.md)"
1317-65-3,LIMESTONE,21,wave1,UNJUSTIFIED,"자동 그룹슬롯 보충 물질 — 자체 §10 근거 없음, 커리큘럼 근거 없음, 소속 그룹도 이미 회소하지 않음(다른 물질로 충분히 대표됨)","없음 (그룹 소속만 확인됨, 물질 단위 개별 근거 없음)",NONE,중복 검토(REMOVE/MERGE 후보),"동일 CAMEO 그룹조합 보유 물질 3종과 역할 중복 가능: SODIUM BICARBONATE(144-55-8); ZINC CARBONATE(3486-35-9); CALCIUM CARBONATE(471-34-1) | §10.5에 범용 카테고리 문구('가연성 물질, 환원성 물질')만 있어 CASE 2 기준상 HAZARD-RELEVANT 단독 근거로 불충분(docs/hazard_relevant_sample_audit_2026-08-08.md)"
144-55-8,SODIUM BICARBONATE,21,wave1,UNJUSTIFIED,"자동 그룹슬롯 보충 물질 — 자체 §10 근거 없음, 커리큘럼 근거 없음, 소속 그룹도 이미 회소하지 않음(다른 물질로 충분히 대표됨)","없음 (그룹 소속만 확인됨, 물질 단위 개별 근거 없음)",NONE,중복 검토(REMOVE/MERGE 후보),"동일 CAMEO 그룹조합 보유 물질 3종과 역할 중복 가능: LIMESTONE(1317-65-3); ZINC CARBONATE(3486-35-9); CALCIUM CARBONATE(471-34-1) | §10.5에 범용 카테고리 문구('가연성 물질, 환원성 물질')만 있어 CASE 2 기준상 HAZARD-RELEVANT 단독 근거로 불충분(docs/hazard_relevant_sample_audit_2026-08-08.md)"
15630-89-4,SODIUM PERCARBONATE,21;50;61,wave1,UNJUSTIFIED,"자동 그룹슬롯 보충 물질 — 자체 §10 근거 없음, 커리큘럼 근거 없음, 소속 그룹도 이미 회소하지 않음(다른 물질로 충분히 대표됨)","없음 (그룹 소속만 확인됨, 물질 단위 개별 근거 없음)",NONE,근거 부족/검토,"그룹조합 자체는 426종 내 유일하나, 그룹이 회소하지 않거나(그룹 내 다른 대표물질 이미 존재) 개별 위험성 근거가 아직 확인되지 않음 | §10.5에 범용 카테고리 문구('가연성 물질, 환원성 물질')만 있어 CASE 2 기준상 HAZARD-RELEVANT 단독 근거로 불충분(docs/hazard_relevant_sample_audit_2026-08-08.md)"
3486-35-9,ZINC CARBONATE,21,wave1,UNJUSTIFIED,"자동 그룹슬롯 보충 물질 — 자체 §10 근거 없음, 커리큘럼 근거 없음, 소속 그룹도 이미 회소하지 않음(다른 물질로 충분히 대표됨)","없음 (그룹 소속만 확인됨, 물질 단위 개별 근거 없음)",NONE,중복 검토(REMOVE/MERGE 후보),동일 CAMEO 그룹조합 보유 물질 3종과 역할 중복 가능: LIMESTONE(1317-65-3); SODIUM BICARBONATE(144-55-8); CALCIUM CARBONATE(471-34-1)
471-34-1,CALCIUM CARBONATE,21,wave1,UNJUSTIFIED,"자동 그룹슬롯 보충 물질 — 자체 §10 근거 없음, 커리큘럼 근거 없음, 소속 그룹도 이미 회소하지 않음(다른 물질로 충분히 대표됨)","없음 (그룹 소속만 확인됨, 물질 단위 개별 근거 없음)",NONE,중복 검토(REMOVE/MERGE 후보),"동일 CAMEO 그룹조합 보유 물질 3종과 역할 중복 가능: LIMESTONE(1317-65-3); SODIUM BICARBONATE(144-55-8); ZINC CARBONATE(3486-35-9) | §10.5에 범용 카테고리 문구('가연성 물질, 환원성 물질')만 있어 CASE 2 기준상 HAZARD-RELEVANT 단독 근거로 불충분(docs/hazard_relevant_sample_audit_2026-08-08.md)"
1558-25-4,TRICHLORO(CHLOROMETHYL)SILANE,22;31,wave1,REPRESENTATIVE,CAMEO 그룹 22(Chlorosilanes) 대표물질 — 426종 내 이 그룹 확보물질 1종뿐,"chemical_group_membership (CAMEO 그룹 회소성, 426종 내 재계산)",INDEPENDENT,유지 권고,"희소 그룹: 22(Chlorosilanes) | §10.5에 범용 카테고리 문구('가연성 물질, 환원성 물질')만 있어 CASE 2 기준상 HAZARD-RELEVANT 단독 근거로 불충분(docs/hazard_relevant_sample_audit_2026-08-08.md)"
110-16-7,MALEIC ACID,2;23;34,wave1,REPRESENTATIVE,CAMEO 그룹 23(Conjugated Dienes) 대표물질 — 426종 내 이 그룹 확보물질 1종뿐,"chemical_group_membership (CAMEO 그룹 회소성, 426종 내 재계산)",INDEPENDENT,유지 권고,"희소 그룹: 23(Conjugated Dienes) | §10.5에 범용 카테고리 문구('가연성 물질, 환원성 물질')만 있어 CASE 2 기준상 HAZARD-RELEVANT 단독 근거로 불충분(docs/hazard_relevant_sample_audit_2026-08-08.md)"
1335-31-5,MERCURIC OXYCYANIDE,24,wave1,UNJUSTIFIED,"자동 그룹슬롯 보충 물질 — 자체 §10 근거 없음, 커리큘럼 근거 없음, 소속 그룹도 이미 회소하지 않음(다른 물질로 충분히 대표됨)","없음 (그룹 소속만 확인됨, 물질 단위 개별 근거 없음)",NONE,근거 부족/검토,"그룹조합 자체는 426종 내 유일하나, 그룹이 회소하지 않거나(그룹 내 다른 대표물질 이미 존재) 개별 위험성 근거가 아직 확인되지 않음"
101-90-6,DIGLYCIDYL RESORCINOL ETHER,26;28;35,wave1,UNJUSTIFIED,"자동 그룹슬롯 보충 물질 — 자체 §10 근거 없음, 커리큘럼 근거 없음, 소속 그룹도 이미 회소하지 않음(다른 물질로 충분히 대표됨)","없음 (그룹 소속만 확인됨, 물질 단위 개별 근거 없음)",NONE,근거 부족/검토,"그룹조합 자체는 426종 내 유일하나, 그룹이 회소하지 않거나(그룹 내 다른 대표물질 이미 존재) 개별 위험성 근거가 아직 확인되지 않음 | §10.5에 범용 카테고리 문구('가연성 물질, 환원성 물질')만 있어 CASE 2 기준상 HAZARD-RELEVANT 단독 근거로 불충분(docs/hazard_relevant_sample_audit_2026-08-08.md)"
105-79-3,ISOBUTYL CAPROATE,27,wave1,UNJUSTIFIED,"자동 그룹슬롯 보충 물질 — 자체 §10 근거 없음, 커리큘럼 근거 없음, 소속 그룹도 이미 회소하지 않음(다른 물질로 충분히 대표됨)","없음 (그룹 소속만 확인됨, 물질 단위 개별 근거 없음)",NONE,중복 검토(REMOVE/MERGE 후보),"동일 CAMEO 그룹조합 보유 물질 4종과 역할 중복 가능: 2-ETHYLBUTYL ACETATE(10031-87-5); BENZYL PHENYLACETATE(102-16-9); ETHYLHEXYL ACETATE(103-09-3); BIS(2-ETHYLHEXYL) ADIPATE(103-23-1) | §10.5에 범용 카테고리 문구('가연성 물질, 환원성 물질')만 있어 CASE 2 기준상 HAZARD-RELEVANT 단독 근거로 불충분(docs/hazard_relevant_sample_audit_2026-08-08.md)"
10031-87-5,2-ETHYLBUTYL ACETATE,27,wave1,UNJUSTIFIED,"자동 그룹슬롯 보충 물질 — 자체 §10 근거 없음, 커리큘럼 근거 없음, 소속 그룹도 이미 회소하지 않음(다른 물질로 충분히 대표됨)","없음 (그룹 소속만 확인됨, 물질 단위 개별 근거 없음)",NONE,중복 검토(REMOVE/MERGE 후보),동일 CAMEO 그룹조합 보유 물질 4종과 역할 중복 가능: ISOBUTYL CAPROATE(105-79-3); BENZYL PHENYLACETATE(102-16-9); ETHYLHEXYL ACETATE(103-09-3); BIS(2-ETHYLHEXYL) ADIPATE(103-23-1)
102-16-9,BENZYL PHENYLACETATE,27,wave1,UNJUSTIFIED,"자동 그룹슬롯 보충 물질 — 자체 §10 근거 없음, 커리큘럼 근거 없음, 소속 그룹도 이미 회소하지 않음(다른 물질로 충분히 대표됨)","없음 (그룹 소속만 확인됨, 물질 단위 개별 근거 없음)",NONE,중복 검토(REMOVE/MERGE 후보),동일 CAMEO 그룹조합 보유 물질 4종과 역할 중복 가능: ISOBUTYL CAPROATE(105-79-3); 2-ETHYLBUTYL ACETATE(10031-87-5); ETHYLHEXYL ACETATE(103-09-3); BIS(2-ETHYLHEXYL) ADIPATE(103-23-1)
103-09-3,ETHYLHEXYL ACETATE,27,wave1,UNJUSTIFIED,"자동 그룹슬롯 보충 물질 — 자체 §10 근거 없음, 커리큘럼 근거 없음, 소속 그룹도 이미 회소하지 않음(다른 물질로 충분히 대표됨)","없음 (그룹 소속만 확인됨, 물질 단위 개별 근거 없음)",NONE,중복 검토(REMOVE/MERGE 후보),동일 CAMEO 그룹조합 보유 물질 4종과 역할 중복 가능: ISOBUTYL CAPROATE(105-79-3); 2-ETHYLBUTYL ACETATE(10031-87-5); BENZYL PHENYLACETATE(102-16-9); BIS(2-ETHYLHEXYL) ADIPATE(103-23-1)
103-23-1,BIS(2-ETHYLHEXYL) ADIPATE,27,wave1,UNJUSTIFIED,"자동 그룹슬롯 보충 물질 — 자체 §10 근거 없음, 커리큘럼 근거 없음, 소속 그룹도 이미 회소하지 않음(다른 물질로 충분히 대표됨)","없음 (그룹 소속만 확인됨, 물질 단위 개별 근거 없음)",NONE,중복 검토(REMOVE/MERGE 후보),"동일 CAMEO 그룹조합 보유 물질 4종과 역할 중복 가능: ISOBUTYL CAPROATE(105-79-3); 2-ETHYLBUTYL ACETATE(10031-87-5); BENZYL PHENYLACETATE(102-16-9); ETHYLHEXYL ACETATE(103-09-3) | §10.5에 범용 카테고리 문구('가연성 물질, 환원성 물질')만 있어 CASE 2 기준상 HAZARD-RELEVANT 단독 근거로 불충분(docs/hazard_relevant_sample_audit_2026-08-08.md)"
1031-07-8,ENDOSULFAN SULFATE,27;31;34,wave1,UNJUSTIFIED,"자동 그룹슬롯 보충 물질 — 자체 §10 근거 없음, 커리큘럼 근거 없음, 소속 그룹도 이미 회소하지 않음(다른 물질로 충분히 대표됨)","없음 (그룹 소속만 확인됨, 물질 단위 개별 근거 없음)",NONE,근거 부족/검토,"그룹조합 자체는 426종 내 유일하나, 그룹이 회소하지 않거나(그룹 내 다른 대표물질 이미 존재) 개별 위험성 근거가 아직 확인되지 않음"
1031-47-6,TRIAMIPHOS,14;17;27,wave1,UNJUSTIFIED,"자동 그룹슬롯 보충 물질 — 자체 §10 근거 없음, 커리큘럼 근거 없음, 소속 그룹도 이미 회소하지 않음(다른 물질로 충분히 대표됨)","없음 (그룹 소속만 확인됨, 물질 단위 개별 근거 없음)",NONE,근거 부족/검토,"그룹조합 자체는 426종 내 유일하나, 그룹이 회소하지 않거나(그룹 내 다른 대표물질 이미 존재) 개별 위험성 근거가 아직 확인되지 않음"
60-29-7,ETHYL ETHER,28,wave1,MANDATORY,커리큘럼 실사용 근거: 유기화학 / 추출 용매(과산화물 형성주의),curated_curriculum (build_undergrad_target_list.py CURATED_LIST),INDEPENDENT,반드시 유지,
104-46-1,ANETHOLE,28;34,wave1,UNJUSTIFIED,"자동 그룹슬롯 보충 물질 — 자체 §10 근거 없음, 커리큘럼 근거 없음, 소속 그룹도 이미 회소하지 않음(다른 물질로 충분히 대표됨)","없음 (그룹 소속만 확인됨, 물질 단위 개별 근거 없음)",NONE,근거 부족/검토,"그룹조합 자체는 426종 내 유일하나, 그룹이 회소하지 않거나(그룹 내 다른 대표물질 이미 존재) 개별 위험성 근거가 아직 확인되지 않음"
108-60-1,BIS(2-CHLORO-1-METHYLETHYL)ETHER,28;31,wave1,HAZARD-RELEVANT,KOSHA MSDS §10.5(피해야 할 물질) 실측 구체적 물질군 근거 존재(metal),msds_sections §10.5 원문 재파싱 (금속/물/산화제 등 구체적 물질군),INDEPENDENT,유지 권고,
109-53-5,VINYL ISOBUTYL ETHER,28;34;56,wave1,UNJUSTIFIED,"자동 그룹슬롯 보충 물질 — 자체 §10 근거 없음, 커리큘럼 근거 없음, 소속 그룹도 이미 회소하지 않음(다른 물질로 충분히 대표됨)","없음 (그룹 소속만 확인됨, 물질 단위 개별 근거 없음)",NONE,근거 부족/검토,"그룹조합 자체는 426종 내 유일하나, 그룹이 회소하지 않거나(그룹 내 다른 대표물질 이미 존재) 개별 위험성 근거가 아직 확인되지 않음"
109-59-1,ETHYLENE GLYCOL ISOPROPYL ETHER,8;28,wave1,UNJUSTIFIED,"자동 그룹슬롯 보충 물질 — 자체 §10 근거 없음, 커리큘럼 근거 없음, 소속 그룹도 이미 회소하지 않음(다른 물질로 충분히 대표됨)","없음 (그룹 소속만 확인됨, 물질 단위 개별 근거 없음)",NONE,근거 부족/검토,"그룹조합 자체는 426종 내 유일하나, 그룹이 회소하지 않거나(그룹 내 다른 대표물질 이미 존재) 개별 위험성 근거가 아직 확인되지 않음"
101-80-4,"4,4&#39;-DIAMINODIPHENYL ETHER",13;28,wave1,UNJUSTIFIED,"자동 그룹슬롯 보충 물질 — 자체 §10 근거 없음, 커리큘럼 근거 없음, 소속 그룹도 이미 회소하지 않음(다른 물질로 충분히 대표됨)","없음 (그룹 소속만 확인됨, 물질 단위 개별 근거 없음)",NONE,근거 부족/검토,"그룹조합 자체는 426종 내 유일하나, 그룹이 회소하지 않거나(그룹 내 다른 대표물질 이미 존재) 개별 위험성 근거가 아직 확인되지 않음"
103-50-4,DIBENZYL ETHER,28,wave1,UNJUSTIFIED,"자동 그룹슬롯 보충 물질 — 자체 §10 근거 없음, 커리큘럼 근거 없음, 소속 그룹도 이미 회소하지 않음(다른 물질로 충분히 대표됨)","없음 (그룹 소속만 확인됨, 물질 단위 개별 근거 없음)",NONE,중복 검토(REMOVE/MERGE 후보),동일 CAMEO 그룹조합 보유 물질 1종과 역할 중복 가능: ETHYL ETHER(60-29-7)
12125-01-8,AMMONIUM FLUORIDE,29;60,wave1,HAZARD-RELEVANT,KOSHA MSDS §10.5(피해야 할 물질) 실측 구체적 물질군 근거 존재(combustible_reducing;metal),msds_sections §10.5 원문 재파싱 (금속/물/산화제 등 구체적 물질군),INDEPENDENT,유지 권고,
1333-83-1,"SODIUM BIFLUORIDE, SOLID",29;60;68,wave1,HAZARD-RELEVANT,"KOSHA MSDS §10.5(피해야 할 물질) 실측 구체적 물질군 근거 존재(combustible_reducing;metal), 위험상호작용: water",msds_sections §10.5 원문 재파싱 (금속/물/산화제 등 구체적 물질군),INDEPENDENT,유지 권고,
121-17-5,3-NITRO-4-CHLOROBENZOTRIFLUORIDE,16;30;46,wave1,REPRESENTATIVE,CAMEO 그룹 30(Fluorinated Organic Compounds) 대표물질 — 426종 내 이 그룹 확보물질 1종뿐,"chemical_group_membership (CAMEO 그룹 회소성, 426종 내 재계산)",INDEPENDENT,유지 권고,희소 그룹: 30(Fluorinated Organic Compounds)
107-04-0,1-CHLORO-2-BROMOETHANE,31,wave1,HAZARD-RELEVANT,KOSHA MSDS §10.5(피해야 할 물질) 실측 구체적 물질군 근거 존재(metal),msds_sections §10.5 원문 재파싱 (금속/물/산화제 등 구체적 물질군),INDEPENDENT,유지 권고,
107-81-3,2-BROMOPENTANE,31,wave1,UNJUSTIFIED,"자동 그룹슬롯 보충 물질 — 자체 §10 근거 없음, 커리큘럼 근거 없음, 소속 그룹도 이미 회소하지 않음(다른 물질로 충분히 대표됨)","없음 (그룹 소속만 확인됨, 물질 단위 개별 근거 없음)",NONE,중복 검토(REMOVE/MERGE 후보),동일 CAMEO 그룹조합 보유 물질 1종과 역할 중복 가능: 1-CHLORO-2-BROMOETHANE(107-04-0)
100-14-1,"BENZENE, 1-(CHLOROMETHYL)-4-NITRO-",31;46,wave1,UNJUSTIFIED,"자동 그룹슬롯 보충 물질 — 자체 §10 근거 없음, 커리큘럼 근거 없음, 소속 그룹도 이미 회소하지 않음(다른 물질로 충분히 대표됨)","없음 (그룹 소속만 확인됨, 물질 단위 개별 근거 없음)",NONE,근거 부족/검토,"그룹조합 자체는 426종 내 유일하나, 그룹이 회소하지 않거나(그룹 내 다른 대표물질 이미 존재) 개별 위험성 근거가 아직 확인되지 않음"
10222-01-2,"2,2-DIBROMO-3-NITRILOPROPIONAMIDE",12;31;45,wave1,UNJUSTIFIED,"자동 그룹슬롯 보충 물질 — 자체 §10 근거 없음, 커리큘럼 근거 없음, 소속 그룹도 이미 회소하지 않음(다른 물질로 충분히 대표됨)","없음 (그룹 소속만 확인됨, 물질 단위 개별 근거 없음)",NONE,근거 부족/검토,"그룹조합 자체는 426종 내 유일하나, 그룹이 회소하지 않거나(그룹 내 다른 대표물질 이미 존재) 개별 위험성 근거가 아직 확인되지 않음"
1024-57-3,HEPTACHLOR EPOXIDE,26;31;34,wave1,UNJUSTIFIED,"자동 그룹슬롯 보충 물질 — 자체 §10 근거 없음, 커리큘럼 근거 없음, 소속 그룹도 이미 회소하지 않음(다른 물질로 충분히 대표됨)","없음 (그룹 소속만 확인됨, 물질 단위 개별 근거 없음)",NONE,근거 부족/검토,"그룹조합 자체는 426종 내 유일하나, 그룹이 회소하지 않거나(그룹 내 다른 대표물질 이미 존재) 개별 위험성 근거가 아직 확인되지 않음"
10311-84-9,DIALIFOR,12;27;31,wave1,UNJUSTIFIED,"자동 그룹슬롯 보충 물질 — 자체 §10 근거 없음, 커리큘럼 근거 없음, 소속 그룹도 이미 회소하지 않음(다른 물질로 충분히 대표됨)","없음 (그룹 소속만 확인됨, 물질 단위 개별 근거 없음)",NONE,근거 부족/검토,"그룹조합 자체는 426종 내 유일하나, 그룹이 회소하지 않거나(그룹 내 다른 대표물질 이미 존재) 개별 위험성 근거가 아직 확인되지 않음"
105-48-6,ISOPROPYL CHLOROACETATE,27;31,wave1,HAZARD-RELEVANT,KOSHA MSDS §10.5(피해야 할 물질) 실측 구체적 물질군 근거 존재(metal;water),msds_sections §10.5 원문 재파싱 (금속/물/산화제 등 구체적 물질군),INDEPENDENT,유지 권고,
10241-05-1,MOLYBDENUM PENTACHLORIDE,32,wave1,HAZARD-RELEVANT,KOSHA MSDS §10.5(피해야 할 물질) 실측 구체적 물질군 근거 존재(metal;water),msds_sections §10.5 원문 재파싱 (금속/물/산화제 등 구체적 물질군),INDEPENDENT,유지 권고,
118-52-5,"1,3-DICHLORO-5,5-DIMETHYLHYDANTOIN",7;32;50,wave1,UNJUSTIFIED,"자동 그룹슬롯 보충 물질 — 자체 §10 근거 없음, 커리큘럼 근거 없음, 소속 그룹도 이미 회소하지 않음(다른 물질로 충분히 대표됨)","없음 (그룹 소속만 확인됨, 물질 단위 개별 근거 없음)",NONE,중복 검토(REMOVE/MERGE 후보),"동일 CAMEO 그룹조합 보유 물질 1종과 역할 중복 가능: DICHLOROISOCYANURIC ACID, DRY(2782-57-2) | §10.5에 범용 카테고리 문구('가연성 물질, 환원성 물질')만 있어 CASE 2 기준상 HAZARD-RELEVANT 단독 근거로 불충분(docs/hazard_relevant_sample_audit_2026-08-08.md)"
110-54-3,HEXANE,33,wave1,MANDATORY,커리큘럼 실사용 근거: 유기화학 / 추출 용매,curated_curriculum (build_undergrad_target_list.py CURATED_LIST),INDEPENDENT,반드시 유지,
112-95-8,N-EICOSANE,33,wave1,UNJUSTIFIED,"자동 그룹슬롯 보충 물질 — 자체 §10 근거 없음, 커리큘럼 근거 없음, 소속 그룹도 이미 회소하지 않음(다른 물질로 충분히 대표됨)","없음 (그룹 소속만 확인됨, 물질 단위 개별 근거 없음)",NONE,중복 검토(REMOVE/MERGE 후보),"동일 CAMEO 그룹조합 보유 물질 1종과 역할 중복 가능: HEXANE(110-54-3) | §10.5에 범용 카테고리 문구('가연성 물질, 환원성 물질')만 있어 CASE 2 기준상 HAZARD-RELEVANT 단독 근거로 불충분(docs/hazard_relevant_sample_audit_2026-08-08.md)"
12002-43-6,GILSONITE,33;35,wave1,UNJUSTIFIED,"자동 그룹슬롯 보충 물질 — 자체 §10 근거 없음, 커리큘럼 근거 없음, 소속 그룹도 이미 회소하지 않음(다른 물질로 충분히 대표됨)","없음 (그룹 소속만 확인됨, 물질 단위 개별 근거 없음)",NONE,중복 검토(REMOVE/MERGE 후보),"동일 CAMEO 그룹조합 보유 물질 1종과 역할 중복 가능: DODECYLBENZENE(123-01-3) | §10.5에 범용 카테고리 문구('가연성 물질, 환원성 물질')만 있어 CASE 2 기준상 HAZARD-RELEVANT 단독 근거로 불충분(docs/hazard_relevant_sample_audit_2026-08-08.md)"
123-01-3,DODECYLBENZENE,33;35,wave1,UNJUSTIFIED,"자동 그룹슬롯 보충 물질 — 자체 §10 근거 없음, 커리큘럼 근거 없음, 소속 그룹도 이미 회소하지 않음(다른 물질로 충분히 대표됨)","없음 (그룹 소속만 확인됨, 물질 단위 개별 근거 없음)",NONE,중복 검토(REMOVE/MERGE 후보),"동일 CAMEO 그룹조합 보유 물질 1종과 역할 중복 가능: GILSONITE(12002-43-6) | §10.5에 범용 카테고리 문구('가연성 물질, 환원성 물질')만 있어 CASE 2 기준상 HAZARD-RELEVANT 단독 근거로 불충분(docs/hazard_relevant_sample_audit_2026-08-08.md)"
1333-86-4,CARBON BLACK,33;59,wave1,UNJUSTIFIED,"자동 그룹슬롯 보충 물질 — 자체 §10 근거 없음, 커리큘럼 근거 없음, 소속 그룹도 이미 회소하지 않음(다른 물질로 충분히 대표됨)","없음 (그룹 소속만 확인됨, 물질 단위 개별 근거 없음)",NONE,중복 검토(REMOVE/MERGE 후보),동일 CAMEO 그룹조합 보유 물질 1종과 역할 중복 가능: GRAPHITE (NATURAL)(7782-42-5)
1338-02-9,COPPER NAPHTHENATE,33;61,wave1,UNJUSTIFIED,"자동 그룹슬롯 보충 물질 — 자체 §10 근거 없음, 커리큘럼 근거 없음, 소속 그룹도 이미 회소하지 않음(다른 물질로 충분히 대표됨)","없음 (그룹 소속만 확인됨, 물질 단위 개별 근거 없음)",NONE,중복 검토(REMOVE/MERGE 후보),"동일 CAMEO 그룹조합 보유 물질 1종과 역할 중복 가능: DODECYL SULFATE, [SODIUM SALT](151-21-3)"
151-21-3,"DODECYL SULFATE, [SODIUM SALT]",33;61,wave1,UNJUSTIFIED,"자동 그룹슬롯 보충 물질 — 자체 §10 근거 없음, 커리큘럼 근거 없음, 소속 그룹도 이미 회소하지 않음(다른 물질로 충분히 대표됨)","없음 (그룹 소속만 확인됨, 물질 단위 개별 근거 없음)",NONE,중복 검토(REMOVE/MERGE 후보),"동일 CAMEO 그룹조합 보유 물질 1종과 역할 중복 가능: COPPER NAPHTHENATE(1338-02-9) | §10.5에 범용 카테고리 문구('가연성 물질, 환원성 물질')만 있어 CASE 2 기준상 HAZARD-RELEVANT 단독 근거로 불충분(docs/hazard_relevant_sample_audit_2026-08-08.md)"
105-87-3,GERANYL ACETATE,27;34,wave1,UNJUSTIFIED,"자동 그룹슬롯 보충 물질 — 자체 §10 근거 없음, 커리큘럼 근거 없음, 소속 그룹도 이미 회소하지 않음(다른 물질로 충분히 대표됨)","없음 (그룹 소속만 확인됨, 물질 단위 개별 근거 없음)",NONE,근거 부족/검토,"그룹조합 자체는 426종 내 유일하나, 그룹이 회소하지 않거나(그룹 내 다른 대표물질 이미 존재) 개별 위험성 근거가 아직 확인되지 않음"
1025-15-6,TRIALLYL ISOCYANURATE,34;37,wave1,REPRESENTATIVE,CAMEO 그룹 37(Isocyanates and Isothiocyanates) 대표물질 — 426종 내 이 그룹 확보물질 2종뿐,"chemical_group_membership (CAMEO 그룹 회소성, 426종 내 재계산)",INDEPENDENT,유지 권고,"희소 그룹: 37(Isocyanates and Isothiocyanates) | §10.5에 범용 카테고리 문구('가연성 물질, 환원성 물질')만 있어 CASE 2 기준상 HAZARD-RELEVANT 단독 근거로 불충분(docs/hazard_relevant_sample_audit_2026-08-08.md)"
108-88-3,TOLUENE,35,wave1,MANDATORY,커리큘럼 실사용 근거: 유기화학 / 재결정/추출,curated_curriculum (build_undergrad_target_list.py CURATED_LIST),INDEPENDENT,반드시 유지,
115-86-6,TRIPHENYL PHOSPHATE,27;35,wave1,UNJUSTIFIED,"자동 그룹슬롯 보충 물질 — 자체 §10 근거 없음, 커리큘럼 근거 없음, 소속 그룹도 이미 회소하지 않음(다른 물질로 충분히 대표됨)","없음 (그룹 소속만 확인됨, 물질 단위 개별 근거 없음)",NONE,근거 부족/검토,"그룹조합 자체는 426종 내 유일하나, 그룹이 회소하지 않거나(그룹 내 다른 대표물질 이미 존재) 개별 위험성 근거가 아직 확인되지 않음"
102-08-9,THIOCARBANILIDE,12;35;64,wave1,HAZARD-RELEVANT,KOSHA MSDS §10.5(피해야 할 물질) 실측 구체적 물질군 근거 존재(combustible_reducing;metal),msds_sections §10.5 원문 재파싱 (금속/물/산화제 등 구체적 물질군),INDEPENDENT,유지 권고,
102-54-5,FERROCENE,35;49,wave1,UNJUSTIFIED,"자동 그룹슬롯 보충 물질 — 자체 §10 근거 없음, 커리큘럼 근거 없음, 소속 그룹도 이미 회소하지 않음(다른 물질로 충분히 대표됨)","없음 (그룹 소속만 확인됨, 물질 단위 개별 근거 없음)",NONE,근거 부족/검토,"그룹조합 자체는 426종 내 유일하나, 그룹이 회소하지 않거나(그룹 내 다른 대표물질 이미 존재) 개별 위험성 근거가 아직 확인되지 않음"
104-72-3,N-DECYLBENZENE,35,wave1,UNJUSTIFIED,"자동 그룹슬롯 보충 물질 — 자체 §10 근거 없음, 커리큘럼 근거 없음, 소속 그룹도 이미 회소하지 않음(다른 물질로 충분히 대표됨)","없음 (그룹 소속만 확인됨, 물질 단위 개별 근거 없음)",NONE,중복 검토(REMOVE/MERGE 후보),"동일 CAMEO 그룹조합 보유 물질 1종과 역할 중복 가능: TOLUENE(108-88-3) | §10.5에 범용 카테고리 문구('가연성 물질, 환원성 물질')만 있어 CASE 2 기준상 HAZARD-RELEVANT 단독 근거로 불충분(docs/hazard_relevant_sample_audit_2026-08-08.md)"
104-88-1,4-CHLOROBENZALDEHYDE,9;16;35,wave1,UNJUSTIFIED,"자동 그룹슬롯 보충 물질 — 자체 §10 근거 없음, 커리큘럼 근거 없음, 소속 그룹도 이미 회소하지 않음(다른 물질로 충분히 대표됨)","없음 (그룹 소속만 확인됨, 물질 단위 개별 근거 없음)",NONE,근거 부족/검토,"그룹조합 자체는 426종 내 유일하나, 그룹이 회소하지 않거나(그룹 내 다른 대표물질 이미 존재) 개별 위험성 근거가 아직 확인되지 않음 | §10.5에 범용 카테고리 문구('가연성 물질, 환원성 물질')만 있어 CASE 2 기준상 HAZARD-RELEVANT 단독 근거로 불충분(docs/hazard_relevant_sample_audit_2026-08-08.md)"
114-49-8,SCOPOLAMINE HYDROBROMIDE,8;26;27;35;60,wave1,UNJUSTIFIED,"자동 그룹슬롯 보충 물질 — 자체 §10 근거 없음, 커리큘럼 근거 없음, 소속 그룹도 이미 회소하지 않음(다른 물질로 충분히 대표됨)","없음 (그룹 소속만 확인됨, 물질 단위 개별 근거 없음)",NONE,근거 부족/검토,"그룹조합 자체는 426종 내 유일하나, 그룹이 회소하지 않거나(그룹 내 다른 대표물질 이미 존재) 개별 위험성 근거가 아직 확인되지 않음 | §10.5에 범용 카테고리 문구('가연성 물질, 환원성 물질')만 있어 CASE 2 기준상 HAZARD-RELEVANT 단독 근거로 불충분(docs/hazard_relevant_sample_audit_2026-08-08.md)"
101-68-8,"DIPHENYLMETHANE-4,4&#39;-DIISOCYANATE",37,wave1,REPRESENTATIVE,CAMEO 그룹 37(Isocyanates and Isothiocyanates) 대표물질 — 426종 내 이 그룹 확보물질 2종뿐,"chemical_group_membership (CAMEO 그룹 회소성, 426종 내 재계산)",INDEPENDENT,유지 권고,희소 그룹: 37(Isocyanates and Isothiocyanates)
67-64-1,ACETONE,38,wave1,MANDATORY,커리큘럼 실사용 근거: 유기화학 / 세척/추출 용매,curated_curriculum (build_undergrad_target_list.py CURATED_LIST),INDEPENDENT,반드시 유지,
117-39-5,QUERCETIN,38;55,wave1,HAZARD-RELEVANT,KOSHA MSDS §10.5(피해야 할 물질) 실측 구체적 물질군 근거 존재(combustible_reducing;metal),msds_sections §10.5 원문 재파싱 (금속/물/산화제 등 구체적 물질군),INDEPENDENT,유지 권고,
119-53-9,BENZOIN,8;35;38,wave1,UNJUSTIFIED,"자동 그룹슬롯 보충 물질 — 자체 §10 근거 없음, 커리큘럼 근거 없음, 소속 그룹도 이미 회소하지 않음(다른 물질로 충분히 대표됨)","없음 (그룹 소속만 확인됨, 물질 단위 개별 근거 없음)",NONE,근거 부족/검토,"그룹조합 자체는 426종 내 유일하나, 그룹이 회소하지 않거나(그룹 내 다른 대표물질 이미 존재) 개별 위험성 근거가 아직 확인되지 않음 | §10.5에 범용 카테고리 문구('가연성 물질, 환원성 물질')만 있어 CASE 2 기준상 HAZARD-RELEVANT 단독 근거로 불충분(docs/hazard_relevant_sample_audit_2026-08-08.md)"
102-01-2,ACETOACETANILIDE,12;13;38,wave1,UNJUSTIFIED,"자동 그룹슬롯 보충 물질 — 자체 §10 근거 없음, 커리큘럼 근거 없음, 소속 그룹도 이미 회소하지 않음(다른 물질로 충분히 대표됨)","없음 (그룹 소속만 확인됨, 물질 단위 개별 근거 없음)",NONE,근거 부족/검토,"그룹조합 자체는 426종 내 유일하나, 그룹이 회소하지 않거나(그룹 내 다른 대표물질 이미 존재) 개별 위험성 근거가 아직 확인되지 않음 | §10.5에 범용 카테고리 문구('가연성 물질, 환원성 물질')만 있어 CASE 2 기준상 HAZARD-RELEVANT 단독 근거로 불충분(docs/hazard_relevant_sample_audit_2026-08-08.md)"
106-51-4,BENZOQUINONE,38,wave1,HAZARD-RELEVANT,KOSHA MSDS §10.5(피해야 할 물질) 실측 구체적 물질군 근거 존재(metal),msds_sections §10.5 원문 재파싱 (금속/물/산화제 등 구체적 물질군),INDEPENDENT,유지 권고,
107-70-0,4-METHOXY-4-METHYLPENTAN-2-ONE,28;38,wave1,UNJUSTIFIED,"자동 그룹슬롯 보충 물질 — 자체 §10 근거 없음, 커리큘럼 근거 없음, 소속 그룹도 이미 회소하지 않음(다른 물질로 충분히 대표됨)","없음 (그룹 소속만 확인됨, 물질 단위 개별 근거 없음)",NONE,근거 부족/검토,"그룹조합 자체는 426종 내 유일하나, 그룹이 회소하지 않거나(그룹 내 다른 대표물질 이미 존재) 개별 위험성 근거가 아직 확인되지 않음"
110-13-4,"2,5-HEXANEDIONE",38,wave1,UNJUSTIFIED,"자동 그룹슬롯 보충 물질 — 자체 §10 근거 없음, 커리큘럼 근거 없음, 소속 그룹도 이미 회소하지 않음(다른 물질로 충분히 대표됨)","없음 (그룹 소속만 확인됨, 물질 단위 개별 근거 없음)",NONE,중복 검토(REMOVE/MERGE 후보),동일 CAMEO 그룹조합 보유 물질 2종과 역할 중복 가능: ACETONE(67-64-1); BENZOQUINONE(106-51-4)
16940-66-2,SODIUM BOROHYDRIDE,18;39;68,wave1,MANDATORY,커리큘럼 실사용 근거: 유기화학 / 환원반응,curated_curriculum (build_undergrad_target_list.py CURATED_LIST),INDEPENDENT,반드시 유지,
102-67-0,TRIPROPYLALUMINUM,39,wave1,UNJUSTIFIED,"자동 그룹슬롯 보충 물질 — 자체 §10 근거 없음, 커리큘럼 근거 없음, 소속 그룹도 이미 회소하지 않음(다른 물질로 충분히 대표됨)","없음 (그룹 소속만 확인됨, 물질 단위 개별 근거 없음)",NONE,근거 부족/검토,"그룹조합 자체는 426종 내 유일하나, 그룹이 회소하지 않거나(그룹 내 다른 대표물질 이미 존재) 개별 위험성 근거가 아직 확인되지 않음"
7440-09-7,POTASSIUM,40,wave1,UNJUSTIFIED,"자동 그룹슬롯 보충 물질 — 자체 §10 근거 없음, 커리큘럼 근거 없음, 소속 그룹도 이미 회소하지 않음(다른 물질로 충분히 대표됨)","없음 (그룹 소속만 확인됨, 물질 단위 개별 근거 없음)",NONE,중복 검토(REMOVE/MERGE 후보),동일 CAMEO 그룹조합 보유 물질 4종과 역할 중복 가능: LITHIUM(7439-93-2); RUBIDIUM(7440-17-7); SODIUM(7440-23-5); CESIUM(7440-46-2)
7439-93-2,LITHIUM,40,wave1,HAZARD-RELEVANT,"KOSHA MSDS §10.5(피해야 할 물질) 실측 구체적 물질군 근거 존재(water), 위험상호작용: metal",msds_sections §10.5 원문 재파싱 (금속/물/산화제 등 구체적 물질군),INDEPENDENT,유지 권고,
7440-66-6,ZINC ASHES,41,wave1,MANDATORY,커리큘럼 실사용 근거: 물리화학 / 갈바니 전지(아연),curated_curriculum (build_undergrad_target_list.py CURATED_LIST),INDEPENDENT,반드시 유지,
7439-95-4,MAGNESIUM,41,wave1,HAZARD-RELEVANT,"KOSHA MSDS §10.5(피해야 할 물질) 실측 구체적 물질군 근거 존재(water), 위험상호작용: metal",msds_sections §10.5 원문 재파싱 (금속/물/산화제 등 구체적 물질군),INDEPENDENT,유지 권고,
7440-02-0,NICKEL,41,wave1,HAZARD-RELEVANT,"KOSHA MSDS §10.5(피해야 할 물질) 실측 구체적 물질군 근거 존재(water), 위험상호작용: metal",msds_sections §10.5 원문 재파싱 (금속/물/산화제 등 구체적 물질군),INDEPENDENT,유지 권고,
7440-21-3,"SILICON POWDER, AMORPHOUS",41,wave1,HAZARD-RELEVANT,"KOSHA MSDS §10.5(피해야 할 물질) 실측 구체적 물질군 근거 존재(water), 위험상호작용: metal",msds_sections §10.5 원문 재파싱 (금속/물/산화제 등 구체적 물질군),INDEPENDENT,유지 권고,
7440-25-7,TANTALUM (METAL AND OXIDE DUST),41,wave1,HAZARD-RELEVANT,"KOSHA MSDS §10.5(피해야 할 물질) 실측 구체적 물질군 근거 존재(water), 위험상호작용: metal",msds_sections §10.5 원문 재파싱 (금속/물/산화제 등 구체적 물질군),INDEPENDENT,유지 권고,
7429-90-5,"ALUMINUM POWDER, COATED",41,wave1,HAZARD-RELEVANT,"KOSHA MSDS §10.5(피해야 할 물질) 실측 구체적 물질군 근거 존재(water), 위험상호작용: metal",msds_sections §10.5 원문 재파싱 (금속/물/산화제 등 구체적 물질군),INDEPENDENT,유지 권고,
7439-89-6,"IRON, [POWDERED]",41,wave1,HAZARD-RELEVANT,"KOSHA MSDS §10.5(피해야 할 물질) 실측 구체적 물질군 근거 존재(water), 위험상호작용: metal",msds_sections §10.5 원문 재파싱 (금속/물/산화제 등 구체적 물질군),INDEPENDENT,유지 권고,
7440-50-8,COPPER,42,wave1,MANDATORY,커리큘럼 실사용 근거: 물리화학 / 갈바니 전지(구리),curated_curriculum (build_undergrad_target_list.py CURATED_LIST),INDEPENDENT,반드시 유지,
10112-91-1,MERCUROUS CHLORIDE,42;47,wave1,HAZARD-RELEVANT,"KOSHA MSDS §10.5(피해야 할 물질) 실측 구체적 물질군 근거 존재(combustible_reducing;metal), 위험상호작용: metal",msds_sections §10.5 원문 재파싱 (금속/물/산화제 등 구체적 물질군),INDEPENDENT,유지 권고,
10124-48-8,MERCURY AMMONIUM CHLORIDE,42;47,wave1,UNJUSTIFIED,"자동 그룹슬롯 보충 물질 — 자체 §10 근거 없음, 커리큘럼 근거 없음, 소속 그룹도 이미 회소하지 않음(다른 물질로 충분히 대표됨)","없음 (그룹 소속만 확인됨, 물질 단위 개별 근거 없음)",NONE,중복 검토(REMOVE/MERGE 후보),동일 CAMEO 그룹조합 보유 물질 4종과 역할 중복 가능: MERCUROUS CHLORIDE(10112-91-1); SILVER SULFATE(10294-26-5); MERCUROUS BROMIDE(15385-58-7); MERCURIC BROMIDE(7789-47-1)
10294-26-5,SILVER SULFATE,42;47,wave1,UNJUSTIFIED,"자동 그룹슬롯 보충 물질 — 자체 §10 근거 없음, 커리큘럼 근거 없음, 소속 그룹도 이미 회소하지 않음(다른 물질로 충분히 대표됨)","없음 (그룹 소속만 확인됨, 물질 단위 개별 근거 없음)",NONE,중복 검토(REMOVE/MERGE 후보),동일 CAMEO 그룹조합 보유 물질 4종과 역할 중복 가능: MERCUROUS CHLORIDE(10112-91-1); MERCURY AMMONIUM CHLORIDE(10124-48-8); MERCUROUS BROMIDE(15385-58-7); MERCURIC BROMIDE(7789-47-1)
1191-80-6,MERCURY OLEATE,34;42;51;61,wave1,UNJUSTIFIED,"자동 그룹슬롯 보충 물질 — 자체 §10 근거 없음, 커리큘럼 근거 없음, 소속 그룹도 이미 회소하지 않음(다른 물질로 충분히 대표됨)","없음 (그룹 소속만 확인됨, 물질 단위 개별 근거 없음)",NONE,근거 부족/검토,"그룹조합 자체는 426종 내 유일하나, 그룹이 회소하지 않거나(그룹 내 다른 대표물질 이미 존재) 개별 위험성 근거가 아직 확인되지 않음"
1304-82-1,BISMUTH TELLURIDE,42,wave1,UNJUSTIFIED,"자동 그룹슬롯 보충 물질 — 자체 §10 근거 없음, 커리큘럼 근거 없음, 소속 그룹도 이미 회소하지 않음(다른 물질로 충분히 대표됨)","없음 (그룹 소속만 확인됨, 물질 단위 개별 근거 없음)",NONE,중복 검토(REMOVE/MERGE 후보),동일 CAMEO 그룹조합 보유 물질 13종과 역할 중복 가능: COPPER(7440-50-8); TELLURIUM(13494-80-9); LEAD(7439-92-1); MANGANESE(7439-96-5); MOLYBDENUM(7439-98-7); PLATINUM(7440-06-4); RHODIUM (METAL FUME)(7440-16-6); SILVER(7440-22-4); THALLIUM(7440-28-0); TIN(7440-31-5); TUNGSTEN(7440-33-7); ARSENIC(7440-38-2); GALLIUM(7440-55-3)
10099-74-8,LEAD NITRATE,43,wave1,MANDATORY,커리큘럼 실사용 근거: 분석화학 / 침전실험,curated_curriculum (build_undergrad_target_list.py CURATED_LIST),INDEPENDENT,반드시 유지,
7761-88-8,SILVER NITRATE,43,wave1,MANDATORY,커리큘럼 실사용 근거: 분석화학 / 침전적정(할로겐 정량),curated_curriculum (build_undergrad_target_list.py CURATED_LIST),INDEPENDENT,반드시 유지,
12057-74-8,MAGNESIUM PHOSPHIDE,44,wave1,HAZARD-RELEVANT,KOSHA MSDS §10.5(피해야 할 물질) 실측 구체적 물질군 근거 존재(water),msds_sections §10.5 원문 재파싱 (금속/물/산화제 등 구체적 물질군),INDEPENDENT,유지 권고,
104-85-8,P-TOLUNITRILE,45,wave1,UNJUSTIFIED,"자동 그룹슬롯 보충 물질 — 자체 §10 근거 없음, 커리큘럼 근거 없음, 소속 그룹도 이미 회소하지 않음(다른 물질로 충분히 대표됨)","없음 (그룹 소속만 확인됨, 물질 단위 개별 근거 없음)",NONE,근거 부족/검토,"그룹조합 자체는 426종 내 유일하나, 그룹이 회소하지 않거나(그룹 내 다른 대표물질 이미 존재) 개별 위험성 근거가 아직 확인되지 않음"
105-56-6,ETHYL CYANOACETATE,27;45,wave1,UNJUSTIFIED,"자동 그룹슬롯 보충 물질 — 자체 §10 근거 없음, 커리큘럼 근거 없음, 소속 그룹도 이미 회소하지 않음(다른 물질로 충분히 대표됨)","없음 (그룹 소속만 확인됨, 물질 단위 개별 근거 없음)",NONE,근거 부족/검토,"그룹조합 자체는 426종 내 유일하나, 그룹이 회소하지 않거나(그룹 내 다른 대표물질 이미 존재) 개별 위험성 근거가 아직 확인되지 않음"
100-02-7,4-NITROPHENOL,46;55,wave1,HAZARD-RELEVANT,KOSHA MSDS §10.5(피해야 할 물질) 실측 구체적 물질군 근거 존재(metal),msds_sections §10.5 원문 재파싱 (금속/물/산화제 등 구체적 물질군),INDEPENDENT,유지 권고,
10361-37-2,BARIUM CHLORIDE,47,wave1,MANDATORY,커리큘럼 실사용 근거: 분석화학 / 황산염 침전정량,curated_curriculum (build_undergrad_target_list.py CURATED_LIST),INDEPENDENT,반드시 유지,
7447-40-7,POTASSIUM CHLORIDE,47,wave1,MANDATORY,커리큘럼 실사용 근거: 물리화학 / 전도도/전기화학 셀,curated_curriculum (build_undergrad_target_list.py CURATED_LIST),INDEPENDENT,반드시 유지,
1002-89-7,AMMONIUM STEARATE,47,wave1,UNJUSTIFIED,"자동 그룹슬롯 보충 물질 — 자체 §10 근거 없음, 커리큘럼 근거 없음, 소속 그룹도 이미 회소하지 않음(다른 물질로 충분히 대표됨)","없음 (그룹 소속만 확인됨, 물질 단위 개별 근거 없음)",NONE,중복 검토(REMOVE/MERGE 후보),동일 CAMEO 그룹조합 보유 물질 5종과 역할 중복 가능: BARIUM CHLORIDE(10361-37-2); POTASSIUM CHLORIDE(7447-40-7); CHROMIC CHLORIDE(10025-73-7); LEAD IODIDE(10101-63-0); FERROUS ARSENATE(10102-50-8)
10025-73-7,CHROMIC CHLORIDE,47,wave1,UNJUSTIFIED,"자동 그룹슬롯 보충 물질 — 자체 §10 근거 없음, 커리큘럼 근거 없음, 소속 그룹도 이미 회소하지 않음(다른 물질로 충분히 대표됨)","없음 (그룹 소속만 확인됨, 물질 단위 개별 근거 없음)",NONE,중복 검토(REMOVE/MERGE 후보),동일 CAMEO 그룹조합 보유 물질 5종과 역할 중복 가능: BARIUM CHLORIDE(10361-37-2); POTASSIUM CHLORIDE(7447-40-7); AMMONIUM STEARATE(1002-89-7); LEAD IODIDE(10101-63-0); FERROUS ARSENATE(10102-50-8)
10101-63-0,LEAD IODIDE,47,wave1,UNJUSTIFIED,"자동 그룹슬롯 보충 물질 — 자체 §10 근거 없음, 커리큘럼 근거 없음, 소속 그룹도 이미 회소하지 않음(다른 물질로 충분히 대표됨)","없음 (그룹 소속만 확인됨, 물질 단위 개별 근거 없음)",NONE,중복 검토(REMOVE/MERGE 후보),동일 CAMEO 그룹조합 보유 물질 5종과 역할 중복 가능: BARIUM CHLORIDE(10361-37-2); POTASSIUM CHLORIDE(7447-40-7); AMMONIUM STEARATE(1002-89-7); CHROMIC CHLORIDE(10025-73-7); FERROUS ARSENATE(10102-50-8)
10102-50-8,FERROUS ARSENATE,47,wave1,UNJUSTIFIED,"자동 그룹슬롯 보충 물질 — 자체 §10 근거 없음, 커리큘럼 근거 없음, 소속 그룹도 이미 회소하지 않음(다른 물질로 충분히 대표됨)","없음 (그룹 소속만 확인됨, 물질 단위 개별 근거 없음)",NONE,중복 검토(REMOVE/MERGE 후보),동일 CAMEO 그룹조합 보유 물질 5종과 역할 중복 가능: BARIUM CHLORIDE(10361-37-2); POTASSIUM CHLORIDE(7447-40-7); AMMONIUM STEARATE(1002-89-7); CHROMIC CHLORIDE(10025-73-7); LEAD IODIDE(10101-63-0)
7727-37-9,NITROGEN,26;48;56,reactive_basics,REPRESENTATIVE,CAMEO 그룹 48(Not Chemically Reactive agents) 대표물질 — 426종 내 이 그룹 확보물질 2종뿐,"chemical_group_membership (CAMEO 그룹 회소성, 426종 내 재계산)",INDEPENDENT,유지 권고,희소 그룹: 48(Not Chemically Reactive agents)
1271-28-9,NICKELOCENE,49,wave1,UNJUSTIFIED,"자동 그룹슬롯 보충 물질 — 자체 §10 근거 없음, 커리큘럼 근거 없음, 소속 그룹도 이미 회소하지 않음(다른 물질로 충분히 대표됨)","없음 (그룹 소속만 확인됨, 물질 단위 개별 근거 없음)",NONE,중복 검토(REMOVE/MERGE 후보),동일 CAMEO 그룹조합 보유 물질 1종과 역할 중복 가능: CHROMIUM CARBONYL(13007-92-6)
13007-92-6,CHROMIUM CARBONYL,49,wave1,UNJUSTIFIED,"자동 그룹슬롯 보충 물질 — 자체 §10 근거 없음, 커리큘럼 근거 없음, 소속 그룹도 이미 회소하지 않음(다른 물질로 충분히 대표됨)","없음 (그룹 소속만 확인됨, 물질 단위 개별 근거 없음)",NONE,중복 검토(REMOVE/MERGE 후보),동일 CAMEO 그룹조합 보유 물질 1종과 역할 중복 가능: NICKELOCENE(1271-28-9)
7722-64-7,POTASSIUM PERMANGANATE,50,wave1,MANDATORY,커리큘럼 실사용 근거: 일반화학 / 산화환원 적정,curated_curriculum (build_undergrad_target_list.py CURATED_LIST),INDEPENDENT,반드시 유지,
7722-84-1,HYDROGEN PEROXIDE,50;68,wave1,MANDATORY,커리큘럼 실사용 근거: 일반화학 / 산화환원반응(자기반응성 주의),curated_curriculum (build_undergrad_target_list.py CURATED_LIST),INDEPENDENT,반드시 유지,
10034-81-8,MAGNESIUM PERCHLORATE,50,wave1,UNJUSTIFIED,"자동 그룹슬롯 보충 물질 — 자체 §10 근거 없음, 커리큘럼 근거 없음, 소속 그룹도 이미 회소하지 않음(다른 물질로 충분히 대표됨)","없음 (그룹 소속만 확인됨, 물질 단위 개별 근거 없음)",NONE,중복 검토(REMOVE/MERGE 후보),"동일 CAMEO 그룹조합 보유 물질 29종과 역할 중복 가능: POTASSIUM PERMANGANATE(7722-64-7); SODIUM PERMANGANATE(10101-50-5); CALCIUM PERMANGANATE(10118-76-0); OXYGEN(7782-44-7); MAGNESIUM CHLORATE(10326-21-3); ZINC CHLORATE(10361-95-2); T-BUTYL CHROMATE(1189-85-1); LEAD DIOXIDE(1309-60-0); ZINC PEROXIDE(1314-22-3); STRONTIUM PERCHLORATE(13450-97-0); CALCIUM PERCHLORATE(13477-36-6); LEAD PERCHLORATE(13637-76-8); BARIUM BROMATE(13967-90-3); ZINC BROMATE(14519-07-4); MAGNESIUM BROMATE(14519-17-6); BROMATES, INORGANIC, N.O.S.(15541-45-4); OSMIUM TETROXIDE(20816-12-0); ZINC PERMANGANATE(23414-72-4); TERT-BUTYL HYPOCHLORITE(507-40-4); LEAD TETRAACETATE(546-67-8); SELENIUM DIOXIDE(7446-08-4); SODIUM PERCHLORATE(7601-89-0); POTASSIUM PERSULFATE(7727-21-1); POTASSIUM BROMATE(7758-01-2); SODIUM PERSULFATE(7775-27-1); POTASSIUM PERCHLORATE(7778-74-7); BARIUM PERMANGANATE(7787-36-2); SODIUM BROMATE(7789-38-0); STRONTIUM CHLORATE(7791-10-8) | §10.5에 범용 카테고리 문구('가연성 물질, 환원성 물질')만 있어 CASE 2 기준상 HAZARD-RELEVANT 단독 근거로 불충분(docs/hazard_relevant_sample_audit_2026-08-08.md)"
10034-82-9,SODIUM CHROMATE TETRAHYDRATE,50;61,wave1,UNJUSTIFIED,"자동 그룹슬롯 보충 물질 — 자체 §10 근거 없음, 커리큘럼 근거 없음, 소속 그룹도 이미 회소하지 않음(다른 물질로 충분히 대표됨)","없음 (그룹 소속만 확인됨, 물질 단위 개별 근거 없음)",NONE,중복 검토(REMOVE/MERGE 후보),"동일 CAMEO 그룹조합 보유 물질 15종과 역할 중복 가능: CHLORINATED TRISODIUM PHOSPHATE(11084-85-8); BARIUM PEROXIDE(1304-29-6); CALCIUM PEROXIDE(1305-79-9); MANGANESE TETROXIDE(1317-35-7); BARIUM HYPOCHLORITE, WITH MORE THAN 22% AVAILABLE CHLORINE(13477-10-6); ZINC CHROMATE(13530-65-9); CALCIUM CHROMATE(13765-19-0); ZINC DICHROMATE(14018-95-2); LITHIUM CHROMATE(14307-35-8); MAGNESIUM PEROXIDE(14452-57-4); SODIUM CHLORITE(7758-19-2); LEAD CHROMATE(7758-97-6); POTASSIUM BICHROMATE(7778-50-9); POTASSIUM CHROMATE(7789-00-6); STRONTIUM CHROMATE(7789-06-2)"
10101-50-5,SODIUM PERMANGANATE,50,wave1,UNJUSTIFIED,"자동 그룹슬롯 보충 물질 — 자체 §10 근거 없음, 커리큘럼 근거 없음, 소속 그룹도 이미 회소하지 않음(다른 물질로 충분히 대표됨)","없음 (그룹 소속만 확인됨, 물질 단위 개별 근거 없음)",NONE,중복 검토(REMOVE/MERGE 후보),"동일 CAMEO 그룹조합 보유 물질 29종과 역할 중복 가능: POTASSIUM PERMANGANATE(7722-64-7); MAGNESIUM PERCHLORATE(10034-81-8); CALCIUM PERMANGANATE(10118-76-0); OXYGEN(7782-44-7); MAGNESIUM CHLORATE(10326-21-3); ZINC CHLORATE(10361-95-2); T-BUTYL CHROMATE(1189-85-1); LEAD DIOXIDE(1309-60-0); ZINC PEROXIDE(1314-22-3); STRONTIUM PERCHLORATE(13450-97-0); CALCIUM PERCHLORATE(13477-36-6); LEAD PERCHLORATE(13637-76-8); BARIUM BROMATE(13967-90-3); ZINC BROMATE(14519-07-4); MAGNESIUM BROMATE(14519-17-6); BROMATES, INORGANIC, N.O.S.(15541-45-4); OSMIUM TETROXIDE(20816-12-0); ZINC PERMANGANATE(23414-72-4); TERT-BUTYL HYPOCHLORITE(507-40-4); LEAD TETRAACETATE(546-67-8); SELENIUM DIOXIDE(7446-08-4); SODIUM PERCHLORATE(7601-89-0); POTASSIUM PERSULFATE(7727-21-1); POTASSIUM BROMATE(7758-01-2); SODIUM PERSULFATE(7775-27-1); POTASSIUM PERCHLORATE(7778-74-7); BARIUM PERMANGANATE(7787-36-2); SODIUM BROMATE(7789-38-0); STRONTIUM CHLORATE(7791-10-8) | §10.5에 범용 카테고리 문구('가연성 물질, 환원성 물질')만 있어 CASE 2 기준상 HAZARD-RELEVANT 단독 근거로 불충분(docs/hazard_relevant_sample_audit_2026-08-08.md)"
10118-76-0,CALCIUM PERMANGANATE,50,wave1,UNJUSTIFIED,"자동 그룹슬롯 보충 물질 — 자체 §10 근거 없음, 커리큘럼 근거 없음, 소속 그룹도 이미 회소하지 않음(다른 물질로 충분히 대표됨)","없음 (그룹 소속만 확인됨, 물질 단위 개별 근거 없음)",NONE,중복 검토(REMOVE/MERGE 후보),"동일 CAMEO 그룹조합 보유 물질 29종과 역할 중복 가능: POTASSIUM PERMANGANATE(7722-64-7); MAGNESIUM PERCHLORATE(10034-81-8); SODIUM PERMANGANATE(10101-50-5); OXYGEN(7782-44-7); MAGNESIUM CHLORATE(10326-21-3); ZINC CHLORATE(10361-95-2); T-BUTYL CHROMATE(1189-85-1); LEAD DIOXIDE(1309-60-0); ZINC PEROXIDE(1314-22-3); STRONTIUM PERCHLORATE(13450-97-0); CALCIUM PERCHLORATE(13477-36-6); LEAD PERCHLORATE(13637-76-8); BARIUM BROMATE(13967-90-3); ZINC BROMATE(14519-07-4); MAGNESIUM BROMATE(14519-17-6); BROMATES, INORGANIC, N.O.S.(15541-45-4); OSMIUM TETROXIDE(20816-12-0); ZINC PERMANGANATE(23414-72-4); TERT-BUTYL HYPOCHLORITE(507-40-4); LEAD TETRAACETATE(546-67-8); SELENIUM DIOXIDE(7446-08-4); SODIUM PERCHLORATE(7601-89-0); POTASSIUM PERSULFATE(7727-21-1); POTASSIUM BROMATE(7758-01-2); SODIUM PERSULFATE(7775-27-1); POTASSIUM PERCHLORATE(7778-74-7); BARIUM PERMANGANATE(7787-36-2); SODIUM BROMATE(7789-38-0); STRONTIUM CHLORATE(7791-10-8) | §10.5에 범용 카테고리 문구('가연성 물질, 환원성 물질')만 있어 CASE 2 기준상 HAZARD-RELEVANT 단독 근거로 불충분(docs/hazard_relevant_sample_audit_2026-08-08.md)"
7782-44-7,OXYGEN,50,reactive_basics,UNJUSTIFIED,"자동 그룹슬롯 보충 물질 — 자체 §10 근거 없음, 커리큘럼 근거 없음, 소속 그룹도 이미 회소하지 않음(다른 물질로 충분히 대표됨)","없음 (그룹 소속만 확인됨, 물질 단위 개별 근거 없음)",NONE,중복 검토(REMOVE/MERGE 후보),"동일 CAMEO 그룹조합 보유 물질 29종과 역할 중복 가능: POTASSIUM PERMANGANATE(7722-64-7); MAGNESIUM PERCHLORATE(10034-81-8); SODIUM PERMANGANATE(10101-50-5); CALCIUM PERMANGANATE(10118-76-0); MAGNESIUM CHLORATE(10326-21-3); ZINC CHLORATE(10361-95-2); T-BUTYL CHROMATE(1189-85-1); LEAD DIOXIDE(1309-60-0); ZINC PEROXIDE(1314-22-3); STRONTIUM PERCHLORATE(13450-97-0); CALCIUM PERCHLORATE(13477-36-6); LEAD PERCHLORATE(13637-76-8); BARIUM BROMATE(13967-90-3); ZINC BROMATE(14519-07-4); MAGNESIUM BROMATE(14519-17-6); BROMATES, INORGANIC, N.O.S.(15541-45-4); OSMIUM TETROXIDE(20816-12-0); ZINC PERMANGANATE(23414-72-4); TERT-BUTYL HYPOCHLORITE(507-40-4); LEAD TETRAACETATE(546-67-8); SELENIUM DIOXIDE(7446-08-4); SODIUM PERCHLORATE(7601-89-0); POTASSIUM PERSULFATE(7727-21-1); POTASSIUM BROMATE(7758-01-2); SODIUM PERSULFATE(7775-27-1); POTASSIUM PERCHLORATE(7778-74-7); BARIUM PERMANGANATE(7787-36-2); SODIUM BROMATE(7789-38-0); STRONTIUM CHLORATE(7791-10-8) | §10.5에 범용 카테고리 문구('가연성 물질, 환원성 물질')만 있어 CASE 2 기준상 HAZARD-RELEVANT 단독 근거로 불충분(docs/hazard_relevant_sample_audit_2026-08-08.md)"
7553-56-2,IODINE,51,wave1,MANDATORY,커리큘럼 실사용 근거: 분석화학 / 요오드 적정,curated_curriculum (build_undergrad_target_list.py CURATED_LIST),INDEPENDENT,반드시 유지,
132259-10-0,"AIR, COMPRESSED",50;51,wave1,UNJUSTIFIED,"자동 그룹슬롯 보충 물질 — 자체 §10 근거 없음, 커리큘럼 근거 없음, 소속 그룹도 이미 회소하지 않음(다른 물질로 충분히 대표됨)","없음 (그룹 소속만 확인됨, 물질 단위 개별 근거 없음)",NONE,근거 부족/검토,"그룹조합 자체는 426종 내 유일하나, 그룹이 회소하지 않거나(그룹 내 다른 대표물질 이미 존재) 개별 위험성 근거가 아직 확인되지 않음 | §10.5에 범용 카테고리 문구('가연성 물질, 환원성 물질')만 있어 CASE 2 기준상 HAZARD-RELEVANT 단독 근거로 불충분(docs/hazard_relevant_sample_audit_2026-08-08.md)"
10048-95-0,SODIUM ARSENATE HEPTAHYDRATE,51;61,wave1,UNJUSTIFIED,"자동 그룹슬롯 보충 물질 — 자체 §10 근거 없음, 커리큘럼 근거 없음, 소속 그룹도 이미 회소하지 않음(다른 물질로 충분히 대표됨)","없음 (그룹 소속만 확인됨, 물질 단위 개별 근거 없음)",NONE,중복 검토(REMOVE/MERGE 후보),동일 CAMEO 그룹조합 보유 물질 10종과 역할 중복 가능: FERRIC ARSENATE(10102-49-5); SODIUM SELENATE(13410-01-0); SODIUM VANADATE(13718-26-8); POTASSIUM METAVANADATE(13769-43-2); CALCIUM SELENATE(14019-91-1); SODIUM ARSENATE(7631-89-2); CALCIUM ARSENATE(7778-44-1); MERCURIC ARSENATE(7784-37-4); BARIUM SELENATE(7787-41-9); POTASSIUM SELENATE(7790-59-2)
10102-49-5,FERRIC ARSENATE,51;61,wave1,UNJUSTIFIED,"자동 그룹슬롯 보충 물질 — 자체 §10 근거 없음, 커리큘럼 근거 없음, 소속 그룹도 이미 회소하지 않음(다른 물질로 충분히 대표됨)","없음 (그룹 소속만 확인됨, 물질 단위 개별 근거 없음)",NONE,중복 검토(REMOVE/MERGE 후보),동일 CAMEO 그룹조합 보유 물질 10종과 역할 중복 가능: SODIUM ARSENATE HEPTAHYDRATE(10048-95-0); SODIUM SELENATE(13410-01-0); SODIUM VANADATE(13718-26-8); POTASSIUM METAVANADATE(13769-43-2); CALCIUM SELENATE(14019-91-1); SODIUM ARSENATE(7631-89-2); CALCIUM ARSENATE(7778-44-1); MERCURIC ARSENATE(7784-37-4); BARIUM SELENATE(7787-41-9); POTASSIUM SELENATE(7790-59-2)
1303-28-2,ARSENIC PENTOXIDE,5;15;51,wave1,UNJUSTIFIED,"자동 그룹슬롯 보충 물질 — 자체 §10 근거 없음, 커리큘럼 근거 없음, 소속 그룹도 이미 회소하지 않음(다른 물질로 충분히 대표됨)","없음 (그룹 소속만 확인됨, 물질 단위 개별 근거 없음)",NONE,근거 부족/검토,"그룹조합 자체는 426종 내 유일하나, 그룹이 회소하지 않거나(그룹 내 다른 대표물질 이미 존재) 개별 위험성 근거가 아직 확인되지 않음"
1312-03-4,"MERCURIC SUBSULFATE, [SOLID]",42;51;61,wave1,UNJUSTIFIED,"자동 그룹슬롯 보충 물질 — 자체 §10 근거 없음, 커리큘럼 근거 없음, 소속 그룹도 이미 회소하지 않음(다른 물질로 충분히 대표됨)","없음 (그룹 소속만 확인됨, 물질 단위 개별 근거 없음)",NONE,근거 부족/검토,"그룹조합 자체는 426종 내 유일하나, 그룹이 회소하지 않거나(그룹 내 다른 대표물질 이미 존재) 개별 위험성 근거가 아직 확인되지 않음"
100-64-1,CYCLOHEXANONE OXIME,52,wave1,REPRESENTATIVE,CAMEO 그룹 52(Oximes) 대표물질 — 426종 내 이 그룹 확보물질 1종뿐,"chemical_group_membership (CAMEO 그룹 회소성, 426종 내 재계산)",INDEPENDENT,유지 권고,"희소 그룹: 52(Oximes) | §10.5에 범용 카테고리 문구('가연성 물질, 환원성 물질')만 있어 CASE 2 기준상 HAZARD-RELEVANT 단독 근거로 불충분(docs/hazard_relevant_sample_audit_2026-08-08.md)"
105-64-6,DIISOPROPYL PEROXYDICARBONATE,53,wave1,UNJUSTIFIED,"자동 그룹슬롯 보충 물질 — 자체 §10 근거 없음, 커리큘럼 근거 없음, 소속 그룹도 이미 회소하지 않음(다른 물질로 충분히 대표됨)","없음 (그룹 소속만 확인됨, 물질 단위 개별 근거 없음)",NONE,중복 검토(REMOVE/MERGE 후보),"동일 CAMEO 그룹조합 보유 물질 1종과 역할 중복 가능: LAUROYL PEROXIDE(105-74-8) | §10.5에 범용 카테고리 문구('가연성 물질, 환원성 물질')만 있어 CASE 2 기준상 HAZARD-RELEVANT 단독 근거로 불충분(docs/hazard_relevant_sample_audit_2026-08-08.md)"
105-74-8,LAUROYL PEROXIDE,53,wave1,UNJUSTIFIED,"자동 그룹슬롯 보충 물질 — 자체 §10 근거 없음, 커리큘럼 근거 없음, 소속 그룹도 이미 회소하지 않음(다른 물질로 충분히 대표됨)","없음 (그룹 소속만 확인됨, 물질 단위 개별 근거 없음)",NONE,중복 검토(REMOVE/MERGE 후보),"동일 CAMEO 그룹조합 보유 물질 1종과 역할 중복 가능: DIISOPROPYL PEROXYDICARBONATE(105-64-6) | §10.5에 범용 카테고리 문구('가연성 물질, 환원성 물질')만 있어 CASE 2 기준상 HAZARD-RELEVANT 단독 근거로 불충분(docs/hazard_relevant_sample_audit_2026-08-08.md)"
131-52-2,SODIUM PENTACHLOROPHENATE,16;54,wave1,HAZARD-RELEVANT,KOSHA MSDS §10.5(피해야 할 물질) 실측 구체적 물질군 근거 존재(combustible_reducing;metal),msds_sections §10.5 원문 재파싱 (금속/물/산화제 등 구체적 물질군),INDEPENDENT,유지 권고,
101-18-8,3-HYDROXY-N-PHENYLANILINE,14;55,wave1,UNJUSTIFIED,"자동 그룹슬롯 보충 물질 — 자체 §10 근거 없음, 커리큘럼 근거 없음, 소속 그룹도 이미 회소하지 않음(다른 물질로 충분히 대표됨)","없음 (그룹 소속만 확인됨, 물질 단위 개별 근거 없음)",NONE,근거 부족/검토,"그룹조합 자체는 426종 내 유일하나, 그룹이 회소하지 않거나(그룹 내 다른 대표물질 이미 존재) 개별 위험성 근거가 아직 확인되지 않음 | §10.5에 범용 카테고리 문구('가연성 물질, 환원성 물질')만 있어 CASE 2 기준상 HAZARD-RELEVANT 단독 근거로 불충분(docs/hazard_relevant_sample_audit_2026-08-08.md)"
10169-02-5,C.I. ACID RED 97,17;55;61;66,wave1,UNJUSTIFIED,"자동 그룹슬롯 보충 물질 — 자체 §10 근거 없음, 커리큘럼 근거 없음, 소속 그룹도 이미 회소하지 않음(다른 물질로 충분히 대표됨)","없음 (그룹 소속만 확인됨, 물질 단위 개별 근거 없음)",NONE,근거 부족/검토,"그룹조합 자체는 426종 내 유일하나, 그룹이 회소하지 않거나(그룹 내 다른 대표물질 이미 존재) 개별 위험성 근거가 아직 확인되지 않음"
105-60-2,CAPROLACTAM,12;56,wave1,UNJUSTIFIED,"자동 그룹슬롯 보충 물질 — 자체 §10 근거 없음, 커리큘럼 근거 없음, 소속 그룹도 이미 회소하지 않음(다른 물질로 충분히 대표됨)","없음 (그룹 소속만 확인됨, 물질 단위 개별 근거 없음)",NONE,근거 부족/검토,"그룹조합 자체는 426종 내 유일하나, 그룹이 회소하지 않거나(그룹 내 다른 대표물질 이미 존재) 개별 위험성 근거가 아직 확인되지 않음 | §10.5에 범용 카테고리 문구('가연성 물질, 환원성 물질')만 있어 CASE 2 기준상 HAZARD-RELEVANT 단독 근거로 불충분(docs/hazard_relevant_sample_audit_2026-08-08.md)"
106-87-6,1-VINYL-3-CYCLOHEXENE DIOXIDE,26;56,wave1,HAZARD-RELEVANT,KOSHA MSDS §10.5(피해야 할 물질) 실측 구체적 물질군 근거 존재(metal),msds_sections §10.5 원문 재파싱 (금속/물/산화제 등 구체적 물질군),INDEPENDENT,유지 권고,
112-02-7,HEXADECYLTRIMETHYLAMMONIUM CHLORIDE,47;57,wave1,REPRESENTATIVE,CAMEO 그룹 57(Quaternary Ammonium and Phosphonium Salts) 대표물질 — 426종 내 이 그룹 확보물질 2종뿐,"chemical_group_membership (CAMEO 그룹 회소성, 426종 내 재계산)",INDEPENDENT,유지 권고,희소 그룹: 57(Quaternary Ammonium and Phosphonium Salts)
1762-95-4,AMMONIUM THIOCYANATE,58;60;68,wave1,MANDATORY,커리큘럼 실사용 근거: 무기화학 / 착물 색반응,curated_curriculum (build_undergrad_target_list.py CURATED_LIST),INDEPENDENT,반드시 유지,
10039-54-0,HYDROXYLAMINE SULFATE,58;60,wave1,HAZARD-RELEVANT,"KOSHA MSDS §10.5(피해야 할 물질) 실측 구체적 물질군 근거 존재(combustible_reducing;metal), 위험상호작용: reducer",msds_sections §10.5 원문 재파싱 (금속/물/산화제 등 구체적 물질군),INDEPENDENT,유지 권고,
10026-17-2,COBALT FLUORIDE,59;61,wave1,HAZARD-RELEVANT,"KOSHA MSDS §10.5(피해야 할 물질) 실측 구체적 물질군 근거 존재(combustible_reducing;metal), 위험상호작용: reducer",msds_sections §10.5 원문 재파싱 (금속/물/산화제 등 구체적 물질군),INDEPENDENT,유지 권고,
101-02-0,TRIPHENYL PHOSPHITE,59;66,wave1,UNJUSTIFIED,"자동 그룹슬롯 보충 물질 — 자체 §10 근거 없음, 커리큘럼 근거 없음, 소속 그룹도 이미 회소하지 않음(다른 물질로 충분히 대표됨)","없음 (그룹 소속만 확인됨, 물질 단위 개별 근거 없음)",NONE,중복 검토(REMOVE/MERGE 후보),동일 CAMEO 그룹조합 보유 물질 1종과 역할 중복 가능: TRIS(2-ETHYLHEXYL) PHOSPHITE(301-13-3)
1333-74-0,HYDROGEN,59,reactive_basics,UNJUSTIFIED,"자동 그룹슬롯 보충 물질 — 자체 §10 근거 없음, 커리큘럼 근거 없음, 소속 그룹도 이미 회소하지 않음(다른 물질로 충분히 대표됨)","없음 (그룹 소속만 확인됨, 물질 단위 개별 근거 없음)",NONE,근거 부족/검토,"그룹조합 자체는 426종 내 유일하나, 그룹이 회소하지 않거나(그룹 내 다른 대표물질 이미 존재) 개별 위험성 근거가 아직 확인되지 않음"
7758-98-7,CUPRIC SULFATE,60,wave1,MANDATORY,커리큘럼 실사용 근거: 분석화학 / 착물형성/전기화학,curated_curriculum (build_undergrad_target_list.py CURATED_LIST),INDEPENDENT,반드시 유지,
7786-81-4,NICKEL SULFATE,60,wave1,MANDATORY,커리큘럼 실사용 근거: 무기화학 / 착물합성,curated_curriculum (build_undergrad_target_list.py CURATED_LIST),INDEPENDENT,반드시 유지,
10031-13-7,LEAD(II) ARSENITE,61,wave1,UNJUSTIFIED,"자동 그룹슬롯 보충 물질 — 자체 §10 근거 없음, 커리큘럼 근거 없음, 소속 그룹도 이미 회소하지 않음(다른 물질로 충분히 대표됨)","없음 (그룹 소속만 확인됨, 물질 단위 개별 근거 없음)",NONE,근거 부족/검토,"그룹조합 자체는 426종 내 유일하나, 그룹이 회소하지 않거나(그룹 내 다른 대표물질 이미 존재) 개별 위험성 근거가 아직 확인되지 않음"
10102-20-2,SODIUM TELLURITE,59;61,wave1,UNJUSTIFIED,"자동 그룹슬롯 보충 물질 — 자체 §10 근거 없음, 커리큘럼 근거 없음, 소속 그룹도 이미 회소하지 않음(다른 물질로 충분히 대표됨)","없음 (그룹 소속만 확인됨, 물질 단위 개별 근거 없음)",NONE,중복 검토(REMOVE/MERGE 후보),동일 CAMEO 그룹조합 보유 물질 6종과 역할 중복 가능: COBALT FLUORIDE(10026-17-2); POTASSIUM HYDROGEN OXALATE(127-95-7); FERROUS OXALATE(516-03-0); SODIUM OXALATE(62-76-0); POTASSIUM OXALATE MONOHYDRATE(6487-48-5); POTASSIUM IODIDE(7681-11-0)
1344-00-9,SODIUM ALUMINOSILICATE,61;62,wave1,REPRESENTATIVE,CAMEO 그룹 62(Siloxanes) 대표물질 — 426종 내 이 그룹 확보물질 2종뿐,"chemical_group_membership (CAMEO 그룹 회소성, 426종 내 재계산)",INDEPENDENT,유지 권고,"희소 그룹: 62(Siloxanes) | §10.5에 범용 카테고리 문구('가연성 물질, 환원성 물질')만 있어 CASE 2 기준상 HAZARD-RELEVANT 단독 근거로 불충분(docs/hazard_relevant_sample_audit_2026-08-08.md)"
1185-81-5,DIBUTYLTIN-BIS(LAURYL MERCAPTIDE),49;63,wave1,UNJUSTIFIED,"자동 그룹슬롯 보충 물질 — 자체 §10 근거 없음, 커리큘럼 근거 없음, 소속 그룹도 이미 회소하지 않음(다른 물질로 충분히 대표됨)","없음 (그룹 소속만 확인됨, 물질 단위 개별 근거 없음)",NONE,근거 부족/검토,"그룹조합 자체는 426종 내 유일하나, 그룹이 회소하지 않거나(그룹 내 다른 대표물질 이미 존재) 개별 위험성 근거가 아직 확인되지 않음 | §10.5에 범용 카테고리 문구('가연성 물질, 환원성 물질')만 있어 CASE 2 기준상 HAZARD-RELEVANT 단독 근거로 불충분(docs/hazard_relevant_sample_audit_2026-08-08.md)"
12035-72-2,NICKEL SUBSULFIDE,63,wave1,HAZARD-RELEVANT,KOSHA MSDS §10.5(피해야 할 물질) 실측 구체적 물질군 근거 존재(combustible_reducing;metal),msds_sections §10.5 원문 재파싱 (금속/물/산화제 등 구체적 물질군),INDEPENDENT,유지 권고,
7220-79-3,METHYLENE BLUE TRIHYDRATE,14;35;57;64,wave1,REPRESENTATIVE,CAMEO 그룹 57(Quaternary Ammonium and Phosphonium Salts) 대표물질 — 426종 내 이 그룹 확보물질 2종뿐,"chemical_group_membership (CAMEO 그룹 회소성, 426종 내 재계산)",INDEPENDENT,유지 권고,희소 그룹: 57(Quaternary Ammonium and Phosphonium Salts)
7772-98-7,SODIUM THIOSULFATE,65,wave1,MANDATORY,커리큘럼 실사용 근거: 분석화학 / 요오드 적정 환원제,curated_curriculum (build_undergrad_target_list.py CURATED_LIST),INDEPENDENT,반드시 유지,
10192-30-0,"AMMONIUM BISULFITE, SOLID",60;65;68,wave1,HAZARD-RELEVANT,"KOSHA MSDS §10.5(피해야 할 물질) 실측 구체적 물질군 근거 존재(combustible_reducing;metal), 위험상호작용: water",msds_sections §10.5 원문 재파싱 (금속/물/산화제 등 구체적 물질군),INDEPENDENT,유지 권고,
10196-04-0,AMMONIUM SULFITE,60;65,wave1,UNJUSTIFIED,"자동 그룹슬롯 보충 물질 — 자체 §10 근거 없음, 커리큘럼 근거 없음, 소속 그룹도 이미 회소하지 않음(다른 물질로 충분히 대표됨)","없음 (그룹 소속만 확인됨, 물질 단위 개별 근거 없음)",NONE,근거 부족/검토,"그룹조합 자체는 426종 내 유일하나, 그룹이 회소하지 않거나(그룹 내 다른 대표물질 이미 존재) 개별 위험성 근거가 아직 확인되지 않음 | §10.5에 범용 카테고리 문구('가연성 물질, 환원성 물질')만 있어 CASE 2 기준상 HAZARD-RELEVANT 단독 근거로 불충분(docs/hazard_relevant_sample_audit_2026-08-08.md)"
10431-47-7,POTASSIUM SELENITE,65,wave1,UNJUSTIFIED,"자동 그룹슬롯 보충 물질 — 자체 §10 근거 없음, 커리큘럼 근거 없음, 소속 그룹도 이미 회소하지 않음(다른 물질로 충분히 대표됨)","없음 (그룹 소속만 확인됨, 물질 단위 개별 근거 없음)",NONE,중복 검토(REMOVE/MERGE 후보),동일 CAMEO 그룹조합 보유 물질 2종과 역할 중복 가능: SODIUM THIOSULFATE(7772-98-7); BARIUM SELENITE(13718-59-7)
13718-59-7,BARIUM SELENITE,65,wave1,HAZARD-RELEVANT,KOSHA MSDS §10.5(피해야 할 물질) 실측 구체적 물질군 근거 존재(combustible_reducing;metal),msds_sections §10.5 원문 재파싱 (금속/물/산화제 등 구체적 물질군),INDEPENDENT,유지 권고,
13774-25-9,MAGNESIUM BISULFITE SOLUTION,65;68,wave1,HAZARD-RELEVANT,"KOSHA MSDS §10.5(피해야 할 물질) 실측 구체적 물질군 근거 존재(combustible_reducing;metal), 위험상호작용: water",msds_sections §10.5 원문 재파싱 (금속/물/산화제 등 구체적 물질군),INDEPENDENT,유지 권고,
1071-83-6,GLYPHOSATE,2;14;66,wave1,UNJUSTIFIED,"자동 그룹슬롯 보충 물질 — 자체 §10 근거 없음, 커리큘럼 근거 없음, 소속 그룹도 이미 회소하지 않음(다른 물질로 충분히 대표됨)","없음 (그룹 소속만 확인됨, 물질 단위 개별 근거 없음)",NONE,근거 부족/검토,"그룹조합 자체는 426종 내 유일하나, 그룹이 회소하지 않거나(그룹 내 다른 대표물질 이미 존재) 개별 위험성 근거가 아직 확인되지 않음 | §10.5에 범용 카테고리 문구('가연성 물질, 환원성 물질')만 있어 CASE 2 기준상 HAZARD-RELEVANT 단독 근거로 불충분(docs/hazard_relevant_sample_audit_2026-08-08.md)"
111-54-6,"ETHYLENEBISDITHIOCARBAMIC ACID, SALTS AND ESTERS",5;67,wave1,UNJUSTIFIED,"자동 그룹슬롯 보충 물질 — 자체 §10 근거 없음, 커리큘럼 근거 없음, 소속 그룹도 이미 회소하지 않음(다른 물질로 충분히 대표됨)","없음 (그룹 소속만 확인됨, 물질 단위 개별 근거 없음)",NONE,근거 부족/검토,"그룹조합 자체는 426종 내 유일하나, 그룹이 회소하지 않거나(그룹 내 다른 대표물질 이미 존재) 개별 위험성 근거가 아직 확인되지 않음"
10043-01-3,"ALUMINUM SULFATE, SOLID",60;68,wave1,UNJUSTIFIED,"자동 그룹슬롯 보충 물질 — 자체 §10 근거 없음, 커리큘럼 근거 없음, 소속 그룹도 이미 회소하지 않음(다른 물질로 충분히 대표됨)","없음 (그룹 소속만 확인됨, 물질 단위 개별 근거 없음)",NONE,중복 검토(REMOVE/MERGE 후보),"동일 CAMEO 그룹조합 보유 물질 5종과 역할 중복 가능: ZINC FLUOROBORATE(13826-88-5); CADMIUM FLUOROBORATE(14486-19-2); NICOTINE SULFATE, SOLID(65-30-5); SODIUM BISULFATE, SOLID(7681-38-1); ALUMINUM PHOSPHATE, SOLUTION(7784-30-7) | §10.5에 범용 카테고리 문구('가연성 물질, 환원성 물질')만 있어 CASE 2 기준상 HAZARD-RELEVANT 단독 근거로 불충분(docs/hazard_relevant_sample_audit_2026-08-08.md)"
7732-18-5,WATER,68,reactive_basics,HAZARD-RELEVANT,"KOSHA MSDS §10.5(피해야 할 물질) 실측 구체적 물질군 근거 존재(water), 위험상호작용: water",msds_sections §10.5 원문 재파싱 (금속/물/산화제 등 구체적 물질군),INDEPENDENT,유지 권고,
7440-17-7,RUBIDIUM,40,wave2,HAZARD-RELEVANT,"KOSHA MSDS §10.5(피해야 할 물질) 실측 구체적 물질군 근거 존재(water), 위험상호작용: metal",msds_sections §10.5 원문 재파싱 (금속/물/산화제 등 구체적 물질군),INDEPENDENT,유지 권고,
7440-23-5,SODIUM,40,wave2,UNJUSTIFIED,"자동 그룹슬롯 보충 물질 — 자체 §10 근거 없음, 커리큘럼 근거 없음, 소속 그룹도 이미 회소하지 않음(다른 물질로 충분히 대표됨)","없음 (그룹 소속만 확인됨, 물질 단위 개별 근거 없음)",NONE,중복 검토(REMOVE/MERGE 후보),동일 CAMEO 그룹조합 보유 물질 4종과 역할 중복 가능: POTASSIUM(7440-09-7); LITHIUM(7439-93-2); RUBIDIUM(7440-17-7); CESIUM(7440-46-2)
7440-46-2,CESIUM,40,wave2,HAZARD-RELEVANT,"KOSHA MSDS §10.5(피해야 할 물질) 실측 구체적 물질군 근거 존재(water), 위험상호작용: metal",msds_sections §10.5 원문 재파싱 (금속/물/산화제 등 구체적 물질군),INDEPENDENT,유지 권고,
7440-32-6,"TITANIUM POWDER, DRY",41;68,wave2,HAZARD-RELEVANT,"KOSHA MSDS §10.5(피해야 할 물질) 실측 구체적 물질군 근거 존재(water), 위험상호작용: metal;water",msds_sections §10.5 원문 재파싱 (금속/물/산화제 등 구체적 물질군),INDEPENDENT,유지 권고,
7440-36-0,ANTIMONY POWDER,41,wave2,HAZARD-RELEVANT,"KOSHA MSDS §10.5(피해야 할 물질) 실측 구체적 물질군 근거 존재(water), 위험상호작용: metal",msds_sections §10.5 원문 재파싱 (금속/물/산화제 등 구체적 물질군),INDEPENDENT,유지 권고,
7440-39-3,BARIUM,41,wave2,HAZARD-RELEVANT,"KOSHA MSDS §10.5(피해야 할 물질) 실측 구체적 물질군 근거 존재(water), 위험상호작용: metal",msds_sections §10.5 원문 재파싱 (금속/물/산화제 등 구체적 물질군),INDEPENDENT,유지 권고,
7440-41-7,"BERYLLIUM COMPOUND, N.O.S.",36;41,wave2,HAZARD-RELEVANT,"KOSHA MSDS §10.5(피해야 할 물질) 실측 구체적 물질군 근거 존재(metal), 위험상호작용: metal",msds_sections §10.5 원문 재파싱 (금속/물/산화제 등 구체적 물질군),INDEPENDENT,유지 권고,
7440-43-9,CADMIUM,41,wave2,UNJUSTIFIED,"자동 그룹슬롯 보충 물질 — 자체 §10 근거 없음, 커리큘럼 근거 없음, 소속 그룹도 이미 회소하지 않음(다른 물질로 충분히 대표됨)","없음 (그룹 소속만 확인됨, 물질 단위 개별 근거 없음)",NONE,중복 검토(REMOVE/MERGE 후보),"동일 CAMEO 그룹조합 보유 물질 18종과 역할 중복 가능: ZINC ASHES(7440-66-6); MAGNESIUM(7439-95-4); NICKEL(7440-02-0); SILICON POWDER, AMORPHOUS(7440-21-3); TANTALUM (METAL AND OXIDE DUST)(7440-25-7); ALUMINUM POWDER, COATED(7429-90-5); IRON, [POWDERED](7439-89-6); ANTIMONY POWDER(7440-36-0); BARIUM(7440-39-3); CERIUM, SLABS, INGOTS OR RODS(7440-45-1); CHROMIUM(7440-47-3); COBALT(7440-48-4); VANADIUM (FUME OR DUST)(7440-62-2); YTTRIUM(7440-65-5); CALCIUM(7440-70-2); INDIUM(7440-74-6); SELENIUM POWDER(7782-49-2); FERROSILICON(8049-17-0)"
7440-45-1,"CERIUM, SLABS, INGOTS OR RODS",41,wave2,HAZARD-RELEVANT,"KOSHA MSDS §10.5(피해야 할 물질) 실측 구체적 물질군 근거 존재(water), 위험상호작용: metal",msds_sections §10.5 원문 재파싱 (금속/물/산화제 등 구체적 물질군),INDEPENDENT,유지 권고,
7440-47-3,CHROMIUM,41,wave2,UNJUSTIFIED,"자동 그룹슬롯 보충 물질 — 자체 §10 근거 없음, 커리큘럼 근거 없음, 소속 그룹도 이미 회소하지 않음(다른 물질로 충분히 대표됨)","없음 (그룹 소속만 확인됨, 물질 단위 개별 근거 없음)",NONE,중복 검토(REMOVE/MERGE 후보),"동일 CAMEO 그룹조합 보유 물질 18종과 역할 중복 가능: ZINC ASHES(7440-66-6); MAGNESIUM(7439-95-4); NICKEL(7440-02-0); SILICON POWDER, AMORPHOUS(7440-21-3); TANTALUM (METAL AND OXIDE DUST)(7440-25-7); ALUMINUM POWDER, COATED(7429-90-5); IRON, [POWDERED](7439-89-6); ANTIMONY POWDER(7440-36-0); BARIUM(7440-39-3); CADMIUM(7440-43-9); CERIUM, SLABS, INGOTS OR RODS(7440-45-1); COBALT(7440-48-4); VANADIUM (FUME OR DUST)(7440-62-2); YTTRIUM(7440-65-5); CALCIUM(7440-70-2); INDIUM(7440-74-6); SELENIUM POWDER(7782-49-2); FERROSILICON(8049-17-0) | §10.5에 범용 카테고리 문구('가연성 물질, 환원성 물질')만 있어 CASE 2 기준상 HAZARD-RELEVANT 단독 근거로 불충분(docs/hazard_relevant_sample_audit_2026-08-08.md)"
7440-48-4,COBALT,41,wave2,HAZARD-RELEVANT,"KOSHA MSDS §10.5(피해야 할 물질) 실측 구체적 물질군 근거 존재(water), 위험상호작용: metal",msds_sections §10.5 원문 재파싱 (금속/물/산화제 등 구체적 물질군),INDEPENDENT,유지 권고,
7440-58-6,"HAFNIUM POWDER, DRY",41;68,wave2,HAZARD-RELEVANT,"KOSHA MSDS §10.5(피해야 할 물질) 실측 구체적 물질군 근거 존재(water), 위험상호작용: metal;water",msds_sections §10.5 원문 재파싱 (금속/물/산화제 등 구체적 물질군),INDEPENDENT,유지 권고,
7440-62-2,VANADIUM (FUME OR DUST),41,wave2,UNJUSTIFIED,"자동 그룹슬롯 보충 물질 — 자체 §10 근거 없음, 커리큘럼 근거 없음, 소속 그룹도 이미 회소하지 않음(다른 물질로 충분히 대표됨)","없음 (그룹 소속만 확인됨, 물질 단위 개별 근거 없음)",NONE,중복 검토(REMOVE/MERGE 후보),"동일 CAMEO 그룹조합 보유 물질 18종과 역할 중복 가능: ZINC ASHES(7440-66-6); MAGNESIUM(7439-95-4); NICKEL(7440-02-0); SILICON POWDER, AMORPHOUS(7440-21-3); TANTALUM (METAL AND OXIDE DUST)(7440-25-7); ALUMINUM POWDER, COATED(7429-90-5); IRON, [POWDERED](7439-89-6); ANTIMONY POWDER(7440-36-0); BARIUM(7440-39-3); CADMIUM(7440-43-9); CERIUM, SLABS, INGOTS OR RODS(7440-45-1); CHROMIUM(7440-47-3); COBALT(7440-48-4); YTTRIUM(7440-65-5); CALCIUM(7440-70-2); INDIUM(7440-74-6); SELENIUM POWDER(7782-49-2); FERROSILICON(8049-17-0)"
7440-65-5,YTTRIUM,41,wave2,HAZARD-RELEVANT,"KOSHA MSDS §10.5(피해야 할 물질) 실측 구체적 물질군 근거 존재(water), 위험상호작용: metal",msds_sections §10.5 원문 재파싱 (금속/물/산화제 등 구체적 물질군),INDEPENDENT,유지 권고,
7440-67-7,ZIRCONIUM POWDER WET,41;68,wave2,HAZARD-RELEVANT,"KOSHA MSDS §10.5(피해야 할 물질) 실측 구체적 물질군 근거 존재(water), 위험상호작용: metal;water",msds_sections §10.5 원문 재파싱 (금속/물/산화제 등 구체적 물질군),INDEPENDENT,유지 권고,
7440-70-2,CALCIUM,41,wave2,HAZARD-RELEVANT,"KOSHA MSDS §10.5(피해야 할 물질) 실측 구체적 물질군 근거 존재(water), 위험상호작용: metal",msds_sections §10.5 원문 재파싱 (금속/물/산화제 등 구체적 물질군),INDEPENDENT,유지 권고,
7440-74-6,INDIUM,41,wave2,HAZARD-RELEVANT,"KOSHA MSDS §10.5(피해야 할 물질) 실측 구체적 물질군 근거 존재(water), 위험상호작용: metal",msds_sections §10.5 원문 재파싱 (금속/물/산화제 등 구체적 물질군),INDEPENDENT,유지 권고,
7782-49-2,SELENIUM POWDER,41,wave2,UNJUSTIFIED,"자동 그룹슬롯 보충 물질 — 자체 §10 근거 없음, 커리큘럼 근거 없음, 소속 그룹도 이미 회소하지 않음(다른 물질로 충분히 대표됨)","없음 (그룹 소속만 확인됨, 물질 단위 개별 근거 없음)",NONE,중복 검토(REMOVE/MERGE 후보),"동일 CAMEO 그룹조합 보유 물질 18종과 역할 중복 가능: ZINC ASHES(7440-66-6); MAGNESIUM(7439-95-4); NICKEL(7440-02-0); SILICON POWDER, AMORPHOUS(7440-21-3); TANTALUM (METAL AND OXIDE DUST)(7440-25-7); ALUMINUM POWDER, COATED(7429-90-5); IRON, [POWDERED](7439-89-6); ANTIMONY POWDER(7440-36-0); BARIUM(7440-39-3); CADMIUM(7440-43-9); CERIUM, SLABS, INGOTS OR RODS(7440-45-1); CHROMIUM(7440-47-3); COBALT(7440-48-4); VANADIUM (FUME OR DUST)(7440-62-2); YTTRIUM(7440-65-5); CALCIUM(7440-70-2); INDIUM(7440-74-6); FERROSILICON(8049-17-0)"
8049-17-0,FERROSILICON,41,wave2,HAZARD-RELEVANT,"KOSHA MSDS §10.5(피해야 할 물질) 실측 구체적 물질군 근거 존재(water), 위험상호작용: metal",msds_sections §10.5 원문 재파싱 (금속/물/산화제 등 구체적 물질군),INDEPENDENT,유지 권고,
13494-80-9,TELLURIUM,42,wave2,UNJUSTIFIED,"자동 그룹슬롯 보충 물질 — 자체 §10 근거 없음, 커리큘럼 근거 없음, 소속 그룹도 이미 회소하지 않음(다른 물질로 충분히 대표됨)","없음 (그룹 소속만 확인됨, 물질 단위 개별 근거 없음)",NONE,중복 검토(REMOVE/MERGE 후보),동일 CAMEO 그룹조합 보유 물질 13종과 역할 중복 가능: COPPER(7440-50-8); BISMUTH TELLURIDE(1304-82-1); LEAD(7439-92-1); MANGANESE(7439-96-5); MOLYBDENUM(7439-98-7); PLATINUM(7440-06-4); RHODIUM (METAL FUME)(7440-16-6); SILVER(7440-22-4); THALLIUM(7440-28-0); TIN(7440-31-5); TUNGSTEN(7440-33-7); ARSENIC(7440-38-2); GALLIUM(7440-55-3)
15385-58-7,MERCUROUS BROMIDE,42;47,wave2,HAZARD-RELEVANT,"KOSHA MSDS §10.5(피해야 할 물질) 실측 구체적 물질군 근거 존재(combustible_reducing;metal), 위험상호작용: metal",msds_sections §10.5 원문 재파싱 (금속/물/산화제 등 구체적 물질군),INDEPENDENT,유지 권고,
15829-53-5,MERCURY OXIDE,42;51,wave2,UNJUSTIFIED,"자동 그룹슬롯 보충 물질 — 자체 §10 근거 없음, 커리큘럼 근거 없음, 소속 그룹도 이미 회소하지 않음(다른 물질로 충분히 대표됨)","없음 (그룹 소속만 확인됨, 물질 단위 개별 근거 없음)",NONE,중복 검토(REMOVE/MERGE 후보),"동일 CAMEO 그룹조합 보유 물질 1종과 역할 중복 가능: MERCURIC OXIDE, [SOLID](21908-53-2)"
21908-53-2,"MERCURIC OXIDE, [SOLID]",42;51,wave2,UNJUSTIFIED,"자동 그룹슬롯 보충 물질 — 자체 §10 근거 없음, 커리큘럼 근거 없음, 소속 그룹도 이미 회소하지 않음(다른 물질로 충분히 대표됨)","없음 (그룹 소속만 확인됨, 물질 단위 개별 근거 없음)",NONE,중복 검토(REMOVE/MERGE 후보),동일 CAMEO 그룹조합 보유 물질 1종과 역할 중복 가능: MERCURY OXIDE(15829-53-5)
7439-92-1,LEAD,42,wave2,UNJUSTIFIED,"자동 그룹슬롯 보충 물질 — 자체 §10 근거 없음, 커리큘럼 근거 없음, 소속 그룹도 이미 회소하지 않음(다른 물질로 충분히 대표됨)","없음 (그룹 소속만 확인됨, 물질 단위 개별 근거 없음)",NONE,중복 검토(REMOVE/MERGE 후보),"동일 CAMEO 그룹조합 보유 물질 13종과 역할 중복 가능: COPPER(7440-50-8); BISMUTH TELLURIDE(1304-82-1); TELLURIUM(13494-80-9); MANGANESE(7439-96-5); MOLYBDENUM(7439-98-7); PLATINUM(7440-06-4); RHODIUM (METAL FUME)(7440-16-6); SILVER(7440-22-4); THALLIUM(7440-28-0); TIN(7440-31-5); TUNGSTEN(7440-33-7); ARSENIC(7440-38-2); GALLIUM(7440-55-3) | §10.5에 범용 카테고리 문구('가연성 물질, 환원성 물질')만 있어 CASE 2 기준상 HAZARD-RELEVANT 단독 근거로 불충분(docs/hazard_relevant_sample_audit_2026-08-08.md)"
7439-96-5,MANGANESE,42,wave2,HAZARD-RELEVANT,"KOSHA MSDS §10.5(피해야 할 물질) 실측 구체적 물질군 근거 존재(water), 위험상호작용: metal",msds_sections §10.5 원문 재파싱 (금속/물/산화제 등 구체적 물질군),INDEPENDENT,유지 권고,
7439-98-7,MOLYBDENUM,42,wave2,HAZARD-RELEVANT,"KOSHA MSDS §10.5(피해야 할 물질) 실측 구체적 물질군 근거 존재(water), 위험상호작용: metal",msds_sections §10.5 원문 재파싱 (금속/물/산화제 등 구체적 물질군),INDEPENDENT,유지 권고,
7440-06-4,PLATINUM,42,wave2,HAZARD-RELEVANT,"KOSHA MSDS §10.5(피해야 할 물질) 실측 구체적 물질군 근거 존재(water), 위험상호작용: metal",msds_sections §10.5 원문 재파싱 (금속/물/산화제 등 구체적 물질군),INDEPENDENT,유지 권고,
7440-16-6,RHODIUM (METAL FUME),42,wave2,HAZARD-RELEVANT,"KOSHA MSDS §10.5(피해야 할 물질) 실측 구체적 물질군 근거 존재(water), 위험상호작용: metal",msds_sections §10.5 원문 재파싱 (금속/물/산화제 등 구체적 물질군),INDEPENDENT,유지 권고,
7440-22-4,SILVER,42,wave2,UNJUSTIFIED,"자동 그룹슬롯 보충 물질 — 자체 §10 근거 없음, 커리큘럼 근거 없음, 소속 그룹도 이미 회소하지 않음(다른 물질로 충분히 대표됨)","없음 (그룹 소속만 확인됨, 물질 단위 개별 근거 없음)",NONE,중복 검토(REMOVE/MERGE 후보),"동일 CAMEO 그룹조합 보유 물질 13종과 역할 중복 가능: COPPER(7440-50-8); BISMUTH TELLURIDE(1304-82-1); TELLURIUM(13494-80-9); LEAD(7439-92-1); MANGANESE(7439-96-5); MOLYBDENUM(7439-98-7); PLATINUM(7440-06-4); RHODIUM (METAL FUME)(7440-16-6); THALLIUM(7440-28-0); TIN(7440-31-5); TUNGSTEN(7440-33-7); ARSENIC(7440-38-2); GALLIUM(7440-55-3) | §10.5에 범용 카테고리 문구('가연성 물질, 환원성 물질')만 있어 CASE 2 기준상 HAZARD-RELEVANT 단독 근거로 불충분(docs/hazard_relevant_sample_audit_2026-08-08.md)"
7440-28-0,THALLIUM,42,wave2,UNJUSTIFIED,"자동 그룹슬롯 보충 물질 — 자체 §10 근거 없음, 커리큘럼 근거 없음, 소속 그룹도 이미 회소하지 않음(다른 물질로 충분히 대표됨)","없음 (그룹 소속만 확인됨, 물질 단위 개별 근거 없음)",NONE,중복 검토(REMOVE/MERGE 후보),동일 CAMEO 그룹조합 보유 물질 13종과 역할 중복 가능: COPPER(7440-50-8); BISMUTH TELLURIDE(1304-82-1); TELLURIUM(13494-80-9); LEAD(7439-92-1); MANGANESE(7439-96-5); MOLYBDENUM(7439-98-7); PLATINUM(7440-06-4); RHODIUM (METAL FUME)(7440-16-6); SILVER(7440-22-4); TIN(7440-31-5); TUNGSTEN(7440-33-7); ARSENIC(7440-38-2); GALLIUM(7440-55-3)
7440-31-5,TIN,42,wave2,UNJUSTIFIED,"자동 그룹슬롯 보충 물질 — 자체 §10 근거 없음, 커리큘럼 근거 없음, 소속 그룹도 이미 회소하지 않음(다른 물질로 충분히 대표됨)","없음 (그룹 소속만 확인됨, 물질 단위 개별 근거 없음)",NONE,중복 검토(REMOVE/MERGE 후보),"동일 CAMEO 그룹조합 보유 물질 13종과 역할 중복 가능: COPPER(7440-50-8); BISMUTH TELLURIDE(1304-82-1); TELLURIUM(13494-80-9); LEAD(7439-92-1); MANGANESE(7439-96-5); MOLYBDENUM(7439-98-7); PLATINUM(7440-06-4); RHODIUM (METAL FUME)(7440-16-6); SILVER(7440-22-4); THALLIUM(7440-28-0); TUNGSTEN(7440-33-7); ARSENIC(7440-38-2); GALLIUM(7440-55-3) | §10.5에 범용 카테고리 문구('가연성 물질, 환원성 물질')만 있어 CASE 2 기준상 HAZARD-RELEVANT 단독 근거로 불충분(docs/hazard_relevant_sample_audit_2026-08-08.md)"
7440-33-7,TUNGSTEN,42,wave2,HAZARD-RELEVANT,"KOSHA MSDS §10.5(피해야 할 물질) 실측 구체적 물질군 근거 존재(water), 위험상호작용: metal",msds_sections §10.5 원문 재파싱 (금속/물/산화제 등 구체적 물질군),INDEPENDENT,유지 권고,
7440-38-2,ARSENIC,42,wave2,UNJUSTIFIED,"자동 그룹슬롯 보충 물질 — 자체 §10 근거 없음, 커리큘럼 근거 없음, 소속 그룹도 이미 회소하지 않음(다른 물질로 충분히 대표됨)","없음 (그룹 소속만 확인됨, 물질 단위 개별 근거 없음)",NONE,중복 검토(REMOVE/MERGE 후보),동일 CAMEO 그룹조합 보유 물질 13종과 역할 중복 가능: COPPER(7440-50-8); BISMUTH TELLURIDE(1304-82-1); TELLURIUM(13494-80-9); LEAD(7439-92-1); MANGANESE(7439-96-5); MOLYBDENUM(7439-98-7); PLATINUM(7440-06-4); RHODIUM (METAL FUME)(7440-16-6); SILVER(7440-22-4); THALLIUM(7440-28-0); TIN(7440-31-5); TUNGSTEN(7440-33-7); GALLIUM(7440-55-3)
7440-55-3,GALLIUM,42,wave2,UNJUSTIFIED,"자동 그룹슬롯 보충 물질 — 자체 §10 근거 없음, 커리큘럼 근거 없음, 소속 그룹도 이미 회소하지 않음(다른 물질로 충분히 대표됨)","없음 (그룹 소속만 확인됨, 물질 단위 개별 근거 없음)",NONE,중복 검토(REMOVE/MERGE 후보),동일 CAMEO 그룹조합 보유 물질 13종과 역할 중복 가능: COPPER(7440-50-8); BISMUTH TELLURIDE(1304-82-1); TELLURIUM(13494-80-9); LEAD(7439-92-1); MANGANESE(7439-96-5); MOLYBDENUM(7439-98-7); PLATINUM(7440-06-4); RHODIUM (METAL FUME)(7440-16-6); SILVER(7440-22-4); THALLIUM(7440-28-0); TIN(7440-31-5); TUNGSTEN(7440-33-7); ARSENIC(7440-38-2)
7487-94-7,MERCURIC CHLORIDE,42;60,wave2,HAZARD-RELEVANT,"KOSHA MSDS §10.5(피해야 할 물질) 실측 구체적 물질군 근거 존재(combustible_reducing;metal), 위험상호작용: metal",msds_sections §10.5 원문 재파싱 (금속/물/산화제 등 구체적 물질군),INDEPENDENT,유지 권고,
7647-10-1,PALLADIUM CHLORIDE,42;51;60,wave2,UNJUSTIFIED,"자동 그룹슬롯 보충 물질 — 자체 §10 근거 없음, 커리큘럼 근거 없음, 소속 그룹도 이미 회소하지 않음(다른 물질로 충분히 대표됨)","없음 (그룹 소속만 확인됨, 물질 단위 개별 근거 없음)",NONE,근거 부족/검토,"그룹조합 자체는 426종 내 유일하나, 그룹이 회소하지 않거나(그룹 내 다른 대표물질 이미 존재) 개별 위험성 근거가 아직 확인되지 않음 | §10.5에 범용 카테고리 문구('가연성 물질, 환원성 물질')만 있어 CASE 2 기준상 HAZARD-RELEVANT 단독 근거로 불충분(docs/hazard_relevant_sample_audit_2026-08-08.md)"
7774-29-0,MERCURY IODIDE,42;59,wave2,UNJUSTIFIED,"자동 그룹슬롯 보충 물질 — 자체 §10 근거 없음, 커리큘럼 근거 없음, 소속 그룹도 이미 회소하지 않음(다른 물질로 충분히 대표됨)","없음 (그룹 소속만 확인됨, 물질 단위 개별 근거 없음)",NONE,근거 부족/검토,"그룹조합 자체는 426종 내 유일하나, 그룹이 회소하지 않거나(그룹 내 다른 대표물질 이미 존재) 개별 위험성 근거가 아직 확인되지 않음"
7783-33-7,"MERCURIC POTASSIUM IODIDE, [SOLID]",42;60,wave2,UNJUSTIFIED,"자동 그룹슬롯 보충 물질 — 자체 §10 근거 없음, 커리큘럼 근거 없음, 소속 그룹도 이미 회소하지 않음(다른 물질로 충분히 대표됨)","없음 (그룹 소속만 확인됨, 물질 단위 개별 근거 없음)",NONE,중복 검토(REMOVE/MERGE 후보),동일 CAMEO 그룹조합 보유 물질 3종과 역할 중복 가능: MERCURIC CHLORIDE(7487-94-7); MERCURIC SULFATE(7783-35-9); MERCUROUS SULFATE(7783-36-0)
7783-35-9,MERCURIC SULFATE,42;60,wave2,UNJUSTIFIED,"자동 그룹슬롯 보충 물질 — 자체 §10 근거 없음, 커리큘럼 근거 없음, 소속 그룹도 이미 회소하지 않음(다른 물질로 충분히 대표됨)","없음 (그룹 소속만 확인됨, 물질 단위 개별 근거 없음)",NONE,중복 검토(REMOVE/MERGE 후보),"동일 CAMEO 그룹조합 보유 물질 3종과 역할 중복 가능: MERCURIC CHLORIDE(7487-94-7); MERCURIC POTASSIUM IODIDE, [SOLID](7783-33-7); MERCUROUS SULFATE(7783-36-0)"
7783-36-0,MERCUROUS SULFATE,42;60,wave2,UNJUSTIFIED,"자동 그룹슬롯 보충 물질 — 자체 §10 근거 없음, 커리큘럼 근거 없음, 소속 그룹도 이미 회소하지 않음(다른 물질로 충분히 대표됨)","없음 (그룹 소속만 확인됨, 물질 단위 개별 근거 없음)",NONE,중복 검토(REMOVE/MERGE 후보),"동일 CAMEO 그룹조합 보유 물질 3종과 역할 중복 가능: MERCURIC CHLORIDE(7487-94-7); MERCURIC POTASSIUM IODIDE, [SOLID](7783-33-7); MERCURIC SULFATE(7783-35-9)"
7789-47-1,MERCURIC BROMIDE,42;47,wave2,HAZARD-RELEVANT,"KOSHA MSDS §10.5(피해야 할 물질) 실측 구체적 물질군 근거 존재(combustible_reducing;metal), 위험상호작용: metal",msds_sections §10.5 원문 재파싱 (금속/물/산화제 등 구체적 물질군),INDEPENDENT,유지 권고,
10137-74-3,CALCIUM CHLORATE,50;61;68,wave2,UNJUSTIFIED,"자동 그룹슬롯 보충 물질 — 자체 §10 근거 없음, 커리큘럼 근거 없음, 소속 그룹도 이미 회소하지 않음(다른 물질로 충분히 대표됨)","없음 (그룹 소속만 확인됨, 물질 단위 개별 근거 없음)",NONE,중복 검토(REMOVE/MERGE 후보),"동일 CAMEO 그룹조합 보유 물질 2종과 역할 중복 가능: SODIUM CHROMATE(7775-11-3); POTASSIUM HYPOCHLORITE SOLUTION(7778-66-7) | §10.5에 범용 카테고리 문구('가연성 물질, 환원성 물질')만 있어 CASE 2 기준상 HAZARD-RELEVANT 단독 근거로 불충분(docs/hazard_relevant_sample_audit_2026-08-08.md)"
10326-21-3,MAGNESIUM CHLORATE,50,wave2,UNJUSTIFIED,"자동 그룹슬롯 보충 물질 — 자체 §10 근거 없음, 커리큘럼 근거 없음, 소속 그룹도 이미 회소하지 않음(다른 물질로 충분히 대표됨)","없음 (그룹 소속만 확인됨, 물질 단위 개별 근거 없음)",NONE,중복 검토(REMOVE/MERGE 후보),"동일 CAMEO 그룹조합 보유 물질 29종과 역할 중복 가능: POTASSIUM PERMANGANATE(7722-64-7); MAGNESIUM PERCHLORATE(10034-81-8); SODIUM PERMANGANATE(10101-50-5); CALCIUM PERMANGANATE(10118-76-0); OXYGEN(7782-44-7); ZINC CHLORATE(10361-95-2); T-BUTYL CHROMATE(1189-85-1); LEAD DIOXIDE(1309-60-0); ZINC PEROXIDE(1314-22-3); STRONTIUM PERCHLORATE(13450-97-0); CALCIUM PERCHLORATE(13477-36-6); LEAD PERCHLORATE(13637-76-8); BARIUM BROMATE(13967-90-3); ZINC BROMATE(14519-07-4); MAGNESIUM BROMATE(14519-17-6); BROMATES, INORGANIC, N.O.S.(15541-45-4); OSMIUM TETROXIDE(20816-12-0); ZINC PERMANGANATE(23414-72-4); TERT-BUTYL HYPOCHLORITE(507-40-4); LEAD TETRAACETATE(546-67-8); SELENIUM DIOXIDE(7446-08-4); SODIUM PERCHLORATE(7601-89-0); POTASSIUM PERSULFATE(7727-21-1); POTASSIUM BROMATE(7758-01-2); SODIUM PERSULFATE(7775-27-1); POTASSIUM PERCHLORATE(7778-74-7); BARIUM PERMANGANATE(7787-36-2); SODIUM BROMATE(7789-38-0); STRONTIUM CHLORATE(7791-10-8)"
10361-95-2,ZINC CHLORATE,50,wave2,UNJUSTIFIED,"자동 그룹슬롯 보충 물질 — 자체 §10 근거 없음, 커리큘럼 근거 없음, 소속 그룹도 이미 회소하지 않음(다른 물질로 충분히 대표됨)","없음 (그룹 소속만 확인됨, 물질 단위 개별 근거 없음)",NONE,중복 검토(REMOVE/MERGE 후보),"동일 CAMEO 그룹조합 보유 물질 29종과 역할 중복 가능: POTASSIUM PERMANGANATE(7722-64-7); MAGNESIUM PERCHLORATE(10034-81-8); SODIUM PERMANGANATE(10101-50-5); CALCIUM PERMANGANATE(10118-76-0); OXYGEN(7782-44-7); MAGNESIUM CHLORATE(10326-21-3); T-BUTYL CHROMATE(1189-85-1); LEAD DIOXIDE(1309-60-0); ZINC PEROXIDE(1314-22-3); STRONTIUM PERCHLORATE(13450-97-0); CALCIUM PERCHLORATE(13477-36-6); LEAD PERCHLORATE(13637-76-8); BARIUM BROMATE(13967-90-3); ZINC BROMATE(14519-07-4); MAGNESIUM BROMATE(14519-17-6); BROMATES, INORGANIC, N.O.S.(15541-45-4); OSMIUM TETROXIDE(20816-12-0); ZINC PERMANGANATE(23414-72-4); TERT-BUTYL HYPOCHLORITE(507-40-4); LEAD TETRAACETATE(546-67-8); SELENIUM DIOXIDE(7446-08-4); SODIUM PERCHLORATE(7601-89-0); POTASSIUM PERSULFATE(7727-21-1); POTASSIUM BROMATE(7758-01-2); SODIUM PERSULFATE(7775-27-1); POTASSIUM PERCHLORATE(7778-74-7); BARIUM PERMANGANATE(7787-36-2); SODIUM BROMATE(7789-38-0); STRONTIUM CHLORATE(7791-10-8)"
11084-85-8,CHLORINATED TRISODIUM PHOSPHATE,50;61,wave2,UNJUSTIFIED,"자동 그룹슬롯 보충 물질 — 자체 §10 근거 없음, 커리큘럼 근거 없음, 소속 그룹도 이미 회소하지 않음(다른 물질로 충분히 대표됨)","없음 (그룹 소속만 확인됨, 물질 단위 개별 근거 없음)",NONE,중복 검토(REMOVE/MERGE 후보),"동일 CAMEO 그룹조합 보유 물질 15종과 역할 중복 가능: SODIUM CHROMATE TETRAHYDRATE(10034-82-9); BARIUM PEROXIDE(1304-29-6); CALCIUM PEROXIDE(1305-79-9); MANGANESE TETROXIDE(1317-35-7); BARIUM HYPOCHLORITE, WITH MORE THAN 22% AVAILABLE CHLORINE(13477-10-6); ZINC CHROMATE(13530-65-9); CALCIUM CHROMATE(13765-19-0); ZINC DICHROMATE(14018-95-2); LITHIUM CHROMATE(14307-35-8); MAGNESIUM PEROXIDE(14452-57-4); SODIUM CHLORITE(7758-19-2); LEAD CHROMATE(7758-97-6); POTASSIUM BICHROMATE(7778-50-9); POTASSIUM CHROMATE(7789-00-6); STRONTIUM CHROMATE(7789-06-2) | §10.5에 범용 카테고리 문구('가연성 물질, 환원성 물질')만 있어 CASE 2 기준상 HAZARD-RELEVANT 단독 근거로 불충분(docs/hazard_relevant_sample_audit_2026-08-08.md)"
1189-85-1,T-BUTYL CHROMATE,50,wave2,UNJUSTIFIED,"자동 그룹슬롯 보충 물질 — 자체 §10 근거 없음, 커리큘럼 근거 없음, 소속 그룹도 이미 회소하지 않음(다른 물질로 충분히 대표됨)","없음 (그룹 소속만 확인됨, 물질 단위 개별 근거 없음)",NONE,중복 검토(REMOVE/MERGE 후보),"동일 CAMEO 그룹조합 보유 물질 29종과 역할 중복 가능: POTASSIUM PERMANGANATE(7722-64-7); MAGNESIUM PERCHLORATE(10034-81-8); SODIUM PERMANGANATE(10101-50-5); CALCIUM PERMANGANATE(10118-76-0); OXYGEN(7782-44-7); MAGNESIUM CHLORATE(10326-21-3); ZINC CHLORATE(10361-95-2); LEAD DIOXIDE(1309-60-0); ZINC PEROXIDE(1314-22-3); STRONTIUM PERCHLORATE(13450-97-0); CALCIUM PERCHLORATE(13477-36-6); LEAD PERCHLORATE(13637-76-8); BARIUM BROMATE(13967-90-3); ZINC BROMATE(14519-07-4); MAGNESIUM BROMATE(14519-17-6); BROMATES, INORGANIC, N.O.S.(15541-45-4); OSMIUM TETROXIDE(20816-12-0); ZINC PERMANGANATE(23414-72-4); TERT-BUTYL HYPOCHLORITE(507-40-4); LEAD TETRAACETATE(546-67-8); SELENIUM DIOXIDE(7446-08-4); SODIUM PERCHLORATE(7601-89-0); POTASSIUM PERSULFATE(7727-21-1); POTASSIUM BROMATE(7758-01-2); SODIUM PERSULFATE(7775-27-1); POTASSIUM PERCHLORATE(7778-74-7); BARIUM PERMANGANATE(7787-36-2); SODIUM BROMATE(7789-38-0); STRONTIUM CHLORATE(7791-10-8) | §10.5에 범용 카테고리 문구('가연성 물질, 환원성 물질')만 있어 CASE 2 기준상 HAZARD-RELEVANT 단독 근거로 불충분(docs/hazard_relevant_sample_audit_2026-08-08.md)"
1304-29-6,BARIUM PEROXIDE,50;61,wave2,UNJUSTIFIED,"자동 그룹슬롯 보충 물질 — 자체 §10 근거 없음, 커리큘럼 근거 없음, 소속 그룹도 이미 회소하지 않음(다른 물질로 충분히 대표됨)","없음 (그룹 소속만 확인됨, 물질 단위 개별 근거 없음)",NONE,중복 검토(REMOVE/MERGE 후보),"동일 CAMEO 그룹조합 보유 물질 15종과 역할 중복 가능: SODIUM CHROMATE TETRAHYDRATE(10034-82-9); CHLORINATED TRISODIUM PHOSPHATE(11084-85-8); CALCIUM PEROXIDE(1305-79-9); MANGANESE TETROXIDE(1317-35-7); BARIUM HYPOCHLORITE, WITH MORE THAN 22% AVAILABLE CHLORINE(13477-10-6); ZINC CHROMATE(13530-65-9); CALCIUM CHROMATE(13765-19-0); ZINC DICHROMATE(14018-95-2); LITHIUM CHROMATE(14307-35-8); MAGNESIUM PEROXIDE(14452-57-4); SODIUM CHLORITE(7758-19-2); LEAD CHROMATE(7758-97-6); POTASSIUM BICHROMATE(7778-50-9); POTASSIUM CHROMATE(7789-00-6); STRONTIUM CHROMATE(7789-06-2) | §10.5에 범용 카테고리 문구('가연성 물질, 환원성 물질')만 있어 CASE 2 기준상 HAZARD-RELEVANT 단독 근거로 불충분(docs/hazard_relevant_sample_audit_2026-08-08.md)"
1305-79-9,CALCIUM PEROXIDE,50;61,wave2,UNJUSTIFIED,"자동 그룹슬롯 보충 물질 — 자체 §10 근거 없음, 커리큘럼 근거 없음, 소속 그룹도 이미 회소하지 않음(다른 물질로 충분히 대표됨)","없음 (그룹 소속만 확인됨, 물질 단위 개별 근거 없음)",NONE,중복 검토(REMOVE/MERGE 후보),"동일 CAMEO 그룹조합 보유 물질 15종과 역할 중복 가능: SODIUM CHROMATE TETRAHYDRATE(10034-82-9); CHLORINATED TRISODIUM PHOSPHATE(11084-85-8); BARIUM PEROXIDE(1304-29-6); MANGANESE TETROXIDE(1317-35-7); BARIUM HYPOCHLORITE, WITH MORE THAN 22% AVAILABLE CHLORINE(13477-10-6); ZINC CHROMATE(13530-65-9); CALCIUM CHROMATE(13765-19-0); ZINC DICHROMATE(14018-95-2); LITHIUM CHROMATE(14307-35-8); MAGNESIUM PEROXIDE(14452-57-4); SODIUM CHLORITE(7758-19-2); LEAD CHROMATE(7758-97-6); POTASSIUM BICHROMATE(7778-50-9); POTASSIUM CHROMATE(7789-00-6); STRONTIUM CHROMATE(7789-06-2) | §10.5에 범용 카테고리 문구('가연성 물질, 환원성 물질')만 있어 CASE 2 기준상 HAZARD-RELEVANT 단독 근거로 불충분(docs/hazard_relevant_sample_audit_2026-08-08.md)"
1309-60-0,LEAD DIOXIDE,50,wave2,UNJUSTIFIED,"자동 그룹슬롯 보충 물질 — 자체 §10 근거 없음, 커리큘럼 근거 없음, 소속 그룹도 이미 회소하지 않음(다른 물질로 충분히 대표됨)","없음 (그룹 소속만 확인됨, 물질 단위 개별 근거 없음)",NONE,중복 검토(REMOVE/MERGE 후보),"동일 CAMEO 그룹조합 보유 물질 29종과 역할 중복 가능: POTASSIUM PERMANGANATE(7722-64-7); MAGNESIUM PERCHLORATE(10034-81-8); SODIUM PERMANGANATE(10101-50-5); CALCIUM PERMANGANATE(10118-76-0); OXYGEN(7782-44-7); MAGNESIUM CHLORATE(10326-21-3); ZINC CHLORATE(10361-95-2); T-BUTYL CHROMATE(1189-85-1); ZINC PEROXIDE(1314-22-3); STRONTIUM PERCHLORATE(13450-97-0); CALCIUM PERCHLORATE(13477-36-6); LEAD PERCHLORATE(13637-76-8); BARIUM BROMATE(13967-90-3); ZINC BROMATE(14519-07-4); MAGNESIUM BROMATE(14519-17-6); BROMATES, INORGANIC, N.O.S.(15541-45-4); OSMIUM TETROXIDE(20816-12-0); ZINC PERMANGANATE(23414-72-4); TERT-BUTYL HYPOCHLORITE(507-40-4); LEAD TETRAACETATE(546-67-8); SELENIUM DIOXIDE(7446-08-4); SODIUM PERCHLORATE(7601-89-0); POTASSIUM PERSULFATE(7727-21-1); POTASSIUM BROMATE(7758-01-2); SODIUM PERSULFATE(7775-27-1); POTASSIUM PERCHLORATE(7778-74-7); BARIUM PERMANGANATE(7787-36-2); SODIUM BROMATE(7789-38-0); STRONTIUM CHLORATE(7791-10-8) | §10.5에 범용 카테고리 문구('가연성 물질, 환원성 물질')만 있어 CASE 2 기준상 HAZARD-RELEVANT 단독 근거로 불충분(docs/hazard_relevant_sample_audit_2026-08-08.md)"
1313-60-6,SODIUM PEROXIDE,18;50,wave2,UNJUSTIFIED,"자동 그룹슬롯 보충 물질 — 자체 §10 근거 없음, 커리큘럼 근거 없음, 소속 그룹도 이미 회소하지 않음(다른 물질로 충분히 대표됨)","없음 (그룹 소속만 확인됨, 물질 단위 개별 근거 없음)",NONE,중복 검토(REMOVE/MERGE 후보),동일 CAMEO 그룹조합 보유 물질 4종과 역할 중복 가능: POTASSIUM SUPEROXIDE(12030-88-5); LITHIUM PEROXIDE(12031-80-0); STRONTIUM PEROXIDE(1314-18-7); POTASSIUM PEROXIDE(17014-71-0)
1314-18-7,STRONTIUM PEROXIDE,18;50,wave2,HAZARD-RELEVANT,"KOSHA MSDS §10.5(피해야 할 물질) 실측 구체적 물질군 근거 존재(combustible_reducing;water), 위험상호작용: oxidizer",msds_sections §10.5 원문 재파싱 (금속/물/산화제 등 구체적 물질군),INDEPENDENT,유지 권고,
1314-22-3,ZINC PEROXIDE,50,wave2,HAZARD-RELEVANT,"KOSHA MSDS §10.5(피해야 할 물질) 실측 구체적 물질군 근거 존재(combustible_reducing;water), 위험상호작용: oxidizer",msds_sections §10.5 원문 재파싱 (금속/물/산화제 등 구체적 물질군),INDEPENDENT,유지 권고,
1314-62-1,VANADIUM PENTOXIDE,50;60,wave2,UNJUSTIFIED,"자동 그룹슬롯 보충 물질 — 자체 §10 근거 없음, 커리큘럼 근거 없음, 소속 그룹도 이미 회소하지 않음(다른 물질로 충분히 대표됨)","없음 (그룹 소속만 확인됨, 물질 단위 개별 근거 없음)",NONE,중복 검토(REMOVE/MERGE 후보),동일 CAMEO 그룹조합 보유 물질 4종과 역할 중복 가능: AMMONIUM PERMANGANATE(13446-10-1); AMMONIUM PERSULFATE(7727-54-0); AMMONIUM DICHROMATE(7789-09-5); AMMONIUM PERCHLORATE(7790-98-9)
1317-35-7,MANGANESE TETROXIDE,50;61,wave2,UNJUSTIFIED,"자동 그룹슬롯 보충 물질 — 자체 §10 근거 없음, 커리큘럼 근거 없음, 소속 그룹도 이미 회소하지 않음(다른 물질로 충분히 대표됨)","없음 (그룹 소속만 확인됨, 물질 단위 개별 근거 없음)",NONE,중복 검토(REMOVE/MERGE 후보),"동일 CAMEO 그룹조합 보유 물질 15종과 역할 중복 가능: SODIUM CHROMATE TETRAHYDRATE(10034-82-9); CHLORINATED TRISODIUM PHOSPHATE(11084-85-8); BARIUM PEROXIDE(1304-29-6); CALCIUM PEROXIDE(1305-79-9); BARIUM HYPOCHLORITE, WITH MORE THAN 22% AVAILABLE CHLORINE(13477-10-6); ZINC CHROMATE(13530-65-9); CALCIUM CHROMATE(13765-19-0); ZINC DICHROMATE(14018-95-2); LITHIUM CHROMATE(14307-35-8); MAGNESIUM PEROXIDE(14452-57-4); SODIUM CHLORITE(7758-19-2); LEAD CHROMATE(7758-97-6); POTASSIUM BICHROMATE(7778-50-9); POTASSIUM CHROMATE(7789-00-6); STRONTIUM CHROMATE(7789-06-2) | §10.5에 범용 카테고리 문구('가연성 물질, 환원성 물질')만 있어 CASE 2 기준상 HAZARD-RELEVANT 단독 근거로 불충분(docs/hazard_relevant_sample_audit_2026-08-08.md)"
1333-82-0,"CHROMIUM TRIOXIDE, ANHYDROUS",15;50,wave2,UNJUSTIFIED,"자동 그룹슬롯 보충 물질 — 자체 §10 근거 없음, 커리큘럼 근거 없음, 소속 그룹도 이미 회소하지 않음(다른 물질로 충분히 대표됨)","없음 (그룹 소속만 확인됨, 물질 단위 개별 근거 없음)",NONE,근거 부족/검토,"그룹조합 자체는 426종 내 유일하나, 그룹이 회소하지 않거나(그룹 내 다른 대표물질 이미 존재) 개별 위험성 근거가 아직 확인되지 않음"
13446-10-1,AMMONIUM PERMANGANATE,50;60,wave2,UNJUSTIFIED,"자동 그룹슬롯 보충 물질 — 자체 §10 근거 없음, 커리큘럼 근거 없음, 소속 그룹도 이미 회소하지 않음(다른 물질로 충분히 대표됨)","없음 (그룹 소속만 확인됨, 물질 단위 개별 근거 없음)",NONE,중복 검토(REMOVE/MERGE 후보),"동일 CAMEO 그룹조합 보유 물질 4종과 역할 중복 가능: VANADIUM PENTOXIDE(1314-62-1); AMMONIUM PERSULFATE(7727-54-0); AMMONIUM DICHROMATE(7789-09-5); AMMONIUM PERCHLORATE(7790-98-9) | §10.5에 범용 카테고리 문구('가연성 물질, 환원성 물질')만 있어 CASE 2 기준상 HAZARD-RELEVANT 단독 근거로 불충분(docs/hazard_relevant_sample_audit_2026-08-08.md)"
13450-97-0,STRONTIUM PERCHLORATE,50,wave2,UNJUSTIFIED,"자동 그룹슬롯 보충 물질 — 자체 §10 근거 없음, 커리큘럼 근거 없음, 소속 그룹도 이미 회소하지 않음(다른 물질로 충분히 대표됨)","없음 (그룹 소속만 확인됨, 물질 단위 개별 근거 없음)",NONE,중복 검토(REMOVE/MERGE 후보),"동일 CAMEO 그룹조합 보유 물질 29종과 역할 중복 가능: POTASSIUM PERMANGANATE(7722-64-7); MAGNESIUM PERCHLORATE(10034-81-8); SODIUM PERMANGANATE(10101-50-5); CALCIUM PERMANGANATE(10118-76-0); OXYGEN(7782-44-7); MAGNESIUM CHLORATE(10326-21-3); ZINC CHLORATE(10361-95-2); T-BUTYL CHROMATE(1189-85-1); LEAD DIOXIDE(1309-60-0); ZINC PEROXIDE(1314-22-3); CALCIUM PERCHLORATE(13477-36-6); LEAD PERCHLORATE(13637-76-8); BARIUM BROMATE(13967-90-3); ZINC BROMATE(14519-07-4); MAGNESIUM BROMATE(14519-17-6); BROMATES, INORGANIC, N.O.S.(15541-45-4); OSMIUM TETROXIDE(20816-12-0); ZINC PERMANGANATE(23414-72-4); TERT-BUTYL HYPOCHLORITE(507-40-4); LEAD TETRAACETATE(546-67-8); SELENIUM DIOXIDE(7446-08-4); SODIUM PERCHLORATE(7601-89-0); POTASSIUM PERSULFATE(7727-21-1); POTASSIUM BROMATE(7758-01-2); SODIUM PERSULFATE(7775-27-1); POTASSIUM PERCHLORATE(7778-74-7); BARIUM PERMANGANATE(7787-36-2); SODIUM BROMATE(7789-38-0); STRONTIUM CHLORATE(7791-10-8) | §10.5에 범용 카테고리 문구('가연성 물질, 환원성 물질')만 있어 CASE 2 기준상 HAZARD-RELEVANT 단독 근거로 불충분(docs/hazard_relevant_sample_audit_2026-08-08.md)"
13477-10-6,"BARIUM HYPOCHLORITE, WITH MORE THAN 22% AVAILABLE CHLORINE",50;61,wave2,UNJUSTIFIED,"자동 그룹슬롯 보충 물질 — 자체 §10 근거 없음, 커리큘럼 근거 없음, 소속 그룹도 이미 회소하지 않음(다른 물질로 충분히 대표됨)","없음 (그룹 소속만 확인됨, 물질 단위 개별 근거 없음)",NONE,중복 검토(REMOVE/MERGE 후보),"동일 CAMEO 그룹조합 보유 물질 15종과 역할 중복 가능: SODIUM CHROMATE TETRAHYDRATE(10034-82-9); CHLORINATED TRISODIUM PHOSPHATE(11084-85-8); BARIUM PEROXIDE(1304-29-6); CALCIUM PEROXIDE(1305-79-9); MANGANESE TETROXIDE(1317-35-7); ZINC CHROMATE(13530-65-9); CALCIUM CHROMATE(13765-19-0); ZINC DICHROMATE(14018-95-2); LITHIUM CHROMATE(14307-35-8); MAGNESIUM PEROXIDE(14452-57-4); SODIUM CHLORITE(7758-19-2); LEAD CHROMATE(7758-97-6); POTASSIUM BICHROMATE(7778-50-9); POTASSIUM CHROMATE(7789-00-6); STRONTIUM CHROMATE(7789-06-2) | §10.5에 범용 카테고리 문구('가연성 물질, 환원성 물질')만 있어 CASE 2 기준상 HAZARD-RELEVANT 단독 근거로 불충분(docs/hazard_relevant_sample_audit_2026-08-08.md)"
13477-36-6,CALCIUM PERCHLORATE,50,wave2,UNJUSTIFIED,"자동 그룹슬롯 보충 물질 — 자체 §10 근거 없음, 커리큘럼 근거 없음, 소속 그룹도 이미 회소하지 않음(다른 물질로 충분히 대표됨)","없음 (그룹 소속만 확인됨, 물질 단위 개별 근거 없음)",NONE,중복 검토(REMOVE/MERGE 후보),"동일 CAMEO 그룹조합 보유 물질 29종과 역할 중복 가능: POTASSIUM PERMANGANATE(7722-64-7); MAGNESIUM PERCHLORATE(10034-81-8); SODIUM PERMANGANATE(10101-50-5); CALCIUM PERMANGANATE(10118-76-0); OXYGEN(7782-44-7); MAGNESIUM CHLORATE(10326-21-3); ZINC CHLORATE(10361-95-2); T-BUTYL CHROMATE(1189-85-1); LEAD DIOXIDE(1309-60-0); ZINC PEROXIDE(1314-22-3); STRONTIUM PERCHLORATE(13450-97-0); LEAD PERCHLORATE(13637-76-8); BARIUM BROMATE(13967-90-3); ZINC BROMATE(14519-07-4); MAGNESIUM BROMATE(14519-17-6); BROMATES, INORGANIC, N.O.S.(15541-45-4); OSMIUM TETROXIDE(20816-12-0); ZINC PERMANGANATE(23414-72-4); TERT-BUTYL HYPOCHLORITE(507-40-4); LEAD TETRAACETATE(546-67-8); SELENIUM DIOXIDE(7446-08-4); SODIUM PERCHLORATE(7601-89-0); POTASSIUM PERSULFATE(7727-21-1); POTASSIUM BROMATE(7758-01-2); SODIUM PERSULFATE(7775-27-1); POTASSIUM PERCHLORATE(7778-74-7); BARIUM PERMANGANATE(7787-36-2); SODIUM BROMATE(7789-38-0); STRONTIUM CHLORATE(7791-10-8) | §10.5에 범용 카테고리 문구('가연성 물질, 환원성 물질')만 있어 CASE 2 기준상 HAZARD-RELEVANT 단독 근거로 불충분(docs/hazard_relevant_sample_audit_2026-08-08.md)"
13530-65-9,ZINC CHROMATE,50;61,wave2,UNJUSTIFIED,"자동 그룹슬롯 보충 물질 — 자체 §10 근거 없음, 커리큘럼 근거 없음, 소속 그룹도 이미 회소하지 않음(다른 물질로 충분히 대표됨)","없음 (그룹 소속만 확인됨, 물질 단위 개별 근거 없음)",NONE,중복 검토(REMOVE/MERGE 후보),"동일 CAMEO 그룹조합 보유 물질 15종과 역할 중복 가능: SODIUM CHROMATE TETRAHYDRATE(10034-82-9); CHLORINATED TRISODIUM PHOSPHATE(11084-85-8); BARIUM PEROXIDE(1304-29-6); CALCIUM PEROXIDE(1305-79-9); MANGANESE TETROXIDE(1317-35-7); BARIUM HYPOCHLORITE, WITH MORE THAN 22% AVAILABLE CHLORINE(13477-10-6); CALCIUM CHROMATE(13765-19-0); ZINC DICHROMATE(14018-95-2); LITHIUM CHROMATE(14307-35-8); MAGNESIUM PEROXIDE(14452-57-4); SODIUM CHLORITE(7758-19-2); LEAD CHROMATE(7758-97-6); POTASSIUM BICHROMATE(7778-50-9); POTASSIUM CHROMATE(7789-00-6); STRONTIUM CHROMATE(7789-06-2)"
13637-76-8,LEAD PERCHLORATE,50,wave2,UNJUSTIFIED,"자동 그룹슬롯 보충 물질 — 자체 §10 근거 없음, 커리큘럼 근거 없음, 소속 그룹도 이미 회소하지 않음(다른 물질로 충분히 대표됨)","없음 (그룹 소속만 확인됨, 물질 단위 개별 근거 없음)",NONE,중복 검토(REMOVE/MERGE 후보),"동일 CAMEO 그룹조합 보유 물질 29종과 역할 중복 가능: POTASSIUM PERMANGANATE(7722-64-7); MAGNESIUM PERCHLORATE(10034-81-8); SODIUM PERMANGANATE(10101-50-5); CALCIUM PERMANGANATE(10118-76-0); OXYGEN(7782-44-7); MAGNESIUM CHLORATE(10326-21-3); ZINC CHLORATE(10361-95-2); T-BUTYL CHROMATE(1189-85-1); LEAD DIOXIDE(1309-60-0); ZINC PEROXIDE(1314-22-3); STRONTIUM PERCHLORATE(13450-97-0); CALCIUM PERCHLORATE(13477-36-6); BARIUM BROMATE(13967-90-3); ZINC BROMATE(14519-07-4); MAGNESIUM BROMATE(14519-17-6); BROMATES, INORGANIC, N.O.S.(15541-45-4); OSMIUM TETROXIDE(20816-12-0); ZINC PERMANGANATE(23414-72-4); TERT-BUTYL HYPOCHLORITE(507-40-4); LEAD TETRAACETATE(546-67-8); SELENIUM DIOXIDE(7446-08-4); SODIUM PERCHLORATE(7601-89-0); POTASSIUM PERSULFATE(7727-21-1); POTASSIUM BROMATE(7758-01-2); SODIUM PERSULFATE(7775-27-1); POTASSIUM PERCHLORATE(7778-74-7); BARIUM PERMANGANATE(7787-36-2); SODIUM BROMATE(7789-38-0); STRONTIUM CHLORATE(7791-10-8) | §10.5에 범용 카테고리 문구('가연성 물질, 환원성 물질')만 있어 CASE 2 기준상 HAZARD-RELEVANT 단독 근거로 불충분(docs/hazard_relevant_sample_audit_2026-08-08.md)"
13765-19-0,CALCIUM CHROMATE,50;61,wave2,UNJUSTIFIED,"자동 그룹슬롯 보충 물질 — 자체 §10 근거 없음, 커리큘럼 근거 없음, 소속 그룹도 이미 회소하지 않음(다른 물질로 충분히 대표됨)","없음 (그룹 소속만 확인됨, 물질 단위 개별 근거 없음)",NONE,중복 검토(REMOVE/MERGE 후보),"동일 CAMEO 그룹조합 보유 물질 15종과 역할 중복 가능: SODIUM CHROMATE TETRAHYDRATE(10034-82-9); CHLORINATED TRISODIUM PHOSPHATE(11084-85-8); BARIUM PEROXIDE(1304-29-6); CALCIUM PEROXIDE(1305-79-9); MANGANESE TETROXIDE(1317-35-7); BARIUM HYPOCHLORITE, WITH MORE THAN 22% AVAILABLE CHLORINE(13477-10-6); ZINC CHROMATE(13530-65-9); ZINC DICHROMATE(14018-95-2); LITHIUM CHROMATE(14307-35-8); MAGNESIUM PEROXIDE(14452-57-4); SODIUM CHLORITE(7758-19-2); LEAD CHROMATE(7758-97-6); POTASSIUM BICHROMATE(7778-50-9); POTASSIUM CHROMATE(7789-00-6); STRONTIUM CHROMATE(7789-06-2)"
13967-90-3,BARIUM BROMATE,50,wave2,UNJUSTIFIED,"자동 그룹슬롯 보충 물질 — 자체 §10 근거 없음, 커리큘럼 근거 없음, 소속 그룹도 이미 회소하지 않음(다른 물질로 충분히 대표됨)","없음 (그룹 소속만 확인됨, 물질 단위 개별 근거 없음)",NONE,중복 검토(REMOVE/MERGE 후보),"동일 CAMEO 그룹조합 보유 물질 29종과 역할 중복 가능: POTASSIUM PERMANGANATE(7722-64-7); MAGNESIUM PERCHLORATE(10034-81-8); SODIUM PERMANGANATE(10101-50-5); CALCIUM PERMANGANATE(10118-76-0); OXYGEN(7782-44-7); MAGNESIUM CHLORATE(10326-21-3); ZINC CHLORATE(10361-95-2); T-BUTYL CHROMATE(1189-85-1); LEAD DIOXIDE(1309-60-0); ZINC PEROXIDE(1314-22-3); STRONTIUM PERCHLORATE(13450-97-0); CALCIUM PERCHLORATE(13477-36-6); LEAD PERCHLORATE(13637-76-8); ZINC BROMATE(14519-07-4); MAGNESIUM BROMATE(14519-17-6); BROMATES, INORGANIC, N.O.S.(15541-45-4); OSMIUM TETROXIDE(20816-12-0); ZINC PERMANGANATE(23414-72-4); TERT-BUTYL HYPOCHLORITE(507-40-4); LEAD TETRAACETATE(546-67-8); SELENIUM DIOXIDE(7446-08-4); SODIUM PERCHLORATE(7601-89-0); POTASSIUM PERSULFATE(7727-21-1); POTASSIUM BROMATE(7758-01-2); SODIUM PERSULFATE(7775-27-1); POTASSIUM PERCHLORATE(7778-74-7); BARIUM PERMANGANATE(7787-36-2); SODIUM BROMATE(7789-38-0); STRONTIUM CHLORATE(7791-10-8) | §10.5에 범용 카테고리 문구('가연성 물질, 환원성 물질')만 있어 CASE 2 기준상 HAZARD-RELEVANT 단독 근거로 불충분(docs/hazard_relevant_sample_audit_2026-08-08.md)"
14018-95-2,ZINC DICHROMATE,50;61,wave2,HAZARD-RELEVANT,"KOSHA MSDS §10.5(피해야 할 물질) 실측 구체적 물질군 근거 존재(combustible_reducing;metal), 위험상호작용: oxidizer",msds_sections §10.5 원문 재파싱 (금속/물/산화제 등 구체적 물질군),INDEPENDENT,유지 권고,
14307-35-8,LITHIUM CHROMATE,50;61,wave2,UNJUSTIFIED,"자동 그룹슬롯 보충 물질 — 자체 §10 근거 없음, 커리큘럼 근거 없음, 소속 그룹도 이미 회소하지 않음(다른 물질로 충분히 대표됨)","없음 (그룹 소속만 확인됨, 물질 단위 개별 근거 없음)",NONE,중복 검토(REMOVE/MERGE 후보),"동일 CAMEO 그룹조합 보유 물질 15종과 역할 중복 가능: SODIUM CHROMATE TETRAHYDRATE(10034-82-9); CHLORINATED TRISODIUM PHOSPHATE(11084-85-8); BARIUM PEROXIDE(1304-29-6); CALCIUM PEROXIDE(1305-79-9); MANGANESE TETROXIDE(1317-35-7); BARIUM HYPOCHLORITE, WITH MORE THAN 22% AVAILABLE CHLORINE(13477-10-6); ZINC CHROMATE(13530-65-9); CALCIUM CHROMATE(13765-19-0); ZINC DICHROMATE(14018-95-2); MAGNESIUM PEROXIDE(14452-57-4); SODIUM CHLORITE(7758-19-2); LEAD CHROMATE(7758-97-6); POTASSIUM BICHROMATE(7778-50-9); POTASSIUM CHROMATE(7789-00-6); STRONTIUM CHROMATE(7789-06-2) | §10.5에 범용 카테고리 문구('가연성 물질, 환원성 물질')만 있어 CASE 2 기준상 HAZARD-RELEVANT 단독 근거로 불충분(docs/hazard_relevant_sample_audit_2026-08-08.md)"
14452-57-4,MAGNESIUM PEROXIDE,50;61,wave2,UNJUSTIFIED,"자동 그룹슬롯 보충 물질 — 자체 §10 근거 없음, 커리큘럼 근거 없음, 소속 그룹도 이미 회소하지 않음(다른 물질로 충분히 대표됨)","없음 (그룹 소속만 확인됨, 물질 단위 개별 근거 없음)",NONE,중복 검토(REMOVE/MERGE 후보),"동일 CAMEO 그룹조합 보유 물질 15종과 역할 중복 가능: SODIUM CHROMATE TETRAHYDRATE(10034-82-9); CHLORINATED TRISODIUM PHOSPHATE(11084-85-8); BARIUM PEROXIDE(1304-29-6); CALCIUM PEROXIDE(1305-79-9); MANGANESE TETROXIDE(1317-35-7); BARIUM HYPOCHLORITE, WITH MORE THAN 22% AVAILABLE CHLORINE(13477-10-6); ZINC CHROMATE(13530-65-9); CALCIUM CHROMATE(13765-19-0); ZINC DICHROMATE(14018-95-2); LITHIUM CHROMATE(14307-35-8); SODIUM CHLORITE(7758-19-2); LEAD CHROMATE(7758-97-6); POTASSIUM BICHROMATE(7778-50-9); POTASSIUM CHROMATE(7789-00-6); STRONTIUM CHROMATE(7789-06-2) | §10.5에 범용 카테고리 문구('가연성 물질, 환원성 물질')만 있어 CASE 2 기준상 HAZARD-RELEVANT 단독 근거로 불충분(docs/hazard_relevant_sample_audit_2026-08-08.md)"
14519-07-4,ZINC BROMATE,50,wave2,UNJUSTIFIED,"자동 그룹슬롯 보충 물질 — 자체 §10 근거 없음, 커리큘럼 근거 없음, 소속 그룹도 이미 회소하지 않음(다른 물질로 충분히 대표됨)","없음 (그룹 소속만 확인됨, 물질 단위 개별 근거 없음)",NONE,중복 검토(REMOVE/MERGE 후보),"동일 CAMEO 그룹조합 보유 물질 29종과 역할 중복 가능: POTASSIUM PERMANGANATE(7722-64-7); MAGNESIUM PERCHLORATE(10034-81-8); SODIUM PERMANGANATE(10101-50-5); CALCIUM PERMANGANATE(10118-76-0); OXYGEN(7782-44-7); MAGNESIUM CHLORATE(10326-21-3); ZINC CHLORATE(10361-95-2); T-BUTYL CHROMATE(1189-85-1); LEAD DIOXIDE(1309-60-0); ZINC PEROXIDE(1314-22-3); STRONTIUM PERCHLORATE(13450-97-0); CALCIUM PERCHLORATE(13477-36-6); LEAD PERCHLORATE(13637-76-8); BARIUM BROMATE(13967-90-3); MAGNESIUM BROMATE(14519-17-6); BROMATES, INORGANIC, N.O.S.(15541-45-4); OSMIUM TETROXIDE(20816-12-0); ZINC PERMANGANATE(23414-72-4); TERT-BUTYL HYPOCHLORITE(507-40-4); LEAD TETRAACETATE(546-67-8); SELENIUM DIOXIDE(7446-08-4); SODIUM PERCHLORATE(7601-89-0); POTASSIUM PERSULFATE(7727-21-1); POTASSIUM BROMATE(7758-01-2); SODIUM PERSULFATE(7775-27-1); POTASSIUM PERCHLORATE(7778-74-7); BARIUM PERMANGANATE(7787-36-2); SODIUM BROMATE(7789-38-0); STRONTIUM CHLORATE(7791-10-8)"
14519-17-6,MAGNESIUM BROMATE,50,wave2,UNJUSTIFIED,"자동 그룹슬롯 보충 물질 — 자체 §10 근거 없음, 커리큘럼 근거 없음, 소속 그룹도 이미 회소하지 않음(다른 물질로 충분히 대표됨)","없음 (그룹 소속만 확인됨, 물질 단위 개별 근거 없음)",NONE,중복 검토(REMOVE/MERGE 후보),"동일 CAMEO 그룹조합 보유 물질 29종과 역할 중복 가능: POTASSIUM PERMANGANATE(7722-64-7); MAGNESIUM PERCHLORATE(10034-81-8); SODIUM PERMANGANATE(10101-50-5); CALCIUM PERMANGANATE(10118-76-0); OXYGEN(7782-44-7); MAGNESIUM CHLORATE(10326-21-3); ZINC CHLORATE(10361-95-2); T-BUTYL CHROMATE(1189-85-1); LEAD DIOXIDE(1309-60-0); ZINC PEROXIDE(1314-22-3); STRONTIUM PERCHLORATE(13450-97-0); CALCIUM PERCHLORATE(13477-36-6); LEAD PERCHLORATE(13637-76-8); BARIUM BROMATE(13967-90-3); ZINC BROMATE(14519-07-4); BROMATES, INORGANIC, N.O.S.(15541-45-4); OSMIUM TETROXIDE(20816-12-0); ZINC PERMANGANATE(23414-72-4); TERT-BUTYL HYPOCHLORITE(507-40-4); LEAD TETRAACETATE(546-67-8); SELENIUM DIOXIDE(7446-08-4); SODIUM PERCHLORATE(7601-89-0); POTASSIUM PERSULFATE(7727-21-1); POTASSIUM BROMATE(7758-01-2); SODIUM PERSULFATE(7775-27-1); POTASSIUM PERCHLORATE(7778-74-7); BARIUM PERMANGANATE(7787-36-2); SODIUM BROMATE(7789-38-0); STRONTIUM CHLORATE(7791-10-8) | §10.5에 범용 카테고리 문구('가연성 물질, 환원성 물질')만 있어 CASE 2 기준상 HAZARD-RELEVANT 단독 근거로 불충분(docs/hazard_relevant_sample_audit_2026-08-08.md)"
146-84-9,"SILVER PICRATE, WETTED WITH NOT LESS THAN 30% WATER",46;50;54;68,wave2,UNJUSTIFIED,"자동 그룹슬롯 보충 물질 — 자체 §10 근거 없음, 커리큘럼 근거 없음, 소속 그룹도 이미 회소하지 않음(다른 물질로 충분히 대표됨)","없음 (그룹 소속만 확인됨, 물질 단위 개별 근거 없음)",NONE,근거 부족/검토,"그룹조합 자체는 426종 내 유일하나, 그룹이 회소하지 않거나(그룹 내 다른 대표물질 이미 존재) 개별 위험성 근거가 아직 확인되지 않음"
14977-61-8,CHROMIUM OXYCHLORIDE,32;50,wave2,HAZARD-RELEVANT,"KOSHA MSDS §10.5(피해야 할 물질) 실측 구체적 물질군 근거 존재(combustible_reducing;metal;water), 위험상호작용: oxidizer",msds_sections §10.5 원문 재파싱 (금속/물/산화제 등 구체적 물질군),INDEPENDENT,유지 권고,
15541-45-4,"BROMATES, INORGANIC, N.O.S.",50,wave2,UNJUSTIFIED,"자동 그룹슬롯 보충 물질 — 자체 §10 근거 없음, 커리큘럼 근거 없음, 소속 그룹도 이미 회소하지 않음(다른 물질로 충분히 대표됨)","없음 (그룹 소속만 확인됨, 물질 단위 개별 근거 없음)",NONE,중복 검토(REMOVE/MERGE 후보),"동일 CAMEO 그룹조합 보유 물질 29종과 역할 중복 가능: POTASSIUM PERMANGANATE(7722-64-7); MAGNESIUM PERCHLORATE(10034-81-8); SODIUM PERMANGANATE(10101-50-5); CALCIUM PERMANGANATE(10118-76-0); OXYGEN(7782-44-7); MAGNESIUM CHLORATE(10326-21-3); ZINC CHLORATE(10361-95-2); T-BUTYL CHROMATE(1189-85-1); LEAD DIOXIDE(1309-60-0); ZINC PEROXIDE(1314-22-3); STRONTIUM PERCHLORATE(13450-97-0); CALCIUM PERCHLORATE(13477-36-6); LEAD PERCHLORATE(13637-76-8); BARIUM BROMATE(13967-90-3); ZINC BROMATE(14519-07-4); MAGNESIUM BROMATE(14519-17-6); OSMIUM TETROXIDE(20816-12-0); ZINC PERMANGANATE(23414-72-4); TERT-BUTYL HYPOCHLORITE(507-40-4); LEAD TETRAACETATE(546-67-8); SELENIUM DIOXIDE(7446-08-4); SODIUM PERCHLORATE(7601-89-0); POTASSIUM PERSULFATE(7727-21-1); POTASSIUM BROMATE(7758-01-2); SODIUM PERSULFATE(7775-27-1); POTASSIUM PERCHLORATE(7778-74-7); BARIUM PERMANGANATE(7787-36-2); SODIUM BROMATE(7789-38-0); STRONTIUM CHLORATE(7791-10-8) | §10.5에 범용 카테고리 문구('가연성 물질, 환원성 물질')만 있어 CASE 2 기준상 HAZARD-RELEVANT 단독 근거로 불충분(docs/hazard_relevant_sample_audit_2026-08-08.md)"
17014-71-0,POTASSIUM PEROXIDE,18;50,wave2,HAZARD-RELEVANT,"KOSHA MSDS §10.5(피해야 할 물질) 실측 구체적 물질군 근거 존재(combustible_reducing;metal;water), 위험상호작용: oxidizer",msds_sections §10.5 원문 재파싱 (금속/물/산화제 등 구체적 물질군),INDEPENDENT,유지 권고,
20816-12-0,OSMIUM TETROXIDE,50,wave2,HAZARD-RELEVANT,"KOSHA MSDS §10.5(피해야 할 물질) 실측 구체적 물질군 근거 존재(combustible_reducing;metal), 위험상호작용: oxidizer",msds_sections §10.5 원문 재파싱 (금속/물/산화제 등 구체적 물질군),INDEPENDENT,유지 권고,
2244-21-5,"POTASSIUM DICHLORO-S-TRIAZINETRIONE, DRY",7;32;50;60,wave2,UNJUSTIFIED,"자동 그룹슬롯 보충 물질 — 자체 §10 근거 없음, 커리큘럼 근거 없음, 소속 그룹도 이미 회소하지 않음(다른 물질로 충분히 대표됨)","없음 (그룹 소속만 확인됨, 물질 단위 개별 근거 없음)",NONE,중복 검토(REMOVE/MERGE 후보),"동일 CAMEO 그룹조합 보유 물질 2종과 역할 중복 가능: SODIUM DICHLORO-S-TRIAZINETRIONE(2893-78-9); TRICHLORO-S-TRIAZINETRIONE, DRY(87-90-1) | §10.5에 범용 카테고리 문구('가연성 물질, 환원성 물질')만 있어 CASE 2 기준상 HAZARD-RELEVANT 단독 근거로 불충분(docs/hazard_relevant_sample_audit_2026-08-08.md)"
23414-72-4,ZINC PERMANGANATE,50,wave2,UNJUSTIFIED,"자동 그룹슬롯 보충 물질 — 자체 §10 근거 없음, 커리큘럼 근거 없음, 소속 그룹도 이미 회소하지 않음(다른 물질로 충분히 대표됨)","없음 (그룹 소속만 확인됨, 물질 단위 개별 근거 없음)",NONE,중복 검토(REMOVE/MERGE 후보),"동일 CAMEO 그룹조합 보유 물질 29종과 역할 중복 가능: POTASSIUM PERMANGANATE(7722-64-7); MAGNESIUM PERCHLORATE(10034-81-8); SODIUM PERMANGANATE(10101-50-5); CALCIUM PERMANGANATE(10118-76-0); OXYGEN(7782-44-7); MAGNESIUM CHLORATE(10326-21-3); ZINC CHLORATE(10361-95-2); T-BUTYL CHROMATE(1189-85-1); LEAD DIOXIDE(1309-60-0); ZINC PEROXIDE(1314-22-3); STRONTIUM PERCHLORATE(13450-97-0); CALCIUM PERCHLORATE(13477-36-6); LEAD PERCHLORATE(13637-76-8); BARIUM BROMATE(13967-90-3); ZINC BROMATE(14519-07-4); MAGNESIUM BROMATE(14519-17-6); BROMATES, INORGANIC, N.O.S.(15541-45-4); OSMIUM TETROXIDE(20816-12-0); TERT-BUTYL HYPOCHLORITE(507-40-4); LEAD TETRAACETATE(546-67-8); SELENIUM DIOXIDE(7446-08-4); SODIUM PERCHLORATE(7601-89-0); POTASSIUM PERSULFATE(7727-21-1); POTASSIUM BROMATE(7758-01-2); SODIUM PERSULFATE(7775-27-1); POTASSIUM PERCHLORATE(7778-74-7); BARIUM PERMANGANATE(7787-36-2); SODIUM BROMATE(7789-38-0); STRONTIUM CHLORATE(7791-10-8)"
2782-57-2,"DICHLOROISOCYANURIC ACID, DRY",7;32;50,wave2,UNJUSTIFIED,"자동 그룹슬롯 보충 물질 — 자체 §10 근거 없음, 커리큘럼 근거 없음, 소속 그룹도 이미 회소하지 않음(다른 물질로 충분히 대표됨)","없음 (그룹 소속만 확인됨, 물질 단위 개별 근거 없음)",NONE,중복 검토(REMOVE/MERGE 후보),"동일 CAMEO 그룹조합 보유 물질 1종과 역할 중복 가능: 1,3-DICHLORO-5,5-DIMETHYLHYDANTOIN(118-52-5) | §10.5에 범용 카테고리 문구('가연성 물질, 환원성 물질')만 있어 CASE 2 기준상 HAZARD-RELEVANT 단독 근거로 불충분(docs/hazard_relevant_sample_audit_2026-08-08.md)"
2893-78-9,SODIUM DICHLORO-S-TRIAZINETRIONE,7;32;50;60,wave2,UNJUSTIFIED,"자동 그룹슬롯 보충 물질 — 자체 §10 근거 없음, 커리큘럼 근거 없음, 소속 그룹도 이미 회소하지 않음(다른 물질로 충분히 대표됨)","없음 (그룹 소속만 확인됨, 물질 단위 개별 근거 없음)",NONE,중복 검토(REMOVE/MERGE 후보),"동일 CAMEO 그룹조합 보유 물질 2종과 역할 중복 가능: POTASSIUM DICHLORO-S-TRIAZINETRIONE, DRY(2244-21-5); TRICHLORO-S-TRIAZINETRIONE, DRY(87-90-1)"
3811-04-9,POTASSIUM CHLORATE,50;68,wave2,UNJUSTIFIED,"자동 그룹슬롯 보충 물질 — 자체 §10 근거 없음, 커리큘럼 근거 없음, 소속 그룹도 이미 회소하지 않음(다른 물질로 충분히 대표됨)","없음 (그룹 소속만 확인됨, 물질 단위 개별 근거 없음)",NONE,중복 검토(REMOVE/MERGE 후보),"동일 CAMEO 그룹조합 보유 물질 2종과 역할 중복 가능: HYDROGEN PEROXIDE(7722-84-1); SODIUM CHLORATE(7775-09-9) | §10.5에 범용 카테고리 문구('가연성 물질, 환원성 물질')만 있어 CASE 2 기준상 HAZARD-RELEVANT 단독 근거로 불충분(docs/hazard_relevant_sample_audit_2026-08-08.md)"
507-40-4,TERT-BUTYL HYPOCHLORITE,50,wave2,UNJUSTIFIED,"자동 그룹슬롯 보충 물질 — 자체 §10 근거 없음, 커리큘럼 근거 없음, 소속 그룹도 이미 회소하지 않음(다른 물질로 충분히 대표됨)","없음 (그룹 소속만 확인됨, 물질 단위 개별 근거 없음)",NONE,중복 검토(REMOVE/MERGE 후보),"동일 CAMEO 그룹조합 보유 물질 29종과 역할 중복 가능: POTASSIUM PERMANGANATE(7722-64-7); MAGNESIUM PERCHLORATE(10034-81-8); SODIUM PERMANGANATE(10101-50-5); CALCIUM PERMANGANATE(10118-76-0); OXYGEN(7782-44-7); MAGNESIUM CHLORATE(10326-21-3); ZINC CHLORATE(10361-95-2); T-BUTYL CHROMATE(1189-85-1); LEAD DIOXIDE(1309-60-0); ZINC PEROXIDE(1314-22-3); STRONTIUM PERCHLORATE(13450-97-0); CALCIUM PERCHLORATE(13477-36-6); LEAD PERCHLORATE(13637-76-8); BARIUM BROMATE(13967-90-3); ZINC BROMATE(14519-07-4); MAGNESIUM BROMATE(14519-17-6); BROMATES, INORGANIC, N.O.S.(15541-45-4); OSMIUM TETROXIDE(20816-12-0); ZINC PERMANGANATE(23414-72-4); LEAD TETRAACETATE(546-67-8); SELENIUM DIOXIDE(7446-08-4); SODIUM PERCHLORATE(7601-89-0); POTASSIUM PERSULFATE(7727-21-1); POTASSIUM BROMATE(7758-01-2); SODIUM PERSULFATE(7775-27-1); POTASSIUM PERCHLORATE(7778-74-7); BARIUM PERMANGANATE(7787-36-2); SODIUM BROMATE(7789-38-0); STRONTIUM CHLORATE(7791-10-8)"
546-67-8,LEAD TETRAACETATE,50,wave2,UNJUSTIFIED,"자동 그룹슬롯 보충 물질 — 자체 §10 근거 없음, 커리큘럼 근거 없음, 소속 그룹도 이미 회소하지 않음(다른 물질로 충분히 대표됨)","없음 (그룹 소속만 확인됨, 물질 단위 개별 근거 없음)",NONE,중복 검토(REMOVE/MERGE 후보),"동일 CAMEO 그룹조합 보유 물질 29종과 역할 중복 가능: POTASSIUM PERMANGANATE(7722-64-7); MAGNESIUM PERCHLORATE(10034-81-8); SODIUM PERMANGANATE(10101-50-5); CALCIUM PERMANGANATE(10118-76-0); OXYGEN(7782-44-7); MAGNESIUM CHLORATE(10326-21-3); ZINC CHLORATE(10361-95-2); T-BUTYL CHROMATE(1189-85-1); LEAD DIOXIDE(1309-60-0); ZINC PEROXIDE(1314-22-3); STRONTIUM PERCHLORATE(13450-97-0); CALCIUM PERCHLORATE(13477-36-6); LEAD PERCHLORATE(13637-76-8); BARIUM BROMATE(13967-90-3); ZINC BROMATE(14519-07-4); MAGNESIUM BROMATE(14519-17-6); BROMATES, INORGANIC, N.O.S.(15541-45-4); OSMIUM TETROXIDE(20816-12-0); ZINC PERMANGANATE(23414-72-4); TERT-BUTYL HYPOCHLORITE(507-40-4); SELENIUM DIOXIDE(7446-08-4); SODIUM PERCHLORATE(7601-89-0); POTASSIUM PERSULFATE(7727-21-1); POTASSIUM BROMATE(7758-01-2); SODIUM PERSULFATE(7775-27-1); POTASSIUM PERCHLORATE(7778-74-7); BARIUM PERMANGANATE(7787-36-2); SODIUM BROMATE(7789-38-0); STRONTIUM CHLORATE(7791-10-8)"
7446-08-4,SELENIUM DIOXIDE,50,wave2,HAZARD-RELEVANT,"KOSHA MSDS §10.5(피해야 할 물질) 실측 구체적 물질군 근거 존재(combustible_reducing;metal), 위험상호작용: oxidizer",msds_sections §10.5 원문 재파싱 (금속/물/산화제 등 구체적 물질군),INDEPENDENT,유지 권고,
7601-89-0,SODIUM PERCHLORATE,50,wave2,UNJUSTIFIED,"자동 그룹슬롯 보충 물질 — 자체 §10 근거 없음, 커리큘럼 근거 없음, 소속 그룹도 이미 회소하지 않음(다른 물질로 충분히 대표됨)","없음 (그룹 소속만 확인됨, 물질 단위 개별 근거 없음)",NONE,중복 검토(REMOVE/MERGE 후보),"동일 CAMEO 그룹조합 보유 물질 29종과 역할 중복 가능: POTASSIUM PERMANGANATE(7722-64-7); MAGNESIUM PERCHLORATE(10034-81-8); SODIUM PERMANGANATE(10101-50-5); CALCIUM PERMANGANATE(10118-76-0); OXYGEN(7782-44-7); MAGNESIUM CHLORATE(10326-21-3); ZINC CHLORATE(10361-95-2); T-BUTYL CHROMATE(1189-85-1); LEAD DIOXIDE(1309-60-0); ZINC PEROXIDE(1314-22-3); STRONTIUM PERCHLORATE(13450-97-0); CALCIUM PERCHLORATE(13477-36-6); LEAD PERCHLORATE(13637-76-8); BARIUM BROMATE(13967-90-3); ZINC BROMATE(14519-07-4); MAGNESIUM BROMATE(14519-17-6); BROMATES, INORGANIC, N.O.S.(15541-45-4); OSMIUM TETROXIDE(20816-12-0); ZINC PERMANGANATE(23414-72-4); TERT-BUTYL HYPOCHLORITE(507-40-4); LEAD TETRAACETATE(546-67-8); SELENIUM DIOXIDE(7446-08-4); POTASSIUM PERSULFATE(7727-21-1); POTASSIUM BROMATE(7758-01-2); SODIUM PERSULFATE(7775-27-1); POTASSIUM PERCHLORATE(7778-74-7); BARIUM PERMANGANATE(7787-36-2); SODIUM BROMATE(7789-38-0); STRONTIUM CHLORATE(7791-10-8) | §10.5에 범용 카테고리 문구('가연성 물질, 환원성 물질')만 있어 CASE 2 기준상 HAZARD-RELEVANT 단독 근거로 불충분(docs/hazard_relevant_sample_audit_2026-08-08.md)"
7727-21-1,POTASSIUM PERSULFATE,50,wave2,UNJUSTIFIED,"자동 그룹슬롯 보충 물질 — 자체 §10 근거 없음, 커리큘럼 근거 없음, 소속 그룹도 이미 회소하지 않음(다른 물질로 충분히 대표됨)","없음 (그룹 소속만 확인됨, 물질 단위 개별 근거 없음)",NONE,중복 검토(REMOVE/MERGE 후보),"동일 CAMEO 그룹조합 보유 물질 29종과 역할 중복 가능: POTASSIUM PERMANGANATE(7722-64-7); MAGNESIUM PERCHLORATE(10034-81-8); SODIUM PERMANGANATE(10101-50-5); CALCIUM PERMANGANATE(10118-76-0); OXYGEN(7782-44-7); MAGNESIUM CHLORATE(10326-21-3); ZINC CHLORATE(10361-95-2); T-BUTYL CHROMATE(1189-85-1); LEAD DIOXIDE(1309-60-0); ZINC PEROXIDE(1314-22-3); STRONTIUM PERCHLORATE(13450-97-0); CALCIUM PERCHLORATE(13477-36-6); LEAD PERCHLORATE(13637-76-8); BARIUM BROMATE(13967-90-3); ZINC BROMATE(14519-07-4); MAGNESIUM BROMATE(14519-17-6); BROMATES, INORGANIC, N.O.S.(15541-45-4); OSMIUM TETROXIDE(20816-12-0); ZINC PERMANGANATE(23414-72-4); TERT-BUTYL HYPOCHLORITE(507-40-4); LEAD TETRAACETATE(546-67-8); SELENIUM DIOXIDE(7446-08-4); SODIUM PERCHLORATE(7601-89-0); POTASSIUM BROMATE(7758-01-2); SODIUM PERSULFATE(7775-27-1); POTASSIUM PERCHLORATE(7778-74-7); BARIUM PERMANGANATE(7787-36-2); SODIUM BROMATE(7789-38-0); STRONTIUM CHLORATE(7791-10-8) | §10.5에 범용 카테고리 문구('가연성 물질, 환원성 물질')만 있어 CASE 2 기준상 HAZARD-RELEVANT 단독 근거로 불충분(docs/hazard_relevant_sample_audit_2026-08-08.md)"
7727-54-0,AMMONIUM PERSULFATE,50;60,wave2,UNJUSTIFIED,"자동 그룹슬롯 보충 물질 — 자체 §10 근거 없음, 커리큘럼 근거 없음, 소속 그룹도 이미 회소하지 않음(다른 물질로 충분히 대표됨)","없음 (그룹 소속만 확인됨, 물질 단위 개별 근거 없음)",NONE,중복 검토(REMOVE/MERGE 후보),"동일 CAMEO 그룹조합 보유 물질 4종과 역할 중복 가능: VANADIUM PENTOXIDE(1314-62-1); AMMONIUM PERMANGANATE(13446-10-1); AMMONIUM DICHROMATE(7789-09-5); AMMONIUM PERCHLORATE(7790-98-9) | §10.5에 범용 카테고리 문구('가연성 물질, 환원성 물질')만 있어 CASE 2 기준상 HAZARD-RELEVANT 단독 근거로 불충분(docs/hazard_relevant_sample_audit_2026-08-08.md)"
7758-01-2,POTASSIUM BROMATE,50,wave2,UNJUSTIFIED,"자동 그룹슬롯 보충 물질 — 자체 §10 근거 없음, 커리큘럼 근거 없음, 소속 그룹도 이미 회소하지 않음(다른 물질로 충분히 대표됨)","없음 (그룹 소속만 확인됨, 물질 단위 개별 근거 없음)",NONE,중복 검토(REMOVE/MERGE 후보),"동일 CAMEO 그룹조합 보유 물질 29종과 역할 중복 가능: POTASSIUM PERMANGANATE(7722-64-7); MAGNESIUM PERCHLORATE(10034-81-8); SODIUM PERMANGANATE(10101-50-5); CALCIUM PERMANGANATE(10118-76-0); OXYGEN(7782-44-7); MAGNESIUM CHLORATE(10326-21-3); ZINC CHLORATE(10361-95-2); T-BUTYL CHROMATE(1189-85-1); LEAD DIOXIDE(1309-60-0); ZINC PEROXIDE(1314-22-3); STRONTIUM PERCHLORATE(13450-97-0); CALCIUM PERCHLORATE(13477-36-6); LEAD PERCHLORATE(13637-76-8); BARIUM BROMATE(13967-90-3); ZINC BROMATE(14519-07-4); MAGNESIUM BROMATE(14519-17-6); BROMATES, INORGANIC, N.O.S.(15541-45-4); OSMIUM TETROXIDE(20816-12-0); ZINC PERMANGANATE(23414-72-4); TERT-BUTYL HYPOCHLORITE(507-40-4); LEAD TETRAACETATE(546-67-8); SELENIUM DIOXIDE(7446-08-4); SODIUM PERCHLORATE(7601-89-0); POTASSIUM PERSULFATE(7727-21-1); SODIUM PERSULFATE(7775-27-1); POTASSIUM PERCHLORATE(7778-74-7); BARIUM PERMANGANATE(7787-36-2); SODIUM BROMATE(7789-38-0); STRONTIUM CHLORATE(7791-10-8) | §10.5에 범용 카테고리 문구('가연성 물질, 환원성 물질')만 있어 CASE 2 기준상 HAZARD-RELEVANT 단독 근거로 불충분(docs/hazard_relevant_sample_audit_2026-08-08.md)"
7758-19-2,SODIUM CHLORITE,50;61,wave2,HAZARD-RELEVANT,"KOSHA MSDS §10.5(피해야 할 물질) 실측 구체적 물질군 근거 존재(combustible_reducing;water), 위험상호작용: oxidizer",msds_sections §10.5 원문 재파싱 (금속/물/산화제 등 구체적 물질군),INDEPENDENT,유지 권고,
7758-97-6,LEAD CHROMATE,50;61,wave2,HAZARD-RELEVANT,"KOSHA MSDS §10.5(피해야 할 물질) 실측 구체적 물질군 근거 존재(combustible_reducing;metal), 위험상호작용: oxidizer",msds_sections §10.5 원문 재파싱 (금속/물/산화제 등 구체적 물질군),INDEPENDENT,유지 권고,
7775-09-9,SODIUM CHLORATE,50;68,wave2,UNJUSTIFIED,"자동 그룹슬롯 보충 물질 — 자체 §10 근거 없음, 커리큘럼 근거 없음, 소속 그룹도 이미 회소하지 않음(다른 물질로 충분히 대표됨)","없음 (그룹 소속만 확인됨, 물질 단위 개별 근거 없음)",NONE,중복 검토(REMOVE/MERGE 후보),"동일 CAMEO 그룹조합 보유 물질 2종과 역할 중복 가능: HYDROGEN PEROXIDE(7722-84-1); POTASSIUM CHLORATE(3811-04-9) | §10.5에 범용 카테고리 문구('가연성 물질, 환원성 물질')만 있어 CASE 2 기준상 HAZARD-RELEVANT 단독 근거로 불충분(docs/hazard_relevant_sample_audit_2026-08-08.md)"
7775-11-3,SODIUM CHROMATE,50;61;68,wave2,UNJUSTIFIED,"자동 그룹슬롯 보충 물질 — 자체 §10 근거 없음, 커리큘럼 근거 없음, 소속 그룹도 이미 회소하지 않음(다른 물질로 충분히 대표됨)","없음 (그룹 소속만 확인됨, 물질 단위 개별 근거 없음)",NONE,중복 검토(REMOVE/MERGE 후보),동일 CAMEO 그룹조합 보유 물질 2종과 역할 중복 가능: CALCIUM CHLORATE(10137-74-3); POTASSIUM HYPOCHLORITE SOLUTION(7778-66-7)
7775-27-1,SODIUM PERSULFATE,50,wave2,UNJUSTIFIED,"자동 그룹슬롯 보충 물질 — 자체 §10 근거 없음, 커리큘럼 근거 없음, 소속 그룹도 이미 회소하지 않음(다른 물질로 충분히 대표됨)","없음 (그룹 소속만 확인됨, 물질 단위 개별 근거 없음)",NONE,중복 검토(REMOVE/MERGE 후보),"동일 CAMEO 그룹조합 보유 물질 29종과 역할 중복 가능: POTASSIUM PERMANGANATE(7722-64-7); MAGNESIUM PERCHLORATE(10034-81-8); SODIUM PERMANGANATE(10101-50-5); CALCIUM PERMANGANATE(10118-76-0); OXYGEN(7782-44-7); MAGNESIUM CHLORATE(10326-21-3); ZINC CHLORATE(10361-95-2); T-BUTYL CHROMATE(1189-85-1); LEAD DIOXIDE(1309-60-0); ZINC PEROXIDE(1314-22-3); STRONTIUM PERCHLORATE(13450-97-0); CALCIUM PERCHLORATE(13477-36-6); LEAD PERCHLORATE(13637-76-8); BARIUM BROMATE(13967-90-3); ZINC BROMATE(14519-07-4); MAGNESIUM BROMATE(14519-17-6); BROMATES, INORGANIC, N.O.S.(15541-45-4); OSMIUM TETROXIDE(20816-12-0); ZINC PERMANGANATE(23414-72-4); TERT-BUTYL HYPOCHLORITE(507-40-4); LEAD TETRAACETATE(546-67-8); SELENIUM DIOXIDE(7446-08-4); SODIUM PERCHLORATE(7601-89-0); POTASSIUM PERSULFATE(7727-21-1); POTASSIUM BROMATE(7758-01-2); POTASSIUM PERCHLORATE(7778-74-7); BARIUM PERMANGANATE(7787-36-2); SODIUM BROMATE(7789-38-0); STRONTIUM CHLORATE(7791-10-8) | §10.5에 범용 카테고리 문구('가연성 물질, 환원성 물질')만 있어 CASE 2 기준상 HAZARD-RELEVANT 단독 근거로 불충분(docs/hazard_relevant_sample_audit_2026-08-08.md)"
7778-50-9,POTASSIUM BICHROMATE,50;61,wave2,UNJUSTIFIED,"자동 그룹슬롯 보충 물질 — 자체 §10 근거 없음, 커리큘럼 근거 없음, 소속 그룹도 이미 회소하지 않음(다른 물질로 충분히 대표됨)","없음 (그룹 소속만 확인됨, 물질 단위 개별 근거 없음)",NONE,중복 검토(REMOVE/MERGE 후보),"동일 CAMEO 그룹조합 보유 물질 15종과 역할 중복 가능: SODIUM CHROMATE TETRAHYDRATE(10034-82-9); CHLORINATED TRISODIUM PHOSPHATE(11084-85-8); BARIUM PEROXIDE(1304-29-6); CALCIUM PEROXIDE(1305-79-9); MANGANESE TETROXIDE(1317-35-7); BARIUM HYPOCHLORITE, WITH MORE THAN 22% AVAILABLE CHLORINE(13477-10-6); ZINC CHROMATE(13530-65-9); CALCIUM CHROMATE(13765-19-0); ZINC DICHROMATE(14018-95-2); LITHIUM CHROMATE(14307-35-8); MAGNESIUM PEROXIDE(14452-57-4); SODIUM CHLORITE(7758-19-2); LEAD CHROMATE(7758-97-6); POTASSIUM CHROMATE(7789-00-6); STRONTIUM CHROMATE(7789-06-2)"
7778-54-3,CALCIUM HYPOCHLORITE,18;50;61;68,wave2,UNJUSTIFIED,"자동 그룹슬롯 보충 물질 — 자체 §10 근거 없음, 커리큘럼 근거 없음, 소속 그룹도 이미 회소하지 않음(다른 물질로 충분히 대표됨)","없음 (그룹 소속만 확인됨, 물질 단위 개별 근거 없음)",NONE,근거 부족/검토,"그룹조합 자체는 426종 내 유일하나, 그룹이 회소하지 않거나(그룹 내 다른 대표물질 이미 존재) 개별 위험성 근거가 아직 확인되지 않음 | §10.5에 범용 카테고리 문구('가연성 물질, 환원성 물질')만 있어 CASE 2 기준상 HAZARD-RELEVANT 단독 근거로 불충분(docs/hazard_relevant_sample_audit_2026-08-08.md)"
7778-66-7,POTASSIUM HYPOCHLORITE SOLUTION,50;61;68,wave2,HAZARD-RELEVANT,"KOSHA MSDS §10.5(피해야 할 물질) 실측 구체적 물질군 근거 존재(combustible_reducing;metal), 위험상호작용: oxidizer;water",msds_sections §10.5 원문 재파싱 (금속/물/산화제 등 구체적 물질군),INDEPENDENT,유지 권고,
7778-74-7,POTASSIUM PERCHLORATE,50,wave2,UNJUSTIFIED,"자동 그룹슬롯 보충 물질 — 자체 §10 근거 없음, 커리큘럼 근거 없음, 소속 그룹도 이미 회소하지 않음(다른 물질로 충분히 대표됨)","없음 (그룹 소속만 확인됨, 물질 단위 개별 근거 없음)",NONE,중복 검토(REMOVE/MERGE 후보),"동일 CAMEO 그룹조합 보유 물질 29종과 역할 중복 가능: POTASSIUM PERMANGANATE(7722-64-7); MAGNESIUM PERCHLORATE(10034-81-8); SODIUM PERMANGANATE(10101-50-5); CALCIUM PERMANGANATE(10118-76-0); OXYGEN(7782-44-7); MAGNESIUM CHLORATE(10326-21-3); ZINC CHLORATE(10361-95-2); T-BUTYL CHROMATE(1189-85-1); LEAD DIOXIDE(1309-60-0); ZINC PEROXIDE(1314-22-3); STRONTIUM PERCHLORATE(13450-97-0); CALCIUM PERCHLORATE(13477-36-6); LEAD PERCHLORATE(13637-76-8); BARIUM BROMATE(13967-90-3); ZINC BROMATE(14519-07-4); MAGNESIUM BROMATE(14519-17-6); BROMATES, INORGANIC, N.O.S.(15541-45-4); OSMIUM TETROXIDE(20816-12-0); ZINC PERMANGANATE(23414-72-4); TERT-BUTYL HYPOCHLORITE(507-40-4); LEAD TETRAACETATE(546-67-8); SELENIUM DIOXIDE(7446-08-4); SODIUM PERCHLORATE(7601-89-0); POTASSIUM PERSULFATE(7727-21-1); POTASSIUM BROMATE(7758-01-2); SODIUM PERSULFATE(7775-27-1); BARIUM PERMANGANATE(7787-36-2); SODIUM BROMATE(7789-38-0); STRONTIUM CHLORATE(7791-10-8)"
7783-00-8,SELENIOUS ACID,5;50,wave2,HAZARD-RELEVANT,"KOSHA MSDS §10.5(피해야 할 물질) 실측 구체적 물질군 근거 존재(combustible_reducing;metal), 위험상호작용: oxidizer",msds_sections §10.5 원문 재파싱 (금속/물/산화제 등 구체적 물질군),INDEPENDENT,유지 권고,
7783-56-4,ANTIMONY TRIFLUORIDE,3;29;50,wave2,UNJUSTIFIED,"자동 그룹슬롯 보충 물질 — 자체 §10 근거 없음, 커리큘럼 근거 없음, 소속 그룹도 이미 회소하지 않음(다른 물질로 충분히 대표됨)","없음 (그룹 소속만 확인됨, 물질 단위 개별 근거 없음)",NONE,근거 부족/검토,"그룹조합 자체는 426종 내 유일하나, 그룹이 회소하지 않거나(그룹 내 다른 대표물질 이미 존재) 개별 위험성 근거가 아직 확인되지 않음"
7783-66-6,IODINE PENTAFLUORIDE,32;50,wave2,HAZARD-RELEVANT,"KOSHA MSDS §10.5(피해야 할 물질) 실측 구체적 물질군 근거 존재(combustible_reducing;metal;water), 위험상호작용: oxidizer",msds_sections §10.5 원문 재파싱 (금속/물/산화제 등 구체적 물질군),INDEPENDENT,유지 권고,
7787-36-2,BARIUM PERMANGANATE,50,wave2,UNJUSTIFIED,"자동 그룹슬롯 보충 물질 — 자체 §10 근거 없음, 커리큘럼 근거 없음, 소속 그룹도 이미 회소하지 않음(다른 물질로 충분히 대표됨)","없음 (그룹 소속만 확인됨, 물질 단위 개별 근거 없음)",NONE,중복 검토(REMOVE/MERGE 후보),"동일 CAMEO 그룹조합 보유 물질 29종과 역할 중복 가능: POTASSIUM PERMANGANATE(7722-64-7); MAGNESIUM PERCHLORATE(10034-81-8); SODIUM PERMANGANATE(10101-50-5); CALCIUM PERMANGANATE(10118-76-0); OXYGEN(7782-44-7); MAGNESIUM CHLORATE(10326-21-3); ZINC CHLORATE(10361-95-2); T-BUTYL CHROMATE(1189-85-1); LEAD DIOXIDE(1309-60-0); ZINC PEROXIDE(1314-22-3); STRONTIUM PERCHLORATE(13450-97-0); CALCIUM PERCHLORATE(13477-36-6); LEAD PERCHLORATE(13637-76-8); BARIUM BROMATE(13967-90-3); ZINC BROMATE(14519-07-4); MAGNESIUM BROMATE(14519-17-6); BROMATES, INORGANIC, N.O.S.(15541-45-4); OSMIUM TETROXIDE(20816-12-0); ZINC PERMANGANATE(23414-72-4); TERT-BUTYL HYPOCHLORITE(507-40-4); LEAD TETRAACETATE(546-67-8); SELENIUM DIOXIDE(7446-08-4); SODIUM PERCHLORATE(7601-89-0); POTASSIUM PERSULFATE(7727-21-1); POTASSIUM BROMATE(7758-01-2); SODIUM PERSULFATE(7775-27-1); POTASSIUM PERCHLORATE(7778-74-7); SODIUM BROMATE(7789-38-0); STRONTIUM CHLORATE(7791-10-8) | §10.5에 범용 카테고리 문구('가연성 물질, 환원성 물질')만 있어 CASE 2 기준상 HAZARD-RELEVANT 단독 근거로 불충분(docs/hazard_relevant_sample_audit_2026-08-08.md)"
7789-00-6,POTASSIUM CHROMATE,50;61,wave2,UNJUSTIFIED,"자동 그룹슬롯 보충 물질 — 자체 §10 근거 없음, 커리큘럼 근거 없음, 소속 그룹도 이미 회소하지 않음(다른 물질로 충분히 대표됨)","없음 (그룹 소속만 확인됨, 물질 단위 개별 근거 없음)",NONE,중복 검토(REMOVE/MERGE 후보),"동일 CAMEO 그룹조합 보유 물질 15종과 역할 중복 가능: SODIUM CHROMATE TETRAHYDRATE(10034-82-9); CHLORINATED TRISODIUM PHOSPHATE(11084-85-8); BARIUM PEROXIDE(1304-29-6); CALCIUM PEROXIDE(1305-79-9); MANGANESE TETROXIDE(1317-35-7); BARIUM HYPOCHLORITE, WITH MORE THAN 22% AVAILABLE CHLORINE(13477-10-6); ZINC CHROMATE(13530-65-9); CALCIUM CHROMATE(13765-19-0); ZINC DICHROMATE(14018-95-2); LITHIUM CHROMATE(14307-35-8); MAGNESIUM PEROXIDE(14452-57-4); SODIUM CHLORITE(7758-19-2); LEAD CHROMATE(7758-97-6); POTASSIUM BICHROMATE(7778-50-9); STRONTIUM CHROMATE(7789-06-2)"
7789-06-2,STRONTIUM CHROMATE,50;61,wave2,UNJUSTIFIED,"자동 그룹슬롯 보충 물질 — 자체 §10 근거 없음, 커리큘럼 근거 없음, 소속 그룹도 이미 회소하지 않음(다른 물질로 충분히 대표됨)","없음 (그룹 소속만 확인됨, 물질 단위 개별 근거 없음)",NONE,중복 검토(REMOVE/MERGE 후보),"동일 CAMEO 그룹조합 보유 물질 15종과 역할 중복 가능: SODIUM CHROMATE TETRAHYDRATE(10034-82-9); CHLORINATED TRISODIUM PHOSPHATE(11084-85-8); BARIUM PEROXIDE(1304-29-6); CALCIUM PEROXIDE(1305-79-9); MANGANESE TETROXIDE(1317-35-7); BARIUM HYPOCHLORITE, WITH MORE THAN 22% AVAILABLE CHLORINE(13477-10-6); ZINC CHROMATE(13530-65-9); CALCIUM CHROMATE(13765-19-0); ZINC DICHROMATE(14018-95-2); LITHIUM CHROMATE(14307-35-8); MAGNESIUM PEROXIDE(14452-57-4); SODIUM CHLORITE(7758-19-2); LEAD CHROMATE(7758-97-6); POTASSIUM BICHROMATE(7778-50-9); POTASSIUM CHROMATE(7789-00-6) | §10.5에 범용 카테고리 문구('가연성 물질, 환원성 물질')만 있어 CASE 2 기준상 HAZARD-RELEVANT 단독 근거로 불충분(docs/hazard_relevant_sample_audit_2026-08-08.md)"
7789-09-5,AMMONIUM DICHROMATE,50;60,wave2,UNJUSTIFIED,"자동 그룹슬롯 보충 물질 — 자체 §10 근거 없음, 커리큘럼 근거 없음, 소속 그룹도 이미 회소하지 않음(다른 물질로 충분히 대표됨)","없음 (그룹 소속만 확인됨, 물질 단위 개별 근거 없음)",NONE,중복 검토(REMOVE/MERGE 후보),"동일 CAMEO 그룹조합 보유 물질 4종과 역할 중복 가능: VANADIUM PENTOXIDE(1314-62-1); AMMONIUM PERMANGANATE(13446-10-1); AMMONIUM PERSULFATE(7727-54-0); AMMONIUM PERCHLORATE(7790-98-9) | §10.5에 범용 카테고리 문구('가연성 물질, 환원성 물질')만 있어 CASE 2 기준상 HAZARD-RELEVANT 단독 근거로 불충분(docs/hazard_relevant_sample_audit_2026-08-08.md)"
7789-38-0,SODIUM BROMATE,50,wave2,UNJUSTIFIED,"자동 그룹슬롯 보충 물질 — 자체 §10 근거 없음, 커리큘럼 근거 없음, 소속 그룹도 이미 회소하지 않음(다른 물질로 충분히 대표됨)","없음 (그룹 소속만 확인됨, 물질 단위 개별 근거 없음)",NONE,중복 검토(REMOVE/MERGE 후보),"동일 CAMEO 그룹조합 보유 물질 29종과 역할 중복 가능: POTASSIUM PERMANGANATE(7722-64-7); MAGNESIUM PERCHLORATE(10034-81-8); SODIUM PERMANGANATE(10101-50-5); CALCIUM PERMANGANATE(10118-76-0); OXYGEN(7782-44-7); MAGNESIUM CHLORATE(10326-21-3); ZINC CHLORATE(10361-95-2); T-BUTYL CHROMATE(1189-85-1); LEAD DIOXIDE(1309-60-0); ZINC PEROXIDE(1314-22-3); STRONTIUM PERCHLORATE(13450-97-0); CALCIUM PERCHLORATE(13477-36-6); LEAD PERCHLORATE(13637-76-8); BARIUM BROMATE(13967-90-3); ZINC BROMATE(14519-07-4); MAGNESIUM BROMATE(14519-17-6); BROMATES, INORGANIC, N.O.S.(15541-45-4); OSMIUM TETROXIDE(20816-12-0); ZINC PERMANGANATE(23414-72-4); TERT-BUTYL HYPOCHLORITE(507-40-4); LEAD TETRAACETATE(546-67-8); SELENIUM DIOXIDE(7446-08-4); SODIUM PERCHLORATE(7601-89-0); POTASSIUM PERSULFATE(7727-21-1); POTASSIUM BROMATE(7758-01-2); SODIUM PERSULFATE(7775-27-1); POTASSIUM PERCHLORATE(7778-74-7); BARIUM PERMANGANATE(7787-36-2); STRONTIUM CHLORATE(7791-10-8) | §10.5에 범용 카테고리 문구('가연성 물질, 환원성 물질')만 있어 CASE 2 기준상 HAZARD-RELEVANT 단독 근거로 불충분(docs/hazard_relevant_sample_audit_2026-08-08.md)"
7789-61-9,ANTIMONY TRIBROMIDE,3;32;50,wave2,HAZARD-RELEVANT,"KOSHA MSDS §10.5(피해야 할 물질) 실측 구체적 물질군 근거 존재(metal;water), 위험상호작용: oxidizer",msds_sections §10.5 원문 재파싱 (금속/물/산화제 등 구체적 물질군),INDEPENDENT,유지 권고,
7789-69-7,PHOSPHORUS PENTABROMIDE,3;32;50,wave2,HAZARD-RELEVANT,"KOSHA MSDS §10.5(피해야 할 물질) 실측 구체적 물질군 근거 존재(combustible_reducing;metal;water), 위험상호작용: oxidizer",msds_sections §10.5 원문 재파싱 (금속/물/산화제 등 구체적 물질군),INDEPENDENT,유지 권고,
7790-98-9,AMMONIUM PERCHLORATE,50;60,wave2,UNJUSTIFIED,"자동 그룹슬롯 보충 물질 — 자체 §10 근거 없음, 커리큘럼 근거 없음, 소속 그룹도 이미 회소하지 않음(다른 물질로 충분히 대표됨)","없음 (그룹 소속만 확인됨, 물질 단위 개별 근거 없음)",NONE,중복 검토(REMOVE/MERGE 후보),"동일 CAMEO 그룹조합 보유 물질 4종과 역할 중복 가능: VANADIUM PENTOXIDE(1314-62-1); AMMONIUM PERMANGANATE(13446-10-1); AMMONIUM PERSULFATE(7727-54-0); AMMONIUM DICHROMATE(7789-09-5) | §10.5에 범용 카테고리 문구('가연성 물질, 환원성 물질')만 있어 CASE 2 기준상 HAZARD-RELEVANT 단독 근거로 불충분(docs/hazard_relevant_sample_audit_2026-08-08.md)"
7790-99-0,IODINE MONOCHLORIDE,32;50,wave2,HAZARD-RELEVANT,"KOSHA MSDS §10.5(피해야 할 물질) 실측 구체적 물질군 근거 존재(metal;water), 위험상호작용: oxidizer",msds_sections §10.5 원문 재파싱 (금속/물/산화제 등 구체적 물질군),INDEPENDENT,유지 권고,
7791-10-8,STRONTIUM CHLORATE,50,wave2,UNJUSTIFIED,"자동 그룹슬롯 보충 물질 — 자체 §10 근거 없음, 커리큘럼 근거 없음, 소속 그룹도 이미 회소하지 않음(다른 물질로 충분히 대표됨)","없음 (그룹 소속만 확인됨, 물질 단위 개별 근거 없음)",NONE,중복 검토(REMOVE/MERGE 후보),"동일 CAMEO 그룹조합 보유 물질 29종과 역할 중복 가능: POTASSIUM PERMANGANATE(7722-64-7); MAGNESIUM PERCHLORATE(10034-81-8); SODIUM PERMANGANATE(10101-50-5); CALCIUM PERMANGANATE(10118-76-0); OXYGEN(7782-44-7); MAGNESIUM CHLORATE(10326-21-3); ZINC CHLORATE(10361-95-2); T-BUTYL CHROMATE(1189-85-1); LEAD DIOXIDE(1309-60-0); ZINC PEROXIDE(1314-22-3); STRONTIUM PERCHLORATE(13450-97-0); CALCIUM PERCHLORATE(13477-36-6); LEAD PERCHLORATE(13637-76-8); BARIUM BROMATE(13967-90-3); ZINC BROMATE(14519-07-4); MAGNESIUM BROMATE(14519-17-6); BROMATES, INORGANIC, N.O.S.(15541-45-4); OSMIUM TETROXIDE(20816-12-0); ZINC PERMANGANATE(23414-72-4); TERT-BUTYL HYPOCHLORITE(507-40-4); LEAD TETRAACETATE(546-67-8); SELENIUM DIOXIDE(7446-08-4); SODIUM PERCHLORATE(7601-89-0); POTASSIUM PERSULFATE(7727-21-1); POTASSIUM BROMATE(7758-01-2); SODIUM PERSULFATE(7775-27-1); POTASSIUM PERCHLORATE(7778-74-7); BARIUM PERMANGANATE(7787-36-2); SODIUM BROMATE(7789-38-0)"
7791-21-1,CHLORINE MONOXIDE,32;50,wave2,UNJUSTIFIED,"자동 그룹슬롯 보충 물질 — 자체 §10 근거 없음, 커리큘럼 근거 없음, 소속 그룹도 이미 회소하지 않음(다른 물질로 충분히 대표됨)","없음 (그룹 소속만 확인됨, 물질 단위 개별 근거 없음)",NONE,중복 검토(REMOVE/MERGE 후보),"동일 CAMEO 그룹조합 보유 물질 3종과 역할 중복 가능: CHROMIUM OXYCHLORIDE(14977-61-8); IODINE PENTAFLUORIDE(7783-66-6); IODINE MONOCHLORIDE(7790-99-0) | §10.5에 범용 카테고리 문구('가연성 물질, 환원성 물질')만 있어 CASE 2 기준상 HAZARD-RELEVANT 단독 근거로 불충분(docs/hazard_relevant_sample_audit_2026-08-08.md)"
87-90-1,"TRICHLORO-S-TRIAZINETRIONE, DRY",7;32;50;60,wave2,UNJUSTIFIED,"자동 그룹슬롯 보충 물질 — 자체 §10 근거 없음, 커리큘럼 근거 없음, 소속 그룹도 이미 회소하지 않음(다른 물질로 충분히 대표됨)","없음 (그룹 소속만 확인됨, 물질 단위 개별 근거 없음)",NONE,중복 검토(REMOVE/MERGE 후보),"동일 CAMEO 그룹조합 보유 물질 2종과 역할 중복 가능: POTASSIUM DICHLORO-S-TRIAZINETRIONE, DRY(2244-21-5); SODIUM DICHLORO-S-TRIAZINETRIONE(2893-78-9)"
13410-01-0,SODIUM SELENATE,51;61,wave2,UNJUSTIFIED,"자동 그룹슬롯 보충 물질 — 자체 §10 근거 없음, 커리큘럼 근거 없음, 소속 그룹도 이미 회소하지 않음(다른 물질로 충분히 대표됨)","없음 (그룹 소속만 확인됨, 물질 단위 개별 근거 없음)",NONE,중복 검토(REMOVE/MERGE 후보),동일 CAMEO 그룹조합 보유 물질 10종과 역할 중복 가능: SODIUM ARSENATE HEPTAHYDRATE(10048-95-0); FERRIC ARSENATE(10102-49-5); SODIUM VANADATE(13718-26-8); POTASSIUM METAVANADATE(13769-43-2); CALCIUM SELENATE(14019-91-1); SODIUM ARSENATE(7631-89-2); CALCIUM ARSENATE(7778-44-1); MERCURIC ARSENATE(7784-37-4); BARIUM SELENATE(7787-41-9); POTASSIUM SELENATE(7790-59-2)
13718-26-8,SODIUM VANADATE,51;61,wave2,HAZARD-RELEVANT,"KOSHA MSDS §10.5(피해야 할 물질) 실측 구체적 물질군 근거 존재(combustible_reducing;metal), 위험상호작용: oxidizer",msds_sections §10.5 원문 재파싱 (금속/물/산화제 등 구체적 물질군),INDEPENDENT,유지 권고,
13769-43-2,POTASSIUM METAVANADATE,51;61,wave2,UNJUSTIFIED,"자동 그룹슬롯 보충 물질 — 자체 §10 근거 없음, 커리큘럼 근거 없음, 소속 그룹도 이미 회소하지 않음(다른 물질로 충분히 대표됨)","없음 (그룹 소속만 확인됨, 물질 단위 개별 근거 없음)",NONE,중복 검토(REMOVE/MERGE 후보),동일 CAMEO 그룹조합 보유 물질 10종과 역할 중복 가능: SODIUM ARSENATE HEPTAHYDRATE(10048-95-0); FERRIC ARSENATE(10102-49-5); SODIUM SELENATE(13410-01-0); SODIUM VANADATE(13718-26-8); CALCIUM SELENATE(14019-91-1); SODIUM ARSENATE(7631-89-2); CALCIUM ARSENATE(7778-44-1); MERCURIC ARSENATE(7784-37-4); BARIUM SELENATE(7787-41-9); POTASSIUM SELENATE(7790-59-2)
14019-91-1,CALCIUM SELENATE,51;61,wave2,UNJUSTIFIED,"자동 그룹슬롯 보충 물질 — 자체 §10 근거 없음, 커리큘럼 근거 없음, 소속 그룹도 이미 회소하지 않음(다른 물질로 충분히 대표됨)","없음 (그룹 소속만 확인됨, 물질 단위 개별 근거 없음)",NONE,중복 검토(REMOVE/MERGE 후보),동일 CAMEO 그룹조합 보유 물질 10종과 역할 중복 가능: SODIUM ARSENATE HEPTAHYDRATE(10048-95-0); FERRIC ARSENATE(10102-49-5); SODIUM SELENATE(13410-01-0); SODIUM VANADATE(13718-26-8); POTASSIUM METAVANADATE(13769-43-2); SODIUM ARSENATE(7631-89-2); CALCIUM ARSENATE(7778-44-1); MERCURIC ARSENATE(7784-37-4); BARIUM SELENATE(7787-41-9); POTASSIUM SELENATE(7790-59-2)
15699-18-0,NICKEL AMMONIUM SULFATE,51;60,wave2,UNJUSTIFIED,"자동 그룹슬롯 보충 물질 — 자체 §10 근거 없음, 커리큘럼 근거 없음, 소속 그룹도 이미 회소하지 않음(다른 물질로 충분히 대표됨)","없음 (그룹 소속만 확인됨, 물질 단위 개별 근거 없음)",NONE,중복 검토(REMOVE/MERGE 후보),"동일 CAMEO 그룹조합 보유 물질 2종과 역할 중복 가능: AMMONIUM ARSENATE(7784-44-3); AMMONIUM METAVANADATE(7803-55-6) | §10.5에 범용 카테고리 문구('가연성 물질, 환원성 물질')만 있어 CASE 2 기준상 HAZARD-RELEVANT 단독 근거로 불충분(docs/hazard_relevant_sample_audit_2026-08-08.md)"
1643-20-5,DIMETHYLDODECYLAMINE-N-OXIDE,14;51,wave2,UNJUSTIFIED,"자동 그룹슬롯 보충 물질 — 자체 §10 근거 없음, 커리큘럼 근거 없음, 소속 그룹도 이미 회소하지 않음(다른 물질로 충분히 대표됨)","없음 (그룹 소속만 확인됨, 물질 단위 개별 근거 없음)",NONE,근거 부족/검토,"그룹조합 자체는 426종 내 유일하나, 그룹이 회소하지 않거나(그룹 내 다른 대표물질 이미 존재) 개별 위험성 근거가 아직 확인되지 않음"
7631-89-2,SODIUM ARSENATE,51;61,wave2,UNJUSTIFIED,"자동 그룹슬롯 보충 물질 — 자체 §10 근거 없음, 커리큘럼 근거 없음, 소속 그룹도 이미 회소하지 않음(다른 물질로 충분히 대표됨)","없음 (그룹 소속만 확인됨, 물질 단위 개별 근거 없음)",NONE,중복 검토(REMOVE/MERGE 후보),동일 CAMEO 그룹조합 보유 물질 10종과 역할 중복 가능: SODIUM ARSENATE HEPTAHYDRATE(10048-95-0); FERRIC ARSENATE(10102-49-5); SODIUM SELENATE(13410-01-0); SODIUM VANADATE(13718-26-8); POTASSIUM METAVANADATE(13769-43-2); CALCIUM SELENATE(14019-91-1); CALCIUM ARSENATE(7778-44-1); MERCURIC ARSENATE(7784-37-4); BARIUM SELENATE(7787-41-9); POTASSIUM SELENATE(7790-59-2)
7778-39-4,"ARSENIC ACID, LIQUID",5;51;68,wave2,HAZARD-RELEVANT,"KOSHA MSDS §10.5(피해야 할 물질) 실측 구체적 물질군 근거 존재(combustible_reducing;metal), 위험상호작용: oxidizer;water",msds_sections §10.5 원문 재파싱 (금속/물/산화제 등 구체적 물질군),INDEPENDENT,유지 권고,
7778-44-1,CALCIUM ARSENATE,51;61,wave2,UNJUSTIFIED,"자동 그룹슬롯 보충 물질 — 자체 §10 근거 없음, 커리큘럼 근거 없음, 소속 그룹도 이미 회소하지 않음(다른 물질로 충분히 대표됨)","없음 (그룹 소속만 확인됨, 물질 단위 개별 근거 없음)",NONE,중복 검토(REMOVE/MERGE 후보),동일 CAMEO 그룹조합 보유 물질 10종과 역할 중복 가능: SODIUM ARSENATE HEPTAHYDRATE(10048-95-0); FERRIC ARSENATE(10102-49-5); SODIUM SELENATE(13410-01-0); SODIUM VANADATE(13718-26-8); POTASSIUM METAVANADATE(13769-43-2); CALCIUM SELENATE(14019-91-1); SODIUM ARSENATE(7631-89-2); MERCURIC ARSENATE(7784-37-4); BARIUM SELENATE(7787-41-9); POTASSIUM SELENATE(7790-59-2)
7784-37-4,MERCURIC ARSENATE,51;61,wave2,UNJUSTIFIED,"자동 그룹슬롯 보충 물질 — 자체 §10 근거 없음, 커리큘럼 근거 없음, 소속 그룹도 이미 회소하지 않음(다른 물질로 충분히 대표됨)","없음 (그룹 소속만 확인됨, 물질 단위 개별 근거 없음)",NONE,중복 검토(REMOVE/MERGE 후보),동일 CAMEO 그룹조합 보유 물질 10종과 역할 중복 가능: SODIUM ARSENATE HEPTAHYDRATE(10048-95-0); FERRIC ARSENATE(10102-49-5); SODIUM SELENATE(13410-01-0); SODIUM VANADATE(13718-26-8); POTASSIUM METAVANADATE(13769-43-2); CALCIUM SELENATE(14019-91-1); SODIUM ARSENATE(7631-89-2); CALCIUM ARSENATE(7778-44-1); BARIUM SELENATE(7787-41-9); POTASSIUM SELENATE(7790-59-2)
7784-44-3,AMMONIUM ARSENATE,51;60,wave2,UNJUSTIFIED,"자동 그룹슬롯 보충 물질 — 자체 §10 근거 없음, 커리큘럼 근거 없음, 소속 그룹도 이미 회소하지 않음(다른 물질로 충분히 대표됨)","없음 (그룹 소속만 확인됨, 물질 단위 개별 근거 없음)",NONE,중복 검토(REMOVE/MERGE 후보),동일 CAMEO 그룹조합 보유 물질 2종과 역할 중복 가능: NICKEL AMMONIUM SULFATE(15699-18-0); AMMONIUM METAVANADATE(7803-55-6)
7787-41-9,BARIUM SELENATE,51;61,wave2,HAZARD-RELEVANT,"KOSHA MSDS §10.5(피해야 할 물질) 실측 구체적 물질군 근거 존재(combustible_reducing;metal), 위험상호작용: oxidizer",msds_sections §10.5 원문 재파싱 (금속/물/산화제 등 구체적 물질군),INDEPENDENT,유지 권고,
7790-59-2,POTASSIUM SELENATE,51;61,wave2,UNJUSTIFIED,"자동 그룹슬롯 보충 물질 — 자체 §10 근거 없음, 커리큘럼 근거 없음, 소속 그룹도 이미 회소하지 않음(다른 물질로 충분히 대표됨)","없음 (그룹 소속만 확인됨, 물질 단위 개별 근거 없음)",NONE,중복 검토(REMOVE/MERGE 후보),동일 CAMEO 그룹조합 보유 물질 10종과 역할 중복 가능: SODIUM ARSENATE HEPTAHYDRATE(10048-95-0); FERRIC ARSENATE(10102-49-5); SODIUM SELENATE(13410-01-0); SODIUM VANADATE(13718-26-8); POTASSIUM METAVANADATE(13769-43-2); CALCIUM SELENATE(14019-91-1); SODIUM ARSENATE(7631-89-2); CALCIUM ARSENATE(7778-44-1); MERCURIC ARSENATE(7784-37-4); BARIUM SELENATE(7787-41-9)
7803-55-6,AMMONIUM METAVANADATE,51;60,wave2,HAZARD-RELEVANT,"KOSHA MSDS §10.5(피해야 할 물질) 실측 구체적 물질군 근거 존재(combustible_reducing;metal), 위험상호작용: oxidizer",msds_sections §10.5 원문 재파싱 (금속/물/산화제 등 구체적 물질군),INDEPENDENT,유지 권고,
10049-05-5,CHROMOUS CHLORIDE,58,wave2,UNJUSTIFIED,"자동 그룹슬롯 보충 물질 — 자체 §10 근거 없음, 커리큘럼 근거 없음, 소속 그룹도 이미 회소하지 않음(다른 물질로 충분히 대표됨)","없음 (그룹 소속만 확인됨, 물질 단위 개별 근거 없음)",NONE,중복 검토(REMOVE/MERGE 후보),"동일 CAMEO 그룹조합 보유 물질 2종과 역할 중복 가능: TIN(II) OXIDE(21651-19-4); SULFUR, MOLTEN(7704-34-9) | §10.5에 범용 카테고리 문구('가연성 물질, 환원성 물질')만 있어 CASE 2 기준상 HAZARD-RELEVANT 단독 근거로 불충분(docs/hazard_relevant_sample_audit_2026-08-08.md)"
122-66-7,"1,2-DIPHENYLHYDRAZINE",14;17;35;58,wave2,HAZARD-RELEVANT,"KOSHA MSDS §10.5(피해야 할 물질) 실측 구체적 물질군 근거 존재(combustible_reducing;metal), 위험상호작용: reducer",msds_sections §10.5 원문 재파싱 (금속/물/산화제 등 구체적 물질군),INDEPENDENT,유지 권고,
21651-19-4,TIN(II) OXIDE,58,wave2,UNJUSTIFIED,"자동 그룹슬롯 보충 물질 — 자체 §10 근거 없음, 커리큘럼 근거 없음, 소속 그룹도 이미 회소하지 않음(다른 물질로 충분히 대표됨)","없음 (그룹 소속만 확인됨, 물질 단위 개별 근거 없음)",NONE,중복 검토(REMOVE/MERGE 후보),"동일 CAMEO 그룹조합 보유 물질 2종과 역할 중복 가능: CHROMOUS CHLORIDE(10049-05-5); SULFUR, MOLTEN(7704-34-9) | §10.5에 범용 카테고리 문구('가연성 물질, 환원성 물질')만 있어 CASE 2 기준상 HAZARD-RELEVANT 단독 근거로 불충분(docs/hazard_relevant_sample_audit_2026-08-08.md)"
540-72-7,SODIUM THIOCYANATE,58;61;68,wave2,UNJUSTIFIED,"자동 그룹슬롯 보충 물질 — 자체 §10 근거 없음, 커리큘럼 근거 없음, 소속 그룹도 이미 회소하지 않음(다른 물질로 충분히 대표됨)","없음 (그룹 소속만 확인됨, 물질 단위 개별 근거 없음)",NONE,근거 부족/검토,"그룹조합 자체는 426종 내 유일하나, 그룹이 회소하지 않거나(그룹 내 다른 대표물질 이미 존재) 개별 위험성 근거가 아직 확인되지 않음 | §10.5에 범용 카테고리 문구('가연성 물질, 환원성 물질')만 있어 CASE 2 기준상 HAZARD-RELEVANT 단독 근거로 불충분(docs/hazard_relevant_sample_audit_2026-08-08.md)"
5470-11-1,HYDROXYLAMINE HYDROCHLORIDE,58;60,wave2,HAZARD-RELEVANT,"KOSHA MSDS §10.5(피해야 할 물질) 실측 구체적 물질군 근거 존재(combustible_reducing;metal), 위험상호작용: reducer",msds_sections §10.5 원문 재파싱 (금속/물/산화제 등 구체적 물질군),INDEPENDENT,유지 권고,
592-85-8,MERCURY THIOCYANATE,58;61,wave2,UNJUSTIFIED,"자동 그룹슬롯 보충 물질 — 자체 §10 근거 없음, 커리큘럼 근거 없음, 소속 그룹도 이미 회소하지 않음(다른 물질로 충분히 대표됨)","없음 (그룹 소속만 확인됨, 물질 단위 개별 근거 없음)",NONE,중복 검토(REMOVE/MERGE 후보),동일 CAMEO 그룹조합 보유 물질 1종과 역할 중복 가능: LEAD THIOCYANATE(592-87-0)
592-87-0,LEAD THIOCYANATE,58;61,wave2,UNJUSTIFIED,"자동 그룹슬롯 보충 물질 — 자체 §10 근거 없음, 커리큘럼 근거 없음, 소속 그룹도 이미 회소하지 않음(다른 물질로 충분히 대표됨)","없음 (그룹 소속만 확인됨, 물질 단위 개별 근거 없음)",NONE,중복 검토(REMOVE/MERGE 후보),동일 CAMEO 그룹조합 보유 물질 1종과 역할 중복 가능: MERCURY THIOCYANATE(592-85-8)
603-35-0,TRIPHENYL PHOSPHINE,14;58,wave2,UNJUSTIFIED,"자동 그룹슬롯 보충 물질 — 자체 §10 근거 없음, 커리큘럼 근거 없음, 소속 그룹도 이미 회소하지 않음(다른 물질로 충분히 대표됨)","없음 (그룹 소속만 확인됨, 물질 단위 개별 근거 없음)",NONE,근거 부족/검토,"그룹조합 자체는 426종 내 유일하나, 그룹이 회소하지 않거나(그룹 내 다른 대표물질 이미 존재) 개별 위험성 근거가 아직 확인되지 않음 | §10.5에 범용 카테고리 문구('가연성 물질, 환원성 물질')만 있어 CASE 2 기준상 HAZARD-RELEVANT 단독 근거로 불충분(docs/hazard_relevant_sample_audit_2026-08-08.md)"
6303-21-5,HYPOPHOSPHOROUS ACID,5;58,wave2,HAZARD-RELEVANT,"KOSHA MSDS §10.5(피해야 할 물질) 실측 구체적 물질군 근거 존재(combustible_reducing;metal), 위험상호작용: reducer",msds_sections §10.5 원문 재파싱 (금속/물/산화제 등 구체적 물질군),INDEPENDENT,유지 권고,
7704-34-9,"SULFUR, MOLTEN",58,wave2,UNJUSTIFIED,"자동 그룹슬롯 보충 물질 — 자체 §10 근거 없음, 커리큘럼 근거 없음, 소속 그룹도 이미 회소하지 않음(다른 물질로 충분히 대표됨)","없음 (그룹 소속만 확인됨, 물질 단위 개별 근거 없음)",NONE,중복 검토(REMOVE/MERGE 후보),동일 CAMEO 그룹조합 보유 물질 2종과 역할 중복 가능: CHROMOUS CHLORIDE(10049-05-5); TIN(II) OXIDE(21651-19-4)
7758-94-3,"FERROUS CHLORIDE, SOLID",58;68,wave2,HAZARD-RELEVANT,"KOSHA MSDS §10.5(피해야 할 물질) 실측 구체적 물질군 근거 존재(combustible_reducing;metal), 위험상호작용: reducer;water",msds_sections §10.5 원문 재파싱 (금속/물/산화제 등 구체적 물질군),INDEPENDENT,유지 권고,
7772-99-8,"STANNOUS CHLORIDE, SOLID",58;60,wave2,HAZARD-RELEVANT,"KOSHA MSDS §10.5(피해야 할 물질) 실측 구체적 물질군 근거 존재(combustible_reducing;metal), 위험상호작용: reducer",msds_sections §10.5 원문 재파싱 (금속/물/산화제 등 구체적 물질군),INDEPENDENT,유지 권고,
7783-47-3,STANNOUS FLUORIDE,29;58;60,wave2,UNJUSTIFIED,"자동 그룹슬롯 보충 물질 — 자체 §10 근거 없음, 커리큘럼 근거 없음, 소속 그룹도 이미 회소하지 않음(다른 물질로 충분히 대표됨)","없음 (그룹 소속만 확인됨, 물질 단위 개별 근거 없음)",NONE,근거 부족/검토,"그룹조합 자체는 426종 내 유일하나, 그룹이 회소하지 않거나(그룹 내 다른 대표물질 이미 존재) 개별 위험성 근거가 아직 확인되지 않음"
7789-60-8,PHOSPHORUS TRIBROMIDE,3;58,wave2,HAZARD-RELEVANT,"KOSHA MSDS §10.5(피해야 할 물질) 실측 구체적 물질군 근거 존재(combustible_reducing;metal;water), 위험상호작용: reducer",msds_sections §10.5 원문 재파싱 (금속/물/산화제 등 구체적 물질군),INDEPENDENT,유지 권고,
7803-65-8,AMMONIUM HYPOPHOSPHITE,58;60,wave2,UNJUSTIFIED,"자동 그룹슬롯 보충 물질 — 자체 §10 근거 없음, 커리큘럼 근거 없음, 소속 그룹도 이미 회소하지 않음(다른 물질로 충분히 대표됨)","없음 (그룹 소속만 확인됨, 물질 단위 개별 근거 없음)",NONE,중복 검토(REMOVE/MERGE 후보),"동일 CAMEO 그룹조합 보유 물질 3종과 역할 중복 가능: HYDROXYLAMINE SULFATE(10039-54-0); HYDROXYLAMINE HYDROCHLORIDE(5470-11-1); STANNOUS CHLORIDE, SOLID(7772-99-8) | §10.5에 범용 카테고리 문구('가연성 물질, 환원성 물질')만 있어 CASE 2 기준상 HAZARD-RELEVANT 단독 근거로 불충분(docs/hazard_relevant_sample_audit_2026-08-08.md)"
127-95-7,POTASSIUM HYDROGEN OXALATE,59;61,wave2,UNJUSTIFIED,"자동 그룹슬롯 보충 물질 — 자체 §10 근거 없음, 커리큘럼 근거 없음, 소속 그룹도 이미 회소하지 않음(다른 물질로 충분히 대표됨)","없음 (그룹 소속만 확인됨, 물질 단위 개별 근거 없음)",NONE,중복 검토(REMOVE/MERGE 후보),"동일 CAMEO 그룹조합 보유 물질 6종과 역할 중복 가능: COBALT FLUORIDE(10026-17-2); SODIUM TELLURITE(10102-20-2); FERROUS OXALATE(516-03-0); SODIUM OXALATE(62-76-0); POTASSIUM OXALATE MONOHYDRATE(6487-48-5); POTASSIUM IODIDE(7681-11-0) | §10.5에 범용 카테고리 문구('가연성 물질, 환원성 물질')만 있어 CASE 2 기준상 HAZARD-RELEVANT 단독 근거로 불충분(docs/hazard_relevant_sample_audit_2026-08-08.md)"
1327-53-3,ARSENIC TRIOXIDE,59;60,wave2,UNJUSTIFIED,"자동 그룹슬롯 보충 물질 — 자체 §10 근거 없음, 커리큘럼 근거 없음, 소속 그룹도 이미 회소하지 않음(다른 물질로 충분히 대표됨)","없음 (그룹 소속만 확인됨, 물질 단위 개별 근거 없음)",NONE,근거 부족/검토,"그룹조합 자체는 426종 내 유일하나, 그룹이 회소하지 않거나(그룹 내 다른 대표물질 이미 존재) 개별 위험성 근거가 아직 확인되지 않음"
140-08-9,TRIS(2-CHLOROETHYL)PHOSPHITE,31;59;66,wave2,UNJUSTIFIED,"자동 그룹슬롯 보충 물질 — 자체 §10 근거 없음, 커리큘럼 근거 없음, 소속 그룹도 이미 회소하지 않음(다른 물질로 충분히 대표됨)","없음 (그룹 소속만 확인됨, 물질 단위 개별 근거 없음)",NONE,근거 부족/검토,"그룹조합 자체는 426종 내 유일하나, 그룹이 회소하지 않거나(그룹 내 다른 대표물질 이미 존재) 개별 위험성 근거가 아직 확인되지 않음"
15283-51-9,FERROUS FLUOROBORATE,59;68,wave2,UNJUSTIFIED,"자동 그룹슬롯 보충 물질 — 자체 §10 근거 없음, 커리큘럼 근거 없음, 소속 그룹도 이미 회소하지 않음(다른 물질로 충분히 대표됨)","없음 (그룹 소속만 확인됨, 물질 단위 개별 근거 없음)",NONE,근거 부족/검토,"그룹조합 자체는 426종 내 유일하나, 그룹이 회소하지 않거나(그룹 내 다른 대표물질 이미 존재) 개별 위험성 근거가 아직 확인되지 않음"
1758-73-2,THIOUREA DIOXIDE,5;12;59,wave2,HAZARD-RELEVANT,"KOSHA MSDS §10.5(피해야 할 물질) 실측 구체적 물질군 근거 존재(water), 위험상호작용: reducer",msds_sections §10.5 원문 재파싱 (금속/물/산화제 등 구체적 물질군),INDEPENDENT,유지 권고,
301-13-3,TRIS(2-ETHYLHEXYL) PHOSPHITE,59;66,wave2,UNJUSTIFIED,"자동 그룹슬롯 보충 물질 — 자체 §10 근거 없음, 커리큘럼 근거 없음, 소속 그룹도 이미 회소하지 않음(다른 물질로 충분히 대표됨)","없음 (그룹 소속만 확인됨, 물질 단위 개별 근거 없음)",NONE,중복 검토(REMOVE/MERGE 후보),"동일 CAMEO 그룹조합 보유 물질 1종과 역할 중복 가능: TRIPHENYL PHOSPHITE(101-02-0) | §10.5에 범용 카테고리 문구('가연성 물질, 환원성 물질')만 있어 CASE 2 기준상 HAZARD-RELEVANT 단독 근거로 불충분(docs/hazard_relevant_sample_audit_2026-08-08.md)"
516-03-0,FERROUS OXALATE,59;61,wave2,UNJUSTIFIED,"자동 그룹슬롯 보충 물질 — 자체 §10 근거 없음, 커리큘럼 근거 없음, 소속 그룹도 이미 회소하지 않음(다른 물질로 충분히 대표됨)","없음 (그룹 소속만 확인됨, 물질 단위 개별 근거 없음)",NONE,중복 검토(REMOVE/MERGE 후보),"동일 CAMEO 그룹조합 보유 물질 6종과 역할 중복 가능: COBALT FLUORIDE(10026-17-2); SODIUM TELLURITE(10102-20-2); POTASSIUM HYDROGEN OXALATE(127-95-7); SODIUM OXALATE(62-76-0); POTASSIUM OXALATE MONOHYDRATE(6487-48-5); POTASSIUM IODIDE(7681-11-0) | §10.5에 범용 카테고리 문구('가연성 물질, 환원성 물질')만 있어 CASE 2 기준상 HAZARD-RELEVANT 단독 근거로 불충분(docs/hazard_relevant_sample_audit_2026-08-08.md)"
591-08-2,1-ACETYL-2-THIOUREA,12;59;64,wave2,HAZARD-RELEVANT,"KOSHA MSDS §10.5(피해야 할 물질) 실측 구체적 물질군 근거 존재(combustible_reducing;metal), 위험상호작용: reducer",msds_sections §10.5 원문 재파싱 (금속/물/산화제 등 구체적 물질군),INDEPENDENT,유지 권고,
62-76-0,SODIUM OXALATE,59;61,wave2,UNJUSTIFIED,"자동 그룹슬롯 보충 물질 — 자체 §10 근거 없음, 커리큘럼 근거 없음, 소속 그룹도 이미 회소하지 않음(다른 물질로 충분히 대표됨)","없음 (그룹 소속만 확인됨, 물질 단위 개별 근거 없음)",NONE,중복 검토(REMOVE/MERGE 후보),"동일 CAMEO 그룹조합 보유 물질 6종과 역할 중복 가능: COBALT FLUORIDE(10026-17-2); SODIUM TELLURITE(10102-20-2); POTASSIUM HYDROGEN OXALATE(127-95-7); FERROUS OXALATE(516-03-0); POTASSIUM OXALATE MONOHYDRATE(6487-48-5); POTASSIUM IODIDE(7681-11-0) | §10.5에 범용 카테고리 문구('가연성 물질, 환원성 물질')만 있어 CASE 2 기준상 HAZARD-RELEVANT 단독 근거로 불충분(docs/hazard_relevant_sample_audit_2026-08-08.md)"
6487-48-5,POTASSIUM OXALATE MONOHYDRATE,59;61,wave2,HAZARD-RELEVANT,"KOSHA MSDS §10.5(피해야 할 물질) 실측 구체적 물질군 근거 존재(combustible_reducing;metal), 위험상호작용: reducer",msds_sections §10.5 원문 재파싱 (금속/물/산화제 등 구체적 물질군),INDEPENDENT,유지 권고,
7681-11-0,POTASSIUM IODIDE,59;61,wave2,UNJUSTIFIED,"자동 그룹슬롯 보충 물질 — 자체 §10 근거 없음, 커리큘럼 근거 없음, 소속 그룹도 이미 회소하지 않음(다른 물질로 충분히 대표됨)","없음 (그룹 소속만 확인됨, 물질 단위 개별 근거 없음)",NONE,중복 검토(REMOVE/MERGE 후보),"동일 CAMEO 그룹조합 보유 물질 6종과 역할 중복 가능: COBALT FLUORIDE(10026-17-2); SODIUM TELLURITE(10102-20-2); POTASSIUM HYDROGEN OXALATE(127-95-7); FERROUS OXALATE(516-03-0); SODIUM OXALATE(62-76-0); POTASSIUM OXALATE MONOHYDRATE(6487-48-5) | §10.5에 범용 카테고리 문구('가연성 물질, 환원성 물질')만 있어 CASE 2 기준상 HAZARD-RELEVANT 단독 근거로 불충분(docs/hazard_relevant_sample_audit_2026-08-08.md)"
7782-42-5,GRAPHITE (NATURAL),33;59,wave2,UNJUSTIFIED,"자동 그룹슬롯 보충 물질 — 자체 §10 근거 없음, 커리큘럼 근거 없음, 소속 그룹도 이미 회소하지 않음(다른 물질로 충분히 대표됨)","없음 (그룹 소속만 확인됨, 물질 단위 개별 근거 없음)",NONE,중복 검토(REMOVE/MERGE 후보),동일 CAMEO 그룹조합 보유 물질 1종과 역할 중복 가능: CARBON BLACK(1333-86-4)
998-40-3,TRIBUTYLPHOSPHANE,14;59,wave2,HAZARD-RELEVANT,"KOSHA MSDS §10.5(피해야 할 물질) 실측 구체적 물질군 근거 존재(water), 위험상호작용: reducer",msds_sections §10.5 원문 재파싱 (금속/물/산화제 등 구체적 물질군),INDEPENDENT,유지 권고,
108-95-2,"PHENOL SOLUTION, [AQUEOUS]",5;55;68,wave2,HAZARD-RELEVANT,"KOSHA MSDS §10.5(피해야 할 물질) 실측 구체적 물질군 근거 존재(metal), 위험상호작용: water",msds_sections §10.5 원문 재파싱 (금속/물/산화제 등 구체적 물질군),INDEPENDENT,유지 권고,
110-22-5,"ACETYL PEROXIDE SOLUTION, [&lt;= 25% PEROXIDE]",53;68,wave2,UNJUSTIFIED,"자동 그룹슬롯 보충 물질 — 자체 §10 근거 없음, 커리큘럼 근거 없음, 소속 그룹도 이미 회소하지 않음(다른 물질로 충분히 대표됨)","없음 (그룹 소속만 확인됨, 물질 단위 개별 근거 없음)",NONE,중복 검토(REMOVE/MERGE 후보),"동일 CAMEO 그룹조합 보유 물질 2종과 역할 중복 가능: 3,3,6,6,9,9-HEXAMETHYL-1,2,4,5-TETRAOXACYCLONONANE(22397-33-7); 2,5-DIMETHYL-2,5-DIHYDROPEROXY HEXANE, NOT MORE THAN 82% WITH WATER(3025-88-5) | §10.5에 범용 카테고리 문구('가연성 물질, 환원성 물질')만 있어 CASE 2 기준상 HAZARD-RELEVANT 단독 근거로 불충분(docs/hazard_relevant_sample_audit_2026-08-08.md)"
117-80-6,DICHLONE,16;38;68,wave2,HAZARD-RELEVANT,"KOSHA MSDS §10.5(피해야 할 물질) 실측 구체적 물질군 근거 존재(combustible_reducing;metal), 위험상호작용: water",msds_sections §10.5 원문 재파싱 (금속/물/산화제 등 구체적 물질군),INDEPENDENT,유지 권고,
118-96-7,"TNT, WETTED WITH NOT LESS THAN 30% WATER",46;68,wave2,UNJUSTIFIED,"자동 그룹슬롯 보충 물질 — 자체 §10 근거 없음, 커리큘럼 근거 없음, 소속 그룹도 이미 회소하지 않음(다른 물질로 충분히 대표됨)","없음 (그룹 소속만 확인됨, 물질 단위 개별 근거 없음)",NONE,중복 검토(REMOVE/MERGE 후보),"동일 CAMEO 그룹조합 보유 물질 3종과 역할 중복 가능: MANITOL HEXANITRATE, [WET WITH &gt;= 40 % WATER OR MIXTURE OF ALCOHOL AND WATER](15825-70-4); PENTAERYTHRITE TETRANITRATE(78-11-5); TRINITROBENZENE, WETTED WITH NOT LESS THAN 30% WATER(99-35-4)"
1194-65-6,DICHLOBENIL,16;45;68,wave2,UNJUSTIFIED,"자동 그룹슬롯 보충 물질 — 자체 §10 근거 없음, 커리큘럼 근거 없음, 소속 그룹도 이미 회소하지 않음(다른 물질로 충분히 대표됨)","없음 (그룹 소속만 확인됨, 물질 단위 개별 근거 없음)",NONE,근거 부족/검토,"그룹조합 자체는 426종 내 유일하나, 그룹이 회소하지 않거나(그룹 내 다른 대표물질 이미 존재) 개별 위험성 근거가 아직 확인되지 않음 | §10.5에 범용 카테고리 문구('가연성 물질, 환원성 물질')만 있어 CASE 2 기준상 HAZARD-RELEVANT 단독 근거로 불충분(docs/hazard_relevant_sample_audit_2026-08-08.md)"
121-82-4,"CYCLOTRIMETHYLENE TRINITRAMINE, [DESENSITIZED]",17;46;68,wave2,UNJUSTIFIED,"자동 그룹슬롯 보충 물질 — 자체 §10 근거 없음, 커리큘럼 근거 없음, 소속 그룹도 이미 회소하지 않음(다른 물질로 충분히 대표됨)","없음 (그룹 소속만 확인됨, 물질 단위 개별 근거 없음)",NONE,중복 검토(REMOVE/MERGE 후보),"동일 CAMEO 그룹조합 보유 물질 2종과 역할 중복 가능: 4-NITROPHENYLHYDRAZINE, [WETTED WITH NOT LESS THAN 30% WATER BY MASS](100-16-3); CYCLOTETRAMETHYLENE TETRANITRAMINE, [WET WITH &gt;= 10% WATER](2691-41-0)"
12262-58-7,"CYCLOHEXANONE PEROXIDE, NOT MORE THAN 72% IN SOLUTION",1;8;53;68,wave2,UNJUSTIFIED,"자동 그룹슬롯 보충 물질 — 자체 §10 근거 없음, 커리큘럼 근거 없음, 소속 그룹도 이미 회소하지 않음(다른 물질로 충분히 대표됨)","없음 (그룹 소속만 확인됨, 물질 단위 개별 근거 없음)",NONE,중복 검토(REMOVE/MERGE 후보),"동일 CAMEO 그룹조합 보유 물질 1종과 역할 중복 가능: 1-HYDROXY-1&#39;-HYDROPEROXY DICYCLOHEXYL PEROXIDE(78-18-2) | §10.5에 범용 카테고리 문구('가연성 물질, 환원성 물질')만 있어 CASE 2 기준상 HAZARD-RELEVANT 단독 근거로 불충분(docs/hazard_relevant_sample_audit_2026-08-08.md)"
124-09-4,"HEXAMETHYLENEDIAMINE, SOLID",14;68,wave2,HAZARD-RELEVANT,"KOSHA MSDS §10.5(피해야 할 물질) 실측 구체적 물질군 근거 존재(metal), 위험상호작용: water",msds_sections §10.5 원문 재파싱 (금속/물/산화제 등 구체적 물질군),INDEPENDENT,유지 권고,
128-03-0,POTASSIUM DIMETHYLDITHIOCARBAMATE,67;68,wave2,UNJUSTIFIED,"자동 그룹슬롯 보충 물질 — 자체 §10 근거 없음, 커리큘럼 근거 없음, 소속 그룹도 이미 회소하지 않음(다른 물질로 충분히 대표됨)","없음 (그룹 소속만 확인됨, 물질 단위 개별 근거 없음)",NONE,중복 검토(REMOVE/MERGE 후보),"동일 CAMEO 그룹조합 보유 물질 2종과 역할 중복 가능: POTASSIUM N-METHYLDITHIOCARBAMATE(137-41-7); METAM SODIUM (COMPOUNDS, WEED, KILLING, LIQUID)(137-42-8)"
131-74-8,"AMMONIUM PICRATE, WETTED WITH NOT LESS THAN 10% WATER",46;54;60;68,wave2,UNJUSTIFIED,"자동 그룹슬롯 보충 물질 — 자체 §10 근거 없음, 커리큘럼 근거 없음, 소속 그룹도 이미 회소하지 않음(다른 물질로 충분히 대표됨)","없음 (그룹 소속만 확인됨, 물질 단위 개별 근거 없음)",NONE,근거 부족/검토,"그룹조합 자체는 426종 내 유일하나, 그룹이 회소하지 않거나(그룹 내 다른 대표물질 이미 존재) 개별 위험성 근거가 아직 확인되지 않음"
1310-65-2,"LITHIUM HYDROXIDE, SOLUTION",18;68,wave2,HAZARD-RELEVANT,"KOSHA MSDS §10.5(피해야 할 물질) 실측 구체적 물질군 근거 존재(combustible_reducing;metal), 위험상호작용: water",msds_sections §10.5 원문 재파싱 (금속/물/산화제 등 구체적 물질군),INDEPENDENT,유지 권고,
1310-82-3,RUBIDIUM HYDROXIDE,18;68,wave2,HAZARD-RELEVANT,"KOSHA MSDS §10.5(피해야 할 물질) 실측 구체적 물질군 근거 존재(combustible_reducing;metal), 위험상호작용: water",msds_sections §10.5 원문 재파싱 (금속/물/산화제 등 구체적 물질군),INDEPENDENT,유지 권고,
1312-73-8,"POTASSIUM SULFIDE, HYDRATED, WITH NOT LESS THAN 30% WATER OF CRYSTALLIZATION",63;68,wave2,HAZARD-RELEVANT,"KOSHA MSDS §10.5(피해야 할 물질) 실측 구체적 물질군 근거 존재(water), 위험상호작용: water",msds_sections §10.5 원문 재파싱 (금속/물/산화제 등 구체적 물질군),INDEPENDENT,유지 권고,
1341-49-7,"AMMONIUM BIFLUORIDE, SOLID",29;60;68,wave2,HAZARD-RELEVANT,"KOSHA MSDS §10.5(피해야 할 물질) 실측 구체적 물질군 근거 존재(combustible_reducing;metal), 위험상호작용: water",msds_sections §10.5 원문 재파싱 (금속/물/산화제 등 구체적 물질군),INDEPENDENT,유지 권고,
137-41-7,POTASSIUM N-METHYLDITHIOCARBAMATE,67;68,wave2,UNJUSTIFIED,"자동 그룹슬롯 보충 물질 — 자체 §10 근거 없음, 커리큘럼 근거 없음, 소속 그룹도 이미 회소하지 않음(다른 물질로 충분히 대표됨)","없음 (그룹 소속만 확인됨, 물질 단위 개별 근거 없음)",NONE,중복 검토(REMOVE/MERGE 후보),"동일 CAMEO 그룹조합 보유 물질 2종과 역할 중복 가능: POTASSIUM DIMETHYLDITHIOCARBAMATE(128-03-0); METAM SODIUM (COMPOUNDS, WEED, KILLING, LIQUID)(137-42-8)"
137-42-8,"METAM SODIUM (COMPOUNDS, WEED, KILLING, LIQUID)",67;68,wave2,UNJUSTIFIED,"자동 그룹슬롯 보충 물질 — 자체 §10 근거 없음, 커리큘럼 근거 없음, 소속 그룹도 이미 회소하지 않음(다른 물질로 충분히 대표됨)","없음 (그룹 소속만 확인됨, 물질 단위 개별 근거 없음)",NONE,중복 검토(REMOVE/MERGE 후보),동일 CAMEO 그룹조합 보유 물질 2종과 역할 중복 가능: POTASSIUM DIMETHYLDITHIOCARBAMATE(128-03-0); POTASSIUM N-METHYLDITHIOCARBAMATE(137-41-7)
13780-03-5,"CALCIUM HYDROGEN SULFITE, SOLUTION",65;68,wave2,UNJUSTIFIED,"자동 그룹슬롯 보충 물질 — 자체 §10 근거 없음, 커리큘럼 근거 없음, 소속 그룹도 이미 회소하지 않음(다른 물질로 충분히 대표됨)","없음 (그룹 소속만 확인됨, 물질 단위 개별 근거 없음)",NONE,중복 검토(REMOVE/MERGE 후보),"동일 CAMEO 그룹조합 보유 물질 3종과 역할 중복 가능: MAGNESIUM BISULFITE SOLUTION(13774-25-9); SODIUM BISULFITE(7631-90-5); POTASSIUM BISULFITE SOLUTION(7773-03-7) | §10.5에 범용 카테고리 문구('가연성 물질, 환원성 물질')만 있어 CASE 2 기준상 HAZARD-RELEVANT 단독 근거로 불충분(docs/hazard_relevant_sample_audit_2026-08-08.md)"
13814-96-5,LEAD FLUOBORATE,47;68,wave2,HAZARD-RELEVANT,"KOSHA MSDS §10.5(피해야 할 물질) 실측 구체적 물질군 근거 존재(combustible_reducing;metal), 위험상호작용: water",msds_sections §10.5 원문 재파싱 (금속/물/산화제 등 구체적 물질군),INDEPENDENT,유지 권고,
13826-88-5,ZINC FLUOROBORATE,60;68,wave2,HAZARD-RELEVANT,"KOSHA MSDS §10.5(피해야 할 물질) 실측 구체적 물질군 근거 존재(combustible_reducing;metal), 위험상호작용: water",msds_sections §10.5 원문 재파싱 (금속/물/산화제 등 구체적 물질군),INDEPENDENT,유지 권고,
14486-19-2,CADMIUM FLUOROBORATE,60;68,wave2,HAZARD-RELEVANT,"KOSHA MSDS §10.5(피해야 할 물질) 실측 구체적 물질군 근거 존재(combustible_reducing;metal), 위험상호작용: water",msds_sections §10.5 원문 재파싱 (금속/물/산화제 등 구체적 물질군),INDEPENDENT,유지 권고,
14708-14-6,NICKEL FLUOROBORATE,47;68,wave2,HAZARD-RELEVANT,"KOSHA MSDS §10.5(피해야 할 물질) 실측 구체적 물질군 근거 존재(combustible_reducing;metal), 위험상호작용: water",msds_sections §10.5 원문 재파싱 (금속/물/산화제 등 구체적 물질군),INDEPENDENT,유지 권고,
151-50-8,POTASSIUM CYANIDE,19;24;68,wave2,HAZARD-RELEVANT,"KOSHA MSDS §10.5(피해야 할 물질) 실측 구체적 물질군 근거 존재(metal;water), 위험상호작용: water",msds_sections §10.5 원문 재파싱 (금속/물/산화제 등 구체적 물질군),INDEPENDENT,유지 권고,
15245-44-0,"LEAD STYPHNATE, [WETTED WITH &gt;= 20 % WATER OR MIXTURE OF ALCOHOL AND WATER]",46;54;68,wave2,UNJUSTIFIED,"자동 그룹슬롯 보충 물질 — 자체 §10 근거 없음, 커리큘럼 근거 없음, 소속 그룹도 이미 회소하지 않음(다른 물질로 충분히 대표됨)","없음 (그룹 소속만 확인됨, 물질 단위 개별 근거 없음)",NONE,근거 부족/검토,"그룹조합 자체는 426종 내 유일하나, 그룹이 회소하지 않거나(그룹 내 다른 대표물질 이미 존재) 개별 위험성 근거가 아직 확인되지 않음"
15825-70-4,"MANITOL HEXANITRATE, [WET WITH &gt;= 40 % WATER OR MIXTURE OF ALCOHOL AND WATER]",46;68,wave2,UNJUSTIFIED,"자동 그룹슬롯 보충 물질 — 자체 §10 근거 없음, 커리큘럼 근거 없음, 소속 그룹도 이미 회소하지 않음(다른 물질로 충분히 대표됨)","없음 (그룹 소속만 확인됨, 물질 단위 개별 근거 없음)",NONE,중복 검토(REMOVE/MERGE 후보),"동일 CAMEO 그룹조합 보유 물질 3종과 역할 중복 가능: TNT, WETTED WITH NOT LESS THAN 30% WATER(118-96-7); PENTAERYTHRITE TETRANITRATE(78-11-5); TRINITROBENZENE, WETTED WITH NOT LESS THAN 30% WATER(99-35-4)"
16721-80-5,"SODIUM HYDROSULFIDE, SOLID, WITH LESS THAN 25% WATER OF CRYSTALLIZATION",19;63;68,wave2,HAZARD-RELEVANT,"KOSHA MSDS §10.5(피해야 할 물질) 실측 구체적 물질군 근거 존재(combustible_reducing;metal), 위험상호작용: water",msds_sections §10.5 원문 재파싱 (금속/물/산화제 등 구체적 물질군),INDEPENDENT,유지 권고,
16940-81-1,HEXAFLUOROPHOSPHORIC ACID,3;29;68,wave2,HAZARD-RELEVANT,"KOSHA MSDS §10.5(피해야 할 물질) 실측 구체적 물질군 근거 존재(combustible_reducing;metal), 위험상호작용: water",msds_sections §10.5 원문 재파싱 (금속/물/산화제 등 구체적 물질군),INDEPENDENT,유지 권고,
16961-83-4,FLUOROSILICIC ACID,3;29;68,wave2,HAZARD-RELEVANT,"KOSHA MSDS §10.5(피해야 할 물질) 실측 구체적 물질군 근거 존재(combustible_reducing;metal), 위험상호작용: water",msds_sections §10.5 원문 재파싱 (금속/물/산화제 등 구체적 물질군),INDEPENDENT,유지 권고,
1854-26-8,DIMETHYLOLDIHYDROXYETHYLENEUREA,8;12;68,wave2,UNJUSTIFIED,"자동 그룹슬롯 보충 물질 — 자체 §10 근거 없음, 커리큘럼 근거 없음, 소속 그룹도 이미 회소하지 않음(다른 물질로 충분히 대표됨)","없음 (그룹 소속만 확인됨, 물질 단위 개별 근거 없음)",NONE,근거 부족/검토,"그룹조합 자체는 426종 내 유일하나, 그룹이 회소하지 않거나(그룹 내 다른 대표물질 이미 존재) 개별 위험성 근거가 아직 확인되지 않음 | §10.5에 범용 카테고리 문구('가연성 물질, 환원성 물질')만 있어 CASE 2 기준상 HAZARD-RELEVANT 단독 근거로 불충분(docs/hazard_relevant_sample_audit_2026-08-08.md)"
18810-58-7,"BARIUM AZIDE, WETTED WITH NOT LESS THAN 50% WATER",17;68,wave2,UNJUSTIFIED,"자동 그룹슬롯 보충 물질 — 자체 §10 근거 없음, 커리큘럼 근거 없음, 소속 그룹도 이미 회소하지 않음(다른 물질로 충분히 대표됨)","없음 (그룹 소속만 확인됨, 물질 단위 개별 근거 없음)",NONE,근거 부족/검토,"그룹조합 자체는 426종 내 유일하나, 그룹이 회소하지 않거나(그룹 내 다른 대표물질 이미 존재) 개별 위험성 근거가 아직 확인되지 않음"
1918-00-9,DICAMBA,2;16;28;68,wave2,UNJUSTIFIED,"자동 그룹슬롯 보충 물질 — 자체 §10 근거 없음, 커리큘럼 근거 없음, 소속 그룹도 이미 회소하지 않음(다른 물질로 충분히 대표됨)","없음 (그룹 소속만 확인됨, 물질 단위 개별 근거 없음)",NONE,근거 부족/검토,"그룹조합 자체는 426종 내 유일하나, 그룹이 회소하지 않거나(그룹 내 다른 대표물질 이미 존재) 개별 위험성 근거가 아직 확인되지 않음 | §10.5에 범용 카테고리 문구('가연성 물질, 환원성 물질')만 있어 CASE 2 기준상 HAZARD-RELEVANT 단독 근거로 불충분(docs/hazard_relevant_sample_audit_2026-08-08.md)"
21351-79-1,CESIUM HYDROXIDE,18;68,wave2,HAZARD-RELEVANT,"KOSHA MSDS §10.5(피해야 할 물질) 실측 구체적 물질군 근거 존재(metal;water), 위험상호작용: water",msds_sections §10.5 원문 재파싱 (금속/물/산화제 등 구체적 물질군),INDEPENDENT,유지 권고,
2217-06-3,"DIPICRYL SULFIDE, WETTED WITH NOT LESS THAN 10% WATER",46;64;68,wave2,UNJUSTIFIED,"자동 그룹슬롯 보충 물질 — 자체 §10 근거 없음, 커리큘럼 근거 없음, 소속 그룹도 이미 회소하지 않음(다른 물질로 충분히 대표됨)","없음 (그룹 소속만 확인됨, 물질 단위 개별 근거 없음)",NONE,근거 부족/검토,"그룹조합 자체는 426종 내 유일하나, 그룹이 회소하지 않거나(그룹 내 다른 대표물질 이미 존재) 개별 위험성 근거가 아직 확인되지 않음"
22397-33-7,"3,3,6,6,9,9-HEXAMETHYL-1,2,4,5-TETRAOXACYCLONONANE",53;68,wave2,UNJUSTIFIED,"자동 그룹슬롯 보충 물질 — 자체 §10 근거 없음, 커리큘럼 근거 없음, 소속 그룹도 이미 회소하지 않음(다른 물질로 충분히 대표됨)","없음 (그룹 소속만 확인됨, 물질 단위 개별 근거 없음)",NONE,중복 검토(REMOVE/MERGE 후보),"동일 CAMEO 그룹조합 보유 물질 2종과 역할 중복 가능: ACETYL PEROXIDE SOLUTION, [&lt;= 25% PEROXIDE](110-22-5); 2,5-DIMETHYL-2,5-DIHYDROPEROXY HEXANE, NOT MORE THAN 82% WITH WATER(3025-88-5)"
2492-26-4,SODIUM 2-MERCAPTOBENZOTHIAZOL SOLUTION,17;64;68,wave2,UNJUSTIFIED,"자동 그룹슬롯 보충 물질 — 자체 §10 근거 없음, 커리큘럼 근거 없음, 소속 그룹도 이미 회소하지 않음(다른 물질로 충분히 대표됨)","없음 (그룹 소속만 확인됨, 물질 단위 개별 근거 없음)",NONE,근거 부족/검토,"그룹조합 자체는 426종 내 유일하나, 그룹이 회소하지 않거나(그룹 내 다른 대표물질 이미 존재) 개별 위험성 근거가 아직 확인되지 않음 | §10.5에 범용 카테고리 문구('가연성 물질, 환원성 물질')만 있어 CASE 2 기준상 HAZARD-RELEVANT 단독 근거로 불충분(docs/hazard_relevant_sample_audit_2026-08-08.md)"
25167-32-2,DODECYL DIPHENYL ETHER DISULFONATE SOLUTION,28;61;66;68,wave2,UNJUSTIFIED,"자동 그룹슬롯 보충 물질 — 자체 §10 근거 없음, 커리큘럼 근거 없음, 소속 그룹도 이미 회소하지 않음(다른 물질로 충분히 대표됨)","없음 (그룹 소속만 확인됨, 물질 단위 개별 근거 없음)",NONE,근거 부족/검토,"그룹조합 자체는 426종 내 유일하나, 그룹이 회소하지 않거나(그룹 내 다른 대표물질 이미 존재) 개별 위험성 근거가 아직 확인되지 않음 | §10.5에 범용 카테고리 문구('가연성 물질, 환원성 물질')만 있어 CASE 2 기준상 HAZARD-RELEVANT 단독 근거로 불충분(docs/hazard_relevant_sample_audit_2026-08-08.md)"
25550-58-7,"DINITROPHENOL, SOLUTION",46;55;68,wave2,UNJUSTIFIED,"자동 그룹슬롯 보충 물질 — 자체 §10 근거 없음, 커리큘럼 근거 없음, 소속 그룹도 이미 회소하지 않음(다른 물질로 충분히 대표됨)","없음 (그룹 소속만 확인됨, 물질 단위 개별 근거 없음)",NONE,중복 검토(REMOVE/MERGE 후보),"동일 CAMEO 그룹조합 보유 물질 2종과 역할 중복 가능: TRINITRORESORCINOL(82-71-3); PICRIC ACID, WETTED WITH NOT LESS THAN 30% WATER BY MASS(88-89-1)"
2691-41-0,"CYCLOTETRAMETHYLENE TETRANITRAMINE, [WET WITH &gt;= 10% WATER]",17;46;68,wave2,UNJUSTIFIED,"자동 그룹슬롯 보충 물질 — 자체 §10 근거 없음, 커리큘럼 근거 없음, 소속 그룹도 이미 회소하지 않음(다른 물질로 충분히 대표됨)","없음 (그룹 소속만 확인됨, 물질 단위 개별 근거 없음)",NONE,중복 검토(REMOVE/MERGE 후보),"동일 CAMEO 그룹조합 보유 물질 2종과 역할 중복 가능: 4-NITROPHENYLHYDRAZINE, [WETTED WITH NOT LESS THAN 30% WATER BY MASS](100-16-3); CYCLOTRIMETHYLENE TRINITRAMINE, [DESENSITIZED](121-82-4)"
298-12-4,GLYOXYLIC ACID (50% OR LESS),2;68,wave2,HAZARD-RELEVANT,"KOSHA MSDS §10.5(피해야 할 물질) 실측 구체적 물질군 근거 존재(combustible_reducing;metal), 위험상호작용: water",msds_sections §10.5 원문 재파싱 (금속/물/산화제 등 구체적 물질군),INDEPENDENT,유지 권고,
3025-88-5,"2,5-DIMETHYL-2,5-DIHYDROPEROXY HEXANE, NOT MORE THAN 82% WITH WATER",53;68,wave2,UNJUSTIFIED,"자동 그룹슬롯 보충 물질 — 자체 §10 근거 없음, 커리큘럼 근거 없음, 소속 그룹도 이미 회소하지 않음(다른 물질로 충분히 대표됨)","없음 (그룹 소속만 확인됨, 물질 단위 개별 근거 없음)",NONE,중복 검토(REMOVE/MERGE 후보),"동일 CAMEO 그룹조합 보유 물질 2종과 역할 중복 가능: ACETYL PEROXIDE SOLUTION, [&lt;= 25% PEROXIDE](110-22-5); 3,3,6,6,9,9-HEXAMETHYL-1,2,4,5-TETRAOXACYCLONONANE(22397-33-7) | §10.5에 범용 카테고리 문구('가연성 물질, 환원성 물질')만 있어 CASE 2 기준상 HAZARD-RELEVANT 단독 근거로 불충분(docs/hazard_relevant_sample_audit_2026-08-08.md)"
38465-60-0,COPPER FLUOROBORATE,47;68,wave2,HAZARD-RELEVANT,"KOSHA MSDS §10.5(피해야 할 물질) 실측 구체적 물질군 근거 존재(combustible_reducing;metal), 위험상호작용: water",msds_sections §10.5 원문 재파싱 (금속/물/산화제 등 구체적 물질군),INDEPENDENT,유지 권고,
50-00-0,FORMALDEHYDE,9;56;68,wave2,UNJUSTIFIED,"자동 그룹슬롯 보충 물질 — 자체 §10 근거 없음, 커리큘럼 근거 없음, 소속 그룹도 이미 회소하지 않음(다른 물질로 충분히 대표됨)","없음 (그룹 소속만 확인됨, 물질 단위 개별 근거 없음)",NONE,근거 부족/검토,"그룹조합 자체는 426종 내 유일하나, 그룹이 회소하지 않거나(그룹 내 다른 대표물질 이미 존재) 개별 위험성 근거가 아직 확인되지 않음"
50-99-7,DEXTROSE SOLUTION,8;68,wave2,UNJUSTIFIED,"자동 그룹슬롯 보충 물질 — 자체 §10 근거 없음, 커리큘럼 근거 없음, 소속 그룹도 이미 회소하지 않음(다른 물질로 충분히 대표됨)","없음 (그룹 소속만 확인됨, 물질 단위 개별 근거 없음)",NONE,근거 부족/검토,"그룹조합 자체는 426종 내 유일하나, 그룹이 회소하지 않거나(그룹 내 다른 대표물질 이미 존재) 개별 위험성 근거가 아직 확인되지 않음 | §10.5에 범용 카테고리 문구('가연성 물질, 환원성 물질')만 있어 CASE 2 기준상 HAZARD-RELEVANT 단독 근거로 불충분(docs/hazard_relevant_sample_audit_2026-08-08.md)"
545-55-1,TRIS(1-AZIRIDINYL) PHOSPHINE OXIDE,26;27;56;68,wave2,UNJUSTIFIED,"자동 그룹슬롯 보충 물질 — 자체 §10 근거 없음, 커리큘럼 근거 없음, 소속 그룹도 이미 회소하지 않음(다른 물질로 충분히 대표됨)","없음 (그룹 소속만 확인됨, 물질 단위 개별 근거 없음)",NONE,근거 부족/검토,"그룹조합 자체는 426종 내 유일하나, 그룹이 회소하지 않거나(그룹 내 다른 대표물질 이미 존재) 개별 위험성 근거가 아직 확인되지 않음"
556-88-7,"NITROGUANIDINE, WETTED WITH NOT LESS THAN 20% WATER",14;17;46;68,wave2,UNJUSTIFIED,"자동 그룹슬롯 보충 물질 — 자체 §10 근거 없음, 커리큘럼 근거 없음, 소속 그룹도 이미 회소하지 않음(다른 물질로 충분히 대표됨)","없음 (그룹 소속만 확인됨, 물질 단위 개별 근거 없음)",NONE,근거 부족/검토,"그룹조합 자체는 426종 내 유일하나, 그룹이 회소하지 않거나(그룹 내 다른 대표물질 이미 존재) 개별 위험성 근거가 아직 확인되지 않음"
57-12-5,"CYANIDE SOLUTION, N.O.S.",24;68,wave2,UNJUSTIFIED,"자동 그룹슬롯 보충 물질 — 자체 §10 근거 없음, 커리큘럼 근거 없음, 소속 그룹도 이미 회소하지 않음(다른 물질로 충분히 대표됨)","없음 (그룹 소속만 확인됨, 물질 단위 개별 근거 없음)",NONE,중복 검토(REMOVE/MERGE 후보),"동일 CAMEO 그룹조합 보유 물질 1종과 역할 중복 가능: MERCURY FULMINATE, [WET](628-86-4)"
628-86-4,"MERCURY FULMINATE, [WET]",24;68,wave2,UNJUSTIFIED,"자동 그룹슬롯 보충 물질 — 자체 §10 근거 없음, 커리큘럼 근거 없음, 소속 그룹도 이미 회소하지 않음(다른 물질로 충분히 대표됨)","없음 (그룹 소속만 확인됨, 물질 단위 개별 근거 없음)",NONE,중복 검토(REMOVE/MERGE 후보),"동일 CAMEO 그룹조합 보유 물질 1종과 역할 중복 가능: CYANIDE SOLUTION, N.O.S.(57-12-5)"
63868-82-6,ZIRCONIUM PICRAMATE,13;46;54;68,wave2,UNJUSTIFIED,"자동 그룹슬롯 보충 물질 — 자체 §10 근거 없음, 커리큘럼 근거 없음, 소속 그룹도 이미 회소하지 않음(다른 물질로 충분히 대표됨)","없음 (그룹 소속만 확인됨, 물질 단위 개별 근거 없음)",NONE,중복 검토(REMOVE/MERGE 후보),동일 CAMEO 그룹조합 보유 물질 1종과 역할 중복 가능: SODIUM PICRAMATE(831-52-7)
6484-52-2,AMMONIUM NITRATE,12;19;43;60;68,wave2,UNJUSTIFIED,"자동 그룹슬롯 보충 물질 — 자체 §10 근거 없음, 커리큘럼 근거 없음, 소속 그룹도 이미 회소하지 않음(다른 물질로 충분히 대표됨)","없음 (그룹 소속만 확인됨, 물질 단위 개별 근거 없음)",NONE,근거 부족/검토,"그룹조합 자체는 426종 내 유일하나, 그룹이 회소하지 않거나(그룹 내 다른 대표물질 이미 존재) 개별 위험성 근거가 아직 확인되지 않음 | §10.5에 범용 카테고리 문구('가연성 물질, 환원성 물질')만 있어 CASE 2 기준상 HAZARD-RELEVANT 단독 근거로 불충분(docs/hazard_relevant_sample_audit_2026-08-08.md)"
65-30-5,"NICOTINE SULFATE, SOLID",60;68,wave2,UNJUSTIFIED,"자동 그룹슬롯 보충 물질 — 자체 §10 근거 없음, 커리큘럼 근거 없음, 소속 그룹도 이미 회소하지 않음(다른 물질로 충분히 대표됨)","없음 (그룹 소속만 확인됨, 물질 단위 개별 근거 없음)",NONE,중복 검토(REMOVE/MERGE 후보),"동일 CAMEO 그룹조합 보유 물질 5종과 역할 중복 가능: ALUMINUM SULFATE, SOLID(10043-01-3); ZINC FLUOROBORATE(13826-88-5); CADMIUM FLUOROBORATE(14486-19-2); SODIUM BISULFATE, SOLID(7681-38-1); ALUMINUM PHOSPHATE, SOLUTION(7784-30-7)"
7446-70-0,"ALUMINUM CHLORIDE, ANHYDROUS",3;32;68,wave2,HAZARD-RELEVANT,"KOSHA MSDS §10.5(피해야 할 물질) 실측 구체적 물질군 근거 존재(combustible_reducing;metal;water), 위험상호작용: water",msds_sections §10.5 원문 재파싱 (금속/물/산화제 등 구체적 물질군),INDEPENDENT,유지 권고,
76-03-9,TRICHLOROACETIC ACID,2;31;68,wave2,HAZARD-RELEVANT,"KOSHA MSDS §10.5(피해야 할 물질) 실측 구체적 물질군 근거 존재(metal), 위험상호작용: water",msds_sections §10.5 원문 재파싱 (금속/물/산화제 등 구체적 물질군),INDEPENDENT,유지 권고,
7631-90-5,SODIUM BISULFITE,65;68,wave2,HAZARD-RELEVANT,"KOSHA MSDS §10.5(피해야 할 물질) 실측 구체적 물질군 근거 존재(combustible_reducing;metal), 위험상호작용: water",msds_sections §10.5 원문 재파싱 (금속/물/산화제 등 구체적 물질군),INDEPENDENT,유지 권고,
7632-00-0,SODIUM NITRITE,43;68,wave2,UNJUSTIFIED,"자동 그룹슬롯 보충 물질 — 자체 §10 근거 없음, 커리큘럼 근거 없음, 소속 그룹도 이미 회소하지 않음(다른 물질로 충분히 대표됨)","없음 (그룹 소속만 확인됨, 물질 단위 개별 근거 없음)",NONE,근거 부족/검토,"그룹조합 자체는 426종 내 유일하나, 그룹이 회소하지 않거나(그룹 내 다른 대표물질 이미 존재) 개별 위험성 근거가 아직 확인되지 않음 | §10.5에 범용 카테고리 문구('가연성 물질, 환원성 물질')만 있어 CASE 2 기준상 HAZARD-RELEVANT 단독 근거로 불충분(docs/hazard_relevant_sample_audit_2026-08-08.md)"
7646-85-7,"ZINC CHLORIDE, ANHYDROUS",3;68,wave2,HAZARD-RELEVANT,"KOSHA MSDS §10.5(피해야 할 물질) 실측 구체적 물질군 근거 존재(combustible_reducing;metal), 위험상호작용: water",msds_sections §10.5 원문 재파싱 (금속/물/산화제 등 구체적 물질군),INDEPENDENT,유지 권고,
7681-38-1,"SODIUM BISULFATE, SOLID",60;68,wave2,HAZARD-RELEVANT,"KOSHA MSDS §10.5(피해야 할 물질) 실측 구체적 물질군 근거 존재(combustible_reducing;metal), 위험상호작용: water",msds_sections §10.5 원문 재파싱 (금속/물/산화제 등 구체적 물질군),INDEPENDENT,유지 권고,
7681-49-4,SODIUM FLUORIDE,61;68,wave2,HAZARD-RELEVANT,"KOSHA MSDS §10.5(피해야 할 물질) 실측 구체적 물질군 근거 존재(combustible_reducing;metal), 위험상호작용: water",msds_sections §10.5 원문 재파싱 (금속/물/산화제 등 구체적 물질군),INDEPENDENT,유지 권고,
7773-03-7,POTASSIUM BISULFITE SOLUTION,65;68,wave2,HAZARD-RELEVANT,"KOSHA MSDS §10.5(피해야 할 물질) 실측 구체적 물질군 근거 존재(water), 위험상호작용: water",msds_sections §10.5 원문 재파싱 (금속/물/산화제 등 구체적 물질군),INDEPENDENT,유지 권고,
7783-18-8,AMMONIUM THIOSULFATE,60;65;68,wave2,UNJUSTIFIED,"자동 그룹슬롯 보충 물질 — 자체 §10 근거 없음, 커리큘럼 근거 없음, 소속 그룹도 이미 회소하지 않음(다른 물질로 충분히 대표됨)","없음 (그룹 소속만 확인됨, 물질 단위 개별 근거 없음)",NONE,중복 검토(REMOVE/MERGE 후보),"동일 CAMEO 그룹조합 보유 물질 1종과 역할 중복 가능: AMMONIUM BISULFITE, SOLID(10192-30-0) | §10.5에 범용 카테고리 문구('가연성 물질, 환원성 물질')만 있어 CASE 2 기준상 HAZARD-RELEVANT 단독 근거로 불충분(docs/hazard_relevant_sample_audit_2026-08-08.md)"
7784-30-7,"ALUMINUM PHOSPHATE, SOLUTION",60;68,wave2,HAZARD-RELEVANT,"KOSHA MSDS §10.5(피해야 할 물질) 실측 구체적 물질군 근거 존재(combustible_reducing;metal), 위험상호작용: water",msds_sections §10.5 원문 재파싱 (금속/물/산화제 등 구체적 물질군),INDEPENDENT,유지 권고,
7784-46-5,"SODIUM ARSENITE, AQUEOUS SOLUTION",61;68,wave2,UNJUSTIFIED,"자동 그룹슬롯 보충 물질 — 자체 §10 근거 없음, 커리큘럼 근거 없음, 소속 그룹도 이미 회소하지 않음(다른 물질로 충분히 대표됨)","없음 (그룹 소속만 확인됨, 물질 단위 개별 근거 없음)",NONE,중복 검토(REMOVE/MERGE 후보),"동일 CAMEO 그룹조합 보유 물질 2종과 역할 중복 가능: SODIUM FLUORIDE(7681-49-4); CHROMIC FLUORIDE, SOLID(7788-97-8)"
7788-97-8,"CHROMIC FLUORIDE, SOLID",61;68,wave2,HAZARD-RELEVANT,"KOSHA MSDS §10.5(피해야 할 물질) 실측 구체적 물질군 근거 존재(combustible_reducing;metal), 위험상호작용: water",msds_sections §10.5 원문 재파싱 (금속/물/산화제 등 구체적 물질군),INDEPENDENT,유지 권고,
7789-29-9,POTASSIUM BIFLUORIDE,29;60;68,wave2,HAZARD-RELEVANT,"KOSHA MSDS §10.5(피해야 할 물질) 실측 구체적 물질군 근거 존재(combustible_reducing;metal), 위험상호작용: water",msds_sections §10.5 원문 재파싱 (금속/물/산화제 등 구체적 물질군),INDEPENDENT,유지 권고,
78-11-5,PENTAERYTHRITE TETRANITRATE,46;68,wave2,UNJUSTIFIED,"자동 그룹슬롯 보충 물질 — 자체 §10 근거 없음, 커리큘럼 근거 없음, 소속 그룹도 이미 회소하지 않음(다른 물질로 충분히 대표됨)","없음 (그룹 소속만 확인됨, 물질 단위 개별 근거 없음)",NONE,중복 검토(REMOVE/MERGE 후보),"동일 CAMEO 그룹조합 보유 물질 3종과 역할 중복 가능: TNT, WETTED WITH NOT LESS THAN 30% WATER(118-96-7); MANITOL HEXANITRATE, [WET WITH &gt;= 40 % WATER OR MIXTURE OF ALCOHOL AND WATER](15825-70-4); TRINITROBENZENE, WETTED WITH NOT LESS THAN 30% WATER(99-35-4)"
78-18-2,1-HYDROXY-1&#39;-HYDROPEROXY DICYCLOHEXYL PEROXIDE,1;8;53;68,wave2,UNJUSTIFIED,"자동 그룹슬롯 보충 물질 — 자체 §10 근거 없음, 커리큘럼 근거 없음, 소속 그룹도 이미 회소하지 않음(다른 물질로 충분히 대표됨)","없음 (그룹 소속만 확인됨, 물질 단위 개별 근거 없음)",NONE,중복 검토(REMOVE/MERGE 후보),"동일 CAMEO 그룹조합 보유 물질 1종과 역할 중복 가능: CYCLOHEXANONE PEROXIDE, NOT MORE THAN 72% IN SOLUTION(12262-58-7) | §10.5에 범용 카테고리 문구('가연성 물질, 환원성 물질')만 있어 CASE 2 기준상 HAZARD-RELEVANT 단독 근거로 불충분(docs/hazard_relevant_sample_audit_2026-08-08.md)"
79-06-1,ACRYLAMIDE,6;12;56;68,wave2,HAZARD-RELEVANT,"KOSHA MSDS §10.5(피해야 할 물질) 실측 구체적 물질군 근거 존재(metal), 위험상호작용: water",msds_sections §10.5 원문 재파싱 (금속/물/산화제 등 구체적 물질군),INDEPENDENT,유지 권고,
79-08-3,BROMOACETIC ACID,2;31;68,wave2,UNJUSTIFIED,"자동 그룹슬롯 보충 물질 — 자체 §10 근거 없음, 커리큘럼 근거 없음, 소속 그룹도 이미 회소하지 않음(다른 물질로 충분히 대표됨)","없음 (그룹 소속만 확인됨, 물질 단위 개별 근거 없음)",NONE,중복 검토(REMOVE/MERGE 후보),동일 CAMEO 그룹조합 보유 물질 1종과 역할 중복 가능: TRICHLOROACETIC ACID(76-03-9)
82-71-3,TRINITRORESORCINOL,46;55;68,wave2,UNJUSTIFIED,"자동 그룹슬롯 보충 물질 — 자체 §10 근거 없음, 커리큘럼 근거 없음, 소속 그룹도 이미 회소하지 않음(다른 물질로 충분히 대표됨)","없음 (그룹 소속만 확인됨, 물질 단위 개별 근거 없음)",NONE,중복 검토(REMOVE/MERGE 후보),"동일 CAMEO 그룹조합 보유 물질 2종과 역할 중복 가능: DINITROPHENOL, SOLUTION(25550-58-7); PICRIC ACID, WETTED WITH NOT LESS THAN 30% WATER BY MASS(88-89-1)"
831-52-7,SODIUM PICRAMATE,13;46;54;68,wave2,UNJUSTIFIED,"자동 그룹슬롯 보충 물질 — 자체 §10 근거 없음, 커리큘럼 근거 없음, 소속 그룹도 이미 회소하지 않음(다른 물질로 충분히 대표됨)","없음 (그룹 소속만 확인됨, 물질 단위 개별 근거 없음)",NONE,중복 검토(REMOVE/MERGE 후보),동일 CAMEO 그룹조합 보유 물질 1종과 역할 중복 가능: ZIRCONIUM PICRAMATE(63868-82-6)
88-89-1,"PICRIC ACID, WETTED WITH NOT LESS THAN 30% WATER BY MASS",46;55;68,wave2,UNJUSTIFIED,"자동 그룹슬롯 보충 물질 — 자체 §10 근거 없음, 커리큘럼 근거 없음, 소속 그룹도 이미 회소하지 않음(다른 물질로 충분히 대표됨)","없음 (그룹 소속만 확인됨, 물질 단위 개별 근거 없음)",NONE,중복 검토(REMOVE/MERGE 후보),"동일 CAMEO 그룹조합 보유 물질 2종과 역할 중복 가능: DINITROPHENOL, SOLUTION(25550-58-7); TRINITRORESORCINOL(82-71-3)"
924-42-5,N-METHYLOLACRYLAMIDE,6;8;12;56;68,wave2,UNJUSTIFIED,"자동 그룹슬롯 보충 물질 — 자체 §10 근거 없음, 커리큘럼 근거 없음, 소속 그룹도 이미 회소하지 않음(다른 물질로 충분히 대표됨)","없음 (그룹 소속만 확인됨, 물질 단위 개별 근거 없음)",NONE,근거 부족/검토,"그룹조합 자체는 426종 내 유일하나, 그룹이 회소하지 않거나(그룹 내 다른 대표물질 이미 존재) 개별 위험성 근거가 아직 확인되지 않음 | §10.5에 범용 카테고리 문구('가연성 물질, 환원성 물질')만 있어 CASE 2 기준상 HAZARD-RELEVANT 단독 근거로 불충분(docs/hazard_relevant_sample_audit_2026-08-08.md)"
96-91-3,"2-AMINO-4,6-DINITROPHENOL",13;46;55;68,wave2,UNJUSTIFIED,"자동 그룹슬롯 보충 물질 — 자체 §10 근거 없음, 커리큘럼 근거 없음, 소속 그룹도 이미 회소하지 않음(다른 물질로 충분히 대표됨)","없음 (그룹 소속만 확인됨, 물질 단위 개별 근거 없음)",NONE,근거 부족/검토,"그룹조합 자체는 426종 내 유일하나, 그룹이 회소하지 않거나(그룹 내 다른 대표물질 이미 존재) 개별 위험성 근거가 아직 확인되지 않음"
99-35-4,"TRINITROBENZENE, WETTED WITH NOT LESS THAN 30% WATER",46;68,wave2,UNJUSTIFIED,"자동 그룹슬롯 보충 물질 — 자체 §10 근거 없음, 커리큘럼 근거 없음, 소속 그룹도 이미 회소하지 않음(다른 물질로 충분히 대표됨)","없음 (그룹 소속만 확인됨, 물질 단위 개별 근거 없음)",NONE,중복 검토(REMOVE/MERGE 후보),"동일 CAMEO 그룹조합 보유 물질 3종과 역할 중복 가능: TNT, WETTED WITH NOT LESS THAN 30% WATER(118-96-7); MANITOL HEXANITRATE, [WET WITH &gt;= 40 % WATER OR MIXTURE OF ALCOHOL AND WATER](15825-70-4); PENTAERYTHRITE TETRANITRATE(78-11-5)"
